nom du fichier;temps_debut;temps_fin;frequence_mediane;tadarida_taxon;tadarida_probabilite;tadarida_taxon_autre;observateur_taxon;observateur_probabilite;validateur_taxon;validateur_probabilite
Car381009-2026-Pass1-Z1-2MU00693_20260728_204003_000;3.7;4.8;24.0;noise;0.16;;;;;
Car381009-2026-Pass1-Z1-2MU00693_20260728_204003_000;0.0;5.0;32.0;Testes;0.66;;;;;
Car381009-2026-Pass1-Z1-2MU00693_20260728_204003_000;0.0;3.8;10.0;Tetvir;0.96;;;;;
Car381009-2026-Pass1-Z1-2MU00693_20260728_204018_000;0.2;0.3;16.0;noise;0.06;Phogri, Phanan;;;;
Car381009-2026-Pass1-Z1-2MU00693_20260728_204018_000;0.0;2.0;33.0;Testes;0.76;;;;;
Car381009-2026-Pass1-Z1-2MU00693_20260728_204018_000;1.3;1.4;9.0;Tetvir;0.55;;;;;
Car381009-2026-Pass1-Z1-2MU00693_20260728_204021_000;0.3;3.3;14.0;noise;0.27;;;;;
Car381009-2026-Pass1-Z1-2MU00693_20260728_204021_000;0.0;4.9;31.0;Testes;0.74;;;;;
Car381009-2026-Pass1-Z1-2MU00693_20260728_204027_000;0.0;3.7;30.0;noise;0.44;;;;;
Car381009-2026-Pass1-Z1-2MU00693_20260728_204027_000;0.1;3.7;36.0;Testes;0.52;;;;;
Car381009-2026-Pass1-Z1-2MU00693_20260728_204031_000;0.0;2.4;17.0;noise;0.34;;;;;
Car381009-2026-Pass1-Z1-2MU00693_20260728_204031_000;0.0;2.7;29.0;Testes;0.39;;;;;
Car381009-2026-Pass1-Z1-2MU00693_20260728_204035_000;0.0;4.9;22.0;noise;0.25;;;;;
Car381009-2026-Pass1-Z1-2MU00693_20260728_204035_000;0.0;5.0;31.0;Testes;0.68;;;;;
Car381009-2026-Pass1-Z1-2MU00693_20260728_204047_000;0.1;1.6;28.0;noise;0.19;;;;;
Car381009-2026-Pass1-Z1-2MU00693_20260728_204047_000;0.0;2.1;33.0;Testes;0.42;;;;;
Car381009-2026-Pass1-Z1-2MU00693_20260728_204053_000;0.0;3.9;13.0;noise;0.37;;;;;
Car381009-2026-Pass1-Z1-2MU00693_20260728_204053_000;0.0;4.3;32.0;Testes;0.68;;;;;
Car381009-2026-Pass1-Z1-2MU00693_20260728_204107_000;0.3;4.9;16.0;noise;0.38;;;;;
Car381009-2026-Pass1-Z1-2MU00693_20260728_204107_000;0.0;5.0;32.0;Testes;0.66;Inssp7;;;;
Car381009-2026-Pass1-Z1-2MU00693_20260728_204121_000;0.0;4.8;24.0;noise;0.32;;;;;
Car381009-2026-Pass1-Z1-2MU00693_20260728_204121_000;0.0;4.8;30.0;Testes;0.89;;;;;
Car381009-2026-Pass1-Z1-2MU00693_20260728_204129_000;3.6;5.0;27.0;Eptser;0.8;;;;;
Car381009-2026-Pass1-Z1-2MU00693_20260728_204129_000;0.0;4.5;25.0;noise;0.5;;;;;
Car381009-2026-Pass1-Z1-2MU00693_20260728_204129_000;0.0;4.9;33.0;Testes;0.67;Inssp7;;;;
Car381009-2026-Pass1-Z1-2MU00693_20260728_204137_000;0.0;3.4;13.0;noise;0.27;;;;;
Car381009-2026-Pass1-Z1-2MU00693_20260728_204137_000;0.0;3.5;32.0;Testes;0.73;;;;;
Car381009-2026-Pass1-Z1-2MU00693_20260728_204143_000;0.0;2.4;24.0;noise;0.23;;;;;
Car381009-2026-Pass1-Z1-2MU00693_20260728_204143_000;0.0;2.5;28.0;Testes;0.35;;;;;
Car381009-2026-Pass1-Z1-2MU00693_20260728_204146_000;0.1;5.0;12.0;noise;0.53;;;;;
Car381009-2026-Pass1-Z1-2MU00693_20260728_204146_000;0.0;5.0;33.0;Testes;0.81;;;;;
Car381009-2026-Pass1-Z1-2MU00693_20260728_204202_000;0.1;4.9;11.0;noise;0.65;;;;;
Car381009-2026-Pass1-Z1-2MU00693_20260728_204202_000;0.0;5.0;32.0;Testes;0.82;;;;;
Car381009-2026-Pass1-Z1-2MU00693_20260728_204218_000;0.1;1.9;18.0;noise;0.3;;;;;
Car381009-2026-Pass1-Z1-2MU00693_20260728_204218_000;0.2;1.6;20.0;Phogri;0.61;;;;;
Car381009-2026-Pass1-Z1-2MU00693_20260728_204218_000;0.0;2.1;33.0;Testes;0.75;;;;;
Car381009-2026-Pass1-Z1-2MU00693_20260728_204220_000;0.1;5.0;25.0;noise;0.36;;;;;
Car381009-2026-Pass1-Z1-2MU00693_20260728_204220_000;0.0;5.0;31.0;Testes;0.85;;;;;
Car381009-2026-Pass1-Z1-2MU00693_20260728_204233_000;0.0;2.2;14.0;Phogri;0.45;;;;;
Car381009-2026-Pass1-Z1-2MU00693_20260728_204233_000;0.0;2.5;35.0;Testes;0.69;;;;;
Car381009-2026-Pass1-Z1-2MU00693_20260728_204237_000;0.1;5.0;12.0;noise;0.53;;;;;
Car381009-2026-Pass1-Z1-2MU00693_20260728_204237_000;0.0;5.0;32.0;Testes;0.67;Inssp7;;;;
Car381009-2026-Pass1-Z1-2MU00693_20260728_204253_000;0.1;3.9;13.0;noise;0.38;;;;;
Car381009-2026-Pass1-Z1-2MU00693_20260728_204253_000;0.0;2.4;20.0;Phogri;0.79;;;;;
Car381009-2026-Pass1-Z1-2MU00693_20260728_204253_000;0.0;3.9;31.0;Testes;0.79;;;;;
Car381009-2026-Pass1-Z1-2MU00693_20260728_204308_000;0.0;4.9;16.0;noise;0.56;;;;;
Car381009-2026-Pass1-Z1-2MU00693_20260728_204308_000;0.0;5.0;31.0;Testes;0.71;;;;;
Car381009-2026-Pass1-Z1-2MU00693_20260728_204316_000;0.3;2.1;26.0;noise;0.19;;;;;
Car381009-2026-Pass1-Z1-2MU00693_20260728_204316_000;0.8;2.0;33.0;Testes;0.78;;;;;
Car381009-2026-Pass1-Z1-2MU00693_20260728_204320_000;0.0;5.0;15.0;noise;0.28;;;;;
Car381009-2026-Pass1-Z1-2MU00693_20260728_204320_000;0.0;5.0;30.0;Testes;0.65;;;;;
Car381009-2026-Pass1-Z1-2MU00693_20260728_204328_000;0.0;4.5;30.0;noise;0.11;;;;;
Car381009-2026-Pass1-Z1-2MU00693_20260728_204328_000;0.0;3.5;33.0;Testes;0.72;;;;;
Car381009-2026-Pass1-Z1-2MU00693_20260728_204328_000;1.5;4.6;10.0;Tetvir;0.91;;;;;
Car381009-2026-Pass1-Z1-2MU00693_20260728_204335_000;0.0;4.9;16.0;noise;0.45;;;;;
Car381009-2026-Pass1-Z1-2MU00693_20260728_204335_000;0.1;4.9;31.0;Testes;0.75;;;;;
Car381009-2026-Pass1-Z1-2MU00693_20260728_204335_000;0.4;4.2;9.0;Tetvir;0.73;;;;;
Car381009-2026-Pass1-Z1-2MU00693_20260728_204350_000;0.1;3.7;26.0;noise;0.16;Antsp;;;;
Car381009-2026-Pass1-Z1-2MU00693_20260728_204350_000;0.0;4.3;31.0;Testes;0.42;;;;;
Car381009-2026-Pass1-Z1-2MU00693_20260728_204350_000;0.6;4.4;9.0;Tetvir;0.76;;;;;
Car381009-2026-Pass1-Z1-2MU00693_20260728_204359_000;0.0;3.0;30.0;Barfis;0.29;;;;;
Car381009-2026-Pass1-Z1-2MU00693_20260728_204359_000;1.2;3.1;18.0;Phanan;0.04;noise, Phogri;;;;
Car381009-2026-Pass1-Z1-2MU00693_20260728_204359_000;0.1;3.0;10.0;Tetvir;0.92;;;;;
Car381009-2026-Pass1-Z1-2MU00693_20260728_204403_000;0.2;2.0;18.0;noise;0.14;Antsp;;;;
Car381009-2026-Pass1-Z1-2MU00693_20260728_204403_000;0.0;5.0;30.0;Testes;0.66;;;;;
Car381009-2026-Pass1-Z1-2MU00693_20260728_204403_000;0.0;5.0;9.0;Tetvir;0.65;;;;;
Car381009-2026-Pass1-Z1-2MU00693_20260728_204415_000;0.1;5.0;30.0;noise;0.17;;;;;
Car381009-2026-Pass1-Z1-2MU00693_20260728_204415_000;0.7;4.7;28.0;Antsp;0.11;;;;;
Car381009-2026-Pass1-Z1-2MU00693_20260728_204415_000;0.0;5.0;21.0;Tetvir;0.91;;;;;
Car381009-2026-Pass1-Z1-2MU00693_20260728_204427_000;0.1;4.6;20.0;noise;0.15;;;;;
Car381009-2026-Pass1-Z1-2MU00693_20260728_204427_000;0.0;4.6;33.0;Testes;0.86;;;;;
Car381009-2026-Pass1-Z1-2MU00693_20260728_204427_000;0.3;5.0;10.0;Tetvir;0.73;;;;;
Car381009-2026-Pass1-Z1-2MU00693_20260728_204438_000;0.0;2.0;16.0;noise;0.19;;;;;
Car381009-2026-Pass1-Z1-2MU00693_20260728_204438_000;0.2;2.0;16.0;Plaaff;0.04;Tetvir, Phogri;;;;
Car381009-2026-Pass1-Z1-2MU00693_20260728_204440_000;0.0;3.6;28.0;noise;0.19;;;;;
Car381009-2026-Pass1-Z1-2MU00693_20260728_204440_000;0.0;2.7;17.0;Plaaff;0.45;;;;;
Car381009-2026-Pass1-Z1-2MU00693_20260728_204440_000;0.1;2.8;31.0;Testes;0.46;;;;;
Car381009-2026-Pass1-Z1-2MU00693_20260728_204450_000;0.7;2.1;19.0;noise;0.36;;;;;
Car381009-2026-Pass1-Z1-2MU00693_20260728_204450_000;0.0;2.1;31.0;Testes;0.54;;;;;
Car381009-2026-Pass1-Z1-2MU00693_20260728_204454_000;0.0;4.6;30.0;noise;0.1;Phogri;;;;
Car381009-2026-Pass1-Z1-2MU00693_20260728_204454_000;0.0;2.6;33.0;Testes;0.28;;;;;
Car381009-2026-Pass1-Z1-2MU00693_20260728_204454_000;0.0;4.6;27.0;Tetvir;0.93;;;;;
Car381009-2026-Pass1-Z1-2MU00693_20260728_204503_000;0.0;0.8;12.0;Mimasp;0.61;;;;;
Car381009-2026-Pass1-Z1-2MU00693_20260728_204503_000;1.6;1.7;36.0;Leppun;0.22;;;;;
Car381009-2026-Pass1-Z1-2MU00693_20260728_204503_000;1.4;2.6;17.0;Phanan;0.05;;;;;
Car381009-2026-Pass1-Z1-2MU00693_20260728_204503_000;0.7;2.6;46.0;noise;0.07;;;;;
Car381009-2026-Pass1-Z1-2MU00693_20260728_204503_000;1.2;2.6;7.0;Tetvir;0.36;;;;;
Car381009-2026-Pass1-Z1-2MU00693_20260728_204508_000;0.0;4.8;18.0;noise;0.16;;;;;
Car381009-2026-Pass1-Z1-2MU00693_20260728_204508_000;0.0;5.0;31.0;Testes;0.8;;;;;
Car381009-2026-Pass1-Z1-2MU00693_20260728_204508_000;0.0;4.3;16.0;Tetvir;0.92;;;;;
Car381009-2026-Pass1-Z1-2MU00693_20260728_204517_000;0.0;2.2;28.0;Testes;0.78;;;;;
Car381009-2026-Pass1-Z1-2MU00693_20260728_204517_000;0.6;2.2;10.0;Tetvir;0.73;;;;;
Car381009-2026-Pass1-Z1-2MU00693_20260728_204520_000;0.0;4.6;26.0;noise;0.16;;;;;
Car381009-2026-Pass1-Z1-2MU00693_20260728_204520_000;0.4;3.9;17.0;Plaaff;0.08;Barfis;;;;
Car381009-2026-Pass1-Z1-2MU00693_20260728_204520_000;0.3;4.9;27.0;Testes;0.28;;;;;
Car381009-2026-Pass1-Z1-2MU00693_20260728_204527_000;2.5;2.7;8.0;noise;0.07;Tetvir, Barfis;;;;
Car381009-2026-Pass1-Z1-2MU00693_20260728_204527_000;0.1;2.0;30.0;Testes;0.64;;;;;
Car381009-2026-Pass1-Z1-2MU00693_20260728_204530_000;0.9;2.3;26.0;noise;0.38;;;;;
Car381009-2026-Pass1-Z1-2MU00693_20260728_204530_000;0.0;0.3;29.0;Barfis;0.25;Pleaur;;;;
Car381009-2026-Pass1-Z1-2MU00693_20260728_204535_000;0.2;3.5;20.0;noise;0.11;Phogri;;;;
Car381009-2026-Pass1-Z1-2MU00693_20260728_204535_000;0.0;4.8;34.0;Testes;0.74;;;;;
Car381009-2026-Pass1-Z1-2MU00693_20260728_204535_000;0.0;5.0;12.0;Tetvir;0.89;;;;;
Car381009-2026-Pass1-Z1-2MU00693_20260728_204543_000;0.0;2.0;30.0;Antsp;0.3;;;;;
Car381009-2026-Pass1-Z1-2MU00693_20260728_204543_000;0.3;2.3;10.0;Tetvir;0.68;;;;;
Car381009-2026-Pass1-Z1-2MU00693_20260728_204549_000;0.1;4.3;20.0;noise;0.28;;;;;
Car381009-2026-Pass1-Z1-2MU00693_20260728_204549_000;0.1;5.0;34.0;Testes;0.84;;;;;
Car381009-2026-Pass1-Z1-2MU00693_20260728_204549_000;0.0;5.0;24.0;Tetvir;0.85;;;;;
Car381009-2026-Pass1-Z1-2MU00693_20260728_204600_000;0.0;3.0;29.0;noise;0.1;;;;;
Car381009-2026-Pass1-Z1-2MU00693_20260728_204600_000;0.0;2.7;31.0;Testes;0.58;;;;;
Car381009-2026-Pass1-Z1-2MU00693_20260728_204600_000;0.0;2.9;12.0;Tetvir;0.7;;;;;
Car381009-2026-Pass1-Z1-2MU00693_20260728_204604_000;0.0;3.5;19.0;Phanan;0.09;noise;;;;
Car381009-2026-Pass1-Z1-2MU00693_20260728_204604_000;0.2;5.0;34.0;Testes;0.13;noise;;;;
Car381009-2026-Pass1-Z1-2MU00693_20260728_204604_000;0.0;4.8;29.0;Tetvir;0.88;;;;;
Car381009-2026-Pass1-Z1-2MU00693_20260728_204609_000;0.8;4.5;32.0;Testes;0.69;;;;;
Car381009-2026-Pass1-Z1-2MU00693_20260728_204609_000;0.2;4.4;10.0;Tetvir;0.42;;;;;
Car381009-2026-Pass1-Z1-2MU00693_20260728_204618_000;0.0;4.9;27.0;noise;0.28;;;;;
Car381009-2026-Pass1-Z1-2MU00693_20260728_204618_000;0.1;2.8;38.0;Testes;0.09;;;;;
Car381009-2026-Pass1-Z1-2MU00693_20260728_204618_000;0.3;4.6;17.0;Tetvir;0.84;;;;;
Car381009-2026-Pass1-Z1-2MU00693_20260728_204629_000;0.0;4.8;17.0;noise;0.44;;;;;
Car381009-2026-Pass1-Z1-2MU00693_20260728_204629_000;0.0;5.0;32.0;Testes;0.76;;;;;
Car381009-2026-Pass1-Z1-2MU00693_20260728_204629_000;1.2;4.2;9.0;Tetvir;0.91;;;;;
Car381009-2026-Pass1-Z1-2MU00693_20260728_204640_000;0.1;0.6;28.0;Barfis;0.28;noise;;;;
Car381009-2026-Pass1-Z1-2MU00693_20260728_204640_000;1.1;3.1;10.0;Tetvir;0.93;;;;;
Car381009-2026-Pass1-Z1-2MU00693_20260728_204647_000;0.3;4.4;17.0;noise;0.07;Phogri, Phanan;;;;
Car381009-2026-Pass1-Z1-2MU00693_20260728_204647_000;0.0;4.5;32.0;Testes;0.28;;;;;
Car381009-2026-Pass1-Z1-2MU00693_20260728_204647_000;0.2;5.0;16.0;Tetvir;0.63;;;;;
Car381009-2026-Pass1-Z1-2MU00693_20260728_204703_000;0.5;4.8;18.0;noise;0.05;Phogri, Phanan, Antsp;;;;
Car381009-2026-Pass1-Z1-2MU00693_20260728_204703_000;0.0;3.1;32.0;Testes;0.22;Antsp;;;;
Car381009-2026-Pass1-Z1-2MU00693_20260728_204703_000;0.0;4.9;29.0;Tetvir;0.89;;;;;
Car381009-2026-Pass1-Z1-2MU00693_20260728_204710_000;0.0;1.3;31.0;noise;0.08;Testes, Antsp, Yposp, Insp12;;;;
Car381009-2026-Pass1-Z1-2MU00693_20260728_204710_000;0.0;2.8;10.0;Tetvir;0.93;;;;;
Car381009-2026-Pass1-Z1-2MU00693_20260728_204714_000;0.0;1.8;10.0;noise;0.19;;;;;
Car381009-2026-Pass1-Z1-2MU00693_20260728_204714_000;0.2;1.4;31.0;Testes;0.57;;;;;
Car381009-2026-Pass1-Z1-2MU00693_20260728_204714_000;0.0;1.4;10.0;Tetvir;0.32;;;;;
Car381009-2026-Pass1-Z1-2MU00693_20260728_204719_000;0.1;3.0;31.0;noise;0.29;;;;;
Car381009-2026-Pass1-Z1-2MU00693_20260728_204719_000;0.0;4.9;18.0;Tetvir;0.95;;;;;
Car381009-2026-Pass1-Z1-2MU00693_20260728_204728_000;0.0;2.0;29.0;Barfis;0.2;noise;;;;
Car381009-2026-Pass1-Z1-2MU00693_20260728_204728_000;0.0;1.2;31.0;Testes;0.12;;;;;
Car381009-2026-Pass1-Z1-2MU00693_20260728_204728_000;0.0;1.5;14.0;Tetvir;0.51;;;;;
Car381009-2026-Pass1-Z1-2MU00693_20260728_204735_000;0.0;4.9;31.0;noise;0.28;;;;;
Car381009-2026-Pass1-Z1-2MU00693_20260728_204735_000;0.2;4.2;26.0;Testes;0.33;;;;;
Car381009-2026-Pass1-Z1-2MU00693_20260728_204735_000;0.0;5.0;18.0;Tetvir;0.9;;;;;
Car381009-2026-Pass1-Z1-2MU00693_20260728_204751_000;0.0;3.2;23.0;noise;0.18;;;;;
Car381009-2026-Pass1-Z1-2MU00693_20260728_204751_000;0.1;4.2;32.0;Testes;0.36;;;;;
Car381009-2026-Pass1-Z1-2MU00693_20260728_204751_000;0.0;4.3;19.0;Tetvir;0.85;;;;;
Car381009-2026-Pass1-Z1-2MU00693_20260728_204806_000;0.1;4.6;24.0;noise;0.1;Phogri, Antsp;;;;
Car381009-2026-Pass1-Z1-2MU00693_20260728_204806_000;0.1;4.7;32.0;Testes;0.31;;;;;
Car381009-2026-Pass1-Z1-2MU00693_20260728_204806_000;0.0;4.7;12.0;Tetvir;0.73;;;;;
Car381009-2026-Pass1-Z1-2MU00693_20260728_204814_000;0.0;1.5;31.0;Testes;0.24;Antsp;;;;
Car381009-2026-Pass1-Z1-2MU00693_20260728_204814_000;0.0;1.6;10.0;Tetvir;0.95;;;;;
Car381009-2026-Pass1-Z1-2MU00693_20260728_204822_000;0.0;4.9;19.0;noise;0.14;Tetvir;;;;
Car381009-2026-Pass1-Z1-2MU00693_20260728_204822_000;0.0;5.0;32.0;Testes;0.73;;;;;
Car381009-2026-Pass1-Z1-2MU00693_20260728_204837_000;0.0;4.9;17.0;Phanan;0.75;;;;;
Car381009-2026-Pass1-Z1-2MU00693_20260728_204837_000;0.0;5.0;31.0;Testes;0.29;;;;;
Car381009-2026-Pass1-Z1-2MU00693_20260728_204837_000;1.2;5.0;10.0;Tetvir;0.88;;;;;
Car381009-2026-Pass1-Z1-2MU00693_20260728_204853_000;0.0;4.3;30.0;noise;0.26;;;;;
Car381009-2026-Pass1-Z1-2MU00693_20260728_204853_000;0.1;4.7;28.0;Testes;0.51;;;;;
Car381009-2026-Pass1-Z1-2MU00693_20260728_204853_000;0.7;4.6;17.0;Tetvir;0.88;;;;;
Car381009-2026-Pass1-Z1-2MU00693_20260728_204909_000;0.1;4.0;24.0;noise;0.37;;;;;
Car381009-2026-Pass1-Z1-2MU00693_20260728_204909_000;0.1;4.0;28.0;Testes;0.6;;;;;
Car381009-2026-Pass1-Z1-2MU00693_20260728_204909_000;0.0;3.9;16.0;Tetvir;0.89;;;;;
Car381009-2026-Pass1-Z1-2MU00693_20260728_204915_000;0.3;1.3;21.0;noise;0.29;;;;;
Car381009-2026-Pass1-Z1-2MU00693_20260728_204915_000;0.0;2.2;30.0;Testes;0.59;;;;;
Car381009-2026-Pass1-Z1-2MU00693_20260728_204925_000;0.0;5.0;18.0;noise;0.39;Tetvir;;;;
Car381009-2026-Pass1-Z1-2MU00693_20260728_204925_000;0.0;4.5;33.0;Testes;0.69;;;;;
Car381009-2026-Pass1-Z1-2MU00693_20260728_204941_000;0.1;4.8;19.0;Antsp;0.38;;;;;
Car381009-2026-Pass1-Z1-2MU00693_20260728_204941_000;0.1;3.7;33.0;Testes;0.28;;;;;
Car381009-2026-Pass1-Z1-2MU00693_20260728_204941_000;0.0;5.0;19.0;Tetvir;0.83;;;;;
Car381009-2026-Pass1-Z1-2MU00693_20260728_204957_000;0.0;3.1;21.0;noise;0.18;;;;;
Car381009-2026-Pass1-Z1-2MU00693_20260728_204957_000;0.0;4.6;34.0;Testes;0.68;;;;;
Car381009-2026-Pass1-Z1-2MU00693_20260728_204957_000;0.0;4.6;25.0;Tetvir;0.95;;;;;
Car381009-2026-Pass1-Z1-2MU00693_20260728_205013_000;0.0;3.7;31.0;noise;0.31;;;;;
Car381009-2026-Pass1-Z1-2MU00693_20260728_205013_000;0.0;5.0;26.0;Tetvir;0.87;;;;;
Car381009-2026-Pass1-Z1-2MU00693_20260728_205025_000;0.0;2.5;32.0;Leppun;0.12;;;;;
Car381009-2026-Pass1-Z1-2MU00693_20260728_205025_000;0.0;3.0;12.0;Tetvir;0.92;;;;;
Car381009-2026-Pass1-Z1-2MU00693_20260728_205031_000;2.0;2.6;16.0;noise;0.07;;;;;
Car381009-2026-Pass1-Z1-2MU00693_20260728_205031_000;0.0;2.2;30.0;Testes;0.49;;;;;
Car381009-2026-Pass1-Z1-2MU00693_20260728_205035_000;0.0;2.4;29.0;Barfis;0.51;;;;;
Car381009-2026-Pass1-Z1-2MU00693_20260728_205035_000;0.3;3.3;14.0;Tetvir;0.6;;;;;
Car381009-2026-Pass1-Z1-2MU00693_20260728_205045_000;0.0;4.6;27.0;noise;0.46;;;;;
Car381009-2026-Pass1-Z1-2MU00693_20260728_205045_000;0.2;2.1;32.0;Antsp;0.58;;;;;
Car381009-2026-Pass1-Z1-2MU00693_20260728_205051_000;1.7;2.0;27.0;noise;0.04;Pleaus, Pleaur, Phogri, Eptser;;;;
Car381009-2026-Pass1-Z1-2MU00693_20260728_205051_000;0.0;2.0;10.0;Tetvir;0.92;;;;;
Car381009-2026-Pass1-Z1-2MU00693_20260728_205055_000;0.0;1.9;28.0;Leppun;0.97;;;;;
Car381009-2026-Pass1-Z1-2MU00693_20260728_205055_000;0.6;2.1;17.0;noise;0.48;;;;;
Car381009-2026-Pass1-Z1-2MU00693_20260728_205058_000;0.7;5.0;27.0;noise;0.12;Barfis;;;;
Car381009-2026-Pass1-Z1-2MU00693_20260728_205058_000;0.3;5.0;10.0;Tetvir;0.79;;;;;
Car381009-2026-Pass1-Z1-2MU00693_20260728_205105_000;3.1;5.0;30.0;Barfis;0.35;;;;;
Car381009-2026-Pass1-Z1-2MU00693_20260728_205105_000;0.0;4.0;15.0;noise;0.49;;;;;
Car381009-2026-Pass1-Z1-2MU00693_20260728_205119_000;0.0;1.9;35.0;Leppun;0.28;;;;;
Car381009-2026-Pass1-Z1-2MU00693_20260728_205119_000;0.2;2.0;28.0;Testes;0.42;;;;;
Car381009-2026-Pass1-Z1-2MU00693_20260728_205119_000;0.0;2.0;13.0;Tetvir;0.74;;;;;
Car381009-2026-Pass1-Z1-2MU00693_20260728_205121_000;0.2;3.8;27.0;noise;0.12;;;;;
Car381009-2026-Pass1-Z1-2MU00693_20260728_205121_000;0.0;3.6;29.0;Testes;0.4;;;;;
Car381009-2026-Pass1-Z1-2MU00693_20260728_205121_000;0.0;2.9;10.0;Tetvir;0.9;;;;;
Car381009-2026-Pass1-Z1-2MU00693_20260728_205126_000;0.1;3.3;28.0;noise;0.22;;;;;
Car381009-2026-Pass1-Z1-2MU00693_20260728_205126_000;0.0;3.4;32.0;Testes;0.42;;;;;
Car381009-2026-Pass1-Z1-2MU00693_20260728_205126_000;0.0;3.4;11.0;Tetvir;0.78;;;;;
Car381009-2026-Pass1-Z1-2MU00693_20260728_205129_000;0.0;0.5;38.0;Testes;0.69;;;;;
Car381009-2026-Pass1-Z1-2MU00693_20260728_205129_000;0.1;2.1;15.0;Tetvir;0.37;;;;;
Car381009-2026-Pass1-Z1-2MU00693_20260728_205137_000;0.0;3.0;30.0;Testes;0.77;;;;;
Car381009-2026-Pass1-Z1-2MU00693_20260728_205137_000;1.6;3.5;12.0;Tetvir;0.57;;;;;
Car381009-2026-Pass1-Z1-2MU00693_20260728_205143_000;0.0;1.6;17.0;noise;0.29;;;;;
Car381009-2026-Pass1-Z1-2MU00693_20260728_205143_000;0.0;1.8;37.0;Testes;0.28;;;;;
Car381009-2026-Pass1-Z1-2MU00693_20260728_205156_000;0.1;3.5;26.0;Barfis;0.12;noise, Antsp;;;;
Car381009-2026-Pass1-Z1-2MU00693_20260728_205156_000;0.0;1.5;31.0;Testes;0.34;;;;;
Car381009-2026-Pass1-Z1-2MU00693_20260728_205210_000;0.0;3.8;30.0;Barfis;0.46;;;;;
Car381009-2026-Pass1-Z1-2MU00693_20260728_205210_000;0.1;5.0;14.0;noise;0.48;;;;;
Car381009-2026-Pass1-Z1-2MU00693_20260728_205217_000;0.3;2.0;28.0;Leppun;0.24;;;;;
Car381009-2026-Pass1-Z1-2MU00693_20260728_205217_000;0.0;1.2;27.0;noise;0.14;;;;;
Car381009-2026-Pass1-Z1-2MU00693_20260728_205231_000;0.0;2.8;27.0;noise;0.29;;;;;
Car381009-2026-Pass1-Z1-2MU00693_20260728_205231_000;0.2;2.6;31.0;Testes;0.38;;;;;
Car381009-2026-Pass1-Z1-2MU00693_20260728_205243_000;0.0;5.0;17.0;noise;0.22;;;;;
Car381009-2026-Pass1-Z1-2MU00693_20260728_205249_000;0.2;1.2;38.0;Leppun;0.12;noise;;;;
Car381009-2026-Pass1-Z1-2MU00693_20260728_205249_000;0.0;1.6;30.0;Testes;0.61;;;;;
Car381009-2026-Pass1-Z1-2MU00693_20260728_205249_000;0.6;2.0;11.0;Tetvir;0.85;;;;;
Car381009-2026-Pass1-Z1-2MU00693_20260728_205306_000;0.0;0.8;36.0;Leppun;0.11;;;;;
Car381009-2026-Pass1-Z1-2MU00693_20260728_205306_000;0.0;1.7;30.0;Testes;0.53;;;;;
Car381009-2026-Pass1-Z1-2MU00693_20260728_205322_000;0.3;1.9;22.0;noise;0.24;;;;;
Car381009-2026-Pass1-Z1-2MU00693_20260728_205322_000;0.0;1.5;30.0;Testes;0.18;;;;;
Car381009-2026-Pass1-Z1-2MU00693_20260728_205337_000;0.7;3.7;32.0;noise;0.34;;;;;
Car381009-2026-Pass1-Z1-2MU00693_20260728_205337_000;0.0;3.1;30.0;Testes;0.68;;;;;
Car381009-2026-Pass1-Z1-2MU00693_20260728_205337_000;1.7;4.3;10.0;Tetvir;0.64;;;;;
Car381009-2026-Pass1-Z1-2MU00693_20260728_205355_000;0.2;3.7;34.0;noise;0.2;;;;;
Car381009-2026-Pass1-Z1-2MU00693_20260728_205355_000;0.0;4.0;30.0;Testes;0.8;;;;;
Car381009-2026-Pass1-Z1-2MU00693_20260728_205355_000;0.0;4.9;10.0;Tetvir;0.95;;;;;
Car381009-2026-Pass1-Z1-2MU00693_20260728_205404_000;1.5;1.8;27.0;Eptser;0.05;noise, Cyrscu;;;;
Car381009-2026-Pass1-Z1-2MU00693_20260728_205404_000;0.0;1.5;28.0;Leppun;0.97;;;;;
Car381009-2026-Pass1-Z1-2MU00693_20260728_205407_000;0.0;1.7;32.0;Leppun;0.95;;;;;
Car381009-2026-Pass1-Z1-2MU00693_20260728_205407_000;0.1;1.9;27.0;noise;0.14;;;;;
Car381009-2026-Pass1-Z1-2MU00693_20260728_205410_000;0.0;3.1;23.0;noise;0.24;;;;;
Car381009-2026-Pass1-Z1-2MU00693_20260728_205410_000;0.1;2.4;29.0;Testes;0.52;;;;;
Car381009-2026-Pass1-Z1-2MU00693_20260728_205417_000;0.0;1.5;32.0;Leppun;0.91;;;;;
Car381009-2026-Pass1-Z1-2MU00693_20260728_205417_000;0.5;1.9;26.0;noise;0.13;;;;;
Car381009-2026-Pass1-Z1-2MU00693_20260728_205420_000;0.0;0.1;35.0;Leppun;0.97;;;;;
Car381009-2026-Pass1-Z1-2MU00693_20260728_205420_000;0.3;1.2;25.0;noise;0.07;;;;;
Car381009-2026-Pass1-Z1-2MU00693_20260728_205420_000;0.0;1.9;10.0;Tetvir;0.92;;;;;
Car381009-2026-Pass1-Z1-2MU00693_20260728_205424_000;0.0;1.4;37.0;Leppun;0.77;;;;;
Car381009-2026-Pass1-Z1-2MU00693_20260728_205424_000;0.0;1.9;31.0;noise;0.18;;;;;
Car381009-2026-Pass1-Z1-2MU00693_20260728_205424_000;0.2;2.0;29.0;Testes;0.59;;;;;
Car381009-2026-Pass1-Z1-2MU00693_20260728_205427_000;0.3;1.6;32.0;Leppun;0.09;noise;;;;
Car381009-2026-Pass1-Z1-2MU00693_20260728_205427_000;0.0;1.7;29.0;noise;0.08;Antsp;;;;
Car381009-2026-Pass1-Z1-2MU00693_20260728_205427_000;0.0;1.0;11.0;Tetvir;0.81;;;;;
Car381009-2026-Pass1-Z1-2MU00693_20260728_205429_000;0.1;2.0;26.0;Eptser;0.09;noise, Cyrscu;;;;
Car381009-2026-Pass1-Z1-2MU00693_20260728_205429_000;0.0;2.0;29.0;Leppun;0.96;;;;;
Car381009-2026-Pass1-Z1-2MU00693_20260728_205429_000;1.3;2.0;14.0;Phogri;0.08;noise;;;;
Car381009-2026-Pass1-Z1-2MU00693_20260728_205429_000;0.9;2.0;17.0;Phanan;0.12;noise;;;;
Car381009-2026-Pass1-Z1-2MU00693_20260728_205437_000;0.0;1.7;35.0;Leppun;0.2;;;;;
Car381009-2026-Pass1-Z1-2MU00693_20260728_205437_000;0.4;1.9;27.0;noise;0.14;;;;;
Car381009-2026-Pass1-Z1-2MU00693_20260728_205452_000;0.0;1.9;27.0;Barfis;0.18;noise;;;;
Car381009-2026-Pass1-Z1-2MU00693_20260728_205503_000;0.0;1.5;29.0;Barfis;0.71;;;;;
Car381009-2026-Pass1-Z1-2MU00693_20260728_205503_000;0.3;3.3;11.0;noise;0.5;;;;;
Car381009-2026-Pass1-Z1-2MU00693_20260728_205513_000;0.0;4.3;26.0;noise;0.21;;;;;
Car381009-2026-Pass1-Z1-2MU00693_20260728_205513_000;0.0;4.3;29.0;Testes;0.55;;;;;
Car381009-2026-Pass1-Z1-2MU00693_20260728_205518_000;1.1;1.8;20.0;noise;0.39;;;;;
Car381009-2026-Pass1-Z1-2MU00693_20260728_205518_000;0.0;1.4;29.0;Testes;0.6;;;;;
Car381009-2026-Pass1-Z1-2MU00693_20260728_205523_000;0.0;3.1;28.0;noise;0.13;;;;;
Car381009-2026-Pass1-Z1-2MU00693_20260728_205523_000;0.0;3.2;31.0;Testes;0.44;;;;;
Car381009-2026-Pass1-Z1-2MU00693_20260728_205523_000;0.0;3.4;11.0;Tetvir;0.87;;;;;
Car381009-2026-Pass1-Z1-2MU00693_20260728_205533_000;0.4;4.5;11.0;noise;0.2;Tetvir;;;;
Car381009-2026-Pass1-Z1-2MU00693_20260728_205533_000;0.0;5.0;28.0;Testes;0.48;;;;;
Car381009-2026-Pass1-Z1-2MU00693_20260728_205541_000;0.0;2.0;19.0;Phogri;0.93;;;;;
Car381009-2026-Pass1-Z1-2MU00693_20260728_205541_000;0.0;1.9;14.0;noise;0.06;Epheph;;;;
Car381009-2026-Pass1-Z1-2MU00693_20260728_205541_000;0.0;2.1;31.0;Testes;0.57;;;;;
Car381009-2026-Pass1-Z1-2MU00693_20260728_205545_000;0.5;1.7;27.0;noise;0.17;;;;;
Car381009-2026-Pass1-Z1-2MU00693_20260728_205545_000;0.0;2.0;30.0;Testes;0.74;;;;;
Car381009-2026-Pass1-Z1-2MU00693_20260728_205553_000;0.0;5.0;23.0;noise;0.36;;;;;
Car381009-2026-Pass1-Z1-2MU00693_20260728_205553_000;4.9;5.0;23.0;Plaint;0.05;;;;;
Car381009-2026-Pass1-Z1-2MU00693_20260728_205553_000;0.0;5.0;31.0;Testes;0.85;;;;;
Car381009-2026-Pass1-Z1-2MU00693_20260728_205606_000;0.0;3.5;12.0;noise;0.23;;;;;
Car381009-2026-Pass1-Z1-2MU00693_20260728_205606_000;0.0;3.5;30.0;Testes;0.53;;;;;
Car381009-2026-Pass1-Z1-2MU00693_20260728_205614_000;0.0;2.0;32.0;Testes;0.58;;;;;
Car381009-2026-Pass1-Z1-2MU00693_20260728_205614_000;0.7;0.8;9.0;Tetvir;0.53;;;;;
Car381009-2026-Pass1-Z1-2MU00693_20260728_205619_000;0.0;1.8;45.0;noise;0.18;;;;;
Car381009-2026-Pass1-Z1-2MU00693_20260728_205619_000;0.0;2.0;33.0;Testes;0.61;;;;;
Car381009-2026-Pass1-Z1-2MU00693_20260728_205623_000;0.0;2.1;35.0;Yposp;0.03;Tetvir, Plaalb, Leppun, Confus;;;;
Car381009-2026-Pass1-Z1-2MU00693_20260728_205623_000;0.5;1.6;29.0;noise;0.06;;;;;
Car381009-2026-Pass1-Z1-2MU00693_20260728_205623_000;0.0;2.4;33.0;Testes;0.51;;;;;
Car381009-2026-Pass1-Z1-2MU00693_20260728_205633_000;0.1;2.6;10.0;noise;0.16;;;;;
Car381009-2026-Pass1-Z1-2MU00693_20260728_205633_000;0.0;3.6;32.0;Testes;0.27;Antsp;;;;
Car381009-2026-Pass1-Z1-2MU00693_20260728_205638_000;2.4;3.5;26.0;noise;0.04;Tetvir, Phogri;;;;
Car381009-2026-Pass1-Z1-2MU00693_20260728_205638_000;0.0;3.6;30.0;Testes;0.7;;;;;
Car381009-2026-Pass1-Z1-2MU00693_20260728_205656_000;0.0;1.8;30.0;Phogri;0.15;noise;;;;
Car381009-2026-Pass1-Z1-2MU00693_20260728_205656_000;0.0;2.0;11.0;Tetvir;0.66;;;;;
Car381009-2026-Pass1-Z1-2MU00693_20260728_205707_000;0.5;2.1;15.0;noise;0.89;;;;;
Car381009-2026-Pass1-Z1-2MU00693_20260728_205707_000;0.0;0.4;23.0;Nyclei;0.04;Tetvir, Phogri, Eptser;;;;
Car381009-2026-Pass1-Z1-2MU00693_20260728_205714_000;0.1;3.4;29.0;noise;0.1;;;;;
Car381009-2026-Pass1-Z1-2MU00693_20260728_205714_000;0.0;3.4;29.0;Antsp;0.2;Testes;;;;
Car381009-2026-Pass1-Z1-2MU00693_20260728_205714_000;0.0;3.1;31.0;Tetvir;0.49;;;;;
Car381009-2026-Pass1-Z1-2MU00693_20260728_205720_000;0.0;2.3;29.0;noise;0.43;;;;;
Car381009-2026-Pass1-Z1-2MU00693_20260728_205720_000;0.1;2.2;32.0;Testes;0.4;;;;;
Car381009-2026-Pass1-Z1-2MU00693_20260728_205720_000;0.0;1.2;18.0;Tetvir;0.9;;;;;
Car381009-2026-Pass1-Z1-2MU00693_20260728_205724_000;0.1;4.6;27.0;noise;0.37;;;;;
Car381009-2026-Pass1-Z1-2MU00693_20260728_205724_000;0.0;4.9;36.0;Testes;0.86;;;;;
Car381009-2026-Pass1-Z1-2MU00693_20260728_205724_000;0.0;5.0;12.0;Tetvir;0.91;;;;;
Car381009-2026-Pass1-Z1-2MU00693_20260728_205736_000;0.0;4.7;10.0;noise;0.29;;;;;
Car381009-2026-Pass1-Z1-2MU00693_20260728_205736_000;0.0;3.1;29.0;Testes;0.51;;;;;
Car381009-2026-Pass1-Z1-2MU00693_20260728_205736_000;3.3;3.4;9.0;Tetvir;0.67;;;;;
Car381009-2026-Pass1-Z1-2MU00693_20260728_205745_000;0.0;2.6;31.0;noise;0.05;Barfis, Leppun;;;;
Car381009-2026-Pass1-Z1-2MU00693_20260728_205745_000;0.1;5.0;12.0;Tetvir;0.95;;;;;
Car381009-2026-Pass1-Z1-2MU00693_20260728_205755_000;0.6;5.0;12.0;Barfis;0.18;noise;;;;
Car381009-2026-Pass1-Z1-2MU00693_20260728_205755_000;0.0;4.8;29.0;Testes;0.7;;;;;
Car381009-2026-Pass1-Z1-2MU00693_20260728_205806_000;0.2;2.1;31.0;Testes;0.26;;;;;
Car381009-2026-Pass1-Z1-2MU00693_20260728_205806_000;0.0;1.8;11.0;Tetvir;0.95;;;;;
Car381009-2026-Pass1-Z1-2MU00693_20260728_205812_000;0.0;2.0;32.0;Leppun;0.66;;;;;
Car381009-2026-Pass1-Z1-2MU00693_20260728_205812_000;0.3;1.6;26.0;noise;0.04;Cyrscu, Tetvir, Phogri, Eptser;;;;
Car381009-2026-Pass1-Z1-2MU00693_20260728_205817_000;0.0;2.0;32.0;noise;0.08;Leppun;;;;
Car381009-2026-Pass1-Z1-2MU00693_20260728_205817_000;1.2;2.0;26.0;Tetvir;0.54;;;;;
Car381009-2026-Pass1-Z1-2MU00693_20260728_205821_000;0.0;1.6;34.0;Leppun;0.84;;;;;
Car381009-2026-Pass1-Z1-2MU00693_20260728_205821_000;0.0;2.0;27.0;noise;0.13;;;;;
Car381009-2026-Pass1-Z1-2MU00693_20260728_205821_000;0.0;2.0;32.0;Testes;0.7;;;;;
Car381009-2026-Pass1-Z1-2MU00693_20260728_205831_000;0.0;1.6;36.0;Leppun;0.89;;;;;
Car381009-2026-Pass1-Z1-2MU00693_20260728_205831_000;0.3;1.9;25.0;noise;0.43;;;;;
Car381009-2026-Pass1-Z1-2MU00693_20260728_205839_000;2.2;2.7;21.0;noise;0.12;;;;;
Car381009-2026-Pass1-Z1-2MU00693_20260728_205839_000;0.0;3.1;31.0;Testes;0.2;noise;;;;
Car381009-2026-Pass1-Z1-2MU00693_20260728_205839_000;0.0;2.8;12.0;Tetvir;0.82;;;;;
Car381009-2026-Pass1-Z1-2MU00693_20260728_205844_000;0.0;1.9;35.0;Leppun;0.17;;;;;
Car381009-2026-Pass1-Z1-2MU00693_20260728_205844_000;0.5;1.9;12.0;noise;0.23;;;;;
Car381009-2026-Pass1-Z1-2MU00693_20260728_205849_000;0.0;2.0;36.0;Leppun;0.11;noise;;;;
Car381009-2026-Pass1-Z1-2MU00693_20260728_205849_000;0.0;1.8;29.0;Testes;0.74;;;;;
Car381009-2026-Pass1-Z1-2MU00693_20260728_205900_000;0.1;0.2;36.0;Leppun;0.26;;;;;
Car381009-2026-Pass1-Z1-2MU00693_20260728_205900_000;0.0;2.0;27.0;noise;0.25;;;;;
Car381009-2026-Pass1-Z1-2MU00693_20260728_205905_000;1.8;4.0;37.0;noise;0.15;;;;;
Car381009-2026-Pass1-Z1-2MU00693_20260728_205905_000;0.0;4.7;29.0;Testes;0.67;;;;;
Car381009-2026-Pass1-Z1-2MU00693_20260728_205914_000;0.0;1.6;32.0;Leppun;0.08;;;;;
Car381009-2026-Pass1-Z1-2MU00693_20260728_205914_000;0.0;0.7;32.0;noise;0.12;;;;;
Car381009-2026-Pass1-Z1-2MU00693_20260728_205930_000;0.1;2.0;32.0;noise;0.11;;;;;
Car381009-2026-Pass1-Z1-2MU00693_20260728_205932_000;0.0;1.5;29.0;noise;0.37;;;;;
Car381009-2026-Pass1-Z1-2MU00693_20260728_205932_000;0.1;1.5;34.0;Yposp;0.02;Tetvir, Rhasp, Phogri, Antsp, Yerray, Yerbey, Vesmur, Urosp, Tyllil, Thycor, Tetpyg, Tetarg, Testes, Tadten, Sepsep, Rusnit, Roeroe, Rhihip, Rhifer, Rhieur, Ratnor, Plemac, Pleaus, Pleaur, Plasab, Plaint, Plafal, Plaalb, Plaaff, Pippyg, Pippip, Pipnat, Pipkuh, piaf, Phofem, Phanan, Phafal, Nycnoc, Nyclei, Nyclas, Myonat, Myomys, MyoGT, Myoema, Myodau, Myogla, Myocap, Myobec, Myoalc, Mussp, Minsch, Mimasp, Micagr, Metbra, mamm, Leppun, Lepbos, Lepalb, Lamsp., Isopyr, Inssp8, Inssp7, Inssp5, Insp12, Insp11, Insp10, Hypsav, gril, Eupsp, Eptser, Eptnil, Epheph, Decalb, Cyrscu, Cympud, criq, Confus, Tetarg, Barfis, Barbar, amph;;;;
Car381009-2026-Pass1-Z1-2MU00693_20260728_205945_000;0.0;2.0;20.0;noise;0.2;;;;;
Car381009-2026-Pass1-Z1-2MU00693_20260728_205945_000;0.0;1.9;29.0;Testes;0.56;;;;;
Car381009-2026-Pass1-Z1-2MU00693_20260728_210017_000;0.0;4.1;29.0;Barfis;0.22;;;;;
Car381009-2026-Pass1-Z1-2MU00693_20260728_210017_000;1.7;4.1;30.0;Testes;0.26;;;;;
Car381009-2026-Pass1-Z1-2MU00693_20260728_210051_000;0.0;2.2;38.0;Leppun;0.74;;;;;
Car381009-2026-Pass1-Z1-2MU00693_20260728_210051_000;0.0;1.9;27.0;Pleaus;0.05;Barfis, noise, Eptser, Cyrscu;;;;
Car381009-2026-Pass1-Z1-2MU00693_20260728_210113_000;0.0;1.6;25.0;Barfis;0.35;;;;;
Car381009-2026-Pass1-Z1-2MU00693_20260728_210113_000;0.0;1.6;27.0;Rhasp;0.44;;;;;
Car381009-2026-Pass1-Z1-2MU00693_20260728_210122_000;0.0;2.0;27.0;noise;0.1;;;;;
Car381009-2026-Pass1-Z1-2MU00693_20260728_210124_000;0.0;2.8;29.0;Yposp;0.03;Tetvir, Phogri;;;;
Car381009-2026-Pass1-Z1-2MU00693_20260728_210124_000;0.1;3.4;12.0;noise;0.14;;;;;
Car381009-2026-Pass1-Z1-2MU00693_20260728_210124_000;0.0;3.5;32.0;Testes;0.73;;;;;
Car381009-2026-Pass1-Z1-2MU00693_20260728_210128_000;0.0;2.0;26.0;noise;0.2;;;;;
Car381009-2026-Pass1-Z1-2MU00693_20260728_210128_000;0.0;0.7;37.0;Testes;0.61;;;;;
Car381009-2026-Pass1-Z1-2MU00693_20260728_210137_000;0.0;2.4;28.0;Barfis;0.21;noise;;;;
Car381009-2026-Pass1-Z1-2MU00693_20260728_210137_000;0.0;3.2;32.0;Testes;0.74;;;;;
Car381009-2026-Pass1-Z1-2MU00693_20260728_210137_000;0.1;3.3;18.0;Tetvir;0.84;;;;;
Car381009-2026-Pass1-Z1-2MU00693_20260728_210145_000;0.2;3.1;26.0;noise;0.24;;;;;
Car381009-2026-Pass1-Z1-2MU00693_20260728_210145_000;0.0;3.7;29.0;Testes;0.88;;;;;
Car381009-2026-Pass1-Z1-2MU00693_20260728_210151_000;0.0;2.9;27.0;noise;0.12;;;;;
Car381009-2026-Pass1-Z1-2MU00693_20260728_210151_000;0.0;3.2;38.0;Testes;0.61;;;;;
Car381009-2026-Pass1-Z1-2MU00693_20260728_210155_000;0.0;1.9;32.0;Testes;0.22;;;;;
Car381009-2026-Pass1-Z1-2MU00693_20260728_210155_000;0.3;2.7;22.0;Tetvir;0.63;;;;;
Car381009-2026-Pass1-Z1-2MU00693_20260728_210202_000;0.0;1.4;28.0;Cyrscu;0.16;Barfis, Eptser;;;;
Car381009-2026-Pass1-Z1-2MU00693_20260728_210202_000;0.0;2.0;27.0;noise;0.39;;;;;
Car381009-2026-Pass1-Z1-2MU00693_20260728_210235_000;0.0;1.7;33.0;Leppun;0.47;;;;;
Car381009-2026-Pass1-Z1-2MU00693_20260728_210235_000;0.3;1.7;27.0;noise;0.07;Barfis;;;;
Car381009-2026-Pass1-Z1-2MU00693_20260728_210246_000;0.1;3.3;25.0;Barfis;0.19;noise;;;;
Car381009-2026-Pass1-Z1-2MU00693_20260728_210246_000;0.0;2.6;32.0;Testes;0.57;;;;;
Car381009-2026-Pass1-Z1-2MU00693_20260728_210256_000;0.0;2.5;28.0;Eptser;0.33;;;;;
Car381009-2026-Pass1-Z1-2MU00693_20260728_210256_000;0.2;2.7;28.0;noise;0.21;;;;;
Car381009-2026-Pass1-Z1-2MU00693_20260728_210256_000;0.3;2.7;18.0;Phanan;0.05;;;;;
Car381009-2026-Pass1-Z1-2MU00693_20260728_210256_000;0.0;3.0;20.0;Tetvir;0.96;;;;;
Car381009-2026-Pass1-Z1-2MU00693_20260728_210307_000;0.0;1.6;30.0;Barfis;0.18;;;;;
Car381009-2026-Pass1-Z1-2MU00693_20260728_210313_000;0.1;2.1;24.0;noise;0.33;;;;;
Car381009-2026-Pass1-Z1-2MU00693_20260728_210313_000;0.6;1.0;24.0;Testes;0.09;;;;;
Car381009-2026-Pass1-Z1-2MU00693_20260728_210320_000;0.0;1.3;27.0;Barfis;0.22;noise;;;;
Car381009-2026-Pass1-Z1-2MU00693_20260728_210338_000;0.6;3.1;29.0;Barfis;0.34;;;;;
Car381009-2026-Pass1-Z1-2MU00693_20260728_210338_000;0.6;2.8;34.0;Testes;0.25;;;;;
Car381009-2026-Pass1-Z1-2MU00693_20260728_210338_000;0.2;3.5;14.0;Tetvir;0.64;;;;;
Car381009-2026-Pass1-Z1-2MU00693_20260728_210347_000;0.0;1.3;26.0;noise;0.23;;;;;
Car381009-2026-Pass1-Z1-2MU00693_20260728_210347_000;0.0;1.5;34.0;Testes;0.18;;;;;
Car381009-2026-Pass1-Z1-2MU00693_20260728_210351_000;0.1;1.1;30.0;Barfis;0.18;;;;;
Car381009-2026-Pass1-Z1-2MU00693_20260728_210351_000;0.0;1.6;31.0;Testes;0.66;;;;;
Car381009-2026-Pass1-Z1-2MU00693_20260728_210405_000;0.0;2.9;27.0;Barfis;0.52;;;;;
Car381009-2026-Pass1-Z1-2MU00693_20260728_210405_000;0.0;3.4;32.0;Testes;0.68;;;;;
Car381009-2026-Pass1-Z1-2MU00693_20260728_210405_000;0.4;3.4;14.0;Tetvir;0.73;;;;;
Car381009-2026-Pass1-Z1-2MU00693_20260728_210435_000;0.0;3.1;29.0;noise;0.26;;;;;
Car381009-2026-Pass1-Z1-2MU00693_20260728_210435_000;0.6;3.0;28.0;Barfis;0.66;;;;;
Car381009-2026-Pass1-Z1-2MU00693_20260728_210451_000;0.6;4.2;27.0;Barfis;0.32;;;;;
Car381009-2026-Pass1-Z1-2MU00693_20260728_210451_000;0.0;2.5;32.0;Testes;0.85;;;;;
Car381009-2026-Pass1-Z1-2MU00693_20260728_210501_000;2.6;5.0;28.0;Barfis;0.99;;;;;
Car381009-2026-Pass1-Z1-2MU00693_20260728_210501_000;0.0;3.0;35.0;Testes;0.51;;;;;
Car381009-2026-Pass1-Z1-2MU00693_20260728_210501_000;0.0;3.1;29.0;Tetvir;0.87;;;;;
Car381009-2026-Pass1-Z1-2MU00693_20260728_210516_000;0.2;4.4;33.0;noise;0.23;;;;;
Car381009-2026-Pass1-Z1-2MU00693_20260728_210527_000;0.0;3.0;28.0;noise;0.18;;;;;
Car381009-2026-Pass1-Z1-2MU00693_20260728_210527_000;1.1;3.1;26.0;Cyrscu;0.25;;;;;
Car381009-2026-Pass1-Z1-2MU00693_20260728_210534_000;0.0;3.9;36.0;noise;0.22;;;;;
Car381009-2026-Pass1-Z1-2MU00693_20260728_210554_000;0.3;2.4;35.0;noise;0.18;;;;;
Car381009-2026-Pass1-Z1-2MU00693_20260728_210554_000;0.0;2.4;37.0;Testes;0.57;;;;;
Car381009-2026-Pass1-Z1-2MU00693_20260728_210557_000;0.0;1.8;34.0;noise;0.17;;;;;
Car381009-2026-Pass1-Z1-2MU00693_20260728_210557_000;0.0;0.6;39.0;Testes;0.07;Yposp;;;;
Car381009-2026-Pass1-Z1-2MU00693_20260728_210611_000;0.0;2.5;32.0;Barfis;0.19;;;;;
Car381009-2026-Pass1-Z1-2MU00693_20260728_210611_000;0.0;2.5;36.0;noise;0.36;;;;;
Car381009-2026-Pass1-Z1-2MU00693_20260728_210622_000;0.6;2.7;27.0;Barfis;0.25;noise;;;;
Car381009-2026-Pass1-Z1-2MU00693_20260728_210622_000;0.1;2.4;9.0;Tetvir;0.86;;;;;
Car381009-2026-Pass1-Z1-2MU00693_20260728_210628_000;0.0;2.3;32.0;noise;0.05;;;;;
Car381009-2026-Pass1-Z1-2MU00693_20260728_210628_000;0.1;2.4;36.0;Testes;0.07;Antsp, noise;;;;
Car381009-2026-Pass1-Z1-2MU00693_20260728_210628_000;0.2;3.0;33.0;Tetvir;0.64;;;;;
Car381009-2026-Pass1-Z1-2MU00693_20260728_210633_000;0.1;3.1;28.0;noise;0.12;;;;;
Car381009-2026-Pass1-Z1-2MU00693_20260728_210633_000;0.0;1.6;28.0;Barfis;0.43;;;;;
Car381009-2026-Pass1-Z1-2MU00693_20260728_210639_000;0.0;1.2;34.0;Leppun;0.13;;;;;
Car381009-2026-Pass1-Z1-2MU00693_20260728_210639_000;0.2;1.3;25.0;noise;0.14;;;;;
Car381009-2026-Pass1-Z1-2MU00693_20260728_210644_000;0.0;3.5;37.0;Leppun;0.07;noise;;;;
Car381009-2026-Pass1-Z1-2MU00693_20260728_210644_000;0.3;3.5;38.0;noise;0.06;Antsp, Testes;;;;
Car381009-2026-Pass1-Z1-2MU00693_20260728_210644_000;0.0;3.1;26.0;Tetvir;0.29;;;;;
Car381009-2026-Pass1-Z1-2MU00693_20260728_210657_000;0.0;1.3;28.0;Barfis;0.12;;;;;
Car381009-2026-Pass1-Z1-2MU00693_20260728_210657_000;0.7;1.8;30.0;noise;0.46;;;;;
Car381009-2026-Pass1-Z1-2MU00693_20260728_210702_000;0.0;3.1;36.0;Antsp;0.04;Yposp, Tetvir, Rhasp, Phogri, Metbra, Leppun;;;;
Car381009-2026-Pass1-Z1-2MU00693_20260728_210702_000;0.0;3.1;31.0;noise;0.09;;;;;
Car381009-2026-Pass1-Z1-2MU00693_20260728_210721_000;0.0;3.1;33.0;noise;0.12;;;;;
Car381009-2026-Pass1-Z1-2MU00693_20260728_210721_000;0.0;3.1;35.0;Antsp;0.11;Testes;;;;
Car381009-2026-Pass1-Z1-2MU00693_20260728_210721_000;0.5;4.0;38.0;Tetvir;0.39;;;;;
Car381009-2026-Pass1-Z1-2MU00693_20260728_210727_000;0.0;3.6;32.0;Leppun;0.28;;;;;
Car381009-2026-Pass1-Z1-2MU00693_20260728_210727_000;0.2;4.4;26.0;Barfis;0.35;;;;;
Car381009-2026-Pass1-Z1-2MU00693_20260728_210727_000;0.0;3.4;29.0;Tetvir;0.48;;;;;
Car381009-2026-Pass1-Z1-2MU00693_20260728_210738_000;0.2;3.9;31.0;Barfis;0.12;noise;;;;
Car381009-2026-Pass1-Z1-2MU00693_20260728_210738_000;0.0;3.1;36.0;Testes;0.13;noise;;;;
Car381009-2026-Pass1-Z1-2MU00693_20260728_210754_000;0.0;1.4;29.0;Barfis;0.08;noise, Leppun;;;;
Car381009-2026-Pass1-Z1-2MU00693_20260728_210805_000;0.1;3.7;30.0;Barfis;0.33;;;;;
Car381009-2026-Pass1-Z1-2MU00693_20260728_210805_000;0.0;4.4;31.0;Tetvir;0.41;;;;;
Car381009-2026-Pass1-Z1-2MU00693_20260728_210818_000;0.1;2.6;29.0;Barfis;0.97;;;;;
Car381009-2026-Pass1-Z1-2MU00693_20260728_210818_000;0.0;4.2;30.0;noise;0.23;;;;;
Car381009-2026-Pass1-Z1-2MU00693_20260728_210827_000;0.7;3.7;46.0;Leppun;0.26;;;;;
Car381009-2026-Pass1-Z1-2MU00693_20260728_210827_000;0.0;1.9;22.0;Phogri;0.84;;;;;
Car381009-2026-Pass1-Z1-2MU00693_20260728_210834_000;0.0;3.3;30.0;Barfis;0.34;;;;;
Car381009-2026-Pass1-Z1-2MU00693_20260728_210834_000;1.1;3.3;20.0;Tetvir;0.83;;;;;
Car381009-2026-Pass1-Z1-2MU00693_20260728_210843_000;0.3;2.1;35.0;Leppun;0.11;;;;;
Car381009-2026-Pass1-Z1-2MU00693_20260728_210843_000;0.0;5.0;30.0;noise;0.37;;;;;
Car381009-2026-Pass1-Z1-2MU00693_20260728_210858_000;0.0;1.6;34.0;Leppun;0.07;noise;;;;
Car381009-2026-Pass1-Z1-2MU00693_20260728_210858_000;0.0;1.3;28.0;Phogri;0.33;;;;;
Car381009-2026-Pass1-Z1-2MU00693_20260728_210858_000;0.0;1.1;41.0;Testes;0.13;;;;;
Car381009-2026-Pass1-Z1-2MU00693_20260728_210900_000;0.0;1.1;29.0;noise;0.22;;;;;
Car381009-2026-Pass1-Z1-2MU00693_20260728_210900_000;0.1;1.1;28.0;Phogri;0.45;;;;;
Car381009-2026-Pass1-Z1-2MU00693_20260728_210904_000;0.0;0.5;38.0;Leppun;0.2;;;;;
Car381009-2026-Pass1-Z1-2MU00693_20260728_210904_000;0.0;1.6;34.0;noise;0.3;;;;;
Car381009-2026-Pass1-Z1-2MU00693_20260728_210911_000;0.0;1.5;30.0;Antsp;0.4;Phogri;;;;
Car381009-2026-Pass1-Z1-2MU00693_20260728_210920_000;0.9;2.5;30.0;Barfis;0.08;Cyrscu, Leppun;;;;
Car381009-2026-Pass1-Z1-2MU00693_20260728_210920_000;0.0;3.2;25.0;noise;0.09;;;;;
Car381009-2026-Pass1-Z1-2MU00693_20260728_210923_000;0.0;1.7;27.0;noise;0.08;Tyllil;;;;
Car381009-2026-Pass1-Z1-2MU00693_20260728_210933_000;0.1;1.6;29.0;Barfis;0.99;;;;;
Car381009-2026-Pass1-Z1-2MU00693_20260728_210933_000;0.8;2.1;26.0;noise;0.15;;;;;
Car381009-2026-Pass1-Z1-2MU00693_20260728_210944_000;0.0;1.3;30.0;Cyrscu;0.26;Eptser;;;;
Car381009-2026-Pass1-Z1-2MU00693_20260728_210944_000;0.3;3.6;21.0;Tetvir;0.44;;;;;
Car381009-2026-Pass1-Z1-2MU00693_20260728_210951_000;2.1;4.3;25.0;noise;0.16;;;;;
Car381009-2026-Pass1-Z1-2MU00693_20260728_210951_000;0.0;4.1;29.0;Barfis;0.58;;;;;
Car381009-2026-Pass1-Z1-2MU00693_20260728_211002_000;0.1;4.1;27.0;noise;0.17;Tetvir;;;;
Car381009-2026-Pass1-Z1-2MU00693_20260728_211002_000;0.0;2.7;29.0;Barfis;0.32;;;;;
Car381009-2026-Pass1-Z1-2MU00693_20260728_211011_000;0.1;4.6;32.0;Barfis;0.39;;;;;
Car381009-2026-Pass1-Z1-2MU00693_20260728_211011_000;0.0;4.6;32.0;noise;0.17;;;;;
Car381009-2026-Pass1-Z1-2MU00693_20260728_211021_000;0.0;3.9;29.0;Barfis;0.14;Eptser, Cyrscu;;;;
Car381009-2026-Pass1-Z1-2MU00693_20260728_211021_000;0.0;4.9;30.0;Tetvir;0.78;;;;;
Car381009-2026-Pass1-Z1-2MU00693_20260728_211033_000;0.0;3.6;30.0;Barfis;0.58;;;;;
Car381009-2026-Pass1-Z1-2MU00693_20260728_211045_000;0.0;3.5;30.0;Barfis;0.99;;;;;
Car381009-2026-Pass1-Z1-2MU00693_20260728_211045_000;1.3;3.5;26.0;noise;0.07;;;;;
Car381009-2026-Pass1-Z1-2MU00693_20260728_211054_000;0.0;2.9;26.0;Cyrscu;0.09;Eptser;;;;
Car381009-2026-Pass1-Z1-2MU00693_20260728_211054_000;0.0;2.8;30.0;Barfis;0.34;;;;;
Car381009-2026-Pass1-Z1-2MU00693_20260728_211058_000;0.0;1.4;36.0;Phogri;0.3;;;;;
Car381009-2026-Pass1-Z1-2MU00693_20260728_211105_000;0.3;2.4;26.0;Barfis;0.39;;;;;
Car381009-2026-Pass1-Z1-2MU00693_20260728_211105_000;0.0;2.4;28.0;Pleaus;0.07;Cyrscu, noise;;;;
Car381009-2026-Pass1-Z1-2MU00693_20260728_211120_000;0.0;2.8;30.0;Barfis;0.12;Eptser, Cyrscu;;;;
Car381009-2026-Pass1-Z1-2MU00693_20260728_211120_000;1.7;2.6;28.0;noise;0.19;Barfis;;;;
Car381009-2026-Pass1-Z1-2MU00693_20260728_211126_000;1.2;5.0;29.0;Barfis;0.14;;;;;
Car381009-2026-Pass1-Z1-2MU00693_20260728_211126_000;0.3;5.0;29.0;noise;0.24;;;;;
Car381009-2026-Pass1-Z1-2MU00693_20260728_211132_000;0.0;1.9;35.0;noise;0.17;;;;;
Car381009-2026-Pass1-Z1-2MU00693_20260728_211140_000;0.1;2.7;31.0;Barfis;0.2;Leppun;;;;
Car381009-2026-Pass1-Z1-2MU00693_20260728_211140_000;0.0;2.2;27.0;Phogri;0.4;;;;;
Car381009-2026-Pass1-Z1-2MU00693_20260728_211143_000;0.0;1.4;29.0;Barfis;0.46;;;;;
Car381009-2026-Pass1-Z1-2MU00693_20260728_211143_000;0.3;1.1;36.0;noise;0.49;;;;;
Car381009-2026-Pass1-Z1-2MU00693_20260728_211153_000;0.0;1.5;29.0;Barfis;0.36;;;;;
Car381009-2026-Pass1-Z1-2MU00693_20260728_211153_000;0.0;1.4;28.0;noise;0.22;;;;;
Car381009-2026-Pass1-Z1-2MU00693_20260728_211210_000;0.9;1.2;25.0;Cyrscu;0.09;;;;;
Car381009-2026-Pass1-Z1-2MU00693_20260728_211210_000;0.0;0.7;31.0;Leppun;0.15;;;;;
Car381009-2026-Pass1-Z1-2MU00693_20260728_211217_000;0.5;3.5;29.0;Barfis;0.19;noise;;;;
Car381009-2026-Pass1-Z1-2MU00693_20260728_211217_000;0.0;4.5;30.0;Phogri;0.76;;;;;
Car381009-2026-Pass1-Z1-2MU00693_20260728_211228_000;0.0;5.0;30.0;Barfis;0.73;;;;;
Car381009-2026-Pass1-Z1-2MU00693_20260728_211234_000;0.0;1.9;31.0;Phogri;0.65;;;;;
Car381009-2026-Pass1-Z1-2MU00693_20260728_211240_000;0.0;4.8;31.0;Barfis;0.37;;;;;
Car381009-2026-Pass1-Z1-2MU00693_20260728_211246_000;0.1;2.1;28.0;noise;0.09;;;;;
Car381009-2026-Pass1-Z1-2MU00693_20260728_211246_000;0.0;0.1;41.0;Phogri;0.66;;;;;
Car381009-2026-Pass1-Z1-2MU00693_20260728_211249_000;0.0;4.6;30.0;Barfis;0.47;;;;;
Car381009-2026-Pass1-Z1-2MU00693_20260728_211249_000;4.7;5.0;37.0;Leppun;0.09;noise;;;;
Car381009-2026-Pass1-Z1-2MU00693_20260728_211249_000;2.6;4.8;10.0;Tetvir;0.9;;;;;
Car381009-2026-Pass1-Z1-2MU00693_20260728_211302_000;0.0;5.0;30.0;noise;0.07;Leppun;;;;
Car381009-2026-Pass1-Z1-2MU00693_20260728_211302_000;0.0;5.0;28.0;Barfis;0.4;;;;;
Car381009-2026-Pass1-Z1-2MU00693_20260728_211315_000;0.0;5.0;30.0;Barfis;0.52;;;;;
Car381009-2026-Pass1-Z1-2MU00693_20260728_211315_000;0.3;4.9;28.0;noise;0.18;;;;;
Car381009-2026-Pass1-Z1-2MU00693_20260728_211325_000;0.5;4.3;29.0;Barfis;0.99;;;;;
Car381009-2026-Pass1-Z1-2MU00693_20260728_211325_000;0.0;5.0;25.0;Phogri;0.82;;;;;
Car381009-2026-Pass1-Z1-2MU00693_20260728_211325_000;1.9;3.8;33.0;Testes;0.08;noise, Antsp;;;;
Car381009-2026-Pass1-Z1-2MU00693_20260728_211337_000;0.1;4.4;29.0;Barfis;0.99;;;;;
Car381009-2026-Pass1-Z1-2MU00693_20260728_211337_000;0.0;4.5;26.0;Cyrscu;0.12;Eptser;;;;
Car381009-2026-Pass1-Z1-2MU00693_20260728_211337_000;0.8;2.1;22.0;noise;0.17;;;;;
Car381009-2026-Pass1-Z1-2MU00693_20260728_211349_000;0.0;2.6;28.0;Barfis;0.46;;;;;
Car381009-2026-Pass1-Z1-2MU00693_20260728_211349_000;0.0;4.2;27.0;noise;0.12;;;;;
Car381009-2026-Pass1-Z1-2MU00693_20260728_211400_000;0.0;3.7;28.0;noise;0.22;Barfis;;;;
Car381009-2026-Pass1-Z1-2MU00693_20260728_211400_000;1.0;3.1;33.0;Testes;0.86;;;;;
Car381009-2026-Pass1-Z1-2MU00693_20260728_211410_000;0.1;4.5;28.0;Barfis;0.38;noise;;;;
Car381009-2026-Pass1-Z1-2MU00693_20260728_211410_000;0.7;4.5;32.0;Testes;0.62;;;;;
Car381009-2026-Pass1-Z1-2MU00693_20260728_211422_000;0.0;3.9;30.0;Eptser;0.18;;;;;
Car381009-2026-Pass1-Z1-2MU00693_20260728_211422_000;0.2;3.2;29.0;Barfis;0.37;;;;;
Car381009-2026-Pass1-Z1-2MU00693_20260728_211422_000;3.9;4.0;9.0;noise;0.1;piaf;;;;
Car381009-2026-Pass1-Z1-2MU00693_20260728_211432_000;0.9;4.8;28.0;Barfis;0.25;Eptser, Cyrscu;;;;
Car381009-2026-Pass1-Z1-2MU00693_20260728_211432_000;0.0;5.0;27.0;noise;0.16;;;;;
Car381009-2026-Pass1-Z1-2MU00693_20260728_211444_000;0.0;4.3;24.0;Barfis;0.25;;;;;
Car381009-2026-Pass1-Z1-2MU00693_20260728_211444_000;1.5;4.1;32.0;Testes;0.06;noise, Antsp;;;;
Car381009-2026-Pass1-Z1-2MU00693_20260728_211456_000;1.1;3.5;29.0;Barfis;0.54;;;;;
Car381009-2026-Pass1-Z1-2MU00693_20260728_211456_000;0.0;4.6;21.0;noise;0.18;;;;;
Car381009-2026-Pass1-Z1-2MU00693_20260728_211456_000;0.0;3.3;31.0;Testes;0.92;;;;;
Car381009-2026-Pass1-Z1-2MU00693_20260728_211505_000;0.3;1.9;26.0;Eptser;0.07;;;;;
Car381009-2026-Pass1-Z1-2MU00693_20260728_211505_000;0.0;0.1;40.0;Leppun;0.97;;;;;
Car381009-2026-Pass1-Z1-2MU00693_20260728_211508_000;0.0;4.8;30.0;Leppun;0.49;Barfis;;;;
Car381009-2026-Pass1-Z1-2MU00693_20260728_211508_000;0.0;5.0;27.0;noise;0.09;Tetvir;;;;
Car381009-2026-Pass1-Z1-2MU00693_20260728_211520_000;0.3;3.3;28.0;Barfis;0.19;;;;;
Car381009-2026-Pass1-Z1-2MU00693_20260728_211520_000;0.2;2.3;32.0;Testes;0.53;;;;;
Car381009-2026-Pass1-Z1-2MU00693_20260728_211530_000;0.1;4.5;29.0;Barfis;0.42;;;;;
Car381009-2026-Pass1-Z1-2MU00693_20260728_211539_000;0.0;1.1;33.0;Leppun;0.22;;;;;
Car381009-2026-Pass1-Z1-2MU00693_20260728_211539_000;0.4;1.7;20.0;noise;0.29;;;;;
Car381009-2026-Pass1-Z1-2MU00693_20260728_211544_000;0.8;2.4;32.0;noise;0.05;Antsp, Rhasp, Phogri;;;;
Car381009-2026-Pass1-Z1-2MU00693_20260728_211544_000;0.1;3.5;26.0;Barfis;0.44;;;;;
Car381009-2026-Pass1-Z1-2MU00693_20260728_211555_000;0.1;2.5;28.0;Barfis;0.99;;;;;
Car381009-2026-Pass1-Z1-2MU00693_20260728_211555_000;0.0;3.3;27.0;Phogri;0.1;;;;;
Car381009-2026-Pass1-Z1-2MU00693_20260728_211608_000;0.0;4.5;27.0;Phogri;0.24;Barfis;;;;
Car381009-2026-Pass1-Z1-2MU00693_20260728_211608_000;0.0;4.1;33.0;Testes;0.63;;;;;
Car381009-2026-Pass1-Z1-2MU00693_20260728_211615_000;0.2;1.8;30.0;Leppun;0.1;noise;;;;
Car381009-2026-Pass1-Z1-2MU00693_20260728_211615_000;0.0;0.3;36.0;Phogri;0.8;;;;;
Car381009-2026-Pass1-Z1-2MU00693_20260728_211617_000;0.0;5.0;23.0;noise;0.14;Barfis;;;;
Car381009-2026-Pass1-Z1-2MU00693_20260728_211617_000;2.0;5.0;24.0;Tetvir;0.28;;;;;
Car381009-2026-Pass1-Z1-2MU00693_20260728_211635_000;0.2;3.9;33.0;Barfis;0.15;noise;;;;
Car381009-2026-Pass1-Z1-2MU00693_20260728_211635_000;0.0;3.9;28.0;Phogri;0.89;;;;;
Car381009-2026-Pass1-Z1-2MU00693_20260728_211635_000;0.0;2.5;9.0;Tetvir;0.91;;;;;
Car381009-2026-Pass1-Z1-2MU00693_20260728_211649_000;0.2;3.2;23.0;noise;0.1;;;;;
Car381009-2026-Pass1-Z1-2MU00693_20260728_211649_000;0.1;3.4;22.0;Tetvir;0.45;;;;;
Car381009-2026-Pass1-Z1-2MU00693_20260728_211659_000;0.1;1.4;28.0;Rhasp;0.79;Barfis;;;;
Car381009-2026-Pass1-Z1-2MU00693_20260728_211659_000;0.2;3.6;33.0;Testes;0.69;;;;;
Car381009-2026-Pass1-Z1-2MU00693_20260728_211710_000;0.0;1.6;27.0;Eptser;0.15;Barfis;;;;
Car381009-2026-Pass1-Z1-2MU00693_20260728_211710_000;0.9;2.8;28.0;Phogri;0.52;;;;;
Car381009-2026-Pass1-Z1-2MU00693_20260728_211710_000;0.9;2.7;10.0;noise;0.2;;;;;
Car381009-2026-Pass1-Z1-2MU00693_20260728_211719_000;0.7;2.1;26.0;noise;0.11;;;;;
Car381009-2026-Pass1-Z1-2MU00693_20260728_211719_000;0.0;1.6;30.0;Barfis;0.38;;;;;
Car381009-2026-Pass1-Z1-2MU00693_20260728_211721_000;0.0;2.2;28.0;Barfis;0.17;;;;;
Car381009-2026-Pass1-Z1-2MU00693_20260728_211721_000;0.4;2.0;37.0;noise;0.44;;;;;
Car381009-2026-Pass1-Z1-2MU00693_20260728_211728_000;3.7;4.8;32.0;Testes;0.19;;;;;
Car381009-2026-Pass1-Z1-2MU00693_20260728_211728_000;0.1;4.5;14.0;Tetvir;0.74;;;;;
Car381009-2026-Pass1-Z1-2MU00693_20260728_211734_000;0.0;0.5;33.0;Phogri;0.63;;;;;
Car381009-2026-Pass1-Z1-2MU00693_20260728_211734_000;0.0;0.8;33.0;Testes;0.17;;;;;
Car381009-2026-Pass1-Z1-2MU00693_20260728_211740_000;0.0;4.4;30.0;Barfis;0.11;Leppun;;;;
Car381009-2026-Pass1-Z1-2MU00693_20260728_211740_000;0.1;3.5;28.0;noise;0.09;;;;;
Car381009-2026-Pass1-Z1-2MU00693_20260728_211740_000;0.0;4.5;36.0;Testes;0.76;;;;;
Car381009-2026-Pass1-Z1-2MU00693_20260728_211745_000;0.0;4.9;30.0;Phogri;0.28;;;;;
Car381009-2026-Pass1-Z1-2MU00693_20260728_211745_000;0.0;4.8;29.0;noise;0.05;;;;;
Car381009-2026-Pass1-Z1-2MU00693_20260728_211745_000;0.0;4.9;33.0;Testes;0.88;;;;;
Car381009-2026-Pass1-Z1-2MU00693_20260728_211802_000;0.1;2.0;27.0;Eptser;0.11;;;;;
Car381009-2026-Pass1-Z1-2MU00693_20260728_211802_000;0.0;1.9;31.0;Leppun;0.38;;;;;
Car381009-2026-Pass1-Z1-2MU00693_20260728_211810_000;0.3;4.1;26.0;noise;0.08;;;;;
Car381009-2026-Pass1-Z1-2MU00693_20260728_211810_000;0.0;3.8;32.0;Testes;0.72;;;;;
Car381009-2026-Pass1-Z1-2MU00693_20260728_211820_000;0.0;5.0;28.0;Barfis;0.22;noise;;;;
Car381009-2026-Pass1-Z1-2MU00693_20260728_211820_000;0.4;5.0;16.0;Phanan;0.13;noise;;;;
Car381009-2026-Pass1-Z1-2MU00693_20260728_211820_000;0.4;4.9;32.0;Testes;0.54;;;;;
Car381009-2026-Pass1-Z1-2MU00693_20260728_211832_000;0.0;3.9;28.0;noise;0.24;;;;;
Car381009-2026-Pass1-Z1-2MU00693_20260728_211832_000;0.1;0.2;40.0;Barfis;0.12;;;;;
Car381009-2026-Pass1-Z1-2MU00693_20260728_211838_000;0.0;3.3;31.0;noise;0.29;;;;;
Car381009-2026-Pass1-Z1-2MU00693_20260728_211838_000;0.0;3.4;31.0;Testes;0.7;;;;;
Car381009-2026-Pass1-Z1-2MU00693_20260728_211843_000;0.0;2.6;30.0;Barfis;0.38;;;;;
Car381009-2026-Pass1-Z1-2MU00693_20260728_211854_000;0.1;3.1;27.0;Barfis;0.25;noise;;;;
Car381009-2026-Pass1-Z1-2MU00693_20260728_211854_000;0.3;2.9;32.0;Testes;0.62;;;;;
Car381009-2026-Pass1-Z1-2MU00693_20260728_211902_000;0.0;1.3;30.0;Barfis;0.43;;;;;
Car381009-2026-Pass1-Z1-2MU00693_20260728_211902_000;0.0;2.1;28.0;Phogri;0.19;;;;;
Car381009-2026-Pass1-Z1-2MU00693_20260728_211909_000;0.0;0.4;30.0;Barfis;0.16;noise;;;;
Car381009-2026-Pass1-Z1-2MU00693_20260728_211914_000;0.5;0.8;20.0;noise;0.25;;;;;
Car381009-2026-Pass1-Z1-2MU00693_20260728_211914_000;0.0;0.1;28.0;Rhasp;0.96;;;;;
Car381009-2026-Pass1-Z1-2MU00693_20260728_211914_000;0.0;1.5;32.0;Testes;0.21;;;;;
Car381009-2026-Pass1-Z1-2MU00693_20260728_211924_000;0.0;1.7;31.0;Leppun;0.08;Barfis, noise;;;;
Car381009-2026-Pass1-Z1-2MU00693_20260728_211924_000;0.2;0.8;28.0;Phogri;0.28;;;;;
Car381009-2026-Pass1-Z1-2MU00693_20260728_211934_000;0.2;1.2;24.0;Eptser;0.09;noise;;;;
Car381009-2026-Pass1-Z1-2MU00693_20260728_211934_000;0.0;1.5;30.0;noise;0.05;Leppun, Phogri;;;;
Car381009-2026-Pass1-Z1-2MU00693_20260728_211936_000;0.5;2.0;26.0;noise;0.12;;;;;
Car381009-2026-Pass1-Z1-2MU00693_20260728_211943_000;0.0;1.8;32.0;noise;0.07;Barfis, Cyrscu;;;;
Car381009-2026-Pass1-Z1-2MU00693_20260728_211943_000;0.0;2.0;32.0;Testes;0.11;noise;;;;
Car381009-2026-Pass1-Z1-2MU00693_20260728_211954_000;0.1;1.2;26.0;noise;0.06;Phogri;;;;
Car381009-2026-Pass1-Z1-2MU00693_20260728_211958_000;0.0;1.8;32.0;noise;0.29;;;;;
Car381009-2026-Pass1-Z1-2MU00693_20260728_212009_000;0.0;1.8;31.0;noise;0.39;;;;;
Car381009-2026-Pass1-Z1-2MU00693_20260728_212009_000;0.0;0.1;40.0;Phogri;0.67;;;;;
Car381009-2026-Pass1-Z1-2MU00693_20260728_212022_000;0.0;4.6;22.0;noise;0.15;;;;;
Car381009-2026-Pass1-Z1-2MU00693_20260728_212022_000;0.1;4.6;22.0;Tetvir;0.42;;;;;
Car381009-2026-Pass1-Z1-2MU00693_20260728_212032_000;0.0;3.0;21.0;noise;0.11;Phogri, Tetvir;;;;
Car381009-2026-Pass1-Z1-2MU00693_20260728_212032_000;0.4;3.5;34.0;Testes;0.41;;;;;
Car381009-2026-Pass1-Z1-2MU00693_20260728_212041_000;0.9;2.0;27.0;Barfis;0.49;;;;;
Car381009-2026-Pass1-Z1-2MU00693_20260728_212041_000;1.0;1.5;44.0;Yerray;0.05;noise;;;;
Car381009-2026-Pass1-Z1-2MU00693_20260728_212047_000;1.9;2.0;30.0;noise;0.17;;;;;
Car381009-2026-Pass1-Z1-2MU00693_20260728_212047_000;0.0;0.1;46.0;Phogri;0.84;;;;;
Car381009-2026-Pass1-Z1-2MU00693_20260728_212052_000;0.0;2.9;34.0;Leppun;0.36;;;;;
Car381009-2026-Pass1-Z1-2MU00693_20260728_212052_000;2.2;2.9;39.0;Phogri;0.04;Metbra, Tetvir, Rhasp;;;;
Car381009-2026-Pass1-Z1-2MU00693_20260728_212052_000;0.9;4.1;23.0;noise;0.09;;;;;
Car381009-2026-Pass1-Z1-2MU00693_20260728_212105_000;0.1;1.9;23.0;Barfis;0.29;;;;;
Car381009-2026-Pass1-Z1-2MU00693_20260728_212105_000;0.0;2.1;25.0;noise;0.11;;;;;
Car381009-2026-Pass1-Z1-2MU00693_20260728_212115_000;0.0;1.8;31.0;Leppun;0.09;;;;;
Car381009-2026-Pass1-Z1-2MU00693_20260728_212115_000;0.0;1.9;24.0;Tetvir;0.45;;;;;
Car381009-2026-Pass1-Z1-2MU00693_20260728_212121_000;0.0;1.9;26.0;noise;0.16;;;;;
Car381009-2026-Pass1-Z1-2MU00693_20260728_212121_000;0.0;2.2;36.0;Testes;0.37;;;;;
Car381009-2026-Pass1-Z1-2MU00693_20260728_212127_000;0.0;4.2;25.0;noise;0.15;;;;;
Car381009-2026-Pass1-Z1-2MU00693_20260728_212127_000;0.4;2.8;24.0;Barfis;0.43;;;;;
Car381009-2026-Pass1-Z1-2MU00693_20260728_212135_000;0.0;0.1;42.0;noise;0.16;;;;;
Car381009-2026-Pass1-Z1-2MU00693_20260728_212150_000;0.0;2.6;35.0;Phogri;0.04;Metbra, Yposp, Tetvir;;;;
Car381009-2026-Pass1-Z1-2MU00693_20260728_212150_000;0.5;4.2;25.0;noise;0.08;Phogri, Tetvir;;;;
Car381009-2026-Pass1-Z1-2MU00693_20260728_212150_000;0.1;2.3;32.0;Testes;0.53;;;;;
Car381009-2026-Pass1-Z1-2MU00693_20260728_212158_000;0.0;2.1;33.0;Testes;0.35;;;;;
Car381009-2026-Pass1-Z1-2MU00693_20260728_212203_000;0.2;3.7;23.0;noise;0.09;;;;;
Car381009-2026-Pass1-Z1-2MU00693_20260728_212203_000;0.5;2.9;32.0;Testes;0.8;;;;;
Car381009-2026-Pass1-Z1-2MU00693_20260728_212223_000;0.0;1.9;30.0;Leppun;0.39;;;;;
Car381009-2026-Pass1-Z1-2MU00693_20260728_212223_000;0.0;2.0;35.0;Testes;0.15;;;;;
Car381009-2026-Pass1-Z1-2MU00693_20260728_212248_000;0.0;4.8;28.0;Barfis;0.31;;;;;
Car381009-2026-Pass1-Z1-2MU00693_20260728_212248_000;0.2;2.7;32.0;noise;0.06;Phogri;;;;
Car381009-2026-Pass1-Z1-2MU00693_20260728_212248_000;0.1;1.6;32.0;Testes;0.9;;;;;
Car381009-2026-Pass1-Z1-2MU00693_20260728_212302_000;0.0;0.4;43.0;Leppun;0.25;;;;;
Car381009-2026-Pass1-Z1-2MU00693_20260728_212302_000;0.9;2.1;26.0;Pleaus;0.05;noise;;;;
Car381009-2026-Pass1-Z1-2MU00693_20260728_212402_000;0.0;2.0;42.0;Phogri;0.04;Leppun, Yposp, Tetvir;;;;
Car381009-2026-Pass1-Z1-2MU00693_20260728_212402_000;0.1;2.2;26.0;noise;0.15;;;;;
Car381009-2026-Pass1-Z1-2MU00693_20260728_212405_000;0.0;2.0;35.0;Leppun;0.17;;;;;
Car381009-2026-Pass1-Z1-2MU00693_20260728_212405_000;0.3;2.1;26.0;noise;0.21;;;;;
Car381009-2026-Pass1-Z1-2MU00693_20260728_212418_000;0.3;1.9;22.0;noise;0.05;Phogri;;;;
Car381009-2026-Pass1-Z1-2MU00693_20260728_212422_000;0.0;0.6;21.0;Tetvir;0.36;;;;;
Car381009-2026-Pass1-Z1-2MU00693_20260728_212502_000;0.0;1.7;30.0;noise;0.21;;;;;
Car381009-2026-Pass1-Z1-2MU00693_20260728_212523_000;0.0;1.2;25.0;Leppun;0.08;noise;;;;
Car381009-2026-Pass1-Z1-2MU00693_20260728_212523_000;0.4;1.2;23.0;noise;0.07;;;;;
Car381009-2026-Pass1-Z1-2MU00693_20260728_212531_000;0.0;2.0;39.0;noise;0.22;;;;;
Car381009-2026-Pass1-Z1-2MU00693_20260728_212545_000;0.2;1.9;24.0;noise;0.05;Tetvir;;;;
Car381009-2026-Pass1-Z1-2MU00693_20260728_212545_000;0.0;0.7;33.0;Testes;0.81;;;;;
Car381009-2026-Pass1-Z1-2MU00693_20260728_212555_000;0.0;1.4;32.0;Leppun;0.24;noise;;;;
Car381009-2026-Pass1-Z1-2MU00693_20260728_212555_000;1.0;1.1;22.0;noise;0.13;;;;;
Car381009-2026-Pass1-Z1-2MU00693_20260728_212558_000;0.0;1.8;34.0;Leppun;0.31;;;;;
Car381009-2026-Pass1-Z1-2MU00693_20260728_212558_000;0.0;2.3;22.0;noise;0.09;;;;;
Car381009-2026-Pass1-Z1-2MU00693_20260728_212625_000;0.1;2.0;33.0;Phogri;0.03;Leppun, Tetvir, Pippip;;;;
Car381009-2026-Pass1-Z1-2MU00693_20260728_212625_000;0.0;0.3;36.0;Yerray;0.07;noise;;;;
Car381009-2026-Pass1-Z1-2MU00693_20260728_212639_000;0.0;0.9;38.0;Leppun;0.12;;;;;
Car381009-2026-Pass1-Z1-2MU00693_20260728_212639_000;0.0;2.4;36.0;Testes;0.7;;;;;
Car381009-2026-Pass1-Z1-2MU00693_20260728_212648_000;0.3;1.4;36.0;Inssp7;0.99;;;;;
Car381009-2026-Pass1-Z1-2MU00693_20260728_212648_000;0.0;0.1;36.0;Leppun;0.23;;;;;
Car381009-2026-Pass1-Z1-2MU00693_20260728_212648_000;0.3;3.2;37.0;noise;0.29;;;;;
Car381009-2026-Pass1-Z1-2MU00693_20260728_212654_000;0.0;2.0;37.0;Leppun;0.29;;;;;
Car381009-2026-Pass1-Z1-2MU00693_20260728_212654_000;0.0;1.5;22.0;Phogri;0.83;;;;;
Car381009-2026-Pass1-Z1-2MU00693_20260728_212701_000;0.4;2.5;28.0;Leppun;0.9;;;;;
Car381009-2026-Pass1-Z1-2MU00693_20260728_212701_000;1.5;2.1;25.0;Cyrscu;0.06;noise;;;;
Car381009-2026-Pass1-Z1-2MU00693_20260728_212705_000;0.0;3.7;26.0;Phogri;0.17;noise;;;;
Car381009-2026-Pass1-Z1-2MU00693_20260728_212705_000;0.0;3.8;29.0;Testes;0.65;;;;;
Car381009-2026-Pass1-Z1-2MU00693_20260728_212713_000;0.0;1.4;29.0;Leppun;0.23;;;;;
Car381009-2026-Pass1-Z1-2MU00693_20260728_212724_000;0.0;2.5;36.0;noise;0.14;;;;;
Car381009-2026-Pass1-Z1-2MU00693_20260728_212724_000;0.0;1.2;28.0;Testes;0.3;;;;;
Car381009-2026-Pass1-Z1-2MU00693_20260728_212724_000;0.0;2.5;13.0;Tetvir;0.57;;;;;
Car381009-2026-Pass1-Z1-2MU00693_20260728_212730_000;0.0;2.1;16.0;Phogri;0.65;;;;;
Car381009-2026-Pass1-Z1-2MU00693_20260728_212730_000;1.9;2.0;16.0;Tetvir;0.18;;;;;
Car381009-2026-Pass1-Z1-2MU00693_20260728_212740_000;0.0;1.9;23.0;noise;0.07;Phogri;;;;
Car381009-2026-Pass1-Z1-2MU00693_20260728_212748_000;0.0;0.4;40.0;Tetvir;0.02;Phogri, Yposp, Yerray, Yerbey, Vesmur, Urosp, Tyllil, Thycor, Tetpyg, Tetarg, Testes, Tadten, Sepsep, Rusnit, Roeroe, Rhihip, Rhifer, Rhieur, Rhasp, Ratnor, Plemac, Pleaus, Pleaur, Plasab, Plaint, Plafal, Plaalb, Plaaff, Pippyg, Pippip, Pipnat, Pipkuh, piaf, Phofem, Phanan, Phafal, Nycnoc, Nyclei, Nyclas, Myonat, Myomys, MyoGT, Myoema, Myodau, Myogla, Myocap, Myobec, Myoalc, Mussp, Minsch, Mimasp, Micagr, Metbra, mamm, Leppun, Lepbos, Lepalb, Lamsp., Isopyr, Inssp8, Inssp7, Inssp5, Insp12, Insp11, Insp10, Hypsav, gril, Eupsp, Eptser, Eptnil, Epheph, Decalb, Cyrscu, Cympud, criq, Confus, Tetarg, Barfis, Barbar, Antsp, amph;;;;
Car381009-2026-Pass1-Z1-2MU00693_20260728_212748_000;0.4;2.3;25.0;noise;0.15;;;;;
Car381009-2026-Pass1-Z1-2MU00693_20260728_212803_000;0.0;1.6;23.0;noise;0.68;;;;;
Car381009-2026-Pass1-Z1-2MU00693_20260728_212803_000;0.0;0.3;41.0;Yerray;0.31;;;;;
Car381009-2026-Pass1-Z1-2MU00693_20260728_212814_000;0.1;2.9;35.0;Leppun;0.35;;;;;
Car381009-2026-Pass1-Z1-2MU00693_20260728_212814_000;0.1;2.8;27.0;Phogri;0.15;;;;;
Car381009-2026-Pass1-Z1-2MU00693_20260728_212825_000;0.0;3.5;34.0;noise;0.23;;;;;
Car381009-2026-Pass1-Z1-2MU00693_20260728_212825_000;1.2;3.7;25.0;Phogri;0.04;Tetvir;;;;
Car381009-2026-Pass1-Z1-2MU00693_20260728_212831_000;0.0;2.1;33.0;Leppun;0.42;;;;;
Car381009-2026-Pass1-Z1-2MU00693_20260728_212831_000;0.2;1.9;25.0;noise;0.09;;;;;
Car381009-2026-Pass1-Z1-2MU00693_20260728_212836_000;0.1;2.5;24.0;noise;0.09;;;;;
Car381009-2026-Pass1-Z1-2MU00693_20260728_212836_000;0.0;1.5;34.0;Testes;0.33;;;;;
Car381009-2026-Pass1-Z1-2MU00693_20260728_212846_000;0.0;0.9;27.0;noise;0.12;;;;;
Car381009-2026-Pass1-Z1-2MU00693_20260728_212846_000;0.0;0.8;34.0;Testes;0.88;;;;;
Car381009-2026-Pass1-Z1-2MU00693_20260728_212852_000;0.0;3.3;36.0;Leppun;0.77;;;;;
Car381009-2026-Pass1-Z1-2MU00693_20260728_212852_000;0.0;4.2;26.0;Phogri;0.29;;;;;
Car381009-2026-Pass1-Z1-2MU00693_20260728_212931_000;0.0;0.1;37.0;Leppun;0.16;;;;;
Car381009-2026-Pass1-Z1-2MU00693_20260728_212931_000;0.1;1.2;33.0;Testes;0.89;;;;;
Car381009-2026-Pass1-Z1-2MU00693_20260728_212944_000;0.0;1.9;30.0;noise;0.07;;;;;
Car381009-2026-Pass1-Z1-2MU00693_20260728_212948_000;0.0;1.1;31.0;Leppun;0.06;Tyllil, Phogri;;;;
Car381009-2026-Pass1-Z1-2MU00693_20260728_212948_000;0.0;1.1;23.0;noise;0.07;;;;;
Car381009-2026-Pass1-Z1-2MU00693_20260728_212953_000;0.3;3.3;24.0;Phogri;0.1;;;;;
Car381009-2026-Pass1-Z1-2MU00693_20260728_212953_000;0.7;2.0;33.0;Testes;0.81;;;;;
Car381009-2026-Pass1-Z1-2MU00693_20260728_213005_000;0.7;2.2;22.0;noise;0.05;Phogri, Phanan;;;;
Car381009-2026-Pass1-Z1-2MU00693_20260728_213005_000;0.2;0.6;27.0;Tetvir;0.24;;;;;
Car381009-2026-Pass1-Z1-2MU00693_20260728_213011_000;0.4;2.0;23.0;noise;0.04;Phogri, Tetvir, Plaint, Cyrscu, Barfis;;;;
Car381009-2026-Pass1-Z1-2MU00693_20260728_213018_000;0.1;1.1;22.0;Cyrscu;0.1;noise;;;;
Car381009-2026-Pass1-Z1-2MU00693_20260728_213018_000;0.0;0.9;22.0;noise;0.07;;;;;
Car381009-2026-Pass1-Z1-2MU00693_20260728_213025_000;0.0;1.4;36.0;Rhasp;0.25;;;;;
Car381009-2026-Pass1-Z1-2MU00693_20260728_213025_000;0.0;1.5;27.0;noise;0.11;;;;;
Car381009-2026-Pass1-Z1-2MU00693_20260728_213030_000;0.0;1.5;23.0;noise;0.11;;;;;
Car381009-2026-Pass1-Z1-2MU00693_20260728_213030_000;0.5;1.4;34.0;Testes;0.91;;;;;
Car381009-2026-Pass1-Z1-2MU00693_20260728_213035_000;0.0;2.1;26.0;noise;0.19;;;;;
Car381009-2026-Pass1-Z1-2MU00693_20260728_213035_000;0.0;1.7;23.0;Phogri;0.04;Rhasp, Tetvir, Plaint;;;;
Car381009-2026-Pass1-Z1-2MU00693_20260728_213048_000;0.4;2.6;27.0;noise;0.09;Phogri;;;;
Car381009-2026-Pass1-Z1-2MU00693_20260728_213048_000;0.9;1.0;24.0;Nyclei;0.15;;;;;
Car381009-2026-Pass1-Z1-2MU00693_20260728_213048_000;0.4;3.2;32.0;Testes;0.84;;;;;
Car381009-2026-Pass1-Z1-2MU00693_20260728_213127_000;0.7;1.6;23.0;noise;0.04;Nyclei, Tetvir, Pipkuh, Phogri, Eptser, Cyrscu;;;;
Car381009-2026-Pass1-Z1-2MU00693_20260728_213127_000;0.0;0.8;33.0;Testes;0.36;;;;;
Car381009-2026-Pass1-Z1-2MU00693_20260728_213153_000;0.0;1.4;33.0;Leppun;0.98;;;;;
Car381009-2026-Pass1-Z1-2MU00693_20260728_213153_000;0.1;2.0;22.0;Phogri;0.05;Plaint, noise;;;;
Car381009-2026-Pass1-Z1-2MU00693_20260728_213156_000;0.9;2.2;29.0;noise;0.05;Yposp;;;;
Car381009-2026-Pass1-Z1-2MU00693_20260728_213156_000;0.0;2.2;36.0;Testes;0.76;;;;;
Car381009-2026-Pass1-Z1-2MU00693_20260728_213159_000;0.0;1.8;36.0;Leppun;0.09;noise;;;;
Car381009-2026-Pass1-Z1-2MU00693_20260728_213159_000;0.0;2.2;24.0;noise;0.05;;;;;
Car381009-2026-Pass1-Z1-2MU00693_20260728_213212_000;0.0;1.9;34.0;Leppun;0.53;;;;;
Car381009-2026-Pass1-Z1-2MU00693_20260728_213212_000;0.2;1.3;24.0;noise;0.3;;;;;
Car381009-2026-Pass1-Z1-2MU00693_20260728_213212_000;0.4;1.9;24.0;Phogri;0.07;;;;;
Car381009-2026-Pass1-Z1-2MU00693_20260728_213229_000;0.0;0.9;37.0;Leppun;0.97;;;;;
Car381009-2026-Pass1-Z1-2MU00693_20260728_213229_000;0.0;1.3;22.0;Phogri;0.28;;;;;
Car381009-2026-Pass1-Z1-2MU00693_20260728_213236_000;0.0;1.5;35.0;Leppun;0.97;;;;;
Car381009-2026-Pass1-Z1-2MU00693_20260728_213236_000;1.4;1.6;24.0;Cyrscu;0.06;Phanan, noise, Phogri;;;;
Car381009-2026-Pass1-Z1-2MU00693_20260728_213239_000;0.0;1.8;24.0;Leppun;0.36;;;;;
Car381009-2026-Pass1-Z1-2MU00693_20260728_213239_000;0.0;1.8;23.0;Phogri;0.47;;;;;
Car381009-2026-Pass1-Z1-2MU00693_20260728_213245_000;0.0;2.0;26.0;Leppun;0.81;;;;;
Car381009-2026-Pass1-Z1-2MU00693_20260728_213245_000;0.6;0.7;9.0;noise;0.08;;;;;
Car381009-2026-Pass1-Z1-2MU00693_20260728_213252_000;0.2;3.5;25.0;noise;0.24;;;;;
Car381009-2026-Pass1-Z1-2MU00693_20260728_213252_000;0.6;3.5;27.0;Phogri;0.29;;;;;
Car381009-2026-Pass1-Z1-2MU00693_20260728_213258_000;0.0;1.7;35.0;Leppun;0.64;;;;;
Car381009-2026-Pass1-Z1-2MU00693_20260728_213258_000;0.5;1.7;30.0;noise;0.13;;;;;
Car381009-2026-Pass1-Z1-2MU00693_20260728_213323_000;0.0;2.0;37.0;Leppun;0.96;;;;;
Car381009-2026-Pass1-Z1-2MU00693_20260728_213323_000;1.1;1.4;22.0;Cyrscu;0.17;;;;;
Car381009-2026-Pass1-Z1-2MU00693_20260728_213323_000;0.4;1.4;22.0;Isopyr;0.22;;;;;
Car381009-2026-Pass1-Z1-2MU00693_20260728_213332_000;0.0;2.0;31.0;noise;0.13;;;;;
Car381009-2026-Pass1-Z1-2MU00693_20260728_213341_000;0.0;2.0;30.0;Leppun;0.07;noise;;;;
Car381009-2026-Pass1-Z1-2MU00693_20260728_213341_000;0.0;0.6;22.0;Phogri;0.05;noise;;;;
Car381009-2026-Pass1-Z1-2MU00693_20260728_213348_000;0.0;0.3;36.0;noise;0.04;Tetvir;;;;
Car381009-2026-Pass1-Z1-2MU00693_20260728_213348_000;0.0;2.1;24.0;Phogri;0.56;;;;;
Car381009-2026-Pass1-Z1-2MU00693_20260728_213358_000;0.0;0.4;38.0;Tetvir;0.02;Phogri, Leppun, Yposp, Yerray, Yerbey, Vesmur, Urosp, Tyllil, Thycor, Tetpyg, Tetarg, Testes, Tadten, Sepsep, Rusnit, Roeroe, Rhihip, Rhifer, Rhieur, Rhasp, Ratnor, Plemac, Pleaus, Pleaur, Plasab, Plaint, Plafal, Plaalb, Plaaff, Pippyg, Pippip, Pipnat, Pipkuh, piaf, Phofem, Phanan, Phafal, Nycnoc, Nyclei, Nyclas, Myonat, Myomys, MyoGT, Myoema, Myodau, Myogla, Myocap, Myobec, Myoalc, Mussp, Minsch, Mimasp, Micagr, Metbra, mamm, Lepbos, Lepalb, Lamsp., Isopyr, Inssp8, Inssp7, Inssp5, Insp12, Insp11, Insp10, Hypsav, gril, Eupsp, Eptser, Eptnil, Epheph, Decalb, Cyrscu, Cympud, criq, Confus, Tetarg, Barfis, Barbar, Antsp, amph;;;;
Car381009-2026-Pass1-Z1-2MU00693_20260728_213358_000;1.1;1.6;28.0;noise;0.24;;;;;
Car381009-2026-Pass1-Z1-2MU00693_20260728_213417_000;0.0;1.2;38.0;Leppun;0.34;;;;;
Car381009-2026-Pass1-Z1-2MU00693_20260728_213417_000;0.2;2.1;24.0;Phogri;0.07;Rhasp;;;;
Car381009-2026-Pass1-Z1-2MU00693_20260728_213435_000;0.0;2.2;32.0;Phogri;0.17;;;;;
Car381009-2026-Pass1-Z1-2MU00693_20260728_213440_000;0.0;0.7;33.0;Rhasp;0.07;Leppun;;;;
Car381009-2026-Pass1-Z1-2MU00693_20260728_213440_000;0.0;1.8;21.0;noise;0.31;;;;;
Car381009-2026-Pass1-Z1-2MU00693_20260728_213513_000;0.0;1.8;37.0;noise;0.07;Leppun;;;;
Car381009-2026-Pass1-Z1-2MU00693_20260728_213513_000;0.6;1.4;23.0;Barfis;0.04;Tetvir, Plaint, Phogri, Cyrscu;;;;
Car381009-2026-Pass1-Z1-2MU00693_20260728_213528_000;0.1;2.0;25.0;noise;0.09;;;;;
Car381009-2026-Pass1-Z1-2MU00693_20260728_213528_000;0.0;1.9;30.0;Testes;0.25;Antsp;;;;
Car381009-2026-Pass1-Z1-2MU00693_20260728_213530_000;0.0;2.2;22.0;Phogri;0.04;noise, Tetvir, Rhasp, Plaint, Leppun, Antsp;;;;
Car381009-2026-Pass1-Z1-2MU00693_20260728_213530_000;0.6;1.1;31.0;Testes;0.49;;;;;
Car381009-2026-Pass1-Z1-2MU00693_20260728_213606_000;0.7;2.6;29.0;noise;0.11;;;;;
Car381009-2026-Pass1-Z1-2MU00693_20260728_213606_000;0.0;2.7;48.0;Pippip;0.98;;;;;
Car381009-2026-Pass1-Z1-2MU00693_20260728_213606_000;0.2;2.9;36.0;Testes;0.57;;;;;
Car381009-2026-Pass1-Z1-2MU00693_20260728_213610_000;0.2;1.9;21.0;noise;0.04;Plaint, Pippip, Phogri, Tetvir, Pipkuh;;;;
Car381009-2026-Pass1-Z1-2MU00693_20260728_213610_000;0.0;0.5;34.0;Testes;0.71;;;;;
Car381009-2026-Pass1-Z1-2MU00693_20260728_213627_000;0.1;3.3;22.0;noise;0.14;;;;;
Car381009-2026-Pass1-Z1-2MU00693_20260728_213627_000;0.0;2.3;36.0;Testes;0.77;;;;;
Car381009-2026-Pass1-Z1-2MU00693_20260728_213645_000;0.0;1.9;36.0;Testes;0.73;;;;;
Car381009-2026-Pass1-Z1-2MU00693_20260728_213645_000;0.3;2.0;22.0;Tetvir;0.4;;;;;
Car381009-2026-Pass1-Z1-2MU00693_20260728_213702_000;0.2;4.9;23.0;noise;0.1;;;;;
Car381009-2026-Pass1-Z1-2MU00693_20260728_213702_000;0.0;3.4;36.0;Testes;0.82;;;;;
Car381009-2026-Pass1-Z1-2MU00693_20260728_213720_000;0.0;4.0;57.0;Myonat;0.92;;;;;
Car381009-2026-Pass1-Z1-2MU00693_20260728_213720_000;0.0;3.3;22.0;noise;0.08;;;;;
Car381009-2026-Pass1-Z1-2MU00693_20260728_213720_000;0.0;3.1;37.0;Testes;0.71;;;;;
Car381009-2026-Pass1-Z1-2MU00693_20260728_213739_000;0.1;1.3;24.0;noise;0.13;;;;;
Car381009-2026-Pass1-Z1-2MU00693_20260728_213739_000;0.0;2.0;36.0;Testes;0.6;;;;;
Car381009-2026-Pass1-Z1-2MU00693_20260728_213748_000;0.0;1.0;33.0;noise;0.1;Yposp;;;;
Car381009-2026-Pass1-Z1-2MU00693_20260728_213748_000;0.2;3.8;23.0;Isopyr;0.21;;;;;
Car381009-2026-Pass1-Z1-2MU00693_20260728_213802_000;0.5;3.5;24.0;Phogri;0.4;;;;;
Car381009-2026-Pass1-Z1-2MU00693_20260728_213802_000;0.0;1.6;33.0;Testes;0.85;;;;;
Car381009-2026-Pass1-Z1-2MU00693_20260728_213808_000;0.1;2.7;33.0;noise;0.3;;;;;
Car381009-2026-Pass1-Z1-2MU00693_20260728_213808_000;0.0;1.2;33.0;Testes;0.64;;;;;
Car381009-2026-Pass1-Z1-2MU00693_20260728_213820_000;0.5;3.1;22.0;noise;0.1;;;;;
Car381009-2026-Pass1-Z1-2MU00693_20260728_213820_000;0.0;3.0;34.0;Testes;0.79;;;;;
Car381009-2026-Pass1-Z1-2MU00693_20260728_213824_000;0.0;3.4;22.0;noise;0.08;Phogri;;;;
Car381009-2026-Pass1-Z1-2MU00693_20260728_213824_000;0.0;1.8;36.0;Testes;0.84;;;;;
Car381009-2026-Pass1-Z1-2MU00693_20260728_213829_000;0.6;1.7;25.0;noise;0.19;;;;;
Car381009-2026-Pass1-Z1-2MU00693_20260728_213829_000;0.0;1.7;27.0;Phogri;0.66;;;;;
Car381009-2026-Pass1-Z1-2MU00693_20260728_213837_000;0.0;0.6;34.0;noise;0.1;Yposp;;;;
Car381009-2026-Pass1-Z1-2MU00693_20260728_213837_000;0.0;0.7;32.0;Testes;0.07;Insp12, Antsp;;;;
Car381009-2026-Pass1-Z1-2MU00693_20260728_213846_000;0.2;2.9;21.0;noise;0.12;;;;;
Car381009-2026-Pass1-Z1-2MU00693_20260728_213846_000;0.0;1.9;37.0;Testes;0.83;;;;;
Car381009-2026-Pass1-Z1-2MU00693_20260728_213900_000;0.0;1.7;26.0;noise;0.13;;;;;
Car381009-2026-Pass1-Z1-2MU00693_20260728_213909_000;0.3;2.0;28.0;Confus;0.05;noise, Tetvir, Phogri, Antsp;;;;
Car381009-2026-Pass1-Z1-2MU00693_20260728_213909_000;0.0;2.1;37.0;Testes;0.71;;;;;
Car381009-2026-Pass1-Z1-2MU00693_20260728_213929_000;0.3;2.5;34.0;noise;0.05;;;;;
Car381009-2026-Pass1-Z1-2MU00693_20260728_213929_000;0.0;2.7;36.0;Testes;0.84;;;;;
Car381009-2026-Pass1-Z1-2MU00693_20260728_213932_000;0.0;3.5;30.0;noise;0.22;;;;;
Car381009-2026-Pass1-Z1-2MU00693_20260728_213932_000;0.0;3.0;36.0;Testes;0.74;;;;;
Car381009-2026-Pass1-Z1-2MU00693_20260728_214014_000;0.8;2.0;28.0;noise;0.68;;;;;
Car381009-2026-Pass1-Z1-2MU00693_20260728_214014_000;0.0;2.0;35.0;Testes;0.91;;;;;
Car381009-2026-Pass1-Z1-2MU00693_20260728_214031_000;0.1;3.8;22.0;noise;0.05;Plaint, Phogri;;;;
Car381009-2026-Pass1-Z1-2MU00693_20260728_214031_000;0.0;1.3;34.0;Testes;0.6;;;;;
Car381009-2026-Pass1-Z1-2MU00693_20260728_214031_000;0.8;1.0;11.0;Tetvir;0.6;;;;;
Car381009-2026-Pass1-Z1-2MU00693_20260728_214102_000;0.0;2.0;33.0;noise;0.21;;;;;
Car381009-2026-Pass1-Z1-2MU00693_20260728_214102_000;0.3;1.8;21.0;Phogri;0.04;Tetvir, Phanan;;;;
Car381009-2026-Pass1-Z1-2MU00693_20260728_214106_000;0.5;1.6;20.0;noise;0.11;Phanan;;;;
Car381009-2026-Pass1-Z1-2MU00693_20260728_214106_000;0.5;2.3;25.0;Phogri;0.61;;;;;
Car381009-2026-Pass1-Z1-2MU00693_20260728_214106_000;0.0;2.3;34.0;Testes;0.71;;;;;
Car381009-2026-Pass1-Z1-2MU00693_20260728_214120_000;0.0;1.9;29.0;Phogri;0.64;;;;;
Car381009-2026-Pass1-Z1-2MU00693_20260728_214120_000;0.2;2.0;31.0;Testes;0.22;;;;;
Car381009-2026-Pass1-Z1-2MU00693_20260728_214140_000;0.0;1.3;22.0;noise;0.04;Phogri, Tetvir, Isopyr, Cyrscu;;;;
Car381009-2026-Pass1-Z1-2MU00693_20260728_214140_000;0.0;2.0;35.0;Testes;0.78;;;;;
Car381009-2026-Pass1-Z1-2MU00693_20260728_214149_000;0.1;2.3;23.0;Antsp;0.12;Phogri;;;;
Car381009-2026-Pass1-Z1-2MU00693_20260728_214149_000;0.0;1.1;33.0;Testes;0.86;;;;;
Car381009-2026-Pass1-Z1-2MU00693_20260728_214154_000;0.0;1.8;19.0;noise;0.06;Tetvir, Phogri;;;;
Car381009-2026-Pass1-Z1-2MU00693_20260728_214154_000;0.0;2.1;32.0;Testes;0.88;;;;;
Car381009-2026-Pass1-Z1-2MU00693_20260728_214159_000;0.1;1.6;21.0;noise;0.14;;;;;
Car381009-2026-Pass1-Z1-2MU00693_20260728_214159_000;0.0;0.7;34.0;Testes;0.68;;;;;
Car381009-2026-Pass1-Z1-2MU00693_20260728_214204_000;0.5;1.0;21.0;noise;0.06;Phanan;;;;
Car381009-2026-Pass1-Z1-2MU00693_20260728_214204_000;0.0;2.1;36.0;Testes;0.75;;;;;
Car381009-2026-Pass1-Z1-2MU00693_20260728_214204_000;1.3;1.4;10.0;Tetvir;0.42;;;;;
Car381009-2026-Pass1-Z1-2MU00693_20260728_214212_000;0.1;1.9;31.0;noise;0.11;;;;;
Car381009-2026-Pass1-Z1-2MU00693_20260728_214212_000;0.0;1.9;27.0;Phogri;0.68;;;;;
Car381009-2026-Pass1-Z1-2MU00693_20260728_214215_000;0.0;2.1;26.0;noise;0.14;;;;;
Car381009-2026-Pass1-Z1-2MU00693_20260728_214215_000;0.0;2.0;32.0;Testes;0.66;;;;;
Car381009-2026-Pass1-Z1-2MU00693_20260728_214219_000;0.0;2.2;26.0;noise;0.13;;;;;
Car381009-2026-Pass1-Z1-2MU00693_20260728_214219_000;0.0;2.2;37.0;Testes;0.73;;;;;
Car381009-2026-Pass1-Z1-2MU00693_20260728_214223_000;0.0;2.7;21.0;noise;0.07;;;;;
Car381009-2026-Pass1-Z1-2MU00693_20260728_214223_000;0.0;5.0;34.0;Testes;0.8;;;;;
Car381009-2026-Pass1-Z1-2MU00693_20260728_214232_000;0.0;1.8;26.0;noise;0.14;;;;;
Car381009-2026-Pass1-Z1-2MU00693_20260728_214232_000;0.0;2.5;22.0;Phanan;0.05;;;;;
Car381009-2026-Pass1-Z1-2MU00693_20260728_214232_000;0.0;2.6;34.0;Testes;0.77;;;;;
Car381009-2026-Pass1-Z1-2MU00693_20260728_214258_000;0.0;0.2;47.0;Leppun;0.18;;;;;
Car381009-2026-Pass1-Z1-2MU00693_20260728_214258_000;0.0;1.1;26.0;Cyrscu;0.07;Phanan, noise;;;;
Car381009-2026-Pass1-Z1-2MU00693_20260728_214311_000;0.7;1.9;22.0;noise;0.05;Phogri, Phanan;;;;
Car381009-2026-Pass1-Z1-2MU00693_20260728_214311_000;0.0;2.3;36.0;Testes;0.91;;;;;
Car381009-2026-Pass1-Z1-2MU00693_20260728_214318_000;1.3;1.5;31.0;Leppun;0.14;;;;;
Car381009-2026-Pass1-Z1-2MU00693_20260728_214318_000;0.0;1.7;22.0;noise;0.36;;;;;
Car381009-2026-Pass1-Z1-2MU00693_20260728_214318_000;0.0;1.7;23.0;Plaint;0.03;Tetvir, Phogri;;;;
Car381009-2026-Pass1-Z1-2MU00693_20260728_214331_000;0.0;2.3;36.0;noise;0.06;Leppun;;;;
Car381009-2026-Pass1-Z1-2MU00693_20260728_214331_000;0.0;1.7;35.0;Rhasp;0.68;;;;;
Car381009-2026-Pass1-Z1-2MU00693_20260728_214334_000;0.0;0.2;38.0;Tetvir;0.03;Yposp, Pipkuh, Phogri, Leppun, Confus;;;;
Car381009-2026-Pass1-Z1-2MU00693_20260728_214334_000;0.1;1.7;27.0;noise;0.11;;;;;
Car381009-2026-Pass1-Z1-2MU00693_20260728_214403_000;0.0;0.9;32.0;Leppun;0.14;;;;;
Car381009-2026-Pass1-Z1-2MU00693_20260728_214403_000;0.8;0.9;21.0;Phanan;0.05;noise, Phogri;;;;
Car381009-2026-Pass1-Z1-2MU00693_20260728_214403_000;1.4;1.8;25.0;Rhasp;0.17;;;;;
Car381009-2026-Pass1-Z1-2MU00693_20260728_214414_000;0.5;2.3;23.0;Phogri;0.04;noise, Tetvir, Plaint;;;;
Car381009-2026-Pass1-Z1-2MU00693_20260728_214414_000;0.0;1.0;37.0;Testes;0.46;;;;;
Car381009-2026-Pass1-Z1-2MU00693_20260728_214547_000;0.0;1.5;22.0;Cyrscu;0.08;noise;;;;
Car381009-2026-Pass1-Z1-2MU00693_20260728_214601_000;0.6;0.9;39.0;noise;0.04;Inssp5, Yposp, Tetvir, Testes, Confus;;;;
Car381009-2026-Pass1-Z1-2MU00693_20260728_214601_000;0.0;1.4;35.0;Leppun;0.91;;;;;
Car381009-2026-Pass1-Z1-2MU00693_20260728_214601_000;0.7;1.8;23.0;Plaint;0.05;Phogri, noise;;;;
Car381009-2026-Pass1-Z1-2MU00693_20260728_214604_000;0.0;1.3;37.0;Leppun;0.2;;;;;
Car381009-2026-Pass1-Z1-2MU00693_20260728_214604_000;0.4;1.9;22.0;noise;0.04;Phogri, Tetvir, Plaint;;;;
Car381009-2026-Pass1-Z1-2MU00693_20260728_214610_000;0.0;2.0;38.0;noise;0.14;;;;;
Car381009-2026-Pass1-Z1-2MU00693_20260728_214614_000;0.0;0.1;32.0;Leppun;0.98;;;;;
Car381009-2026-Pass1-Z1-2MU00693_20260728_214614_000;0.7;2.0;24.0;Plaint;0.06;Phogri, noise;;;;
Car381009-2026-Pass1-Z1-2MU00693_20260728_214619_000;0.0;1.8;25.0;Phogri;0.87;;;;;
Car381009-2026-Pass1-Z1-2MU00693_20260728_214632_000;0.0;1.0;40.0;Leppun;0.98;;;;;
Car381009-2026-Pass1-Z1-2MU00693_20260728_214632_000;1.3;2.1;22.0;Cyrscu;0.16;;;;;
Car381009-2026-Pass1-Z1-2MU00693_20260728_214637_000;0.0;1.6;31.0;Leppun;0.94;;;;;
Car381009-2026-Pass1-Z1-2MU00693_20260728_214637_000;0.1;0.9;24.0;Phogri;0.21;;;;;
Car381009-2026-Pass1-Z1-2MU00693_20260728_214642_000;0.9;1.8;22.0;Cyrscu;0.13;noise;;;;
Car381009-2026-Pass1-Z1-2MU00693_20260728_214642_000;1.5;1.8;29.0;Testes;0.27;;;;;
Car381009-2026-Pass1-Z1-2MU00693_20260728_214647_000;0.0;1.7;33.0;Leppun;0.16;;;;;
Car381009-2026-Pass1-Z1-2MU00693_20260728_214647_000;0.7;1.7;22.0;Phogri;0.04;noise, Tetvir, Cyrscu, Antsp;;;;
Car381009-2026-Pass1-Z1-2MU00693_20260728_214710_000;0.0;1.3;39.0;Antsp;0.12;Testes;;;;
Car381009-2026-Pass1-Z1-2MU00693_20260728_214731_000;0.0;1.1;36.0;Leppun;0.96;;;;;
Car381009-2026-Pass1-Z1-2MU00693_20260728_214731_000;0.6;3.1;22.0;noise;0.06;Phogri;;;;
Car381009-2026-Pass1-Z1-2MU00693_20260728_214731_000;0.9;3.0;26.0;Rhasp;0.82;;;;;
Car381009-2026-Pass1-Z1-2MU00693_20260728_214735_000;0.0;0.1;33.0;Leppun;0.96;;;;;
Car381009-2026-Pass1-Z1-2MU00693_20260728_214735_000;0.0;1.9;23.0;Phogri;0.13;;;;;
Car381009-2026-Pass1-Z1-2MU00693_20260728_214742_000;1.3;1.4;18.0;noise;0.08;;;;;
Car381009-2026-Pass1-Z1-2MU00693_20260728_214742_000;0.0;2.4;28.0;Phogri;0.35;;;;;
Car381009-2026-Pass1-Z1-2MU00693_20260728_214748_000;0.0;1.3;31.0;Confus;0.04;Yposp, Phogri, Tetvir, Metbra;;;;
Car381009-2026-Pass1-Z1-2MU00693_20260728_214748_000;0.0;2.8;22.0;noise;0.07;Phogri, Cyrscu;;;;
Car381009-2026-Pass1-Z1-2MU00693_20260728_214748_000;0.0;2.3;35.0;Testes;0.46;;;;;
Car381009-2026-Pass1-Z1-2MU00693_20260728_214753_000;0.0;1.8;40.0;Yposp;0.02;Tetvir, Pipkuh, Phogri, Yerray, Yerbey, Vesmur, Urosp, Tyllil, Thycor, Tetpyg, Tetarg, Testes, Tadten, Sepsep, Rusnit, Roeroe, Rhihip, Rhifer, Rhieur, Rhasp, Ratnor, Plemac, Pleaus, Pleaur, Plasab, Plaint, Plafal, Plaalb, Plaaff, Pippyg, Pippip, Pipnat, piaf, Phofem, Phanan, Phafal, Nycnoc, Nyclei, Nyclas, Myonat, Myomys, MyoGT, Myoema, Myodau, Myogla, Myocap, Myobec, Myoalc, Mussp, Minsch, Mimasp, Micagr, Metbra, mamm, Leppun, Lepbos, Lepalb, Lamsp., Isopyr, Inssp8, Inssp7, Inssp5, Insp12, Insp11, Insp10, Hypsav, gril, Eupsp, Eptser, Eptnil, Epheph, Decalb, Cyrscu, Cympud, criq, Confus, Tetarg, Barfis, Barbar, Antsp, amph;;;;
Car381009-2026-Pass1-Z1-2MU00693_20260728_214753_000;0.6;2.3;32.0;noise;0.12;;;;;
Car381009-2026-Pass1-Z1-2MU00693_20260728_214756_000;0.0;3.5;26.0;noise;0.39;;;;;
Car381009-2026-Pass1-Z1-2MU00693_20260728_214756_000;0.0;3.1;33.0;Phogri;0.69;;;;;
Car381009-2026-Pass1-Z1-2MU00693_20260728_214812_000;0.0;0.4;41.0;Leppun;0.1;;;;;
Car381009-2026-Pass1-Z1-2MU00693_20260728_214812_000;0.1;2.2;22.0;noise;0.2;;;;;
Car381009-2026-Pass1-Z1-2MU00693_20260728_214812_000;0.1;1.1;24.0;Plaalb;0.05;Isopyr, Phogri;;;;
Car381009-2026-Pass1-Z1-2MU00693_20260728_214818_000;0.0;1.9;38.0;Leppun;0.98;;;;;
Car381009-2026-Pass1-Z1-2MU00693_20260728_214818_000;0.1;3.4;24.0;noise;0.11;Phogri;;;;
Car381009-2026-Pass1-Z1-2MU00693_20260728_214832_000;0.0;1.9;30.0;noise;0.1;;;;;
Car381009-2026-Pass1-Z1-2MU00693_20260728_214832_000;0.2;2.5;23.0;Phogri;0.09;;;;;
Car381009-2026-Pass1-Z1-2MU00693_20260728_214852_000;0.0;0.1;38.0;Leppun;0.95;;;;;
Car381009-2026-Pass1-Z1-2MU00693_20260728_214852_000;1.3;1.4;15.0;noise;0.2;;;;;
Car381009-2026-Pass1-Z1-2MU00693_20260728_214852_000;1.3;1.8;22.0;Plaint;0.05;Phogri;;;;
Car381009-2026-Pass1-Z1-2MU00693_20260728_214854_000;0.0;1.9;21.0;noise;0.18;;;;;
Car381009-2026-Pass1-Z1-2MU00693_20260728_214854_000;0.6;2.0;22.0;Phogri;0.04;Plaint, Tetvir;;;;
Car381009-2026-Pass1-Z1-2MU00693_20260728_214900_000;0.0;1.0;30.0;Leppun;0.92;;;;;
Car381009-2026-Pass1-Z1-2MU00693_20260728_214900_000;0.0;1.5;20.0;noise;0.04;Phogri, Phanan, Cyrscu;;;;
Car381009-2026-Pass1-Z1-2MU00693_20260728_214900_000;1.1;1.9;19.0;Tetvir;0.39;;;;;
Car381009-2026-Pass1-Z1-2MU00693_20260728_214907_000;0.1;1.7;30.0;noise;0.11;;;;;
Car381009-2026-Pass1-Z1-2MU00693_20260728_214907_000;0.1;2.3;32.0;Testes;0.69;;;;;
Car381009-2026-Pass1-Z1-2MU00693_20260728_214910_000;0.0;2.7;33.0;noise;0.13;;;;;
Car381009-2026-Pass1-Z1-2MU00693_20260728_214910_000;0.0;2.6;26.0;Rhasp;0.04;Phogri, Tetvir, Plaint;;;;
Car381009-2026-Pass1-Z1-2MU00693_20260728_214910_000;0.0;2.6;32.0;Testes;0.44;;;;;
Car381009-2026-Pass1-Z1-2MU00693_20260728_214932_000;0.6;3.8;21.0;noise;0.05;Cyrscu;;;;
Car381009-2026-Pass1-Z1-2MU00693_20260728_214932_000;0.0;3.4;34.0;Testes;0.85;;;;;
Car381009-2026-Pass1-Z1-2MU00693_20260728_214938_000;0.0;2.0;36.0;Leppun;0.18;noise;;;;
Car381009-2026-Pass1-Z1-2MU00693_20260728_214938_000;0.0;0.9;22.0;Isopyr;0.1;Phogri;;;;
Car381009-2026-Pass1-Z1-2MU00693_20260728_214949_000;1.5;4.8;16.0;noise;0.17;;;;;
Car381009-2026-Pass1-Z1-2MU00693_20260728_214949_000;1.6;4.8;23.0;Plaint;0.05;Phogri;;;;
Car381009-2026-Pass1-Z1-2MU00693_20260728_214949_000;2.7;5.0;51.0;Rhihip;0.06;;;;;
Car381009-2026-Pass1-Z1-2MU00693_20260728_214949_000;0.0;4.7;33.0;Testes;0.9;;;;;
Car381009-2026-Pass1-Z1-2MU00693_20260728_215001_000;0.0;4.1;36.0;Leppun;0.97;;;;;
Car381009-2026-Pass1-Z1-2MU00693_20260728_215001_000;0.5;3.9;22.0;noise;0.05;Phanan, Cyrscu;;;;
Car381009-2026-Pass1-Z1-2MU00693_20260728_215016_000;0.1;2.9;56.0;noise;0.05;Confus;;;;
Car381009-2026-Pass1-Z1-2MU00693_20260728_215016_000;0.8;4.3;20.0;Phogri;0.03;Phanan, Tetvir, Pippip;;;;
Car381009-2026-Pass1-Z1-2MU00693_20260728_215016_000;0.0;3.0;34.0;Testes;0.82;;;;;
Car381009-2026-Pass1-Z1-2MU00693_20260728_215031_000;0.9;2.0;21.0;Isopyr;0.78;;;;;
Car381009-2026-Pass1-Z1-2MU00693_20260728_215031_000;0.0;1.7;20.0;noise;0.17;;;;;
Car381009-2026-Pass1-Z1-2MU00693_20260728_215031_000;1.6;2.0;34.0;Testes;0.94;;;;;
Car381009-2026-Pass1-Z1-2MU00693_20260728_215039_000;0.0;2.6;27.0;noise;0.08;Phogri;;;;
Car381009-2026-Pass1-Z1-2MU00693_20260728_215039_000;0.0;3.2;34.0;Testes;0.85;;;;;
Car381009-2026-Pass1-Z1-2MU00693_20260728_215055_000;0.0;3.8;35.0;Yposp;0.05;noise, Confus;;;;
Car381009-2026-Pass1-Z1-2MU00693_20260728_215055_000;0.0;3.8;34.0;Leppun;0.91;;;;;
Car381009-2026-Pass1-Z1-2MU00693_20260728_215055_000;1.0;3.3;22.0;Cyrscu;0.05;Rhasp, Phogri;;;;
Car381009-2026-Pass1-Z1-2MU00693_20260728_215100_000;0.0;4.2;27.0;noise;0.1;;;;;
Car381009-2026-Pass1-Z1-2MU00693_20260728_215100_000;0.0;2.7;35.0;Testes;0.89;;;;;
Car381009-2026-Pass1-Z1-2MU00693_20260728_215105_000;0.0;2.0;36.0;Leppun;0.75;;;;;
Car381009-2026-Pass1-Z1-2MU00693_20260728_215105_000;0.3;1.8;21.0;noise;0.15;;;;;
Car381009-2026-Pass1-Z1-2MU00693_20260728_215111_000;0.0;1.6;30.0;Leppun;0.97;;;;;
Car381009-2026-Pass1-Z1-2MU00693_20260728_215111_000;0.8;0.9;22.0;Cyrscu;0.05;noise;;;;
Car381009-2026-Pass1-Z1-2MU00693_20260728_215114_000;0.6;0.9;22.0;noise;0.05;Phanan;;;;
Car381009-2026-Pass1-Z1-2MU00693_20260728_215114_000;0.0;0.7;48.0;Phogri;0.74;;;;;
Car381009-2026-Pass1-Z1-2MU00693_20260728_215135_000;0.0;2.9;33.0;Antsp;0.24;;;;;
Car381009-2026-Pass1-Z1-2MU00693_20260728_215206_000;0.0;3.2;40.0;Leppun;0.92;;;;;
Car381009-2026-Pass1-Z1-2MU00693_20260728_215206_000;0.8;4.0;31.0;noise;0.03;Tetvir, Metbra;;;;
Car381009-2026-Pass1-Z1-2MU00693_20260728_215206_000;0.8;4.0;23.0;Phogri;0.59;;;;;
Car381009-2026-Pass1-Z1-2MU00693_20260728_215217_000;0.0;1.5;36.0;Leppun;0.99;;;;;
Car381009-2026-Pass1-Z1-2MU00693_20260728_215217_000;0.5;1.5;24.0;Phogri;0.81;;;;;
Car381009-2026-Pass1-Z1-2MU00693_20260728_215223_000;0.0;0.1;34.0;Leppun;0.96;;;;;
Car381009-2026-Pass1-Z1-2MU00693_20260728_215223_000;1.0;1.5;24.0;Cyrscu;0.08;noise;;;;
Car381009-2026-Pass1-Z1-2MU00693_20260728_215223_000;1.0;1.5;26.0;Phogri;0.25;;;;;
Car381009-2026-Pass1-Z1-2MU00693_20260728_215243_000;0.0;1.7;37.0;Leppun;0.9;;;;;
Car381009-2026-Pass1-Z1-2MU00693_20260728_215243_000;1.2;2.0;24.0;Phogri;0.11;Rhasp;;;;
Car381009-2026-Pass1-Z1-2MU00693_20260728_215250_000;0.0;1.4;36.0;Leppun;0.97;;;;;
Car381009-2026-Pass1-Z1-2MU00693_20260728_215250_000;0.8;1.7;21.0;noise;0.1;Phogri;;;;
Car381009-2026-Pass1-Z1-2MU00693_20260728_215343_000;0.0;0.9;31.0;Leppun;0.98;;;;;
Car381009-2026-Pass1-Z1-2MU00693_20260728_215343_000;0.3;1.4;24.0;Cyrscu;0.09;;;;;
Car381009-2026-Pass1-Z1-2MU00693_20260728_215351_000;0.1;1.7;30.0;noise;0.1;;;;;
Car381009-2026-Pass1-Z1-2MU00693_20260728_215351_000;0.0;2.2;32.0;Testes;0.14;Yposp, noise;;;;
Car381009-2026-Pass1-Z1-2MU00693_20260728_215403_000;0.0;0.1;36.0;Leppun;0.98;;;;;
Car381009-2026-Pass1-Z1-2MU00693_20260728_215403_000;0.6;1.9;22.0;Plaint;0.04;Phogri, noise, Tetvir, Plaalb;;;;
Car381009-2026-Pass1-Z1-2MU00693_20260728_215408_000;0.0;1.3;31.0;Rhasp;0.27;;;;;
Car381009-2026-Pass1-Z1-2MU00693_20260728_215408_000;0.0;1.3;31.0;Testes;0.41;;;;;
Car381009-2026-Pass1-Z1-2MU00693_20260728_215413_000;0.0;2.0;31.0;noise;0.14;;;;;
Car381009-2026-Pass1-Z1-2MU00693_20260728_215413_000;0.0;1.4;22.0;Phogri;0.56;;;;;
Car381009-2026-Pass1-Z1-2MU00693_20260728_215421_000;0.4;2.2;30.0;Antsp;0.09;noise;;;;
Car381009-2026-Pass1-Z1-2MU00693_20260728_215421_000;0.0;3.4;35.0;Leppun;0.85;;;;;
Car381009-2026-Pass1-Z1-2MU00693_20260728_215421_000;0.0;1.8;17.0;Tetvir;0.22;;;;;
Car381009-2026-Pass1-Z1-2MU00693_20260728_215424_000;0.0;2.3;43.0;Phogri;0.88;;;;;
Car381009-2026-Pass1-Z1-2MU00693_20260728_215429_000;0.0;1.5;32.0;noise;0.09;;;;;
Car381009-2026-Pass1-Z1-2MU00693_20260728_215429_000;0.0;1.3;33.0;Testes;0.1;noise, Yposp, Antsp;;;;
Car381009-2026-Pass1-Z1-2MU00693_20260728_215434_000;0.0;1.9;32.0;Leppun;0.91;;;;;
Car381009-2026-Pass1-Z1-2MU00693_20260728_215434_000;0.4;1.8;28.0;noise;0.08;Isopyr, Tetvir, Phogri;;;;
Car381009-2026-Pass1-Z1-2MU00693_20260728_215443_000;0.0;0.9;44.0;Leppun;0.05;Phogri;;;;
Car381009-2026-Pass1-Z1-2MU00693_20260728_215443_000;0.0;0.8;28.0;noise;0.15;;;;;
Car381009-2026-Pass1-Z1-2MU00693_20260728_215447_000;0.0;1.7;36.0;Leppun;0.97;;;;;
Car381009-2026-Pass1-Z1-2MU00693_20260728_215447_000;1.0;1.7;27.0;Phogri;0.55;;;;;
Car381009-2026-Pass1-Z1-2MU00693_20260728_215457_000;0.0;1.1;33.0;Leppun;0.81;;;;;
Car381009-2026-Pass1-Z1-2MU00693_20260728_215457_000;0.0;2.2;33.0;Phogri;0.97;;;;;
Car381009-2026-Pass1-Z1-2MU00693_20260728_215457_000;0.0;1.1;32.0;Testes;0.19;;;;;
Car381009-2026-Pass1-Z1-2MU00693_20260728_215500_000;0.0;1.9;32.0;Leppun;0.19;;;;;
Car381009-2026-Pass1-Z1-2MU00693_20260728_215500_000;0.0;2.1;29.0;noise;0.09;;;;;
Car381009-2026-Pass1-Z1-2MU00693_20260728_215506_000;0.0;2.1;28.0;Leppun;0.41;;;;;
Car381009-2026-Pass1-Z1-2MU00693_20260728_215506_000;0.5;1.2;25.0;Phogri;0.38;;;;;
Car381009-2026-Pass1-Z1-2MU00693_20260728_215509_000;0.0;1.8;26.0;Phogri;0.77;;;;;
Car381009-2026-Pass1-Z1-2MU00693_20260728_215518_000;0.0;1.9;34.0;Leppun;0.46;;;;;
Car381009-2026-Pass1-Z1-2MU00693_20260728_215518_000;0.4;1.9;32.0;Testes;0.18;;;;;
Car381009-2026-Pass1-Z1-2MU00693_20260728_215527_000;0.0;1.6;30.0;Leppun;0.98;;;;;
Car381009-2026-Pass1-Z1-2MU00693_20260728_215527_000;1.2;1.6;23.0;Plaint;0.03;Phogri, noise, Tetvir;;;;
Car381009-2026-Pass1-Z1-2MU00693_20260728_215535_000;0.0;1.9;36.0;noise;0.39;;;;;
Car381009-2026-Pass1-Z1-2MU00693_20260728_215535_000;0.0;1.9;50.0;Phogri;0.95;;;;;
Car381009-2026-Pass1-Z1-2MU00693_20260728_215538_000;0.0;2.4;33.0;Leppun;0.81;;;;;
Car381009-2026-Pass1-Z1-2MU00693_20260728_215538_000;0.3;2.1;31.0;noise;0.14;;;;;
Car381009-2026-Pass1-Z1-2MU00693_20260728_215543_000;0.0;1.7;35.0;Leppun;0.84;;;;;
Car381009-2026-Pass1-Z1-2MU00693_20260728_215543_000;0.3;2.0;26.0;noise;0.09;;;;;
Car381009-2026-Pass1-Z1-2MU00693_20260728_215543_000;0.2;1.7;32.0;Testes;0.5;;;;;
Car381009-2026-Pass1-Z1-2MU00693_20260728_215549_000;0.0;2.1;34.0;Leppun;0.95;;;;;
Car381009-2026-Pass1-Z1-2MU00693_20260728_215549_000;0.4;1.8;28.0;noise;0.09;;;;;
Car381009-2026-Pass1-Z1-2MU00693_20260728_215557_000;0.0;1.4;41.0;Leppun;0.98;;;;;
Car381009-2026-Pass1-Z1-2MU00693_20260728_215557_000;0.8;1.9;26.0;noise;0.04;Plaint, Phogri, Tetvir;;;;
Car381009-2026-Pass1-Z1-2MU00693_20260728_215602_000;0.0;2.0;34.0;Leppun;0.44;;;;;
Car381009-2026-Pass1-Z1-2MU00693_20260728_215608_000;0.0;0.5;36.0;Leppun;0.81;;;;;
Car381009-2026-Pass1-Z1-2MU00693_20260728_215608_000;0.1;1.2;22.0;noise;0.16;;;;;
Car381009-2026-Pass1-Z1-2MU00693_20260728_215608_000;0.1;0.4;32.0;Testes;0.25;;;;;
Car381009-2026-Pass1-Z1-2MU00693_20260728_215617_000;0.0;3.6;25.0;noise;0.09;;;;;
Car381009-2026-Pass1-Z1-2MU00693_20260728_215617_000;0.0;2.8;47.0;Rhihip;0.71;;;;;
Car381009-2026-Pass1-Z1-2MU00693_20260728_215628_000;0.0;2.0;32.0;Leppun;0.89;;;;;
Car381009-2026-Pass1-Z1-2MU00693_20260728_215628_000;0.4;2.0;32.0;noise;0.07;Testes, Yposp, Antsp;;;;
Car381009-2026-Pass1-Z1-2MU00693_20260728_215631_000;0.0;1.6;33.0;noise;0.12;;;;;
Car381009-2026-Pass1-Z1-2MU00693_20260728_215631_000;0.0;2.0;33.0;Yposp;0.09;Testes, Antsp;;;;
Car381009-2026-Pass1-Z1-2MU00693_20260728_215644_000;0.0;1.8;27.0;Phogri;0.76;;;;;
Car381009-2026-Pass1-Z1-2MU00693_20260728_215644_000;0.1;0.3;43.0;Yerray;0.08;noise;;;;
Car381009-2026-Pass1-Z1-2MU00693_20260728_215724_000;0.0;1.9;28.0;Leppun;0.93;;;;;
Car381009-2026-Pass1-Z1-2MU00693_20260728_215724_000;0.0;0.7;26.0;Phogri;0.28;;;;;
Car381009-2026-Pass1-Z1-2MU00693_20260728_215728_000;0.0;1.0;33.0;Leppun;0.98;;;;;
Car381009-2026-Pass1-Z1-2MU00693_20260728_215728_000;0.0;0.7;26.0;Rhasp;0.19;;;;;
Car381009-2026-Pass1-Z1-2MU00693_20260728_215734_000;0.0;1.8;35.0;Leppun;0.29;;;;;
Car381009-2026-Pass1-Z1-2MU00693_20260728_215734_000;0.3;1.2;24.0;Phogri;0.33;;;;;
Car381009-2026-Pass1-Z1-2MU00693_20260728_215746_000;0.0;1.5;32.0;noise;0.13;;;;;
Car381009-2026-Pass1-Z1-2MU00693_20260728_215746_000;0.0;2.0;23.0;Phogri;0.08;;;;;
Car381009-2026-Pass1-Z1-2MU00693_20260728_215750_000;0.0;2.0;31.0;noise;0.15;;;;;
Car381009-2026-Pass1-Z1-2MU00693_20260728_215750_000;0.0;1.8;32.0;Testes;0.15;;;;;
Car381009-2026-Pass1-Z1-2MU00693_20260728_215756_000;0.0;1.8;34.0;Leppun;0.95;;;;;
Car381009-2026-Pass1-Z1-2MU00693_20260728_215756_000;0.3;1.6;22.0;Phogri;0.05;noise, Cyrscu;;;;
Car381009-2026-Pass1-Z1-2MU00693_20260728_215802_000;0.0;0.9;40.0;Leppun;0.08;noise;;;;
Car381009-2026-Pass1-Z1-2MU00693_20260728_215805_000;0.1;0.4;36.0;Antsp;0.12;;;;;
Car381009-2026-Pass1-Z1-2MU00693_20260728_215805_000;0.0;0.4;30.0;Testes;0.47;;;;;
Car381009-2026-Pass1-Z1-2MU00693_20260728_215809_000;0.0;1.9;28.0;noise;0.13;;;;;
Car381009-2026-Pass1-Z1-2MU00693_20260728_215814_000;0.0;2.0;33.0;Phogri;0.68;;;;;
Car381009-2026-Pass1-Z1-2MU00693_20260728_215814_000;1.2;2.0;32.0;Testes;0.05;noise, Antsp, Yposp, Insp12;;;;
Car381009-2026-Pass1-Z1-2MU00693_20260728_215817_000;0.0;2.0;36.0;Leppun;0.93;;;;;
Car381009-2026-Pass1-Z1-2MU00693_20260728_215817_000;0.0;2.0;32.0;Yposp;0.07;Testes, noise, Antsp, Insp12;;;;
Car381009-2026-Pass1-Z1-2MU00693_20260728_215841_000;1.0;2.0;32.0;noise;0.1;;;;;
Car381009-2026-Pass1-Z1-2MU00693_20260728_215841_000;0.0;2.0;30.0;Phogri;0.79;;;;;
Car381009-2026-Pass1-Z1-2MU00693_20260728_215859_000;0.1;1.7;33.0;noise;0.4;;;;;
Car381009-2026-Pass1-Z1-2MU00693_20260728_215859_000;0.0;1.7;27.0;Phogri;0.88;;;;;
Car381009-2026-Pass1-Z1-2MU00693_20260728_215904_000;0.0;0.3;30.0;noise;0.06;Leppun;;;;
Car381009-2026-Pass1-Z1-2MU00693_20260728_215904_000;0.0;1.7;22.0;Phogri;0.25;;;;;
Car381009-2026-Pass1-Z1-2MU00693_20260728_215908_000;0.3;3.1;32.0;Testes;0.16;Yposp, Antsp;;;;
Car381009-2026-Pass1-Z1-2MU00693_20260728_215908_000;0.0;2.8;22.0;Tetvir;0.16;;;;;
Car381009-2026-Pass1-Z1-2MU00693_20260728_215914_000;0.0;2.2;36.0;Leppun;0.96;;;;;
Car381009-2026-Pass1-Z1-2MU00693_20260728_215914_000;1.1;2.1;22.0;Tetvir;0.17;;;;;
Car381009-2026-Pass1-Z1-2MU00693_20260728_215920_000;0.0;2.1;30.0;Phogri;0.82;;;;;
Car381009-2026-Pass1-Z1-2MU00693_20260728_215930_000;0.0;1.2;29.0;Leppun;0.89;;;;;
Car381009-2026-Pass1-Z1-2MU00693_20260728_215930_000;0.9;2.1;21.0;Phogri;0.04;noise, Cyrscu, Tetvir;;;;
Car381009-2026-Pass1-Z1-2MU00693_20260728_215934_000;0.7;1.9;38.0;noise;0.12;;;;;
Car381009-2026-Pass1-Z1-2MU00693_20260728_215934_000;0.0;2.0;34.0;Testes;0.87;;;;;
Car381009-2026-Pass1-Z1-2MU00693_20260728_215944_000;1.3;3.3;37.0;Leppun;0.97;;;;;
Car381009-2026-Pass1-Z1-2MU00693_20260728_215944_000;0.8;2.4;26.0;noise;0.23;;;;;
Car381009-2026-Pass1-Z1-2MU00693_20260728_215944_000;0.0;3.3;27.0;Phogri;0.97;;;;;
Car381009-2026-Pass1-Z1-2MU00693_20260728_220002_000;0.0;1.2;25.0;Phogri;0.88;;;;;
Car381009-2026-Pass1-Z1-2MU00693_20260728_220002_000;0.9;1.0;40.0;Pipkuh;0.21;;;;;
Car381009-2026-Pass1-Z1-2MU00693_20260728_220006_000;0.0;2.4;45.0;Leppun;0.09;noise;;;;
Car381009-2026-Pass1-Z1-2MU00693_20260728_220006_000;1.6;2.3;30.0;noise;0.07;;;;;
Car381009-2026-Pass1-Z1-2MU00693_20260728_220033_000;0.0;1.8;38.0;noise;0.27;;;;;
Car381009-2026-Pass1-Z1-2MU00693_20260728_220033_000;0.7;1.7;24.0;Phogri;0.04;Plaint, Tetvir;;;;
Car381009-2026-Pass1-Z1-2MU00693_20260728_220052_000;0.1;0.4;36.0;Leppun;0.13;;;;;
Car381009-2026-Pass1-Z1-2MU00693_20260728_220052_000;0.0;1.4;23.0;Phogri;0.16;;;;;
Car381009-2026-Pass1-Z1-2MU00693_20260728_220136_000;0.0;2.0;26.0;noise;0.61;;;;;
Car381009-2026-Pass1-Z1-2MU00693_20260728_220136_000;0.4;0.5;23.0;Cyrscu;0.07;Nyclei;;;;
Car381009-2026-Pass1-Z1-2MU00693_20260728_220158_000;0.0;1.6;33.0;noise;0.06;Phogri;;;;
Car381009-2026-Pass1-Z1-2MU00693_20260728_220158_000;0.0;4.4;34.0;Testes;0.66;;;;;
Car381009-2026-Pass1-Z1-2MU00693_20260728_220203_000;0.5;1.7;43.0;Confus;0.43;;;;;
Car381009-2026-Pass1-Z1-2MU00693_20260728_220203_000;0.0;2.8;39.0;noise;0.27;;;;;
Car381009-2026-Pass1-Z1-2MU00693_20260728_220203_000;0.0;2.9;39.0;Testes;0.33;;;;;
Car381009-2026-Pass1-Z1-2MU00693_20260728_220209_000;0.0;2.1;39.0;Yposp;0.11;;;;;
Car381009-2026-Pass1-Z1-2MU00693_20260728_220209_000;0.0;2.1;21.0;noise;0.25;;;;;
Car381009-2026-Pass1-Z1-2MU00693_20260728_220213_000;0.0;1.9;32.0;noise;0.22;;;;;
Car381009-2026-Pass1-Z1-2MU00693_20260728_220215_000;0.0;3.5;20.0;noise;0.29;;;;;
Car381009-2026-Pass1-Z1-2MU00693_20260728_220215_000;0.0;4.1;33.0;Testes;0.76;;;;;
Car381009-2026-Pass1-Z1-2MU00693_20260728_220224_000;0.3;2.3;33.0;noise;0.11;;;;;
Car381009-2026-Pass1-Z1-2MU00693_20260728_220224_000;0.7;2.4;34.0;Testes;0.44;;;;;
Car381009-2026-Pass1-Z1-2MU00693_20260728_220227_000;0.1;0.6;22.0;noise;0.17;;;;;
Car381009-2026-Pass1-Z1-2MU00693_20260728_220227_000;0.0;1.0;34.0;Testes;0.32;;;;;
Car381009-2026-Pass1-Z1-2MU00693_20260728_220235_000;0.0;1.1;34.0;noise;0.1;;;;;
Car381009-2026-Pass1-Z1-2MU00693_20260728_220235_000;0.0;1.1;33.0;Testes;0.27;;;;;
Car381009-2026-Pass1-Z1-2MU00693_20260728_220244_000;0.0;1.2;41.0;Leppun;0.33;;;;;
Car381009-2026-Pass1-Z1-2MU00693_20260728_220244_000;0.2;2.3;20.0;noise;0.11;;;;;
Car381009-2026-Pass1-Z1-2MU00693_20260728_220244_000;0.0;1.3;35.0;Testes;0.49;;;;;
Car381009-2026-Pass1-Z1-2MU00693_20260728_220253_000;0.3;2.5;28.0;Phogri;0.35;;;;;
Car381009-2026-Pass1-Z1-2MU00693_20260728_220253_000;0.0;1.1;35.0;Testes;0.73;;;;;
Car381009-2026-Pass1-Z1-2MU00693_20260728_220304_000;0.0;2.3;35.0;noise;0.14;;;;;
Car381009-2026-Pass1-Z1-2MU00693_20260728_220304_000;0.1;2.4;32.0;Testes;0.86;;;;;
Car381009-2026-Pass1-Z1-2MU00693_20260728_220309_000;0.0;1.4;34.0;Yposp;0.08;noise;;;;
Car381009-2026-Pass1-Z1-2MU00693_20260728_220309_000;0.1;1.6;28.0;Testes;0.17;;;;;
Car381009-2026-Pass1-Z1-2MU00693_20260728_220330_000;0.0;0.6;33.0;Testes;0.82;;;;;
Car381009-2026-Pass1-Z1-2MU00693_20260728_220349_000;0.0;1.8;36.0;Leppun;0.29;;;;;
Car381009-2026-Pass1-Z1-2MU00693_20260728_220349_000;1.5;1.6;24.0;noise;0.11;;;;;
Car381009-2026-Pass1-Z1-2MU00693_20260728_220407_000;0.0;3.6;35.0;Yposp;0.1;noise, Confus;;;;
Car381009-2026-Pass1-Z1-2MU00693_20260728_220407_000;0.0;3.4;33.0;Testes;0.19;;;;;
Car381009-2026-Pass1-Z1-2MU00693_20260728_220438_000;0.0;1.6;32.0;Leppun;0.58;;;;;
Car381009-2026-Pass1-Z1-2MU00693_20260728_220438_000;0.4;2.1;25.0;Phogri;0.37;;;;;
Car381009-2026-Pass1-Z1-2MU00693_20260728_220443_000;0.6;2.9;35.0;noise;0.08;Phogri;;;;
Car381009-2026-Pass1-Z1-2MU00693_20260728_220443_000;0.0;4.0;34.0;Testes;0.53;;;;;
Car381009-2026-Pass1-Z1-2MU00693_20260728_220502_000;0.8;4.8;27.0;noise;0.13;;;;;
Car381009-2026-Pass1-Z1-2MU00693_20260728_220502_000;0.0;4.7;34.0;Testes;0.82;;;;;
Car381009-2026-Pass1-Z1-2MU00693_20260728_220509_000;1.1;1.2;24.0;noise;0.13;;;;;
Car381009-2026-Pass1-Z1-2MU00693_20260728_220509_000;0.0;1.0;47.0;Phogri;0.88;;;;;
Car381009-2026-Pass1-Z1-2MU00693_20260728_220514_000;1.2;2.0;26.0;Eptser;0.76;;;;;
Car381009-2026-Pass1-Z1-2MU00693_20260728_220514_000;0.0;1.8;33.0;noise;0.07;Leppun;;;;
Car381009-2026-Pass1-Z1-2MU00693_20260728_220514_000;0.6;1.8;37.0;Testes;0.42;;;;;
Car381009-2026-Pass1-Z1-2MU00693_20260728_220522_000;0.2;5.0;26.0;Eptser;0.96;;;;;
Car381009-2026-Pass1-Z1-2MU00693_20260728_220522_000;0.0;4.1;21.0;noise;0.19;;;;;
Car381009-2026-Pass1-Z1-2MU00693_20260728_220522_000;0.0;3.4;34.0;Testes;0.88;;;;;
Car381009-2026-Pass1-Z1-2MU00693_20260728_220542_000;0.4;4.5;31.0;noise;0.09;;;;;
Car381009-2026-Pass1-Z1-2MU00693_20260728_220542_000;0.0;3.5;34.0;Testes;0.83;;;;;
Car381009-2026-Pass1-Z1-2MU00693_20260728_220553_000;0.4;0.5;22.0;noise;0.12;;;;;
Car381009-2026-Pass1-Z1-2MU00693_20260728_220553_000;0.0;2.1;37.0;Phogri;0.49;;;;;
Car381009-2026-Pass1-Z1-2MU00693_20260728_220556_000;0.0;3.3;36.0;noise;0.09;Yposp;;;;
Car381009-2026-Pass1-Z1-2MU00693_20260728_220556_000;0.0;3.2;24.0;Phogri;0.19;;;;;
Car381009-2026-Pass1-Z1-2MU00693_20260728_220556_000;2.2;3.2;29.0;Antsp;0.08;Insp12;;;;
Car381009-2026-Pass1-Z1-2MU00693_20260728_220600_000;0.8;1.8;31.0;noise;0.06;Yposp;;;;
Car381009-2026-Pass1-Z1-2MU00693_20260728_220600_000;0.0;2.1;33.0;Testes;0.88;;;;;
Car381009-2026-Pass1-Z1-2MU00693_20260728_220602_000;0.3;3.2;39.0;Leppun;0.84;;;;;
Car381009-2026-Pass1-Z1-2MU00693_20260728_220602_000;0.0;2.5;35.0;Testes;0.48;;;;;
Car381009-2026-Pass1-Z1-2MU00693_20260728_220621_000;0.3;3.0;36.0;noise;0.07;;;;;
Car381009-2026-Pass1-Z1-2MU00693_20260728_220621_000;0.1;3.3;34.0;Testes;0.7;;;;;
Car381009-2026-Pass1-Z1-2MU00693_20260728_220627_000;1.0;4.3;40.0;Leppun;0.97;;;;;
Car381009-2026-Pass1-Z1-2MU00693_20260728_220627_000;0.0;3.2;25.0;Phogri;0.52;;;;;
Car381009-2026-Pass1-Z1-2MU00693_20260728_220627_000;0.5;3.5;22.0;noise;0.06;Tetvir, Plaint;;;;
Car381009-2026-Pass1-Z1-2MU00693_20260728_220636_000;0.0;1.8;33.0;Leppun;0.58;;;;;
Car381009-2026-Pass1-Z1-2MU00693_20260728_220636_000;0.0;1.9;23.0;noise;0.04;Antsp, Yposp, Tetvir, Rhasp, Phogri;;;;
Car381009-2026-Pass1-Z1-2MU00693_20260728_220640_000;0.2;3.9;37.0;Leppun;0.64;;;;;
Car381009-2026-Pass1-Z1-2MU00693_20260728_220640_000;0.0;2.7;39.0;Phogri;0.64;;;;;
Car381009-2026-Pass1-Z1-2MU00693_20260728_220640_000;0.4;5.0;34.0;Testes;0.85;;;;;
Car381009-2026-Pass1-Z1-2MU00693_20260728_220659_000;0.0;1.5;36.0;Leppun;0.95;;;;;
Car381009-2026-Pass1-Z1-2MU00693_20260728_220659_000;0.2;1.6;23.0;Phogri;0.04;noise, Tetvir, Plaint;;;;
Car381009-2026-Pass1-Z1-2MU00693_20260728_220704_000;0.2;3.6;28.0;noise;0.11;Phogri;;;;
Car381009-2026-Pass1-Z1-2MU00693_20260728_220704_000;3.1;4.1;23.0;Nyclei;0.17;;;;;
Car381009-2026-Pass1-Z1-2MU00693_20260728_220704_000;0.0;2.9;34.0;Testes;0.87;;;;;
Car381009-2026-Pass1-Z1-2MU00693_20260728_220727_000;0.7;4.1;34.0;noise;0.13;;;;;
Car381009-2026-Pass1-Z1-2MU00693_20260728_220727_000;0.0;4.1;33.0;Testes;0.72;;;;;
Car381009-2026-Pass1-Z1-2MU00693_20260728_220734_000;0.0;2.0;33.0;Leppun;0.43;;;;;
Car381009-2026-Pass1-Z1-2MU00693_20260728_220749_000;0.3;3.9;33.0;Leppun;0.5;;;;;
Car381009-2026-Pass1-Z1-2MU00693_20260728_220749_000;0.0;4.1;27.0;noise;0.13;;;;;
Car381009-2026-Pass1-Z1-2MU00693_20260728_220749_000;0.2;3.2;34.0;Testes;0.75;;;;;
Car381009-2026-Pass1-Z1-2MU00693_20260728_220810_000;0.4;3.6;35.0;noise;0.17;;;;;
Car381009-2026-Pass1-Z1-2MU00693_20260728_220810_000;0.0;3.3;34.0;Testes;0.89;;;;;
Car381009-2026-Pass1-Z1-2MU00693_20260728_220821_000;0.0;1.5;33.0;Phogri;0.7;;;;;
Car381009-2026-Pass1-Z1-2MU00693_20260728_220825_000;1.0;1.8;37.0;noise;0.07;Leppun;;;;
Car381009-2026-Pass1-Z1-2MU00693_20260728_220825_000;0.1;1.8;26.0;Phogri;0.46;;;;;
Car381009-2026-Pass1-Z1-2MU00693_20260728_220830_000;0.0;2.9;34.0;Testes;0.86;;;;;
Car381009-2026-Pass1-Z1-2MU00693_20260728_220830_000;0.0;4.2;22.0;Tetvir;0.29;;;;;
Car381009-2026-Pass1-Z1-2MU00693_20260728_220843_000;0.0;2.3;24.0;Phogri;0.06;noise, Antsp;;;;
Car381009-2026-Pass1-Z1-2MU00693_20260728_220849_000;0.0;3.2;36.0;noise;0.06;Yposp;;;;
Car381009-2026-Pass1-Z1-2MU00693_20260728_220849_000;0.0;4.3;34.0;Testes;0.48;;;;;
Car381009-2026-Pass1-Z1-2MU00693_20260728_220856_000;0.7;1.6;27.0;noise;0.18;;;;;
Car381009-2026-Pass1-Z1-2MU00693_20260728_220856_000;0.0;1.3;26.0;Phogri;0.87;;;;;
Car381009-2026-Pass1-Z1-2MU00693_20260728_220909_000;0.4;4.3;30.0;noise;0.08;Phogri;;;;
Car381009-2026-Pass1-Z1-2MU00693_20260728_220909_000;0.0;3.7;34.0;Testes;0.86;;;;;
Car381009-2026-Pass1-Z1-2MU00693_20260728_220934_000;0.8;4.7;24.0;noise;0.16;;;;;
Car381009-2026-Pass1-Z1-2MU00693_20260728_220934_000;0.0;4.0;34.0;Testes;0.8;;;;;
Car381009-2026-Pass1-Z1-2MU00693_20260728_220943_000;0.1;4.7;25.0;noise;0.13;;;;;
Car381009-2026-Pass1-Z1-2MU00693_20260728_220943_000;0.0;2.9;23.0;Phogri;0.07;;;;;
Car381009-2026-Pass1-Z1-2MU00693_20260728_220950_000;0.0;4.3;26.0;noise;0.11;Phogri;;;;
Car381009-2026-Pass1-Z1-2MU00693_20260728_220956_000;0.8;5.0;32.0;Eptser;0.96;;;;;
Car381009-2026-Pass1-Z1-2MU00693_20260728_220956_000;0.1;4.5;31.0;noise;0.11;;;;;
Car381009-2026-Pass1-Z1-2MU00693_20260728_220956_000;0.2;4.9;33.0;Testes;0.91;;;;;
Car381009-2026-Pass1-Z1-2MU00693_20260728_221014_000;0.0;1.6;25.0;noise;0.17;;;;;
Car381009-2026-Pass1-Z1-2MU00693_20260728_221021_000;0.3;3.3;35.0;Plaalb;0.05;noise;;;;
Car381009-2026-Pass1-Z1-2MU00693_20260728_221021_000;0.4;4.9;26.0;Phogri;0.53;;;;;
Car381009-2026-Pass1-Z1-2MU00693_20260728_221021_000;0.0;4.9;34.0;Testes;0.72;;;;;
Car381009-2026-Pass1-Z1-2MU00693_20260728_221030_000;0.0;2.0;27.0;Leppun;0.96;;;;;
Car381009-2026-Pass1-Z1-2MU00693_20260728_221030_000;0.3;2.1;16.0;noise;0.05;Phogri, Phanan;;;;
Car381009-2026-Pass1-Z1-2MU00693_20260728_221032_000;0.0;1.6;29.0;Leppun;0.9;;;;;
Car381009-2026-Pass1-Z1-2MU00693_20260728_221032_000;0.1;2.7;24.0;Phogri;0.13;Antsp;;;;
Car381009-2026-Pass1-Z1-2MU00693_20260728_221036_000;0.0;3.9;34.0;Leppun;0.85;;;;;
Car381009-2026-Pass1-Z1-2MU00693_20260728_221036_000;0.1;3.9;22.0;Phogri;0.37;;;;;
Car381009-2026-Pass1-Z1-2MU00693_20260728_221043_000;0.4;3.2;27.0;noise;0.06;Phogri, Tetvir, Antsp;;;;
Car381009-2026-Pass1-Z1-2MU00693_20260728_221043_000;0.0;2.4;34.0;Testes;0.73;;;;;
Car381009-2026-Pass1-Z1-2MU00693_20260728_221047_000;0.0;1.6;26.0;noise;0.09;;;;;
Car381009-2026-Pass1-Z1-2MU00693_20260728_221047_000;0.0;1.2;34.0;Testes;0.74;;;;;
Car381009-2026-Pass1-Z1-2MU00693_20260728_221051_000;0.0;0.7;36.0;Phogri;0.1;noise, Leppun;;;;
Car381009-2026-Pass1-Z1-2MU00693_20260728_221051_000;0.0;2.0;22.0;Rhasp;0.11;;;;;
Car381009-2026-Pass1-Z1-2MU00693_20260728_221054_000;0.4;1.7;38.0;noise;0.24;;;;;
Car381009-2026-Pass1-Z1-2MU00693_20260728_221054_000;0.0;1.8;23.0;Phogri;0.59;;;;;
Car381009-2026-Pass1-Z1-2MU00693_20260728_221057_000;0.0;1.8;25.0;noise;0.2;;;;;
Car381009-2026-Pass1-Z1-2MU00693_20260728_221057_000;0.0;1.3;23.0;Phogri;0.81;;;;;
Car381009-2026-Pass1-Z1-2MU00693_20260728_221100_000;0.0;1.7;24.0;noise;0.05;Phogri;;;;
Car381009-2026-Pass1-Z1-2MU00693_20260728_221105_000;0.8;4.8;21.0;Phanan;0.04;noise, Rhasp, Tetvir, Pippip, Phogri, Cyrscu;;;;
Car381009-2026-Pass1-Z1-2MU00693_20260728_221105_000;0.0;4.1;34.0;Testes;0.85;;;;;
Car381009-2026-Pass1-Z1-2MU00693_20260728_221125_000;0.0;1.5;23.0;Phogri;0.27;;;;;
Car381009-2026-Pass1-Z1-2MU00693_20260728_221125_000;0.3;2.1;32.0;Testes;0.48;;;;;
Car381009-2026-Pass1-Z1-2MU00693_20260728_221127_000;0.0;4.6;23.0;Antsp;0.04;Tetvir, Phogri;;;;
Car381009-2026-Pass1-Z1-2MU00693_20260728_221127_000;0.0;3.8;30.0;noise;0.18;;;;;
Car381009-2026-Pass1-Z1-2MU00693_20260728_221127_000;0.0;4.1;34.0;Testes;0.86;;;;;
Car381009-2026-Pass1-Z1-2MU00693_20260728_221147_000;0.0;2.5;24.0;Nyclei;0.99;;;;;
Car381009-2026-Pass1-Z1-2MU00693_20260728_221147_000;0.0;2.5;23.0;Phogri;0.07;noise;;;;
Car381009-2026-Pass1-Z1-2MU00693_20260728_221147_000;1.4;2.7;32.0;Testes;0.46;;;;;
Car381009-2026-Pass1-Z1-2MU00693_20260728_221151_000;0.0;4.4;26.0;noise;0.09;;;;;
Car381009-2026-Pass1-Z1-2MU00693_20260728_221151_000;0.0;3.2;33.0;Testes;0.77;;;;;
Car381009-2026-Pass1-Z1-2MU00693_20260728_221158_000;0.3;1.6;24.0;noise;0.05;Phogri, Antsp;;;;
Car381009-2026-Pass1-Z1-2MU00693_20260728_221158_000;0.1;1.5;16.0;Phanan;0.15;;;;;
Car381009-2026-Pass1-Z1-2MU00693_20260728_221213_000;0.0;5.0;27.0;noise;0.16;;;;;
Car381009-2026-Pass1-Z1-2MU00693_20260728_221213_000;0.0;4.3;33.0;Testes;0.91;;;;;
Car381009-2026-Pass1-Z1-2MU00693_20260728_221221_000;0.0;2.5;30.0;noise;0.11;;;;;
Car381009-2026-Pass1-Z1-2MU00693_20260728_221221_000;0.0;3.4;23.0;Phogri;0.14;;;;;
Car381009-2026-Pass1-Z1-2MU00693_20260728_221225_000;0.0;2.0;38.0;Lamsp.;0.97;;;;;
Car381009-2026-Pass1-Z1-2MU00693_20260728_221225_000;0.0;1.7;22.0;noise;0.09;Phogri;;;;
Car381009-2026-Pass1-Z1-2MU00693_20260728_221235_000;0.0;3.2;34.0;Yposp;0.02;Tetvir, Phogri, Metbra, Confus, Yerray, Yerbey, Vesmur, Urosp, Tyllil, Thycor, Tetpyg, Tetarg, Tadten, Sepsep, Rusnit, Roeroe, Rhihip, Rhifer, Rhieur, Rhasp, Ratnor, Plemac, Pleaus, Pleaur, Plasab, Plaint, Plafal, Plaalb, Plaaff, Pippyg, Pippip, Pipnat, Pipkuh, piaf, Phofem, Phanan, Phafal, Nycnoc, Nyclei, Nyclas, Myonat, Myomys, MyoGT, Myoema, Myodau, Myogla, Myocap, Myobec, Myoalc, Mussp, Minsch, Mimasp, Micagr, mamm, Leppun, Lepbos, Lepalb, Lamsp., Isopyr, Inssp8, Inssp7, Inssp5, Insp12, Insp11, Insp10, Hypsav, gril, Eupsp, Eptser, Eptnil, Epheph, Decalb, Cyrscu, Cympud, criq, Tetarg, Barfis, Barbar, Antsp, amph;;;;
Car381009-2026-Pass1-Z1-2MU00693_20260728_221235_000;1.1;3.5;23.0;noise;0.09;;;;;
Car381009-2026-Pass1-Z1-2MU00693_20260728_221235_000;0.1;3.1;34.0;Testes;0.45;;;;;
Car381009-2026-Pass1-Z1-2MU00693_20260728_221303_000;0.4;2.9;32.0;noise;0.07;Isopyr;;;;
Car381009-2026-Pass1-Z1-2MU00693_20260728_221303_000;0.0;2.9;34.0;Testes;0.75;;;;;
Car381009-2026-Pass1-Z1-2MU00693_20260728_221323_000;0.1;4.3;35.0;noise;0.08;;;;;
Car381009-2026-Pass1-Z1-2MU00693_20260728_221323_000;0.0;4.3;34.0;Testes;0.32;;;;;
Car381009-2026-Pass1-Z1-2MU00693_20260728_221345_000;0.1;5.0;23.0;noise;0.06;Rhasp, Phogri;;;;
Car381009-2026-Pass1-Z1-2MU00693_20260728_221345_000;0.0;4.1;34.0;Testes;0.91;;;;;
Car381009-2026-Pass1-Z1-2MU00693_20260728_221352_000;0.2;2.0;24.0;Nyclei;0.16;;;;;
Car381009-2026-Pass1-Z1-2MU00693_20260728_221352_000;0.2;2.0;24.0;Cyrscu;0.09;noise;;;;
Car381009-2026-Pass1-Z1-2MU00693_20260728_221352_000;0.2;1.5;27.0;Rhasp;0.46;;;;;
Car381009-2026-Pass1-Z1-2MU00693_20260728_221402_000;0.0;3.8;32.0;Leppun;0.87;;;;;
Car381009-2026-Pass1-Z1-2MU00693_20260728_221402_000;0.4;3.8;24.0;Phogri;0.1;;;;;
Car381009-2026-Pass1-Z1-2MU00693_20260728_221409_000;0.0;4.7;24.0;noise;0.04;Phogri, Tetvir, Rhasp, Plaint;;;;
Car381009-2026-Pass1-Z1-2MU00693_20260728_221409_000;0.0;4.6;34.0;Testes;0.86;;;;;
Car381009-2026-Pass1-Z1-2MU00693_20260728_221414_000;0.9;3.0;41.0;Leppun;0.48;;;;;
Car381009-2026-Pass1-Z1-2MU00693_20260728_221414_000;0.4;3.0;23.0;noise;0.06;Phogri, Rhasp;;;;
Car381009-2026-Pass1-Z1-2MU00693_20260728_221421_000;0.0;1.4;29.0;Leppun;0.95;;;;;
Car381009-2026-Pass1-Z1-2MU00693_20260728_221421_000;0.7;1.7;24.0;noise;0.15;;;;;
Car381009-2026-Pass1-Z1-2MU00693_20260728_221431_000;0.4;2.7;36.0;noise;0.06;Yposp;;;;
Car381009-2026-Pass1-Z1-2MU00693_20260728_221431_000;0.5;4.5;22.0;Phogri;0.03;Cyrscu, Tetvir, Plaint;;;;
Car381009-2026-Pass1-Z1-2MU00693_20260728_221431_000;0.0;4.0;34.0;Testes;0.66;;;;;
Car381009-2026-Pass1-Z1-2MU00693_20260728_221449_000;0.0;1.6;40.0;Leppun;0.91;;;;;
Car381009-2026-Pass1-Z1-2MU00693_20260728_221449_000;0.3;2.0;22.0;noise;0.1;;;;;
Car381009-2026-Pass1-Z1-2MU00693_20260728_221449_000;0.3;1.6;24.0;Phogri;0.16;;;;;
Car381009-2026-Pass1-Z1-2MU00693_20260728_221453_000;0.0;5.0;25.0;noise;0.09;;;;;
Car381009-2026-Pass1-Z1-2MU00693_20260728_221453_000;0.0;5.0;33.0;Testes;0.85;;;;;
Car381009-2026-Pass1-Z1-2MU00693_20260728_221500_000;0.0;1.7;45.0;Leppun;0.94;;;;;
Car381009-2026-Pass1-Z1-2MU00693_20260728_221500_000;0.1;1.7;24.0;Phogri;0.06;noise;;;;
Car381009-2026-Pass1-Z1-2MU00693_20260728_221513_000;0.0;2.1;34.0;Leppun;0.54;;;;;
Car381009-2026-Pass1-Z1-2MU00693_20260728_221513_000;0.1;1.9;23.0;Phogri;0.48;;;;;
Car381009-2026-Pass1-Z1-2MU00693_20260728_221513_000;1.7;2.0;30.0;Testes;0.16;;;;;
Car381009-2026-Pass1-Z1-2MU00693_20260728_221516_000;0.0;4.9;36.0;noise;0.26;;;;;
Car381009-2026-Pass1-Z1-2MU00693_20260728_221516_000;0.0;4.8;23.0;Phogri;0.04;Plaint, Tetvir, Plaalb;;;;
Car381009-2026-Pass1-Z1-2MU00693_20260728_221516_000;0.0;3.6;33.0;Testes;0.78;;;;;
Car381009-2026-Pass1-Z1-2MU00693_20260728_221546_000;0.5;4.8;28.0;noise;0.11;;;;;
Car381009-2026-Pass1-Z1-2MU00693_20260728_221546_000;0.0;3.7;33.0;Testes;0.73;;;;;
Car381009-2026-Pass1-Z1-2MU00693_20260728_221555_000;0.0;1.5;24.0;noise;0.05;;;;;
Car381009-2026-Pass1-Z1-2MU00693_20260728_221555_000;0.0;1.5;34.0;Phogri;0.33;;;;;
Car381009-2026-Pass1-Z1-2MU00693_20260728_221608_000;0.0;2.1;33.0;Leppun;0.93;;;;;
Car381009-2026-Pass1-Z1-2MU00693_20260728_221608_000;0.1;2.1;33.0;Testes;0.59;;;;;
Car381009-2026-Pass1-Z1-2MU00693_20260728_221610_000;0.0;2.0;34.0;noise;0.06;Phogri;;;;
Car381009-2026-Pass1-Z1-2MU00693_20260728_221610_000;0.1;2.0;34.0;Testes;0.85;;;;;
Car381009-2026-Pass1-Z1-2MU00693_20260728_221614_000;0.0;0.2;50.0;Leppun;0.95;;;;;
Car381009-2026-Pass1-Z1-2MU00693_20260728_221614_000;0.1;2.0;26.0;Phogri;0.05;Plaint, noise;;;;
Car381009-2026-Pass1-Z1-2MU00693_20260728_221617_000;0.5;3.8;36.0;Phogri;0.22;;;;;
Car381009-2026-Pass1-Z1-2MU00693_20260728_221617_000;0.0;4.6;38.0;Testes;0.49;;;;;
Car381009-2026-Pass1-Z1-2MU00693_20260728_221623_000;0.0;0.3;34.0;Leppun;0.14;;;;;
Car381009-2026-Pass1-Z1-2MU00693_20260728_221623_000;0.2;1.8;22.0;noise;0.13;;;;;
Car381009-2026-Pass1-Z1-2MU00693_20260728_221623_000;0.0;2.0;39.0;Testes;0.77;;;;;
Car381009-2026-Pass1-Z1-2MU00693_20260728_221625_000;0.1;2.7;43.0;noise;0.08;;;;;
Car381009-2026-Pass1-Z1-2MU00693_20260728_221625_000;0.0;2.7;40.0;Testes;0.78;;;;;
Car381009-2026-Pass1-Z1-2MU00693_20260728_221633_000;0.2;5.0;21.0;noise;0.07;;;;;
Car381009-2026-Pass1-Z1-2MU00693_20260728_221633_000;0.0;4.1;34.0;Testes;0.87;;;;;
Car381009-2026-Pass1-Z1-2MU00693_20260728_221642_000;0.0;0.1;55.0;Leppun;0.97;;;;;
Car381009-2026-Pass1-Z1-2MU00693_20260728_221642_000;0.4;2.0;24.0;Phogri;0.05;noise, Plaint;;;;
Car381009-2026-Pass1-Z1-2MU00693_20260728_221647_000;0.0;2.5;37.0;Leppun;0.8;;;;;
Car381009-2026-Pass1-Z1-2MU00693_20260728_221647_000;0.7;3.0;22.0;noise;0.05;Phogri;;;;
Car381009-2026-Pass1-Z1-2MU00693_20260728_221647_000;0.0;2.4;41.0;Testes;0.71;;;;;
Car381009-2026-Pass1-Z1-2MU00693_20260728_221655_000;0.1;2.0;29.0;noise;0.17;;;;;
Car381009-2026-Pass1-Z1-2MU00693_20260728_221655_000;0.5;2.3;23.0;Phogri;0.06;;;;;
Car381009-2026-Pass1-Z1-2MU00693_20260728_221657_000;1.6;2.1;42.0;Yposp;0.17;;;;;
Car381009-2026-Pass1-Z1-2MU00693_20260728_221657_000;0.0;2.0;43.0;Leppun;0.94;;;;;
Car381009-2026-Pass1-Z1-2MU00693_20260728_221657_000;0.9;1.7;23.0;noise;0.34;;;;;
Car381009-2026-Pass1-Z1-2MU00693_20260728_221659_000;0.2;4.7;26.0;noise;0.12;;;;;
Car381009-2026-Pass1-Z1-2MU00693_20260728_221659_000;0.0;4.5;35.0;Testes;0.79;;;;;
Car381009-2026-Pass1-Z1-2MU00693_20260728_221707_000;0.0;1.7;46.0;Leppun;0.98;;;;;
Car381009-2026-Pass1-Z1-2MU00693_20260728_221707_000;0.8;2.0;25.0;Phogri;0.04;noise, Tetvir, Rhasp, Plaint;;;;
Car381009-2026-Pass1-Z1-2MU00693_20260728_221711_000;0.0;0.8;35.0;Leppun;0.99;;;;;
Car381009-2026-Pass1-Z1-2MU00693_20260728_221711_000;0.5;2.0;24.0;Phogri;0.06;Plaint, noise;;;;
Car381009-2026-Pass1-Z1-2MU00693_20260728_221718_000;0.0;2.0;34.0;Leppun;0.95;;;;;
Car381009-2026-Pass1-Z1-2MU00693_20260728_221718_000;0.3;2.5;22.0;Isopyr;0.1;;;;;
Car381009-2026-Pass1-Z1-2MU00693_20260728_221718_000;0.3;0.6;27.0;Phogri;0.32;;;;;
Car381009-2026-Pass1-Z1-2MU00693_20260728_221721_000;0.0;1.9;37.0;Leppun;0.09;noise;;;;
Car381009-2026-Pass1-Z1-2MU00693_20260728_221721_000;0.0;1.9;22.0;Rhasp;0.06;Phogri, noise;;;;
Car381009-2026-Pass1-Z1-2MU00693_20260728_221726_000;0.0;1.7;32.0;Leppun;0.98;;;;;
Car381009-2026-Pass1-Z1-2MU00693_20260728_221726_000;0.1;0.3;32.0;Phogri;0.35;;;;;
Car381009-2026-Pass1-Z1-2MU00693_20260728_221733_000;0.6;4.3;22.0;noise;0.15;;;;;
Car381009-2026-Pass1-Z1-2MU00693_20260728_221733_000;0.0;4.2;35.0;Testes;0.81;;;;;
Car381009-2026-Pass1-Z1-2MU00693_20260728_221743_000;0.0;0.9;38.0;Yposp;0.13;;;;;
Car381009-2026-Pass1-Z1-2MU00693_20260728_221743_000;0.2;1.2;26.0;noise;0.2;;;;;
Car381009-2026-Pass1-Z1-2MU00693_20260728_221752_000;0.0;4.6;25.0;noise;0.12;;;;;
Car381009-2026-Pass1-Z1-2MU00693_20260728_221752_000;1.0;2.4;38.0;Testes;0.75;;;;;
Car381009-2026-Pass1-Z1-2MU00693_20260728_221759_000;0.0;1.9;37.0;noise;0.18;;;;;
Car381009-2026-Pass1-Z1-2MU00693_20260728_221759_000;0.0;1.9;24.0;Phogri;0.06;Plaint;;;;
Car381009-2026-Pass1-Z1-2MU00693_20260728_221803_000;0.0;3.9;24.0;noise;0.14;;;;;
Car381009-2026-Pass1-Z1-2MU00693_20260728_221803_000;0.0;1.4;23.0;Cyrscu;0.1;;;;;
Car381009-2026-Pass1-Z1-2MU00693_20260728_221810_000;0.0;1.3;41.0;Phogri;0.44;;;;;
Car381009-2026-Pass1-Z1-2MU00693_20260728_221814_000;0.1;2.1;25.0;noise;0.23;;;;;
Car381009-2026-Pass1-Z1-2MU00693_20260728_221814_000;2.2;2.3;23.0;Nyclei;0.08;Cyrscu;;;;
Car381009-2026-Pass1-Z1-2MU00693_20260728_221814_000;0.0;0.9;38.0;Testes;0.71;;;;;
Car381009-2026-Pass1-Z1-2MU00693_20260728_221838_000;0.0;1.9;38.0;Yposp;0.08;noise;;;;
Car381009-2026-Pass1-Z1-2MU00693_20260728_221838_000;0.2;2.8;39.0;Leppun;0.97;;;;;
Car381009-2026-Pass1-Z1-2MU00693_20260728_221838_000;0.7;3.8;25.0;Rhasp;0.04;Phogri, noise, Tetvir, Plaint;;;;
Car381009-2026-Pass1-Z1-2MU00693_20260728_221845_000;0.0;2.0;37.0;Leppun;0.14;;;;;
Car381009-2026-Pass1-Z1-2MU00693_20260728_221845_000;0.0;1.8;23.0;noise;0.07;Plaint;;;;
Car381009-2026-Pass1-Z1-2MU00693_20260728_221855_000;0.0;2.5;37.0;Yposp;0.03;Tetvir, Pipkuh, Phogri, Antsp;;;;
Car381009-2026-Pass1-Z1-2MU00693_20260728_221855_000;0.0;2.4;37.0;noise;0.12;;;;;
Car381009-2026-Pass1-Z1-2MU00693_20260728_221855_000;0.4;3.1;24.0;Phogri;0.04;Plaint, Tetvir;;;;
Car381009-2026-Pass1-Z1-2MU00693_20260728_221911_000;0.0;4.5;45.0;Leppun;0.25;;;;;
Car381009-2026-Pass1-Z1-2MU00693_20260728_221911_000;0.0;4.7;26.0;noise;0.13;;;;;
Car381009-2026-Pass1-Z1-2MU00693_20260728_221911_000;0.0;3.3;38.0;Testes;0.73;;;;;
Car381009-2026-Pass1-Z1-2MU00693_20260728_221930_000;0.0;2.0;38.0;Yposp;0.07;Phogri, Leppun;;;;
Car381009-2026-Pass1-Z1-2MU00693_20260728_221930_000;0.0;2.2;27.0;noise;0.1;;;;;
Car381009-2026-Pass1-Z1-2MU00693_20260728_221937_000;0.0;1.7;31.0;Leppun;0.97;;;;;
Car381009-2026-Pass1-Z1-2MU00693_20260728_221937_000;0.3;1.7;22.0;noise;0.08;Phogri;;;;
Car381009-2026-Pass1-Z1-2MU00693_20260728_221944_000;0.0;2.0;39.0;Leppun;0.94;;;;;
Car381009-2026-Pass1-Z1-2MU00693_20260728_221944_000;0.0;2.0;26.0;noise;0.07;;;;;
Car381009-2026-Pass1-Z1-2MU00693_20260728_221947_000;0.0;1.5;39.0;Yposp;0.09;noise;;;;
Car381009-2026-Pass1-Z1-2MU00693_20260728_221953_000;0.0;2.0;39.0;Leppun;0.91;;;;;
Car381009-2026-Pass1-Z1-2MU00693_20260728_221953_000;1.4;1.9;43.0;Pippip;0.89;;;;;
Car381009-2026-Pass1-Z1-2MU00693_20260728_221953_000;0.3;1.7;23.0;Phogri;0.05;noise, Plaint;;;;
Car381009-2026-Pass1-Z1-2MU00693_20260728_221959_000;0.1;2.0;22.0;noise;0.12;;;;;
Car381009-2026-Pass1-Z1-2MU00693_20260728_221959_000;0.0;1.7;43.0;Pippip;0.82;;;;;
Car381009-2026-Pass1-Z1-2MU00693_20260728_222003_000;0.2;2.0;37.0;Yposp;0.1;noise;;;;
Car381009-2026-Pass1-Z1-2MU00693_20260728_222003_000;0.0;2.0;35.0;Leppun;0.56;;;;;
Car381009-2026-Pass1-Z1-2MU00693_20260728_222005_000;0.0;2.0;39.0;noise;0.1;Yposp;;;;
Car381009-2026-Pass1-Z1-2MU00693_20260728_222005_000;1.2;2.8;51.0;Myoalc;0.05;Pippip, Phogri;;;;
Car381009-2026-Pass1-Z1-2MU00693_20260728_222014_000;0.0;1.2;38.0;Leppun;0.94;;;;;
Car381009-2026-Pass1-Z1-2MU00693_20260728_222014_000;0.3;1.2;23.0;Phogri;0.5;;;;;
Car381009-2026-Pass1-Z1-2MU00693_20260728_222018_000;0.0;1.9;38.0;Leppun;0.87;;;;;
Car381009-2026-Pass1-Z1-2MU00693_20260728_222022_000;0.0;1.9;34.0;Leppun;0.92;;;;;
Car381009-2026-Pass1-Z1-2MU00693_20260728_222022_000;0.8;2.0;23.0;Phogri;0.29;;;;;
Car381009-2026-Pass1-Z1-2MU00693_20260728_222028_000;0.0;0.9;32.0;Leppun;0.96;;;;;
Car381009-2026-Pass1-Z1-2MU00693_20260728_222028_000;0.3;1.4;24.0;noise;0.1;Phogri;;;;
Car381009-2026-Pass1-Z1-2MU00693_20260728_222035_000;0.0;1.8;31.0;Leppun;0.98;;;;;
Car381009-2026-Pass1-Z1-2MU00693_20260728_222035_000;0.6;1.7;26.0;Phogri;0.43;;;;;
Car381009-2026-Pass1-Z1-2MU00693_20260728_222040_000;0.0;3.4;38.0;Yposp;0.08;noise, Phogri;;;;
Car381009-2026-Pass1-Z1-2MU00693_20260728_222040_000;0.2;3.3;46.0;noise;0.06;Leppun;;;;
Car381009-2026-Pass1-Z1-2MU00693_20260728_222045_000;0.0;1.7;39.0;Leppun;0.99;;;;;
Car381009-2026-Pass1-Z1-2MU00693_20260728_222045_000;1.5;1.6;23.0;noise;0.62;;;;;
Car381009-2026-Pass1-Z1-2MU00693_20260728_222054_000;0.0;1.6;39.0;Leppun;0.95;;;;;
Car381009-2026-Pass1-Z1-2MU00693_20260728_222054_000;0.0;2.0;22.0;Cyrscu;0.16;;;;;
Car381009-2026-Pass1-Z1-2MU00693_20260728_222059_000;0.0;3.6;32.0;noise;0.05;Phogri;;;;
Car381009-2026-Pass1-Z1-2MU00693_20260728_222059_000;0.0;2.1;39.0;Testes;0.55;;;;;
Car381009-2026-Pass1-Z1-2MU00693_20260728_222115_000;0.0;2.9;39.0;noise;0.06;Phogri, Pippip;;;;
Car381009-2026-Pass1-Z1-2MU00693_20260728_222115_000;0.0;1.7;39.0;Testes;0.17;;;;;
Car381009-2026-Pass1-Z1-2MU00693_20260728_222132_000;0.0;1.7;38.0;Yposp;0.08;noise;;;;
Car381009-2026-Pass1-Z1-2MU00693_20260728_222139_000;0.0;0.9;34.0;Leppun;0.97;;;;;
Car381009-2026-Pass1-Z1-2MU00693_20260728_222139_000;0.0;1.4;23.0;Phogri;0.04;noise, Tetvir, Plaint;;;;
Car381009-2026-Pass1-Z1-2MU00693_20260728_222146_000;0.0;3.3;33.0;noise;0.22;;;;;
Car381009-2026-Pass1-Z1-2MU00693_20260728_222146_000;0.0;3.4;39.0;Testes;0.62;;;;;
Car381009-2026-Pass1-Z1-2MU00693_20260728_222155_000;0.0;2.4;36.0;Phogri;0.18;;;;;
Car381009-2026-Pass1-Z1-2MU00693_20260728_222155_000;2.4;2.5;25.0;Rhasp;0.37;;;;;
Car381009-2026-Pass1-Z1-2MU00693_20260728_222203_000;0.0;2.8;37.0;Yposp;0.15;noise;;;;
Car381009-2026-Pass1-Z1-2MU00693_20260728_222203_000;3.1;3.2;33.0;Leppun;0.18;;;;;
Car381009-2026-Pass1-Z1-2MU00693_20260728_222217_000;0.0;2.0;37.0;Leppun;0.25;;;;;
Car381009-2026-Pass1-Z1-2MU00693_20260728_222217_000;0.1;0.6;35.0;Pleaus;0.05;noise, Pleaur;;;;
Car381009-2026-Pass1-Z1-2MU00693_20260728_222220_000;0.0;2.2;38.0;Yposp;0.07;noise, Confus;;;;
Car381009-2026-Pass1-Z1-2MU00693_20260728_222220_000;0.5;0.8;41.0;Testes;0.25;;;;;
Car381009-2026-Pass1-Z1-2MU00693_20260728_222227_000;0.0;0.4;37.0;Leppun;0.95;;;;;
Car381009-2026-Pass1-Z1-2MU00693_20260728_222227_000;0.1;1.3;22.0;noise;0.04;Tetvir, Plaint, Phogri, Cyrscu;;;;
Car381009-2026-Pass1-Z1-2MU00693_20260728_222237_000;0.0;1.9;37.0;Leppun;0.24;;;;;
Car381009-2026-Pass1-Z1-2MU00693_20260728_222237_000;0.0;2.0;26.0;noise;0.08;Phogri;;;;
Car381009-2026-Pass1-Z1-2MU00693_20260728_222239_000;0.0;3.2;34.0;noise;0.1;;;;;
Car381009-2026-Pass1-Z1-2MU00693_20260728_222239_000;0.0;2.4;38.0;Testes;0.24;;;;;
Car381009-2026-Pass1-Z1-2MU00693_20260728_222252_000;0.0;2.1;38.0;Leppun;0.27;;;;;
Car381009-2026-Pass1-Z1-2MU00693_20260728_222252_000;0.0;1.9;26.0;noise;0.07;Phogri;;;;
Car381009-2026-Pass1-Z1-2MU00693_20260728_222255_000;0.0;2.7;35.0;noise;0.08;Pipkuh;;;;
Car381009-2026-Pass1-Z1-2MU00693_20260728_222255_000;0.0;2.6;39.0;Testes;0.59;;;;;
Car381009-2026-Pass1-Z1-2MU00693_20260728_222312_000;0.0;3.1;38.0;Yposp;0.1;noise;;;;
Car381009-2026-Pass1-Z1-2MU00693_20260728_222312_000;0.0;2.8;40.0;noise;0.05;Antsp;;;;
Car381009-2026-Pass1-Z1-2MU00693_20260728_222330_000;0.0;2.2;39.0;Yposp;0.08;noise, Confus;;;;
Car381009-2026-Pass1-Z1-2MU00693_20260728_222330_000;0.0;3.8;38.0;Leppun;0.78;;;;;
Car381009-2026-Pass1-Z1-2MU00693_20260728_222330_000;0.4;0.5;33.0;Myonat;0.15;;;;;
Car381009-2026-Pass1-Z1-2MU00693_20260728_222334_000;0.0;1.5;36.0;Leppun;0.37;;;;;
Car381009-2026-Pass1-Z1-2MU00693_20260728_222337_000;0.0;1.2;39.0;Leppun;0.9;;;;;
Car381009-2026-Pass1-Z1-2MU00693_20260728_222337_000;0.7;1.6;22.0;noise;0.04;Cyrscu, Barfis, Tetvir, Plaint, Phogri;;;;
Car381009-2026-Pass1-Z1-2MU00693_20260728_222346_000;0.0;2.4;39.0;noise;0.09;Yposp;;;;
Car381009-2026-Pass1-Z1-2MU00693_20260728_222346_000;0.1;2.4;43.0;Leppun;0.2;;;;;
Car381009-2026-Pass1-Z1-2MU00693_20260728_222352_000;0.0;0.5;37.0;Leppun;0.15;;;;;
Car381009-2026-Pass1-Z1-2MU00693_20260728_222352_000;0.4;1.7;20.0;noise;0.05;;;;;
Car381009-2026-Pass1-Z1-2MU00693_20260728_222356_000;0.0;2.6;32.0;Leppun;0.35;;;;;
Car381009-2026-Pass1-Z1-2MU00693_20260728_222356_000;0.1;2.6;24.0;noise;0.09;Pipkuh;;;;
Car381009-2026-Pass1-Z1-2MU00693_20260728_222356_000;1.0;2.6;20.0;Tetvir;0.02;Pippip, Phogri, Yposp, Yerray, Yerbey, Vesmur, Urosp, Tyllil, Thycor, Tetpyg, Tetarg, Testes, Tadten, Sepsep, Rusnit, Roeroe, Rhihip, Rhifer, Rhieur, Rhasp, Ratnor, Plemac, Pleaus, Pleaur, Plasab, Plaint, Plafal, Plaalb, Plaaff, Pippyg, Pipnat, Pipkuh, piaf, Phofem, Phanan, Phafal, Nycnoc, Nyclei, Nyclas, Myonat, Myomys, MyoGT, Myoema, Myodau, Myogla, Myocap, Myobec, Myoalc, Mussp, Minsch, Mimasp, Micagr, Metbra, mamm, Lepbos, Lepalb, Lamsp., Isopyr, Inssp8, Inssp7, Inssp5, Insp12, Insp11, Insp10, Hypsav, gril, Eupsp, Eptser, Eptnil, Epheph, Decalb, Cyrscu, Cympud, criq, Confus, Tetarg, Barfis, Barbar, Antsp, amph;;;;
Car381009-2026-Pass1-Z1-2MU00693_20260728_222403_000;0.0;1.3;33.0;Leppun;0.98;;;;;
Car381009-2026-Pass1-Z1-2MU00693_20260728_222403_000;0.4;1.7;22.0;noise;0.1;;;;;
Car381009-2026-Pass1-Z1-2MU00693_20260728_222411_000;0.0;1.9;37.0;Yposp;0.14;;;;;
Car381009-2026-Pass1-Z1-2MU00693_20260728_222411_000;0.0;1.9;29.0;Phogri;0.35;;;;;
Car381009-2026-Pass1-Z1-2MU00693_20260728_222413_000;0.0;2.1;40.0;Yposp;0.08;;;;;
Car381009-2026-Pass1-Z1-2MU00693_20260728_222413_000;0.0;3.5;39.0;noise;0.09;;;;;
Car381009-2026-Pass1-Z1-2MU00693_20260728_222424_000;0.0;0.6;35.0;Leppun;0.99;;;;;
Car381009-2026-Pass1-Z1-2MU00693_20260728_222424_000;0.0;1.4;23.0;noise;0.18;;;;;
Car381009-2026-Pass1-Z1-2MU00693_20260728_222431_000;0.0;4.2;39.0;Testes;0.44;;;;;
Car381009-2026-Pass1-Z1-2MU00693_20260728_222507_000;0.2;4.2;30.0;noise;0.12;;;;;
Car381009-2026-Pass1-Z1-2MU00693_20260728_222507_000;0.0;2.8;40.0;Testes;0.65;;;;;
Car381009-2026-Pass1-Z1-2MU00693_20260728_222521_000;0.0;1.0;33.0;noise;0.08;;;;;
Car381009-2026-Pass1-Z1-2MU00693_20260728_222521_000;0.1;2.2;39.0;Leppun;0.31;;;;;
Car381009-2026-Pass1-Z1-2MU00693_20260728_222521_000;0.0;2.2;34.0;Testes;0.88;;;;;
Car381009-2026-Pass1-Z1-2MU00693_20260728_222528_000;0.0;2.4;35.0;Myonat;0.19;;;;;
Car381009-2026-Pass1-Z1-2MU00693_20260728_222528_000;0.0;2.1;29.0;noise;0.12;;;;;
Car381009-2026-Pass1-Z1-2MU00693_20260728_222528_000;0.0;2.4;42.0;Testes;0.55;;;;;
Car381009-2026-Pass1-Z1-2MU00693_20260728_222535_000;0.4;2.3;34.0;noise;0.06;Yposp;;;;
Car381009-2026-Pass1-Z1-2MU00693_20260728_222535_000;0.7;2.3;46.0;Phogri;0.75;;;;;
Car381009-2026-Pass1-Z1-2MU00693_20260728_222535_000;0.0;1.5;33.0;Testes;0.84;;;;;
Car381009-2026-Pass1-Z1-2MU00693_20260728_222539_000;0.0;4.1;41.0;Leppun;0.54;;;;;
Car381009-2026-Pass1-Z1-2MU00693_20260728_222539_000;0.6;3.9;32.0;noise;0.11;;;;;
Car381009-2026-Pass1-Z1-2MU00693_20260728_222539_000;1.6;4.1;42.0;Testes;0.55;;;;;
Car381009-2026-Pass1-Z1-2MU00693_20260728_222546_000;0.0;2.0;32.0;Leppun;0.93;;;;;
Car381009-2026-Pass1-Z1-2MU00693_20260728_222546_000;0.1;1.8;24.0;noise;0.08;;;;;
Car381009-2026-Pass1-Z1-2MU00693_20260728_222549_000;0.0;4.4;32.0;noise;0.24;;;;;
Car381009-2026-Pass1-Z1-2MU00693_20260728_222549_000;0.0;4.1;39.0;Testes;0.76;;;;;
Car381009-2026-Pass1-Z1-2MU00693_20260728_222611_000;0.0;3.5;39.0;noise;0.34;;;;;
Car381009-2026-Pass1-Z1-2MU00693_20260728_222611_000;0.0;2.0;39.0;Testes;0.44;;;;;
Car381009-2026-Pass1-Z1-2MU00693_20260728_222624_000;0.0;0.6;22.0;noise;0.15;;;;;
Car381009-2026-Pass1-Z1-2MU00693_20260728_222624_000;0.0;0.9;36.0;Testes;0.75;;;;;
Car381009-2026-Pass1-Z1-2MU00693_20260728_222631_000;0.0;2.0;38.0;Yposp;0.07;noise, Confus;;;;
Car381009-2026-Pass1-Z1-2MU00693_20260728_222631_000;0.0;2.6;37.0;Leppun;0.41;;;;;
Car381009-2026-Pass1-Z1-2MU00693_20260728_222649_000;0.0;2.6;36.0;noise;0.06;Yposp, Tetvir;;;;
Car381009-2026-Pass1-Z1-2MU00693_20260728_222649_000;1.7;3.5;33.0;Leppun;0.21;;;;;
Car381009-2026-Pass1-Z1-2MU00693_20260728_222649_000;0.0;2.6;39.0;Testes;0.56;;;;;
Car381009-2026-Pass1-Z1-2MU00693_20260728_222707_000;0.1;3.7;46.0;Leppun;0.22;;;;;
Car381009-2026-Pass1-Z1-2MU00693_20260728_222707_000;0.0;2.7;39.0;Testes;0.34;;;;;
Car381009-2026-Pass1-Z1-2MU00693_20260728_222720_000;1.2;2.7;33.0;Leppun;0.65;;;;;
Car381009-2026-Pass1-Z1-2MU00693_20260728_222720_000;1.1;3.1;33.0;noise;0.24;;;;;
Car381009-2026-Pass1-Z1-2MU00693_20260728_222720_000;0.3;2.4;33.0;Testes;0.54;;;;;
Car381009-2026-Pass1-Z1-2MU00693_20260728_222726_000;0.0;3.9;24.0;noise;0.1;;;;;
Car381009-2026-Pass1-Z1-2MU00693_20260728_222726_000;0.0;4.5;38.0;Testes;0.5;;;;;
Car381009-2026-Pass1-Z1-2MU00693_20260728_222731_000;0.0;0.7;36.0;Yposp;0.13;;;;;
Car381009-2026-Pass1-Z1-2MU00693_20260728_222731_000;0.0;2.0;38.0;Leppun;0.9;;;;;
Car381009-2026-Pass1-Z1-2MU00693_20260728_222736_000;0.0;0.8;45.0;noise;0.04;Yposp, Phogri, Tetvir, Pippip;;;;
Car381009-2026-Pass1-Z1-2MU00693_20260728_222736_000;0.0;1.5;34.0;Testes;0.48;;;;;
Car381009-2026-Pass1-Z1-2MU00693_20260728_222754_000;1.0;2.2;23.0;noise;0.04;Phogri, Tetvir;;;;
Car381009-2026-Pass1-Z1-2MU00693_20260728_222754_000;0.0;2.3;38.0;Testes;0.52;;;;;
Car381009-2026-Pass1-Z1-2MU00693_20260728_222757_000;0.4;3.3;37.0;noise;0.11;;;;;
Car381009-2026-Pass1-Z1-2MU00693_20260728_222757_000;0.0;2.8;39.0;Testes;0.67;;;;;
Car381009-2026-Pass1-Z1-2MU00693_20260728_222806_000;0.0;1.1;40.0;Yposp;0.12;noise;;;;
Car381009-2026-Pass1-Z1-2MU00693_20260728_222806_000;0.1;2.2;34.0;Leppun;0.06;noise;;;;
Car381009-2026-Pass1-Z1-2MU00693_20260728_222810_000;0.1;1.0;23.0;Isopyr;0.11;;;;;
Car381009-2026-Pass1-Z1-2MU00693_20260728_222810_000;0.0;1.6;37.0;Leppun;0.98;;;;;
Car381009-2026-Pass1-Z1-2MU00693_20260728_222810_000;0.5;1.0;18.0;noise;0.46;;;;;
Car381009-2026-Pass1-Z1-2MU00693_20260728_222820_000;0.0;1.7;40.0;Yposp;0.07;Testes, noise, Antsp, Insp12;;;;
Car381009-2026-Pass1-Z1-2MU00693_20260728_222825_000;0.0;1.7;46.0;Myomys;0.84;;;;;
Car381009-2026-Pass1-Z1-2MU00693_20260728_222825_000;0.1;1.1;43.0;Pipkuh;0.08;noise;;;;
Car381009-2026-Pass1-Z1-2MU00693_20260728_222828_000;0.0;5.0;58.0;Myomys;0.94;;;;;
Car381009-2026-Pass1-Z1-2MU00693_20260728_222828_000;1.5;4.9;57.0;Myonat;0.92;;;;;
Car381009-2026-Pass1-Z1-2MU00693_20260728_222828_000;0.1;5.0;21.0;noise;0.07;;;;;
Car381009-2026-Pass1-Z1-2MU00693_20260728_222835_000;0.0;3.2;46.0;Myomys;0.99;;;;;
Car381009-2026-Pass1-Z1-2MU00693_20260728_222835_000;0.4;3.0;23.0;Phogri;0.04;noise, Plaint, Tetvir, Pippip, Pipkuh;;;;
Car381009-2026-Pass1-Z1-2MU00693_20260728_222849_000;0.0;2.6;32.0;noise;0.24;;;;;
Car381009-2026-Pass1-Z1-2MU00693_20260728_222849_000;0.0;2.0;39.0;Testes;0.63;;;;;
Car381009-2026-Pass1-Z1-2MU00693_20260728_222907_000;0.0;2.6;41.0;Confus;0.14;Yposp;;;;
Car381009-2026-Pass1-Z1-2MU00693_20260728_222907_000;2.9;3.0;33.0;Leppun;0.15;;;;;
Car381009-2026-Pass1-Z1-2MU00693_20260728_222907_000;0.2;2.6;32.0;Testes;0.33;;;;;
Car381009-2026-Pass1-Z1-2MU00693_20260728_222919_000;0.0;0.9;40.0;Yposp;0.11;noise;;;;
Car381009-2026-Pass1-Z1-2MU00693_20260728_222919_000;0.0;0.9;31.0;Testes;0.09;noise;;;;
Car381009-2026-Pass1-Z1-2MU00693_20260728_222928_000;0.0;0.7;39.0;Yposp;0.1;Testes, noise;;;;
Car381009-2026-Pass1-Z1-2MU00693_20260728_222928_000;0.0;0.1;30.0;Testes;0.07;noise;;;;
Car381009-2026-Pass1-Z1-2MU00693_20260728_222940_000;1.3;2.0;34.0;Leppun;0.98;;;;;
Car381009-2026-Pass1-Z1-2MU00693_20260728_222940_000;1.3;1.4;48.0;Pippip;0.12;noise;;;;
Car381009-2026-Pass1-Z1-2MU00693_20260728_222947_000;0.0;1.9;30.0;Leppun;0.91;;;;;
Car381009-2026-Pass1-Z1-2MU00693_20260728_222947_000;0.8;1.6;106.0;noise;0.3;;;;;
Car381009-2026-Pass1-Z1-2MU00693_20260728_222951_000;0.0;1.9;31.0;Leppun;0.39;;;;;
Car381009-2026-Pass1-Z1-2MU00693_20260728_222951_000;0.0;0.6;32.0;Testes;0.45;;;;;
Car381009-2026-Pass1-Z1-2MU00693_20260728_222951_000;0.4;1.8;15.0;Tetvir;0.22;;;;;
Car381009-2026-Pass1-Z1-2MU00693_20260728_223003_000;0.0;0.5;43.0;Leppun;0.96;;;;;
Car381009-2026-Pass1-Z1-2MU00693_20260728_223003_000;0.0;1.6;26.0;Phogri;0.43;;;;;
Car381009-2026-Pass1-Z1-2MU00693_20260728_223016_000;0.0;2.0;34.0;Leppun;0.39;;;;;
Car381009-2026-Pass1-Z1-2MU00693_20260728_223016_000;1.4;2.0;25.0;Phogri;0.32;;;;;
Car381009-2026-Pass1-Z1-2MU00693_20260728_223042_000;0.1;2.7;36.0;noise;0.38;;;;;
Car381009-2026-Pass1-Z1-2MU00693_20260728_223042_000;0.0;1.8;33.0;Testes;0.82;;;;;
Car381009-2026-Pass1-Z1-2MU00693_20260728_223100_000;0.0;1.7;34.0;Leppun;0.97;;;;;
Car381009-2026-Pass1-Z1-2MU00693_20260728_223116_000;0.0;2.0;34.0;Leppun;0.96;;;;;
Car381009-2026-Pass1-Z1-2MU00693_20260728_223116_000;0.1;1.9;22.0;noise;0.19;;;;;
Car381009-2026-Pass1-Z1-2MU00693_20260728_223130_000;0.6;4.3;31.0;Leppun;0.91;;;;;
Car381009-2026-Pass1-Z1-2MU00693_20260728_223130_000;0.1;4.4;25.0;noise;0.1;;;;;
Car381009-2026-Pass1-Z1-2MU00693_20260728_223130_000;0.5;4.3;31.0;Testes;0.12;;;;;
Car381009-2026-Pass1-Z1-2MU00693_20260728_223146_000;0.0;1.7;23.0;Phogri;0.3;;;;;
Car381009-2026-Pass1-Z1-2MU00693_20260728_223158_000;0.0;2.0;32.0;Leppun;0.45;;;;;
Car381009-2026-Pass1-Z1-2MU00693_20260728_223158_000;0.0;2.0;26.0;Phogri;0.04;noise, Tetvir;;;;
Car381009-2026-Pass1-Z1-2MU00693_20260728_223217_000;0.0;1.9;32.0;Leppun;0.97;;;;;
Car381009-2026-Pass1-Z1-2MU00693_20260728_223217_000;1.0;2.0;22.0;Cyrscu;0.14;;;;;
Car381009-2026-Pass1-Z1-2MU00693_20260728_223247_000;0.1;2.7;36.0;noise;0.09;;;;;
Car381009-2026-Pass1-Z1-2MU00693_20260728_223247_000;0.0;1.9;33.0;Testes;0.69;;;;;
Car381009-2026-Pass1-Z1-2MU00693_20260728_223321_000;0.0;1.1;28.0;noise;0.19;;;;;
Car381009-2026-Pass1-Z1-2MU00693_20260728_223321_000;0.0;0.5;43.0;Yerray;0.09;;;;;
Car381009-2026-Pass1-Z1-2MU00693_20260728_223414_000;0.0;1.6;24.0;Leppun;0.91;;;;;
Car381009-2026-Pass1-Z1-2MU00693_20260728_223414_000;0.1;1.9;44.0;Myomys;0.12;Myodau;;;;
Car381009-2026-Pass1-Z1-2MU00693_20260728_223419_000;0.0;0.1;42.0;Leppun;0.22;;;;;
Car381009-2026-Pass1-Z1-2MU00693_20260728_223419_000;0.1;2.1;44.0;Myomys;0.59;Myodau;;;;
Car381009-2026-Pass1-Z1-2MU00693_20260728_223419_000;1.5;1.6;22.0;noise;0.34;;;;;
Car381009-2026-Pass1-Z1-2MU00693_20260728_223419_000;0.1;2.1;42.0;Pipkuh;0.3;;;;;
Car381009-2026-Pass1-Z1-2MU00693_20260728_223427_000;0.0;1.4;34.0;Leppun;0.97;;;;;
Car381009-2026-Pass1-Z1-2MU00693_20260728_223427_000;0.8;1.9;24.0;Phogri;0.07;;;;;
Car381009-2026-Pass1-Z1-2MU00693_20260728_223438_000;0.0;0.8;35.0;Phogri;0.43;;;;;
Car381009-2026-Pass1-Z1-2MU00693_20260728_223438_000;0.0;1.7;23.0;Plaint;0.03;noise, Tetvir, Plaalb;;;;
Car381009-2026-Pass1-Z1-2MU00693_20260728_223455_000;0.0;2.2;34.0;noise;0.2;;;;;
Car381009-2026-Pass1-Z1-2MU00693_20260728_223455_000;0.0;1.5;33.0;Testes;0.53;;;;;
Car381009-2026-Pass1-Z1-2MU00693_20260728_223503_000;0.0;1.8;35.0;Leppun;0.95;;;;;
Car381009-2026-Pass1-Z1-2MU00693_20260728_223503_000;1.7;1.8;49.0;Phogri;0.65;;;;;
Car381009-2026-Pass1-Z1-2MU00693_20260728_223518_000;0.0;0.8;28.0;Leppun;0.07;noise;;;;
Car381009-2026-Pass1-Z1-2MU00693_20260728_223545_000;0.0;2.0;31.0;Leppun;0.96;;;;;
Car381009-2026-Pass1-Z1-2MU00693_20260728_223545_000;1.1;2.0;28.0;noise;0.1;;;;;
Car381009-2026-Pass1-Z1-2MU00693_20260728_223547_000;0.0;0.8;43.0;Leppun;0.25;;;;;
Car381009-2026-Pass1-Z1-2MU00693_20260728_223547_000;0.0;1.2;36.0;noise;0.06;;;;;
Car381009-2026-Pass1-Z1-2MU00693_20260728_223554_000;0.0;2.0;24.0;Phogri;0.04;noise, Tetvir, Plaint, Cyrscu;;;;
Car381009-2026-Pass1-Z1-2MU00693_20260728_223557_000;0.0;3.7;24.0;Isopyr;0.78;;;;;
Car381009-2026-Pass1-Z1-2MU00693_20260728_223557_000;0.0;3.7;28.0;Phogri;0.46;;;;;
Car381009-2026-Pass1-Z1-2MU00693_20260728_223601_000;0.0;0.5;28.0;Leppun;0.6;;;;;
Car381009-2026-Pass1-Z1-2MU00693_20260728_223601_000;0.4;1.7;21.0;Phogri;0.07;;;;;
Car381009-2026-Pass1-Z1-2MU00693_20260728_223606_000;0.0;1.9;32.0;Leppun;0.07;noise;;;;
Car381009-2026-Pass1-Z1-2MU00693_20260728_223613_000;0.0;2.0;31.0;Leppun;0.99;;;;;
Car381009-2026-Pass1-Z1-2MU00693_20260728_223613_000;0.2;2.0;24.0;Phogri;0.27;;;;;
Car381009-2026-Pass1-Z1-2MU00693_20260728_223654_000;0.0;1.3;27.0;noise;0.26;;;;;
Car381009-2026-Pass1-Z1-2MU00693_20260728_223654_000;1.8;1.9;24.0;Phogri;0.04;Tetvir, Nyclei, Cyrscu;;;;
Car381009-2026-Pass1-Z1-2MU00693_20260728_223729_000;0.0;1.9;38.0;Leppun;0.99;;;;;
Car381009-2026-Pass1-Z1-2MU00693_20260728_223749_000;0.0;0.7;28.0;Phogri;0.54;;;;;
Car381009-2026-Pass1-Z1-2MU00693_20260728_223803_000;0.0;2.7;32.0;Leppun;0.9;;;;;
Car381009-2026-Pass1-Z1-2MU00693_20260728_223803_000;0.3;0.9;25.0;Phogri;0.29;;;;;
Car381009-2026-Pass1-Z1-2MU00693_20260728_223803_000;0.2;2.0;39.0;Pipkuh;0.05;noise, Myodau;;;;
Car381009-2026-Pass1-Z1-2MU00693_20260728_223810_000;0.3;1.5;25.0;Phogri;0.54;;;;;
Car381009-2026-Pass1-Z1-2MU00693_20260728_223845_000;0.0;1.9;31.0;Leppun;0.66;;;;;
Car381009-2026-Pass1-Z1-2MU00693_20260728_223845_000;0.8;1.3;26.0;Plaint;0.03;Phogri, noise, Tetvir, Metbra;;;;
Car381009-2026-Pass1-Z1-2MU00693_20260728_223951_000;0.0;1.7;29.0;Leppun;0.86;;;;;
Car381009-2026-Pass1-Z1-2MU00693_20260728_223951_000;0.3;1.7;26.0;Phogri;0.39;;;;;
Car381009-2026-Pass1-Z1-2MU00693_20260728_224128_000;0.0;1.1;26.0;noise;0.2;;;;;
Car381009-2026-Pass1-Z1-2MU00693_20260728_224217_000;0.0;1.7;45.0;Leppun;0.97;;;;;
Car381009-2026-Pass1-Z1-2MU00693_20260728_224217_000;1.2;2.0;23.0;Phogri;0.46;;;;;
Car381009-2026-Pass1-Z1-2MU00693_20260728_224404_000;0.0;1.1;31.0;Leppun;0.95;;;;;
Car381009-2026-Pass1-Z1-2MU00693_20260728_224415_000;0.0;1.9;33.0;Leppun;0.61;;;;;
Car381009-2026-Pass1-Z1-2MU00693_20260728_224415_000;0.6;1.9;26.0;Phogri;0.53;;;;;
Car381009-2026-Pass1-Z1-2MU00693_20260728_224433_000;0.0;1.3;31.0;Leppun;0.95;;;;;
Car381009-2026-Pass1-Z1-2MU00693_20260728_224433_000;1.2;1.4;29.0;Phogri;0.55;;;;;
Car381009-2026-Pass1-Z1-2MU00693_20260728_224451_000;1.1;1.2;39.0;Leppun;0.08;noise, Yposp;;;;
Car381009-2026-Pass1-Z1-2MU00693_20260728_224451_000;0.1;1.4;30.0;Testes;0.89;;;;;
Car381009-2026-Pass1-Z1-2MU00693_20260728_224504_000;0.0;2.0;27.0;Phogri;0.15;;;;;
Car381009-2026-Pass1-Z1-2MU00693_20260728_224507_000;0.0;2.0;37.0;Leppun;0.97;;;;;
Car381009-2026-Pass1-Z1-2MU00693_20260728_224507_000;0.3;1.8;23.0;Phogri;0.47;;;;;
Car381009-2026-Pass1-Z1-2MU00693_20260728_224514_000;0.0;1.9;33.0;Leppun;0.59;;;;;
Car381009-2026-Pass1-Z1-2MU00693_20260728_224514_000;0.1;1.9;30.0;noise;0.11;;;;;
Car381009-2026-Pass1-Z1-2MU00693_20260728_224545_000;0.0;1.8;48.0;noise;0.66;;;;;
Car381009-2026-Pass1-Z1-2MU00693_20260728_224545_000;1.7;1.8;38.0;Pippip;0.11;;;;;
Car381009-2026-Pass1-Z1-2MU00693_20260728_224550_000;0.0;1.7;32.0;Leppun;0.98;;;;;
Car381009-2026-Pass1-Z1-2MU00693_20260728_224550_000;0.3;1.6;25.0;noise;0.09;Phogri;;;;
Car381009-2026-Pass1-Z1-2MU00693_20260728_224619_000;0.0;1.5;27.0;Leppun;0.56;;;;;
Car381009-2026-Pass1-Z1-2MU00693_20260728_224634_000;0.0;2.2;35.0;Leppun;0.92;;;;;
Car381009-2026-Pass1-Z1-2MU00693_20260728_224634_000;0.2;2.0;23.0;Phogri;0.14;;;;;
Car381009-2026-Pass1-Z1-2MU00693_20260728_224638_000;0.0;1.9;34.0;Leppun;0.91;;;;;
Car381009-2026-Pass1-Z1-2MU00693_20260728_224732_000;1.8;1.9;22.0;noise;0.06;;;;;
Car381009-2026-Pass1-Z1-2MU00693_20260728_224732_000;0.0;0.5;43.0;Yerray;0.11;;;;;
Car381009-2026-Pass1-Z1-2MU00693_20260728_224745_000;0.0;2.0;35.0;Leppun;0.15;;;;;
Car381009-2026-Pass1-Z1-2MU00693_20260728_224745_000;0.4;1.9;33.0;noise;0.13;;;;;
Car381009-2026-Pass1-Z1-2MU00693_20260728_224755_000;0.0;1.5;39.0;Leppun;0.12;;;;;
Car381009-2026-Pass1-Z1-2MU00693_20260728_224755_000;0.0;1.7;27.0;noise;0.1;;;;;
Car381009-2026-Pass1-Z1-2MU00693_20260728_224801_000;0.0;1.9;33.0;Leppun;0.96;;;;;
Car381009-2026-Pass1-Z1-2MU00693_20260728_224801_000;1.9;2.0;12.0;noise;0.41;;;;;
Car381009-2026-Pass1-Z1-2MU00693_20260728_224810_000;0.0;1.6;32.0;Leppun;0.44;;;;;
Car381009-2026-Pass1-Z1-2MU00693_20260728_224810_000;1.5;2.0;23.0;Phogri;0.04;noise, Plaint, Tetvir, Plaalb, Metbra;;;;
Car381009-2026-Pass1-Z1-2MU00693_20260728_224830_000;0.0;1.8;32.0;Leppun;0.55;;;;;
Car381009-2026-Pass1-Z1-2MU00693_20260728_224830_000;0.0;1.7;29.0;noise;0.11;;;;;
Car381009-2026-Pass1-Z1-2MU00693_20260728_224849_000;0.0;1.4;30.0;Phogri;0.54;;;;;
Car381009-2026-Pass1-Z1-2MU00693_20260728_224906_000;0.0;1.8;41.0;Leppun;0.93;;;;;
Car381009-2026-Pass1-Z1-2MU00693_20260728_224906_000;0.0;2.1;28.0;noise;0.08;;;;;
Car381009-2026-Pass1-Z1-2MU00693_20260728_224906_000;0.1;2.1;26.0;Phogri;0.75;;;;;
Car381009-2026-Pass1-Z1-2MU00693_20260728_224910_000;0.0;1.6;42.0;Leppun;0.06;noise, Phogri;;;;
Car381009-2026-Pass1-Z1-2MU00693_20260728_224910_000;0.4;2.2;37.0;Testes;0.76;;;;;
Car381009-2026-Pass1-Z1-2MU00693_20260728_224913_000;0.0;2.9;32.0;Leppun;0.94;;;;;
Car381009-2026-Pass1-Z1-2MU00693_20260728_224913_000;0.0;2.9;30.0;Phogri;0.69;;;;;
Car381009-2026-Pass1-Z1-2MU00693_20260728_224921_000;1.1;4.3;35.0;Barbar;0.99;;;;;
Car381009-2026-Pass1-Z1-2MU00693_20260728_224921_000;0.0;5.0;27.0;Phogri;0.45;;;;;
Car381009-2026-Pass1-Z1-2MU00693_20260728_224921_000;1.1;2.0;44.0;Pippip;0.72;;;;;
Car381009-2026-Pass1-Z1-2MU00693_20260728_224936_000;0.0;0.2;32.0;noise;0.07;;;;;
Car381009-2026-Pass1-Z1-2MU00693_20260728_224936_000;0.2;2.0;23.0;Tetvir;0.02;Plaint, Phogri, Yposp, Yerray, Yerbey, Vesmur, Urosp, Tyllil, Thycor, Tetpyg, Tetarg, Testes, Tadten, Sepsep, Rusnit, Roeroe, Rhihip, Rhifer, Rhieur, Rhasp, Ratnor, Plemac, Pleaus, Pleaur, Plasab, Plafal, Plaalb, Plaaff, Pippyg, Pippip, Pipnat, Pipkuh, piaf, Phofem, Phanan, Phafal, Nycnoc, Nyclei, Nyclas, Myonat, Myomys, MyoGT, Myoema, Myodau, Myogla, Myocap, Myobec, Myoalc, Mussp, Minsch, Mimasp, Micagr, Metbra, mamm, Leppun, Lepbos, Lepalb, Lamsp., Isopyr, Inssp8, Inssp7, Inssp5, Insp12, Insp11, Insp10, Hypsav, gril, Eupsp, Eptser, Eptnil, Epheph, Decalb, Cyrscu, Cympud, criq, Confus, Tetarg, Barfis, Barbar, Antsp, amph;;;;
Car381009-2026-Pass1-Z1-2MU00693_20260728_224945_000;0.0;1.4;30.0;noise;0.25;;;;;
Car381009-2026-Pass1-Z1-2MU00693_20260728_224949_000;0.0;1.6;44.0;Leppun;0.18;noise;;;;
Car381009-2026-Pass1-Z1-2MU00693_20260728_224949_000;0.2;1.6;24.0;Phogri;0.39;;;;;
Car381009-2026-Pass1-Z1-2MU00693_20260728_224949_000;1.3;1.4;12.0;noise;0.13;;;;;
Car381009-2026-Pass1-Z1-2MU00693_20260728_224956_000;0.0;1.9;27.0;noise;0.1;;;;;
Car381009-2026-Pass1-Z1-2MU00693_20260728_225002_000;0.0;1.8;26.0;Leppun;0.96;;;;;
Car381009-2026-Pass1-Z1-2MU00693_20260728_225002_000;1.1;2.0;21.0;noise;0.08;;;;;
Car381009-2026-Pass1-Z1-2MU00693_20260728_225005_000;0.0;1.4;25.0;noise;0.09;;;;;
Car381009-2026-Pass1-Z1-2MU00693_20260728_225016_000;0.0;1.7;35.0;Leppun;0.3;;;;;
Car381009-2026-Pass1-Z1-2MU00693_20260728_225016_000;0.0;0.7;26.0;Phogri;0.49;;;;;
Car381009-2026-Pass1-Z1-2MU00693_20260728_225021_000;0.0;4.5;45.0;Leppun;0.95;;;;;
Car381009-2026-Pass1-Z1-2MU00693_20260728_225021_000;1.2;4.5;14.0;noise;0.06;Phanan;;;;
Car381009-2026-Pass1-Z1-2MU00693_20260728_225021_000;0.0;4.5;31.0;Phogri;0.9;;;;;
Car381009-2026-Pass1-Z1-2MU00693_20260728_225030_000;0.0;3.6;37.0;Leppun;0.89;;;;;
Car381009-2026-Pass1-Z1-2MU00693_20260728_225030_000;0.0;3.5;26.0;noise;0.11;Phogri;;;;
Car381009-2026-Pass1-Z1-2MU00693_20260728_225030_000;2.5;2.7;50.0;Pippip;0.32;;;;;
Car381009-2026-Pass1-Z1-2MU00693_20260728_225037_000;0.0;0.2;30.0;Leppun;0.97;;;;;
Car381009-2026-Pass1-Z1-2MU00693_20260728_225037_000;1.1;1.8;20.0;noise;0.27;;;;;
Car381009-2026-Pass1-Z1-2MU00693_20260728_225037_000;0.1;0.2;22.0;Phanan;0.04;Tetvir, Pippip, Phogri, Cyrscu;;;;
Car381009-2026-Pass1-Z1-2MU00693_20260728_225045_000;0.0;0.7;23.0;Leppun;0.65;;;;;
Car381009-2026-Pass1-Z1-2MU00693_20260728_225045_000;0.4;0.7;23.0;Isopyr;0.04;Phogri, noise, Tetvir, Plaalb;;;;
Car381009-2026-Pass1-Z1-2MU00693_20260728_225049_000;0.0;2.1;44.0;Leppun;0.07;noise;;;;
Car381009-2026-Pass1-Z1-2MU00693_20260728_225049_000;0.0;1.6;22.0;Phogri;0.34;;;;;
Car381009-2026-Pass1-Z1-2MU00693_20260728_225052_000;0.0;0.7;29.0;Leppun;0.55;;;;;
Car381009-2026-Pass1-Z1-2MU00693_20260728_225052_000;0.0;1.9;27.0;noise;0.07;;;;;
Car381009-2026-Pass1-Z1-2MU00693_20260728_225052_000;0.0;1.9;22.0;Phogri;0.62;;;;;
Car381009-2026-Pass1-Z1-2MU00693_20260728_225054_000;0.0;0.7;29.0;Rhasp;0.09;Antsp;;;;
Car381009-2026-Pass1-Z1-2MU00693_20260728_225058_000;0.0;1.1;36.0;Leppun;0.96;;;;;
Car381009-2026-Pass1-Z1-2MU00693_20260728_225058_000;0.2;1.7;22.0;Phogri;0.06;noise;;;;
Car381009-2026-Pass1-Z1-2MU00693_20260728_225106_000;0.0;1.5;40.0;Leppun;0.96;;;;;
Car381009-2026-Pass1-Z1-2MU00693_20260728_225106_000;0.0;1.7;23.0;noise;0.2;;;;;
Car381009-2026-Pass1-Z1-2MU00693_20260728_225106_000;0.0;1.5;25.0;Barfis;0.09;;;;;
Car381009-2026-Pass1-Z1-2MU00693_20260728_225111_000;0.0;3.5;32.0;Leppun;0.9;;;;;
Car381009-2026-Pass1-Z1-2MU00693_20260728_225111_000;0.0;3.5;27.0;noise;0.07;Phogri, Cyrscu;;;;
Car381009-2026-Pass1-Z1-2MU00693_20260728_225118_000;0.0;1.9;40.0;noise;0.15;;;;;
Car381009-2026-Pass1-Z1-2MU00693_20260728_225118_000;0.4;2.0;24.0;Phogri;0.06;Plaint;;;;
Car381009-2026-Pass1-Z1-2MU00693_20260728_225121_000;0.0;1.8;34.0;Leppun;0.85;;;;;
Car381009-2026-Pass1-Z1-2MU00693_20260728_225123_000;0.0;3.0;39.0;Leppun;0.98;;;;;
Car381009-2026-Pass1-Z1-2MU00693_20260728_225123_000;0.0;2.8;39.0;noise;0.17;;;;;
Car381009-2026-Pass1-Z1-2MU00693_20260728_225131_000;0.0;0.5;44.0;Phogri;0.03;Yposp, Tetvir;;;;
Car381009-2026-Pass1-Z1-2MU00693_20260728_225131_000;0.0;1.6;38.0;noise;0.25;;;;;
Car381009-2026-Pass1-Z1-2MU00693_20260728_225135_000;0.6;1.7;40.0;Leppun;0.18;;;;;
Car381009-2026-Pass1-Z1-2MU00693_20260728_225135_000;0.0;2.0;35.0;Myonat;0.18;noise;;;;
Car381009-2026-Pass1-Z1-2MU00693_20260728_225140_000;0.0;0.2;37.0;Leppun;0.45;;;;;
Car381009-2026-Pass1-Z1-2MU00693_20260728_225140_000;0.1;1.7;24.0;noise;0.15;;;;;
Car381009-2026-Pass1-Z1-2MU00693_20260728_225144_000;0.0;1.9;34.0;Leppun;0.76;;;;;
Car381009-2026-Pass1-Z1-2MU00693_20260728_225144_000;0.3;1.7;33.0;Myonat;0.26;;;;;
Car381009-2026-Pass1-Z1-2MU00693_20260728_225144_000;0.0;1.6;31.0;noise;0.13;;;;;
Car381009-2026-Pass1-Z1-2MU00693_20260728_225149_000;0.0;2.0;30.0;noise;0.12;Phogri;;;;
Car381009-2026-Pass1-Z1-2MU00693_20260728_225149_000;0.1;0.2;23.0;Phogri;0.05;Plaint, Plaalb;;;;
Car381009-2026-Pass1-Z1-2MU00693_20260728_225154_000;0.0;3.3;37.0;Leppun;0.97;;;;;
Car381009-2026-Pass1-Z1-2MU00693_20260728_225154_000;0.5;3.0;31.0;noise;0.17;;;;;
Car381009-2026-Pass1-Z1-2MU00693_20260728_225201_000;1.7;4.3;30.0;Leppun;0.19;;;;;
Car381009-2026-Pass1-Z1-2MU00693_20260728_225201_000;0.0;4.3;25.0;Phogri;0.49;;;;;
Car381009-2026-Pass1-Z1-2MU00693_20260728_225207_000;0.0;1.8;50.0;Leppun;0.16;;;;;
Car381009-2026-Pass1-Z1-2MU00693_20260728_225207_000;0.0;1.9;25.0;Phogri;0.41;;;;;
Car381009-2026-Pass1-Z1-2MU00693_20260728_225214_000;0.0;2.0;42.0;Leppun;0.24;;;;;
Car381009-2026-Pass1-Z1-2MU00693_20260728_225214_000;0.1;1.9;27.0;noise;0.1;;;;;
Car381009-2026-Pass1-Z1-2MU00693_20260728_225214_000;0.8;0.9;41.0;Pipkuh;0.69;;;;;
Car381009-2026-Pass1-Z1-2MU00693_20260728_225225_000;0.0;2.0;33.0;Leppun;0.87;;;;;
Car381009-2026-Pass1-Z1-2MU00693_20260728_225225_000;0.5;1.5;23.0;Phogri;0.44;;;;;
Car381009-2026-Pass1-Z1-2MU00693_20260728_225230_000;0.0;1.0;35.0;Leppun;0.9;;;;;
Car381009-2026-Pass1-Z1-2MU00693_20260728_225230_000;0.3;4.5;29.0;noise;0.16;;;;;
Car381009-2026-Pass1-Z1-2MU00693_20260728_225230_000;0.0;5.0;46.0;Pippip;0.99;;;;;
Car381009-2026-Pass1-Z1-2MU00693_20260728_225230_000;0.0;5.0;26.0;Plaint;0.41;;;;;
Car381009-2026-Pass1-Z1-2MU00693_20260728_225240_000;0.0;1.9;30.0;Leppun;0.96;;;;;
Car381009-2026-Pass1-Z1-2MU00693_20260728_225240_000;0.1;2.0;22.0;Cyrscu;0.07;noise;;;;
Car381009-2026-Pass1-Z1-2MU00693_20260728_225251_000;0.0;2.0;30.0;Leppun;0.58;;;;;
Car381009-2026-Pass1-Z1-2MU00693_20260728_225251_000;0.2;1.9;26.0;noise;0.09;;;;;
Car381009-2026-Pass1-Z1-2MU00693_20260728_225307_000;0.0;1.3;29.0;Leppun;0.95;;;;;
Car381009-2026-Pass1-Z1-2MU00693_20260728_225307_000;0.2;1.7;22.0;Phogri;0.06;noise;;;;
Car381009-2026-Pass1-Z1-2MU00693_20260728_225314_000;0.0;2.0;28.0;Leppun;0.97;;;;;
Car381009-2026-Pass1-Z1-2MU00693_20260728_225314_000;0.8;2.1;48.0;Pippip;0.98;;;;;
Car381009-2026-Pass1-Z1-2MU00693_20260728_225314_000;0.5;1.6;23.0;noise;0.06;Plaint, Phogri;;;;
Car381009-2026-Pass1-Z1-2MU00693_20260728_225318_000;0.0;1.0;31.0;Leppun;0.98;;;;;
Car381009-2026-Pass1-Z1-2MU00693_20260728_225318_000;0.8;1.0;24.0;Phogri;0.06;Rhasp, noise;;;;
Car381009-2026-Pass1-Z1-2MU00693_20260728_225323_000;0.0;0.8;34.0;Leppun;0.75;;;;;
Car381009-2026-Pass1-Z1-2MU00693_20260728_225323_000;0.6;1.3;24.0;noise;0.12;;;;;
Car381009-2026-Pass1-Z1-2MU00693_20260728_225329_000;0.0;1.9;28.0;Leppun;0.5;;;;;
Car381009-2026-Pass1-Z1-2MU00693_20260728_225336_000;0.0;1.7;31.0;Leppun;0.96;;;;;
Car381009-2026-Pass1-Z1-2MU00693_20260728_225336_000;1.5;1.6;22.0;Phogri;0.61;;;;;
Car381009-2026-Pass1-Z1-2MU00693_20260728_225341_000;0.0;1.7;35.0;Leppun;0.39;;;;;
Car381009-2026-Pass1-Z1-2MU00693_20260728_225341_000;0.0;1.7;32.0;Rhasp;0.11;noise;;;;
Car381009-2026-Pass1-Z1-2MU00693_20260728_225348_000;0.0;0.1;38.0;Leppun;0.91;;;;;
Car381009-2026-Pass1-Z1-2MU00693_20260728_225348_000;0.2;2.0;28.0;noise;0.1;;;;;
Car381009-2026-Pass1-Z1-2MU00693_20260728_225355_000;0.0;1.7;35.0;Leppun;0.98;;;;;
Car381009-2026-Pass1-Z1-2MU00693_20260728_225355_000;0.0;1.7;26.0;Phogri;0.07;noise;;;;
Car381009-2026-Pass1-Z1-2MU00693_20260728_225411_000;0.0;2.5;25.0;Leppun;0.93;;;;;
Car381009-2026-Pass1-Z1-2MU00693_20260728_225411_000;0.3;2.5;23.0;Phogri;0.05;noise, Cyrscu;;;;
Car381009-2026-Pass1-Z1-2MU00693_20260728_225430_000;0.0;1.7;32.0;Leppun;0.23;;;;;
Car381009-2026-Pass1-Z1-2MU00693_20260728_225430_000;0.0;1.7;27.0;noise;0.04;Tetvir, Rhasp, Plaint, Phogri, Cyrscu, Barfis;;;;
Car381009-2026-Pass1-Z1-2MU00693_20260728_225506_000;0.4;3.2;24.0;Isopyr;0.95;;;;;
Car381009-2026-Pass1-Z1-2MU00693_20260728_225506_000;0.0;2.8;28.0;noise;0.11;Phogri;;;;
Car381009-2026-Pass1-Z1-2MU00693_20260728_225506_000;1.5;2.3;56.0;Pippip;0.03;Tetvir, Pippyg, Pipkuh;;;;
Car381009-2026-Pass1-Z1-2MU00693_20260728_225514_000;0.0;1.7;22.0;noise;0.36;;;;;
Car381009-2026-Pass1-Z1-2MU00693_20260728_225529_000;0.0;0.7;28.0;noise;0.19;;;;;
Car381009-2026-Pass1-Z1-2MU00693_20260728_225529_000;0.0;0.7;28.0;Phogri;0.03;Tetvir, Rhasp;;;;
Car381009-2026-Pass1-Z1-2MU00693_20260728_225601_000;0.0;2.6;31.0;Leppun;0.88;;;;;
Car381009-2026-Pass1-Z1-2MU00693_20260728_225601_000;0.4;3.1;26.0;Phogri;0.13;;;;;
Car381009-2026-Pass1-Z1-2MU00693_20260728_225608_000;0.0;1.9;34.0;Leppun;0.54;;;;;
Car381009-2026-Pass1-Z1-2MU00693_20260728_225608_000;0.0;1.7;28.0;noise;0.19;;;;;
Car381009-2026-Pass1-Z1-2MU00693_20260728_225612_000;0.0;1.3;36.0;Leppun;0.98;;;;;
Car381009-2026-Pass1-Z1-2MU00693_20260728_225612_000;1.2;1.9;26.0;Phogri;0.25;;;;;
Car381009-2026-Pass1-Z1-2MU00693_20260728_225616_000;0.0;0.6;30.0;Leppun;0.98;;;;;
Car381009-2026-Pass1-Z1-2MU00693_20260728_225616_000;0.5;1.0;26.0;noise;0.04;Phogri, Tetvir, Cyrscu;;;;
Car381009-2026-Pass1-Z1-2MU00693_20260728_225621_000;0.6;2.1;28.0;noise;0.13;;;;;
Car381009-2026-Pass1-Z1-2MU00693_20260728_225621_000;0.1;2.3;28.0;Metbra;0.03;Tetvir, Rhasp, Plaint, Plaalb, Phogri, Leppun;;;;
Car381009-2026-Pass1-Z1-2MU00693_20260728_225627_000;0.0;1.5;34.0;Leppun;0.1;noise;;;;
Car381009-2026-Pass1-Z1-2MU00693_20260728_225645_000;0.0;1.8;33.0;Leppun;0.9;;;;;
Car381009-2026-Pass1-Z1-2MU00693_20260728_225645_000;0.4;1.8;22.0;Cyrscu;0.06;noise;;;;
Car381009-2026-Pass1-Z1-2MU00693_20260728_225650_000;0.0;1.5;29.0;Leppun;0.96;;;;;
Car381009-2026-Pass1-Z1-2MU00693_20260728_225650_000;0.1;1.5;26.0;noise;0.05;Phogri;;;;
Car381009-2026-Pass1-Z1-2MU00693_20260728_225700_000;0.6;1.9;28.0;Leppun;0.11;noise;;;;
Car381009-2026-Pass1-Z1-2MU00693_20260728_225700_000;1.1;1.9;28.0;Antsp;0.07;noise, Testes, Insp12;;;;
Car381009-2026-Pass1-Z1-2MU00693_20260728_225703_000;0.0;1.9;35.0;Leppun;0.91;;;;;
Car381009-2026-Pass1-Z1-2MU00693_20260728_225703_000;0.2;1.9;28.0;noise;0.11;;;;;
Car381009-2026-Pass1-Z1-2MU00693_20260728_225726_000;0.0;1.8;32.0;Leppun;0.56;;;;;
Car381009-2026-Pass1-Z1-2MU00693_20260728_225726_000;0.2;2.0;27.0;noise;0.08;Phogri;;;;
Car381009-2026-Pass1-Z1-2MU00693_20260728_225735_000;0.0;2.0;27.0;Leppun;0.92;;;;;
Car381009-2026-Pass1-Z1-2MU00693_20260728_225735_000;1.6;1.7;24.0;noise;0.11;;;;;
Car381009-2026-Pass1-Z1-2MU00693_20260728_225740_000;0.0;1.7;29.0;noise;0.13;;;;;
Car381009-2026-Pass1-Z1-2MU00693_20260728_225740_000;0.0;1.3;34.0;Phogri;0.65;;;;;
Car381009-2026-Pass1-Z1-2MU00693_20260728_225742_000;0.0;1.8;34.0;Leppun;0.1;;;;;
Car381009-2026-Pass1-Z1-2MU00693_20260728_225742_000;0.0;1.6;26.0;noise;0.05;;;;;
Car381009-2026-Pass1-Z1-2MU00693_20260728_225756_000;0.0;4.4;38.0;Leppun;0.92;;;;;
Car381009-2026-Pass1-Z1-2MU00693_20260728_225756_000;0.9;4.4;27.0;noise;0.28;;;;;
Car381009-2026-Pass1-Z1-2MU00693_20260728_225756_000;0.0;4.1;37.0;Pipnat;0.51;;;;;
Car381009-2026-Pass1-Z1-2MU00693_20260728_225809_000;0.0;0.7;28.0;Leppun;0.94;;;;;
Car381009-2026-Pass1-Z1-2MU00693_20260728_225809_000;0.0;1.9;25.0;Phogri;0.04;Rhasp, noise, Tetvir;;;;
Car381009-2026-Pass1-Z1-2MU00693_20260728_225820_000;0.0;1.9;28.0;Leppun;0.92;;;;;
Car381009-2026-Pass1-Z1-2MU00693_20260728_225820_000;0.2;1.8;30.0;Testes;0.06;noise, Antsp, Insp12;;;;
Car381009-2026-Pass1-Z1-2MU00693_20260728_225824_000;0.0;0.8;34.0;Leppun;0.83;;;;;
Car381009-2026-Pass1-Z1-2MU00693_20260728_225824_000;0.9;1.6;59.0;noise;0.04;Tetvir, Pippyg, Pippip, Phogri, Eptser;;;;
Car381009-2026-Pass1-Z1-2MU00693_20260728_225829_000;0.0;1.4;27.0;Leppun;0.95;;;;;
Car381009-2026-Pass1-Z1-2MU00693_20260728_225833_000;0.4;1.7;29.0;Cyrscu;0.09;Eptser;;;;
Car381009-2026-Pass1-Z1-2MU00693_20260728_225833_000;0.0;1.1;42.0;Leppun;0.98;;;;;
Car381009-2026-Pass1-Z1-2MU00693_20260728_225836_000;0.0;2.0;40.0;Leppun;0.96;;;;;
Car381009-2026-Pass1-Z1-2MU00693_20260728_225836_000;0.1;2.0;28.0;Antsp;0.29;;;;;
Car381009-2026-Pass1-Z1-2MU00693_20260728_225839_000;0.0;0.1;39.0;Leppun;0.98;;;;;
Car381009-2026-Pass1-Z1-2MU00693_20260728_225841_000;0.0;2.1;33.0;Leppun;0.98;;;;;
Car381009-2026-Pass1-Z1-2MU00693_20260728_225841_000;0.7;2.0;24.0;noise;0.08;;;;;
Car381009-2026-Pass1-Z1-2MU00693_20260728_225844_000;0.0;2.0;35.0;Leppun;0.76;;;;;
Car381009-2026-Pass1-Z1-2MU00693_20260728_225846_000;0.0;0.4;28.0;Leppun;0.92;;;;;
Car381009-2026-Pass1-Z1-2MU00693_20260728_225846_000;2.2;2.3;22.0;noise;0.34;;;;;
Car381009-2026-Pass1-Z1-2MU00693_20260728_225849_000;0.8;2.0;24.0;Eptser;0.08;Cyrscu;;;;
Car381009-2026-Pass1-Z1-2MU00693_20260728_225849_000;0.0;0.1;38.0;Leppun;0.98;;;;;
Car381009-2026-Pass1-Z1-2MU00693_20260728_225853_000;0.0;1.7;30.0;Leppun;0.87;;;;;
Car381009-2026-Pass1-Z1-2MU00693_20260728_225853_000;0.8;1.0;26.0;Phogri;0.44;;;;;
Car381009-2026-Pass1-Z1-2MU00693_20260728_225856_000;0.0;1.3;38.0;Leppun;0.97;;;;;
Car381009-2026-Pass1-Z1-2MU00693_20260728_225856_000;0.6;1.9;28.0;noise;0.1;;;;;
Car381009-2026-Pass1-Z1-2MU00693_20260728_225900_000;0.0;2.1;33.0;Leppun;0.97;;;;;
Car381009-2026-Pass1-Z1-2MU00693_20260728_225900_000;0.9;2.0;27.0;Rhasp;0.06;noise, Phogri;;;;
Car381009-2026-Pass1-Z1-2MU00693_20260728_225905_000;0.0;1.9;34.0;Leppun;0.98;;;;;
Car381009-2026-Pass1-Z1-2MU00693_20260728_225905_000;0.1;1.9;50.0;Pippip;0.91;;;;;
Car381009-2026-Pass1-Z1-2MU00693_20260728_225908_000;0.0;2.0;35.0;Leppun;0.92;;;;;
Car381009-2026-Pass1-Z1-2MU00693_20260728_225908_000;0.6;1.4;48.0;Pippip;0.41;;;;;
Car381009-2026-Pass1-Z1-2MU00693_20260728_225910_000;0.0;2.7;34.0;noise;0.24;;;;;
Car381009-2026-Pass1-Z1-2MU00693_20260728_225910_000;2.2;3.1;38.0;Pipnat;0.53;;;;;
Car381009-2026-Pass1-Z1-2MU00693_20260728_225910_000;0.1;2.3;26.0;Rhasp;0.03;Phogri, Tetvir, Plaint;;;;
Car381009-2026-Pass1-Z1-2MU00693_20260728_225915_000;0.0;2.2;38.0;Leppun;0.92;;;;;
Car381009-2026-Pass1-Z1-2MU00693_20260728_225915_000;0.2;0.3;42.0;Pipkuh;0.52;;;;;
Car381009-2026-Pass1-Z1-2MU00693_20260728_225923_000;0.0;4.7;35.0;Leppun;0.95;;;;;
Car381009-2026-Pass1-Z1-2MU00693_20260728_225923_000;0.0;4.9;39.0;Pipkuh;0.47;Pipnat;;;;
Car381009-2026-Pass1-Z1-2MU00693_20260728_225923_000;0.6;4.9;26.0;Phogri;0.06;noise;;;;
Car381009-2026-Pass1-Z1-2MU00693_20260728_225933_000;0.0;1.8;37.0;Leppun;0.9;;;;;
Car381009-2026-Pass1-Z1-2MU00693_20260728_225933_000;0.5;0.7;24.0;Phogri;0.54;;;;;
Car381009-2026-Pass1-Z1-2MU00693_20260728_225937_000;0.0;2.1;34.0;Leppun;0.94;;;;;
Car381009-2026-Pass1-Z1-2MU00693_20260728_225937_000;0.2;2.0;31.0;noise;0.09;;;;;
Car381009-2026-Pass1-Z1-2MU00693_20260728_225943_000;0.0;1.6;47.0;Leppun;0.97;;;;;
Car381009-2026-Pass1-Z1-2MU00693_20260728_225943_000;0.3;1.6;26.0;Phogri;0.41;;;;;
Car381009-2026-Pass1-Z1-2MU00693_20260728_225957_000;0.0;1.0;32.0;Leppun;0.06;noise, Yposp, Phogri;;;;
Car381009-2026-Pass1-Z1-2MU00693_20260728_225957_000;0.0;2.0;32.0;noise;0.05;Yposp, Testes, Antsp;;;;
Car381009-2026-Pass1-Z1-2MU00693_20260728_230001_000;0.0;1.5;37.0;Leppun;0.92;;;;;
Car381009-2026-Pass1-Z1-2MU00693_20260728_230001_000;0.2;1.4;24.0;Phogri;0.07;noise;;;;
Car381009-2026-Pass1-Z1-2MU00693_20260728_230005_000;0.0;1.7;47.0;Leppun;0.98;;;;;
Car381009-2026-Pass1-Z1-2MU00693_20260728_230005_000;0.7;0.9;26.0;noise;0.08;Phogri;;;;
Car381009-2026-Pass1-Z1-2MU00693_20260728_230009_000;0.0;2.1;34.0;Leppun;0.93;;;;;
Car381009-2026-Pass1-Z1-2MU00693_20260728_230009_000;1.0;1.6;38.0;Phogri;0.46;;;;;
Car381009-2026-Pass1-Z1-2MU00693_20260728_230013_000;0.0;3.4;34.0;Leppun;0.09;noise;;;;
Car381009-2026-Pass1-Z1-2MU00693_20260728_230013_000;0.2;3.4;26.0;Phogri;0.5;;;;;
Car381009-2026-Pass1-Z1-2MU00693_20260728_230013_000;0.3;3.4;38.0;Pipkuh;0.29;;;;;
Car381009-2026-Pass1-Z1-2MU00693_20260728_230020_000;0.0;0.6;40.0;Leppun;0.98;;;;;
Car381009-2026-Pass1-Z1-2MU00693_20260728_230020_000;0.4;1.9;27.0;noise;0.1;Phogri;;;;
Car381009-2026-Pass1-Z1-2MU00693_20260728_230025_000;0.0;1.9;33.0;Leppun;0.82;;;;;
Car381009-2026-Pass1-Z1-2MU00693_20260728_230025_000;0.0;1.9;27.0;noise;0.12;;;;;
Car381009-2026-Pass1-Z1-2MU00693_20260728_230030_000;0.0;2.0;37.0;Leppun;0.98;;;;;
Car381009-2026-Pass1-Z1-2MU00693_20260728_230030_000;0.1;2.0;28.0;Phogri;0.18;noise;;;;
Car381009-2026-Pass1-Z1-2MU00693_20260728_230033_000;0.1;1.4;29.0;Eptser;0.16;;;;;
Car381009-2026-Pass1-Z1-2MU00693_20260728_230033_000;0.0;1.8;35.0;Leppun;0.9;;;;;
Car381009-2026-Pass1-Z1-2MU00693_20260728_230033_000;1.3;1.7;25.0;noise;0.08;Phogri;;;;
Car381009-2026-Pass1-Z1-2MU00693_20260728_230036_000;0.0;1.2;28.0;Phogri;0.31;;;;;
Car381009-2026-Pass1-Z1-2MU00693_20260728_230038_000;0.0;1.9;38.0;Leppun;0.96;;;;;
Car381009-2026-Pass1-Z1-2MU00693_20260728_230038_000;0.7;0.9;27.0;Phogri;0.34;;;;;
Car381009-2026-Pass1-Z1-2MU00693_20260728_230058_000;0.0;1.9;36.0;Leppun;0.96;;;;;
Car381009-2026-Pass1-Z1-2MU00693_20260728_230058_000;0.7;1.9;37.0;Phogri;0.75;;;;;
Car381009-2026-Pass1-Z1-2MU00693_20260728_230104_000;1.5;1.6;27.0;Eptser;0.3;;;;;
Car381009-2026-Pass1-Z1-2MU00693_20260728_230104_000;0.0;1.9;39.0;Leppun;0.93;;;;;
Car381009-2026-Pass1-Z1-2MU00693_20260728_230104_000;0.4;1.9;28.0;Phogri;0.6;;;;;
Car381009-2026-Pass1-Z1-2MU00693_20260728_230115_000;0.0;2.4;39.0;Leppun;0.95;;;;;
Car381009-2026-Pass1-Z1-2MU00693_20260728_230115_000;0.0;2.2;29.0;Phogri;0.6;;;;;
Car381009-2026-Pass1-Z1-2MU00693_20260728_230121_000;0.0;3.9;38.0;Leppun;0.97;;;;;
Car381009-2026-Pass1-Z1-2MU00693_20260728_230121_000;0.3;4.0;29.0;Phogri;0.61;;;;;
Car381009-2026-Pass1-Z1-2MU00693_20260728_230126_000;0.0;2.0;33.0;Leppun;0.93;;;;;
Car381009-2026-Pass1-Z1-2MU00693_20260728_230126_000;0.3;1.5;28.0;Phogri;0.35;;;;;
Car381009-2026-Pass1-Z1-2MU00693_20260728_230129_000;0.0;2.0;33.0;Leppun;0.86;;;;;
Car381009-2026-Pass1-Z1-2MU00693_20260728_230129_000;0.4;1.9;32.0;Phogri;0.31;;;;;
Car381009-2026-Pass1-Z1-2MU00693_20260728_230134_000;0.3;2.7;46.0;Leppun;0.96;;;;;
Car381009-2026-Pass1-Z1-2MU00693_20260728_230134_000;0.2;2.7;27.0;Phogri;0.56;;;;;
Car381009-2026-Pass1-Z1-2MU00693_20260728_230139_000;0.0;1.9;36.0;Leppun;0.98;;;;;
Car381009-2026-Pass1-Z1-2MU00693_20260728_230139_000;0.0;2.0;27.0;Phogri;0.09;noise;;;;
Car381009-2026-Pass1-Z1-2MU00693_20260728_230144_000;0.0;3.7;33.0;Leppun;0.8;;;;;
Car381009-2026-Pass1-Z1-2MU00693_20260728_230144_000;0.3;3.5;27.0;Phogri;0.68;;;;;
Car381009-2026-Pass1-Z1-2MU00693_20260728_230144_000;1.7;3.6;31.0;Antsp;0.28;;;;;
Car381009-2026-Pass1-Z1-2MU00693_20260728_230149_000;0.0;2.1;34.0;Leppun;0.87;;;;;
Car381009-2026-Pass1-Z1-2MU00693_20260728_230149_000;0.2;1.4;31.0;noise;0.07;Testes, Antsp, Yposp;;;;
Car381009-2026-Pass1-Z1-2MU00693_20260728_230153_000;0.0;2.4;31.0;Leppun;0.96;;;;;
Car381009-2026-Pass1-Z1-2MU00693_20260728_230153_000;0.5;3.1;28.0;Phogri;0.51;;;;;
Car381009-2026-Pass1-Z1-2MU00693_20260728_230157_000;0.0;2.1;31.0;Leppun;0.33;;;;;
Car381009-2026-Pass1-Z1-2MU00693_20260728_230157_000;0.1;1.9;27.0;Phogri;0.47;;;;;
Car381009-2026-Pass1-Z1-2MU00693_20260728_230200_000;0.0;1.2;33.0;Leppun;0.98;;;;;
Car381009-2026-Pass1-Z1-2MU00693_20260728_230200_000;0.0;1.9;26.0;Phogri;0.4;;;;;
Car381009-2026-Pass1-Z1-2MU00693_20260728_230203_000;0.0;2.1;32.0;Leppun;0.2;;;;;
Car381009-2026-Pass1-Z1-2MU00693_20260728_230203_000;0.0;1.8;28.0;Phogri;0.44;;;;;
Car381009-2026-Pass1-Z1-2MU00693_20260728_230207_000;0.0;4.2;33.0;Leppun;0.32;;;;;
Car381009-2026-Pass1-Z1-2MU00693_20260728_230207_000;0.0;4.2;29.0;Phogri;0.08;Rhasp, noise;;;;
Car381009-2026-Pass1-Z1-2MU00693_20260728_230216_000;0.0;1.7;35.0;Leppun;0.96;;;;;
Car381009-2026-Pass1-Z1-2MU00693_20260728_230216_000;0.2;1.7;30.0;noise;0.09;;;;;
Car381009-2026-Pass1-Z1-2MU00693_20260728_230220_000;0.0;0.4;44.0;Leppun;0.97;;;;;
Car381009-2026-Pass1-Z1-2MU00693_20260728_230220_000;0.3;0.4;26.0;Phogri;0.59;;;;;
Car381009-2026-Pass1-Z1-2MU00693_20260728_230224_000;0.0;2.0;36.0;Leppun;0.76;;;;;
Car381009-2026-Pass1-Z1-2MU00693_20260728_230224_000;0.1;2.0;32.0;noise;0.05;Phogri;;;;
Car381009-2026-Pass1-Z1-2MU00693_20260728_230231_000;0.0;1.8;48.0;Leppun;0.98;;;;;
Car381009-2026-Pass1-Z1-2MU00693_20260728_230231_000;0.1;1.8;29.0;noise;0.04;Tetvir, Pleaus, Pippip, Phogri;;;;
Car381009-2026-Pass1-Z1-2MU00693_20260728_230236_000;0.0;2.0;29.0;Phogri;0.38;;;;;
Car381009-2026-Pass1-Z1-2MU00693_20260728_230243_000;0.0;1.2;40.0;Leppun;0.98;;;;;
Car381009-2026-Pass1-Z1-2MU00693_20260728_230243_000;1.2;1.3;37.0;Phogri;0.37;;;;;
Car381009-2026-Pass1-Z1-2MU00693_20260728_230247_000;0.0;2.0;33.0;Leppun;0.78;;;;;
Car381009-2026-Pass1-Z1-2MU00693_20260728_230247_000;0.5;1.5;33.0;Rhasp;0.09;noise;;;;
Car381009-2026-Pass1-Z1-2MU00693_20260728_230249_000;0.0;2.1;32.0;Leppun;0.96;;;;;
Car381009-2026-Pass1-Z1-2MU00693_20260728_230249_000;0.1;1.8;29.0;noise;0.05;;;;;
Car381009-2026-Pass1-Z1-2MU00693_20260728_230252_000;0.0;0.9;30.0;Leppun;0.96;;;;;
Car381009-2026-Pass1-Z1-2MU00693_20260728_230252_000;1.6;1.7;46.0;Pippip;0.32;;;;;
Car381009-2026-Pass1-Z1-2MU00693_20260728_230255_000;0.0;1.6;36.0;Leppun;0.97;;;;;
Car381009-2026-Pass1-Z1-2MU00693_20260728_230255_000;0.1;1.6;28.0;Phogri;0.24;;;;;
Car381009-2026-Pass1-Z1-2MU00693_20260728_230303_000;0.0;1.8;32.0;Leppun;0.9;;;;;
Car381009-2026-Pass1-Z1-2MU00693_20260728_230303_000;0.1;1.8;30.0;Phogri;0.34;;;;;
Car381009-2026-Pass1-Z1-2MU00693_20260728_230307_000;0.0;1.0;37.0;Phogri;0.04;Yposp, Tetvir, Rhasp;;;;
Car381009-2026-Pass1-Z1-2MU00693_20260728_230307_000;0.0;2.2;38.0;Leppun;0.91;;;;;
Car381009-2026-Pass1-Z1-2MU00693_20260728_230307_000;0.8;2.3;28.0;noise;0.09;Phogri;;;;
Car381009-2026-Pass1-Z1-2MU00693_20260728_230310_000;0.0;1.3;32.0;Leppun;0.87;;;;;
Car381009-2026-Pass1-Z1-2MU00693_20260728_230310_000;0.8;1.4;27.0;noise;0.13;;;;;
Car381009-2026-Pass1-Z1-2MU00693_20260728_230316_000;0.0;4.9;35.0;Leppun;0.74;;;;;
Car381009-2026-Pass1-Z1-2MU00693_20260728_230316_000;1.2;4.6;22.0;Phogri;0.79;;;;;
Car381009-2026-Pass1-Z1-2MU00693_20260728_230316_000;1.8;5.0;33.0;Antsp;0.11;noise, Testes;;;;
Car381009-2026-Pass1-Z1-2MU00693_20260728_230316_000;1.2;4.5;42.0;Tetvir;0.48;;;;;
Car381009-2026-Pass1-Z1-2MU00693_20260728_230323_000;0.0;0.8;38.0;Leppun;0.98;;;;;
Car381009-2026-Pass1-Z1-2MU00693_20260728_230323_000;0.4;1.9;23.0;Phogri;0.07;;;;;
Car381009-2026-Pass1-Z1-2MU00693_20260728_230328_000;0.0;1.9;44.0;Leppun;0.98;;;;;
Car381009-2026-Pass1-Z1-2MU00693_20260728_230328_000;0.4;1.6;26.0;Phogri;0.05;noise;;;;
Car381009-2026-Pass1-Z1-2MU00693_20260728_230332_000;0.0;2.0;33.0;Leppun;0.83;;;;;
Car381009-2026-Pass1-Z1-2MU00693_20260728_230332_000;1.0;1.9;33.0;Testes;0.1;noise;;;;
Car381009-2026-Pass1-Z1-2MU00693_20260728_230339_000;0.0;1.3;42.0;Leppun;0.97;;;;;
Car381009-2026-Pass1-Z1-2MU00693_20260728_230339_000;0.4;2.1;27.0;Phogri;0.05;Rhasp, noise;;;;
Car381009-2026-Pass1-Z1-2MU00693_20260728_230343_000;0.0;2.1;34.0;Leppun;0.95;;;;;
Car381009-2026-Pass1-Z1-2MU00693_20260728_230343_000;0.0;1.9;26.0;noise;0.04;Pippip, Phogri, Tetvir, Rhasp;;;;
Car381009-2026-Pass1-Z1-2MU00693_20260728_230346_000;0.0;1.5;36.0;Leppun;0.79;;;;;
Car381009-2026-Pass1-Z1-2MU00693_20260728_230346_000;0.4;1.7;26.0;Phogri;0.79;;;;;
Car381009-2026-Pass1-Z1-2MU00693_20260728_230350_000;0.0;2.0;34.0;Leppun;0.74;;;;;
Car381009-2026-Pass1-Z1-2MU00693_20260728_230350_000;0.9;2.0;32.0;noise;0.05;Antsp, Testes, Insp12;;;;
Car381009-2026-Pass1-Z1-2MU00693_20260728_230354_000;0.0;1.8;32.0;Leppun;0.34;;;;;
Car381009-2026-Pass1-Z1-2MU00693_20260728_230354_000;0.3;1.6;30.0;Phogri;0.61;;;;;
Car381009-2026-Pass1-Z1-2MU00693_20260728_230354_000;0.1;1.8;31.0;Testes;0.22;;;;;
Car381009-2026-Pass1-Z1-2MU00693_20260728_230358_000;0.0;1.3;42.0;Leppun;0.98;;;;;
Car381009-2026-Pass1-Z1-2MU00693_20260728_230358_000;1.2;1.3;50.0;Phogri;0.12;;;;;
Car381009-2026-Pass1-Z1-2MU00693_20260728_230402_000;0.0;1.8;28.0;Phogri;0.04;noise, Tetvir, Eptser, Pippip;;;;
Car381009-2026-Pass1-Z1-2MU00693_20260728_230402_000;0.0;1.7;33.0;Leppun;0.91;;;;;
Car381009-2026-Pass1-Z1-2MU00693_20260728_230406_000;0.0;1.8;41.0;Leppun;0.94;;;;;
Car381009-2026-Pass1-Z1-2MU00693_20260728_230406_000;1.3;1.9;21.0;noise;0.08;Phogri;;;;
Car381009-2026-Pass1-Z1-2MU00693_20260728_230412_000;0.0;1.8;35.0;Leppun;0.97;;;;;
Car381009-2026-Pass1-Z1-2MU00693_20260728_230412_000;0.2;1.8;25.0;Phogri;0.1;noise;;;;
Car381009-2026-Pass1-Z1-2MU00693_20260728_230418_000;0.0;1.5;32.0;Leppun;0.88;;;;;
Car381009-2026-Pass1-Z1-2MU00693_20260728_230418_000;0.1;1.4;33.0;noise;0.05;Testes, Insp12, Phogri, Antsp;;;;
Car381009-2026-Pass1-Z1-2MU00693_20260728_230421_000;0.0;1.6;38.0;Leppun;0.93;;;;;
Car381009-2026-Pass1-Z1-2MU00693_20260728_230421_000;0.3;1.7;26.0;noise;0.08;Phogri;;;;
Car381009-2026-Pass1-Z1-2MU00693_20260728_230421_000;0.2;1.1;28.0;Phogri;0.06;;;;;
Car381009-2026-Pass1-Z1-2MU00693_20260728_230425_000;0.0;2.1;33.0;Leppun;0.36;;;;;
Car381009-2026-Pass1-Z1-2MU00693_20260728_230425_000;0.4;2.0;32.0;noise;0.12;;;;;
Car381009-2026-Pass1-Z1-2MU00693_20260728_230429_000;0.0;0.7;37.0;Leppun;0.97;;;;;
Car381009-2026-Pass1-Z1-2MU00693_20260728_230429_000;0.5;1.2;25.0;Phogri;0.45;;;;;
Car381009-2026-Pass1-Z1-2MU00693_20260728_230432_000;0.0;3.8;30.0;Leppun;0.96;;;;;
Car381009-2026-Pass1-Z1-2MU00693_20260728_230432_000;0.9;3.1;27.0;noise;0.05;Phogri, Antsp;;;;
Car381009-2026-Pass1-Z1-2MU00693_20260728_230439_000;0.0;1.7;34.0;Leppun;0.94;;;;;
Car381009-2026-Pass1-Z1-2MU00693_20260728_230439_000;0.3;0.9;31.0;Testes;0.05;noise, Insp12;;;;
Car381009-2026-Pass1-Z1-2MU00693_20260728_230442_000;0.1;2.1;32.0;Antsp;0.1;Yposp, Rhasp;;;;
Car381009-2026-Pass1-Z1-2MU00693_20260728_230442_000;0.0;2.0;34.0;Leppun;0.91;;;;;
Car381009-2026-Pass1-Z1-2MU00693_20260728_230442_000;0.4;1.2;26.0;noise;0.05;Plaint;;;;
Car381009-2026-Pass1-Z1-2MU00693_20260728_230446_000;0.0;1.5;31.0;Leppun;0.97;;;;;
Car381009-2026-Pass1-Z1-2MU00693_20260728_230446_000;1.7;1.8;22.0;noise;0.14;;;;;
Car381009-2026-Pass1-Z1-2MU00693_20260728_230446_000;1.3;1.5;28.0;Phogri;0.61;;;;;
Car381009-2026-Pass1-Z1-2MU00693_20260728_230451_000;0.0;0.1;38.0;Leppun;0.98;;;;;
Car381009-2026-Pass1-Z1-2MU00693_20260728_230451_000;1.3;1.5;23.0;noise;0.08;;;;;
Car381009-2026-Pass1-Z1-2MU00693_20260728_230451_000;0.7;0.8;21.0;Plaint;0.03;Thycor, Tetvir, Phogri;;;;
Car381009-2026-Pass1-Z1-2MU00693_20260728_230453_000;0.3;3.6;44.0;noise;0.04;Yposp, Tetvir, Pippip;;;;
Car381009-2026-Pass1-Z1-2MU00693_20260728_230453_000;0.0;3.7;33.0;Leppun;0.94;;;;;
Car381009-2026-Pass1-Z1-2MU00693_20260728_230453_000;0.3;3.7;25.0;Phogri;0.09;Rhasp, noise;;;;
Car381009-2026-Pass1-Z1-2MU00693_20260728_230457_000;0.0;4.8;33.0;Leppun;0.86;;;;;
Car381009-2026-Pass1-Z1-2MU00693_20260728_230457_000;0.2;4.9;32.0;noise;0.11;;;;;
Car381009-2026-Pass1-Z1-2MU00693_20260728_230505_000;0.0;1.9;26.0;Leppun;0.96;;;;;
Car381009-2026-Pass1-Z1-2MU00693_20260728_230505_000;0.5;1.1;35.0;noise;0.12;;;;;
Car381009-2026-Pass1-Z1-2MU00693_20260728_230511_000;0.0;0.6;28.0;Leppun;0.98;;;;;
Car381009-2026-Pass1-Z1-2MU00693_20260728_230511_000;1.0;1.2;25.0;noise;0.12;;;;;
Car381009-2026-Pass1-Z1-2MU00693_20260728_230515_000;0.0;1.2;38.0;Leppun;0.98;;;;;
Car381009-2026-Pass1-Z1-2MU00693_20260728_230515_000;0.1;1.9;26.0;noise;0.05;;;;;
Car381009-2026-Pass1-Z1-2MU00693_20260728_230518_000;0.0;2.1;32.0;Leppun;0.94;;;;;
Car381009-2026-Pass1-Z1-2MU00693_20260728_230518_000;0.2;1.6;27.0;noise;0.05;Pippip, Phogri;;;;
Car381009-2026-Pass1-Z1-2MU00693_20260728_230522_000;0.0;1.7;33.0;Leppun;0.85;;;;;
Car381009-2026-Pass1-Z1-2MU00693_20260728_230522_000;0.4;1.6;27.0;noise;0.09;;;;;
Car381009-2026-Pass1-Z1-2MU00693_20260728_230522_000;0.7;1.6;30.0;Testes;0.14;;;;;
Car381009-2026-Pass1-Z1-2MU00693_20260728_230526_000;0.0;1.8;34.0;Leppun;0.55;;;;;
Car381009-2026-Pass1-Z1-2MU00693_20260728_230526_000;0.5;1.7;24.0;noise;0.04;Phogri, Isopyr, Cyrscu, Tetvir, Rhasp;;;;
Car381009-2026-Pass1-Z1-2MU00693_20260728_230531_000;0.0;2.0;32.0;Leppun;0.97;;;;;
Car381009-2026-Pass1-Z1-2MU00693_20260728_230531_000;0.9;2.0;25.0;noise;0.04;Phogri, Tetvir, Rhasp, Plaint;;;;
Car381009-2026-Pass1-Z1-2MU00693_20260728_230536_000;0.0;1.9;41.0;Leppun;0.98;;;;;
Car381009-2026-Pass1-Z1-2MU00693_20260728_230536_000;0.3;1.9;26.0;Phogri;0.18;;;;;
Car381009-2026-Pass1-Z1-2MU00693_20260728_230542_000;0.0;2.6;34.0;Leppun;0.9;;;;;
Car381009-2026-Pass1-Z1-2MU00693_20260728_230542_000;0.0;2.9;33.0;Rhasp;0.09;noise;;;;
Car381009-2026-Pass1-Z1-2MU00693_20260728_230547_000;0.0;2.1;27.0;Leppun;0.98;;;;;
Car381009-2026-Pass1-Z1-2MU00693_20260728_230547_000;0.2;2.1;24.0;Phogri;0.42;;;;;
Car381009-2026-Pass1-Z1-2MU00693_20260728_230551_000;0.0;0.9;37.0;noise;0.06;Confus;;;;
Car381009-2026-Pass1-Z1-2MU00693_20260728_230551_000;0.8;0.9;38.0;Leppun;0.37;;;;;
Car381009-2026-Pass1-Z1-2MU00693_20260728_230551_000;1.1;2.7;24.0;Plaint;0.05;Phogri;;;;
Car381009-2026-Pass1-Z1-2MU00693_20260728_230554_000;0.0;1.7;38.0;Leppun;0.96;;;;;
Car381009-2026-Pass1-Z1-2MU00693_20260728_230554_000;0.7;1.7;25.0;Phogri;0.04;noise, Tetvir, Rhasp;;;;
Car381009-2026-Pass1-Z1-2MU00693_20260728_230558_000;0.0;1.8;42.0;Leppun;0.95;;;;;
Car381009-2026-Pass1-Z1-2MU00693_20260728_230558_000;0.3;1.6;26.0;Phogri;0.08;noise;;;;
Car381009-2026-Pass1-Z1-2MU00693_20260728_230602_000;0.0;1.8;32.0;Leppun;0.13;;;;;
Car381009-2026-Pass1-Z1-2MU00693_20260728_230605_000;0.0;1.9;36.0;Leppun;0.92;;;;;
Car381009-2026-Pass1-Z1-2MU00693_20260728_230605_000;0.6;2.0;28.0;Phogri;0.49;;;;;
Car381009-2026-Pass1-Z1-2MU00693_20260728_230609_000;0.0;0.9;37.0;Leppun;0.98;;;;;
Car381009-2026-Pass1-Z1-2MU00693_20260728_230609_000;0.0;0.1;20.0;noise;0.1;;;;;
Car381009-2026-Pass1-Z1-2MU00693_20260728_230614_000;0.0;1.9;38.0;Leppun;0.98;;;;;
Car381009-2026-Pass1-Z1-2MU00693_20260728_230614_000;0.2;1.4;25.0;Phogri;0.04;noise, Tetvir, Sepsep, Plaint;;;;
Car381009-2026-Pass1-Z1-2MU00693_20260728_230618_000;0.0;2.1;33.0;Leppun;0.82;;;;;
Car381009-2026-Pass1-Z1-2MU00693_20260728_230618_000;0.2;2.1;26.0;Phogri;0.69;;;;;
Car381009-2026-Pass1-Z1-2MU00693_20260728_230618_000;1.4;2.0;32.0;Testes;0.16;;;;;
Car381009-2026-Pass1-Z1-2MU00693_20260728_230621_000;0.0;2.0;35.0;Leppun;0.89;;;;;
Car381009-2026-Pass1-Z1-2MU00693_20260728_230621_000;0.1;2.0;27.0;noise;0.1;;;;;
Car381009-2026-Pass1-Z1-2MU00693_20260728_230621_000;0.1;1.9;33.0;Testes;0.53;;;;;
Car381009-2026-Pass1-Z1-2MU00693_20260728_230626_000;0.0;0.7;40.0;Leppun;0.98;;;;;
Car381009-2026-Pass1-Z1-2MU00693_20260728_230626_000;0.1;2.0;25.0;Phogri;0.08;noise;;;;
Car381009-2026-Pass1-Z1-2MU00693_20260728_230629_000;0.0;1.3;35.0;Leppun;0.58;;;;;
Car381009-2026-Pass1-Z1-2MU00693_20260728_230629_000;0.2;1.3;27.0;noise;0.09;Phogri;;;;
Car381009-2026-Pass1-Z1-2MU00693_20260728_230629_000;0.1;0.3;37.0;Tetvir;0.25;;;;;
Car381009-2026-Pass1-Z1-2MU00693_20260728_230632_000;0.0;1.3;36.0;Leppun;0.98;;;;;
Car381009-2026-Pass1-Z1-2MU00693_20260728_230632_000;1.2;1.4;38.0;Rhasp;0.08;Phogri, noise;;;;
Car381009-2026-Pass1-Z1-2MU00693_20260728_230635_000;0.0;2.6;33.0;Leppun;0.95;;;;;
Car381009-2026-Pass1-Z1-2MU00693_20260728_230635_000;0.3;1.8;24.0;Rhasp;0.17;;;;;
Car381009-2026-Pass1-Z1-2MU00693_20260728_230639_000;0.4;1.6;26.0;Cyrscu;0.16;;;;;
Car381009-2026-Pass1-Z1-2MU00693_20260728_230639_000;0.0;1.4;40.0;Leppun;0.95;;;;;
Car381009-2026-Pass1-Z1-2MU00693_20260728_230644_000;0.0;1.7;32.0;Leppun;0.72;;;;;
Car381009-2026-Pass1-Z1-2MU00693_20260728_230644_000;0.7;2.0;29.0;Phogri;0.16;;;;;
Car381009-2026-Pass1-Z1-2MU00693_20260728_230649_000;0.0;1.3;35.0;Leppun;0.95;;;;;
Car381009-2026-Pass1-Z1-2MU00693_20260728_230653_000;0.0;1.7;33.0;Leppun;0.99;;;;;
Car381009-2026-Pass1-Z1-2MU00693_20260728_230653_000;0.3;2.2;30.0;Phogri;0.09;noise;;;;
Car381009-2026-Pass1-Z1-2MU00693_20260728_230656_000;0.0;4.3;36.0;Leppun;0.97;;;;;
Car381009-2026-Pass1-Z1-2MU00693_20260728_230656_000;0.2;4.7;25.0;Phogri;0.15;;;;;
Car381009-2026-Pass1-Z1-2MU00693_20260728_230702_000;0.0;0.8;40.0;Leppun;0.98;;;;;
Car381009-2026-Pass1-Z1-2MU00693_20260728_230702_000;0.6;2.0;25.0;Phogri;0.47;;;;;
Car381009-2026-Pass1-Z1-2MU00693_20260728_230705_000;0.0;1.8;33.0;Leppun;0.83;;;;;
Car381009-2026-Pass1-Z1-2MU00693_20260728_230705_000;0.0;1.7;30.0;noise;0.05;Antsp, Testes, Insp12;;;;
Car381009-2026-Pass1-Z1-2MU00693_20260728_230707_000;0.0;2.7;32.0;Leppun;0.31;;;;;
Car381009-2026-Pass1-Z1-2MU00693_20260728_230707_000;0.6;2.8;27.0;Phogri;0.53;;;;;
Car381009-2026-Pass1-Z1-2MU00693_20260728_230707_000;0.2;2.7;31.0;Testes;0.08;noise;;;;
Car381009-2026-Pass1-Z1-2MU00693_20260728_230711_000;0.0;5.0;32.0;Leppun;0.97;;;;;
Car381009-2026-Pass1-Z1-2MU00693_20260728_230711_000;0.4;5.0;24.0;Phogri;0.26;;;;;
Car381009-2026-Pass1-Z1-2MU00693_20260728_230716_000;0.0;2.0;31.0;Phogri;0.51;;;;;
Car381009-2026-Pass1-Z1-2MU00693_20260728_230721_000;0.0;3.3;33.0;Leppun;0.96;;;;;
Car381009-2026-Pass1-Z1-2MU00693_20260728_230721_000;0.3;3.3;27.0;Phogri;0.78;;;;;
Car381009-2026-Pass1-Z1-2MU00693_20260728_230727_000;0.0;2.0;25.0;noise;0.08;;;;;
Car381009-2026-Pass1-Z1-2MU00693_20260728_230727_000;0.0;2.1;32.0;Testes;0.84;;;;;
Car381009-2026-Pass1-Z1-2MU00693_20260728_230731_000;0.0;0.1;37.0;Leppun;0.98;;;;;
Car381009-2026-Pass1-Z1-2MU00693_20260728_230731_000;1.0;1.5;24.0;noise;0.08;Phogri;;;;
Car381009-2026-Pass1-Z1-2MU00693_20260728_230736_000;0.0;1.9;34.0;Leppun;0.95;;;;;
Car381009-2026-Pass1-Z1-2MU00693_20260728_230736_000;1.4;1.5;22.0;Nyclei;0.54;;;;;
Car381009-2026-Pass1-Z1-2MU00693_20260728_230736_000;0.0;1.9;25.0;Phogri;0.72;;;;;
Car381009-2026-Pass1-Z1-2MU00693_20260728_230740_000;0.0;4.4;41.0;Leppun;0.9;;;;;
Car381009-2026-Pass1-Z1-2MU00693_20260728_230740_000;0.1;4.8;25.0;Rhasp;0.18;;;;;
Car381009-2026-Pass1-Z1-2MU00693_20260728_230749_000;0.0;1.0;41.0;Leppun;0.96;;;;;
Car381009-2026-Pass1-Z1-2MU00693_20260728_230749_000;0.4;1.5;26.0;Phogri;0.27;;;;;
Car381009-2026-Pass1-Z1-2MU00693_20260728_230754_000;0.0;1.9;45.0;Leppun;0.95;;;;;
Car381009-2026-Pass1-Z1-2MU00693_20260728_230754_000;0.0;1.9;25.0;Phogri;0.79;;;;;
Car381009-2026-Pass1-Z1-2MU00693_20260728_230758_000;1.6;1.7;26.0;Isopyr;0.8;;;;;
Car381009-2026-Pass1-Z1-2MU00693_20260728_230758_000;0.0;2.7;30.0;Leppun;0.72;;;;;
Car381009-2026-Pass1-Z1-2MU00693_20260728_230816_000;0.0;1.9;36.0;Leppun;0.98;;;;;
Car381009-2026-Pass1-Z1-2MU00693_20260728_230816_000;0.2;1.9;27.0;Phogri;0.04;noise, Tetvir, Cyrscu;;;;
Car381009-2026-Pass1-Z1-2MU00693_20260728_230823_000;0.3;1.1;27.0;Eptser;0.54;;;;;
Car381009-2026-Pass1-Z1-2MU00693_20260728_230823_000;0.0;2.0;30.0;noise;0.08;Leppun, Phogri;;;;
Car381009-2026-Pass1-Z1-2MU00693_20260728_230823_000;0.0;2.0;15.0;noise;0.06;Phogri, Phanan;;;;
Car381009-2026-Pass1-Z1-2MU00693_20260728_230826_000;0.4;2.0;28.0;Leppun;0.97;;;;;
Car381009-2026-Pass1-Z1-2MU00693_20260728_230826_000;0.0;1.3;20.0;Phogri;0.83;;;;;
Car381009-2026-Pass1-Z1-2MU00693_20260728_230829_000;0.5;4.3;35.0;Leppun;0.3;;;;;
Car381009-2026-Pass1-Z1-2MU00693_20260728_230829_000;0.9;4.8;30.0;noise;0.12;;;;;
Car381009-2026-Pass1-Z1-2MU00693_20260728_230829_000;0.0;3.6;25.0;Nyclei;0.98;;;;;
Car381009-2026-Pass1-Z1-2MU00693_20260728_230829_000;0.7;4.7;32.0;Testes;0.37;;;;;
Car381009-2026-Pass1-Z1-2MU00693_20260728_230835_000;0.2;2.0;34.0;Leppun;0.11;Phogri, noise;;;;
Car381009-2026-Pass1-Z1-2MU00693_20260728_230835_000;0.2;2.0;30.0;noise;0.08;Phogri;;;;
Car381009-2026-Pass1-Z1-2MU00693_20260728_230840_000;0.0;1.0;37.0;Leppun;0.98;;;;;
Car381009-2026-Pass1-Z1-2MU00693_20260728_230840_000;0.3;1.5;28.0;Phogri;0.69;;;;;
Car381009-2026-Pass1-Z1-2MU00693_20260728_230844_000;0.0;2.0;43.0;Leppun;0.94;;;;;
Car381009-2026-Pass1-Z1-2MU00693_20260728_230844_000;0.3;2.0;26.0;Phogri;0.06;noise;;;;
Car381009-2026-Pass1-Z1-2MU00693_20260728_230851_000;0.0;2.0;47.0;Leppun;0.96;;;;;
Car381009-2026-Pass1-Z1-2MU00693_20260728_230851_000;1.2;2.1;32.0;noise;0.07;Antsp, Testes, Yposp, Insp12;;;;
Car381009-2026-Pass1-Z1-2MU00693_20260728_230857_000;0.0;2.1;33.0;Leppun;0.98;;;;;
Car381009-2026-Pass1-Z1-2MU00693_20260728_230857_000;0.5;1.5;27.0;noise;0.07;Phogri;;;;
Car381009-2026-Pass1-Z1-2MU00693_20260728_230904_000;1.1;2.0;33.0;Leppun;0.96;;;;;
Car381009-2026-Pass1-Z1-2MU00693_20260728_230904_000;0.0;3.2;26.0;noise;0.09;Phogri;;;;
Car381009-2026-Pass1-Z1-2MU00693_20260728_230912_000;0.0;2.0;35.0;Leppun;0.96;;;;;
Car381009-2026-Pass1-Z1-2MU00693_20260728_230912_000;0.5;2.0;29.0;noise;0.08;Phogri;;;;
Car381009-2026-Pass1-Z1-2MU00693_20260728_230912_000;0.2;1.9;33.0;Testes;0.87;;;;;
Car381009-2026-Pass1-Z1-2MU00693_20260728_230917_000;0.0;1.8;37.0;Leppun;0.15;;;;;
Car381009-2026-Pass1-Z1-2MU00693_20260728_230917_000;1.2;1.4;26.0;Phogri;0.44;;;;;
Car381009-2026-Pass1-Z1-2MU00693_20260728_230925_000;0.0;2.0;31.0;Leppun;0.24;;;;;
Car381009-2026-Pass1-Z1-2MU00693_20260728_230925_000;0.8;2.1;25.0;Phogri;0.05;noise;;;;
Car381009-2026-Pass1-Z1-2MU00693_20260728_230928_000;0.0;1.8;38.0;Leppun;0.91;;;;;
Car381009-2026-Pass1-Z1-2MU00693_20260728_230932_000;0.0;2.1;44.0;Leppun;0.67;;;;;
Car381009-2026-Pass1-Z1-2MU00693_20260728_230932_000;0.7;2.0;31.0;noise;0.2;;;;;
Car381009-2026-Pass1-Z1-2MU00693_20260728_230932_000;0.0;2.1;32.0;Testes;0.68;;;;;
Car381009-2026-Pass1-Z1-2MU00693_20260728_230934_000;0.0;2.6;36.0;Leppun;0.94;;;;;
Car381009-2026-Pass1-Z1-2MU00693_20260728_230934_000;0.1;2.9;24.0;noise;0.13;Phogri;;;;
Car381009-2026-Pass1-Z1-2MU00693_20260728_230934_000;0.0;2.9;46.0;Rhihip;0.39;;;;;
Car381009-2026-Pass1-Z1-2MU00693_20260728_230942_000;0.0;2.0;44.0;Leppun;0.96;;;;;
Car381009-2026-Pass1-Z1-2MU00693_20260728_230942_000;0.8;2.1;25.0;Phogri;0.32;;;;;
Car381009-2026-Pass1-Z1-2MU00693_20260728_230946_000;0.0;1.7;38.0;Leppun;0.92;;;;;
Car381009-2026-Pass1-Z1-2MU00693_20260728_230950_000;0.0;1.9;29.0;Leppun;0.97;;;;;
Car381009-2026-Pass1-Z1-2MU00693_20260728_230950_000;0.4;2.0;25.0;Phogri;0.04;noise, Rhasp, Tetvir, Plaint, Metbra;;;;
Car381009-2026-Pass1-Z1-2MU00693_20260728_230954_000;0.0;1.9;42.0;Leppun;0.07;noise;;;;
Car381009-2026-Pass1-Z1-2MU00693_20260728_230954_000;0.2;1.9;33.0;Testes;0.08;noise;;;;
Car381009-2026-Pass1-Z1-2MU00693_20260728_230957_000;0.0;1.1;30.0;Leppun;0.25;;;;;
Car381009-2026-Pass1-Z1-2MU00693_20260728_230957_000;1.3;1.9;37.0;Phogri;0.05;Antsp, noise;;;;
Car381009-2026-Pass1-Z1-2MU00693_20260728_231001_000;0.0;1.9;38.0;Leppun;0.97;;;;;
Car381009-2026-Pass1-Z1-2MU00693_20260728_231001_000;1.1;1.7;22.0;Barfis;0.05;Phogri, noise, Cyrscu;;;;
Car381009-2026-Pass1-Z1-2MU00693_20260728_231011_000;0.0;2.1;37.0;Leppun;0.71;;;;;
Car381009-2026-Pass1-Z1-2MU00693_20260728_231011_000;0.6;1.5;22.0;Phogri;0.04;noise, Plaint, Tetvir;;;;
Car381009-2026-Pass1-Z1-2MU00693_20260728_231016_000;0.0;1.8;36.0;Leppun;0.82;;;;;
Car381009-2026-Pass1-Z1-2MU00693_20260728_231016_000;0.0;1.4;24.0;Phogri;0.66;;;;;
Car381009-2026-Pass1-Z1-2MU00693_20260728_231016_000;0.0;1.8;32.0;Testes;0.28;;;;;
Car381009-2026-Pass1-Z1-2MU00693_20260728_231025_000;0.0;1.7;28.0;noise;0.14;;;;;
Car381009-2026-Pass1-Z1-2MU00693_20260728_231025_000;0.7;1.8;21.0;Isopyr;0.09;;;;;
Car381009-2026-Pass1-Z1-2MU00693_20260728_231029_000;0.0;0.9;45.0;Leppun;0.96;;;;;
Car381009-2026-Pass1-Z1-2MU00693_20260728_231029_000;0.7;2.0;23.0;Phogri;0.77;;;;;
Car381009-2026-Pass1-Z1-2MU00693_20260728_231029_000;0.7;0.9;27.0;Rhasp;0.83;;;;;
Car381009-2026-Pass1-Z1-2MU00693_20260728_231032_000;0.0;2.0;31.0;Testes;0.37;;;;;
Car381009-2026-Pass1-Z1-2MU00693_20260728_231034_000;1.4;1.9;29.0;noise;0.09;;;;;
Car381009-2026-Pass1-Z1-2MU00693_20260728_231034_000;0.0;2.0;32.0;Testes;0.27;;;;;
Car381009-2026-Pass1-Z1-2MU00693_20260728_231038_000;0.0;1.1;26.0;Leppun;0.96;;;;;
Car381009-2026-Pass1-Z1-2MU00693_20260728_231038_000;0.8;1.2;34.0;Phogri;0.79;;;;;
Car381009-2026-Pass1-Z1-2MU00693_20260728_231042_000;0.0;1.1;35.0;Leppun;0.97;;;;;
Car381009-2026-Pass1-Z1-2MU00693_20260728_231042_000;0.2;1.4;26.0;Phogri;0.55;;;;;
Car381009-2026-Pass1-Z1-2MU00693_20260728_231045_000;0.0;1.8;25.0;Phogri;0.64;;;;;
Car381009-2026-Pass1-Z1-2MU00693_20260728_231047_000;0.0;1.8;38.0;Leppun;0.95;;;;;
Car381009-2026-Pass1-Z1-2MU00693_20260728_231047_000;0.6;1.9;24.0;Phogri;0.54;;;;;
Car381009-2026-Pass1-Z1-2MU00693_20260728_231052_000;0.0;4.1;32.0;Leppun;0.16;;;;;
Car381009-2026-Pass1-Z1-2MU00693_20260728_231052_000;0.1;4.7;28.0;noise;0.14;;;;;
Car381009-2026-Pass1-Z1-2MU00693_20260728_231052_000;0.2;4.9;48.0;Pippip;0.99;;;;;
Car381009-2026-Pass1-Z1-2MU00693_20260728_231058_000;0.0;2.6;34.0;Leppun;0.91;;;;;
Car381009-2026-Pass1-Z1-2MU00693_20260728_231058_000;0.0;1.2;46.0;Pippip;0.98;;;;;
Car381009-2026-Pass1-Z1-2MU00693_20260728_231058_000;0.3;2.6;33.0;Testes;0.28;;;;;
Car381009-2026-Pass1-Z1-2MU00693_20260728_231102_000;0.0;1.6;32.0;Leppun;0.83;;;;;
Car381009-2026-Pass1-Z1-2MU00693_20260728_231102_000;0.7;1.1;35.0;noise;0.04;Phogri, Metbra, Tetvir, Rhasp;;;;
Car381009-2026-Pass1-Z1-2MU00693_20260728_231102_000;0.4;1.0;33.0;Testes;0.44;;;;;
Car381009-2026-Pass1-Z1-2MU00693_20260728_231107_000;0.0;2.5;34.0;Leppun;0.98;;;;;
Car381009-2026-Pass1-Z1-2MU00693_20260728_231107_000;0.8;2.7;23.0;noise;0.06;Phanan, Cyrscu;;;;
Car381009-2026-Pass1-Z1-2MU00693_20260728_231107_000;0.9;2.8;35.0;Phogri;0.78;;;;;
Car381009-2026-Pass1-Z1-2MU00693_20260728_231111_000;0.0;0.8;39.0;Leppun;0.1;noise;;;;
Car381009-2026-Pass1-Z1-2MU00693_20260728_231111_000;0.0;1.3;30.0;Phogri;0.46;;;;;
Car381009-2026-Pass1-Z1-2MU00693_20260728_231113_000;0.0;1.2;38.0;Leppun;0.96;;;;;
Car381009-2026-Pass1-Z1-2MU00693_20260728_231113_000;1.5;1.6;30.0;noise;0.47;;;;;
Car381009-2026-Pass1-Z1-2MU00693_20260728_231117_000;0.0;1.8;32.0;Leppun;0.94;;;;;
Car381009-2026-Pass1-Z1-2MU00693_20260728_231117_000;0.4;1.8;26.0;noise;0.07;Phogri, Cyrscu;;;;
Car381009-2026-Pass1-Z1-2MU00693_20260728_231121_000;0.0;2.6;33.0;Leppun;0.93;;;;;
Car381009-2026-Pass1-Z1-2MU00693_20260728_231121_000;0.1;3.6;46.0;Pippip;0.99;;;;;
Car381009-2026-Pass1-Z1-2MU00693_20260728_231121_000;0.3;3.8;23.0;Tetvir;0.57;;;;;
Car381009-2026-Pass1-Z1-2MU00693_20260728_231125_000;0.0;0.8;20.0;noise;0.26;Phogri;;;;
Car381009-2026-Pass1-Z1-2MU00693_20260728_231130_000;0.0;4.3;37.0;Leppun;0.95;;;;;
Car381009-2026-Pass1-Z1-2MU00693_20260728_231130_000;0.5;4.2;20.0;noise;0.04;Phanan, Tetvir;;;;
Car381009-2026-Pass1-Z1-2MU00693_20260728_231130_000;0.2;3.3;26.0;Phogri;0.79;;;;;
Car381009-2026-Pass1-Z1-2MU00693_20260728_231138_000;0.0;1.8;44.0;Leppun;0.98;;;;;
Car381009-2026-Pass1-Z1-2MU00693_20260728_231138_000;0.1;1.8;23.0;Phogri;0.06;Rhasp, noise;;;;
Car381009-2026-Pass1-Z1-2MU00693_20260728_231141_000;0.0;4.8;26.0;noise;0.18;;;;;
Car381009-2026-Pass1-Z1-2MU00693_20260728_231141_000;1.5;5.0;33.0;Testes;0.84;;;;;
Car381009-2026-Pass1-Z1-2MU00693_20260728_231148_000;0.0;3.5;34.0;Leppun;0.83;;;;;
Car381009-2026-Pass1-Z1-2MU00693_20260728_231148_000;0.2;3.5;26.0;noise;0.08;Phogri;;;;
Car381009-2026-Pass1-Z1-2MU00693_20260728_231148_000;1.5;3.5;26.0;Nyclei;0.21;;;;;
Car381009-2026-Pass1-Z1-2MU00693_20260728_231148_000;0.3;3.6;20.0;Phanan;0.04;Tetvir, Pippip, Phogri;;;;
Car381009-2026-Pass1-Z1-2MU00693_20260728_231153_000;0.0;1.7;38.0;Leppun;0.95;;;;;
Car381009-2026-Pass1-Z1-2MU00693_20260728_231153_000;0.1;1.7;21.0;noise;0.45;;;;;
Car381009-2026-Pass1-Z1-2MU00693_20260728_231158_000;0.0;1.9;28.0;Leppun;0.92;;;;;
Car381009-2026-Pass1-Z1-2MU00693_20260728_231158_000;0.2;2.9;22.0;Phogri;0.09;Cyrscu, noise;;;;
Car381009-2026-Pass1-Z1-2MU00693_20260728_231203_000;0.0;2.9;35.0;Leppun;0.97;;;;;
Car381009-2026-Pass1-Z1-2MU00693_20260728_231203_000;0.0;2.9;24.0;Phogri;0.9;;;;;
Car381009-2026-Pass1-Z1-2MU00693_20260728_231212_000;0.0;1.9;29.0;Leppun;0.76;;;;;
Car381009-2026-Pass1-Z1-2MU00693_20260728_231212_000;0.3;1.7;23.0;Cyrscu;0.09;;;;;
Car381009-2026-Pass1-Z1-2MU00693_20260728_231219_000;0.0;3.6;35.0;Leppun;0.96;;;;;
Car381009-2026-Pass1-Z1-2MU00693_20260728_231219_000;0.0;4.0;18.0;noise;0.2;;;;;
Car381009-2026-Pass1-Z1-2MU00693_20260728_231219_000;0.0;4.2;15.0;Phogri;0.69;;;;;
Car381009-2026-Pass1-Z1-2MU00693_20260728_231225_000;0.0;2.3;29.0;Leppun;0.5;;;;;
Car381009-2026-Pass1-Z1-2MU00693_20260728_231225_000;0.0;2.3;22.0;Cyrscu;0.05;Phogri, Plaint, noise;;;;
Car381009-2026-Pass1-Z1-2MU00693_20260728_231232_000;0.0;1.1;31.0;Leppun;0.85;;;;;
Car381009-2026-Pass1-Z1-2MU00693_20260728_231232_000;0.0;1.7;24.0;Phogri;0.48;;;;;
Car381009-2026-Pass1-Z1-2MU00693_20260728_231238_000;0.0;2.1;28.0;Leppun;0.56;;;;;
Car381009-2026-Pass1-Z1-2MU00693_20260728_231238_000;1.9;2.0;21.0;Phogri;0.46;;;;;
Car381009-2026-Pass1-Z1-2MU00693_20260728_231248_000;0.0;1.4;36.0;Leppun;0.98;;;;;
Car381009-2026-Pass1-Z1-2MU00693_20260728_231248_000;0.4;2.0;25.0;noise;0.04;Phogri, Tetvir, Rhasp, Cyrscu;;;;
Car381009-2026-Pass1-Z1-2MU00693_20260728_231259_000;0.0;2.0;36.0;Leppun;0.95;;;;;
Car381009-2026-Pass1-Z1-2MU00693_20260728_231259_000;0.0;1.4;26.0;Rhasp;0.18;;;;;
Car381009-2026-Pass1-Z1-2MU00693_20260728_231304_000;0.0;1.9;29.0;Leppun;0.95;;;;;
Car381009-2026-Pass1-Z1-2MU00693_20260728_231304_000;0.4;2.0;26.0;Phogri;0.05;noise;;;;
Car381009-2026-Pass1-Z1-2MU00693_20260728_231308_000;0.0;2.4;37.0;Leppun;0.97;;;;;
Car381009-2026-Pass1-Z1-2MU00693_20260728_231308_000;0.5;3.1;25.0;noise;0.09;Phogri;;;;
Car381009-2026-Pass1-Z1-2MU00693_20260728_231313_000;0.0;1.9;33.0;Leppun;0.96;;;;;
Car381009-2026-Pass1-Z1-2MU00693_20260728_231313_000;0.3;1.7;25.0;noise;0.05;Cyrscu;;;;
Car381009-2026-Pass1-Z1-2MU00693_20260728_231318_000;0.0;1.6;28.0;Leppun;0.98;;;;;
Car381009-2026-Pass1-Z1-2MU00693_20260728_231318_000;0.4;2.0;22.0;noise;0.09;;;;;
Car381009-2026-Pass1-Z1-2MU00693_20260728_231323_000;0.0;0.1;39.0;Leppun;0.96;;;;;
Car381009-2026-Pass1-Z1-2MU00693_20260728_231323_000;0.4;1.5;25.0;noise;0.04;Plaint, Phogri, Tetvir, Rhasp;;;;
Car381009-2026-Pass1-Z1-2MU00693_20260728_231328_000;0.0;1.5;48.0;Leppun;0.97;;;;;
Car381009-2026-Pass1-Z1-2MU00693_20260728_231328_000;0.0;2.1;25.0;noise;0.07;Phogri;;;;
Car381009-2026-Pass1-Z1-2MU00693_20260728_231334_000;0.0;1.4;28.0;Leppun;0.96;;;;;
Car381009-2026-Pass1-Z1-2MU00693_20260728_231334_000;1.1;2.0;24.0;Phogri;0.05;noise, Pippip;;;;
Car381009-2026-Pass1-Z1-2MU00693_20260728_231339_000;0.0;2.0;31.0;Leppun;0.96;;;;;
Car381009-2026-Pass1-Z1-2MU00693_20260728_231339_000;0.0;1.4;24.0;Phogri;0.06;noise, Rhasp;;;;
Car381009-2026-Pass1-Z1-2MU00693_20260728_231345_000;0.0;2.0;29.0;Leppun;0.97;;;;;
Car381009-2026-Pass1-Z1-2MU00693_20260728_231345_000;0.4;1.9;26.0;noise;0.07;Phogri;;;;
Car381009-2026-Pass1-Z1-2MU00693_20260728_231345_000;1.6;2.0;32.0;Testes;0.14;;;;;
Car381009-2026-Pass1-Z1-2MU00693_20260728_231352_000;0.0;1.5;30.0;Leppun;0.98;;;;;
Car381009-2026-Pass1-Z1-2MU00693_20260728_231352_000;0.3;1.5;26.0;Phogri;0.47;;;;;
Car381009-2026-Pass1-Z1-2MU00693_20260728_231357_000;0.0;1.5;29.0;Leppun;0.93;;;;;
Car381009-2026-Pass1-Z1-2MU00693_20260728_231357_000;0.6;1.1;26.0;noise;0.19;;;;;
Car381009-2026-Pass1-Z1-2MU00693_20260728_231357_000;0.3;1.5;22.0;Phogri;0.08;Plaint;;;;
Car381009-2026-Pass1-Z1-2MU00693_20260728_231405_000;0.0;2.4;28.0;Leppun;0.96;;;;;
Car381009-2026-Pass1-Z1-2MU00693_20260728_231405_000;0.6;2.4;27.0;Phogri;0.45;;;;;
Car381009-2026-Pass1-Z1-2MU00693_20260728_231413_000;0.0;0.1;33.0;Leppun;0.98;;;;;
Car381009-2026-Pass1-Z1-2MU00693_20260728_231413_000;0.0;2.0;26.0;Phogri;0.59;;;;;
Car381009-2026-Pass1-Z1-2MU00693_20260728_231419_000;0.0;2.0;34.0;Leppun;0.86;;;;;
Car381009-2026-Pass1-Z1-2MU00693_20260728_231419_000;0.1;2.0;21.0;noise;0.04;Tetvir, Phogri, Nyclei, Cyrscu;;;;
Car381009-2026-Pass1-Z1-2MU00693_20260728_231424_000;0.0;0.7;39.0;Leppun;0.96;;;;;
Car381009-2026-Pass1-Z1-2MU00693_20260728_231424_000;0.7;1.7;21.0;noise;0.2;;;;;
Car381009-2026-Pass1-Z1-2MU00693_20260728_231424_000;0.5;2.0;26.0;Phogri;0.03;Tetvir, Rhasp, Plaint, Barfis;;;;
Car381009-2026-Pass1-Z1-2MU00693_20260728_231428_000;0.0;1.1;29.0;Leppun;0.98;;;;;
Car381009-2026-Pass1-Z1-2MU00693_20260728_231428_000;0.5;1.3;21.0;Phogri;0.39;;;;;
Car381009-2026-Pass1-Z1-2MU00693_20260728_231444_000;0.0;0.1;33.0;Leppun;0.96;;;;;
Car381009-2026-Pass1-Z1-2MU00693_20260728_231444_000;0.0;1.9;24.0;Phogri;0.05;noise, Cyrscu;;;;
Car381009-2026-Pass1-Z1-2MU00693_20260728_231505_000;0.0;1.9;47.0;Leppun;0.94;;;;;
Car381009-2026-Pass1-Z1-2MU00693_20260728_231505_000;0.6;1.8;22.0;Phanan;0.06;noise, Phogri;;;;
Car381009-2026-Pass1-Z1-2MU00693_20260728_231505_000;0.7;1.9;25.0;Isopyr;0.05;Phogri, noise;;;;
Car381009-2026-Pass1-Z1-2MU00693_20260728_231513_000;0.0;1.5;24.0;Cyrscu;0.22;;;;;
Car381009-2026-Pass1-Z1-2MU00693_20260728_231513_000;0.0;1.7;26.0;noise;0.1;Phogri;;;;
Car381009-2026-Pass1-Z1-2MU00693_20260728_231517_000;0.0;0.2;34.0;Leppun;0.97;;;;;
Car381009-2026-Pass1-Z1-2MU00693_20260728_231517_000;0.0;1.9;24.0;noise;0.05;Phogri, Plaint;;;;
Car381009-2026-Pass1-Z1-2MU00693_20260728_231522_000;0.3;2.0;23.0;Isopyr;0.78;;;;;
Car381009-2026-Pass1-Z1-2MU00693_20260728_231522_000;0.0;0.1;33.0;Leppun;0.78;;;;;
Car381009-2026-Pass1-Z1-2MU00693_20260728_231522_000;0.0;1.6;22.0;Phogri;0.35;;;;;
Car381009-2026-Pass1-Z1-2MU00693_20260728_231534_000;0.0;1.9;32.0;Leppun;0.89;;;;;
Car381009-2026-Pass1-Z1-2MU00693_20260728_231534_000;0.2;2.0;22.0;noise;0.14;;;;;
Car381009-2026-Pass1-Z1-2MU00693_20260728_231541_000;0.0;1.8;35.0;Leppun;0.88;;;;;
Car381009-2026-Pass1-Z1-2MU00693_20260728_231541_000;0.0;1.8;26.0;noise;0.04;Plaint, Phogri, Tetvir, Pippip;;;;
Car381009-2026-Pass1-Z1-2MU00693_20260728_231552_000;0.0;0.1;34.0;Leppun;0.95;;;;;
Car381009-2026-Pass1-Z1-2MU00693_20260728_231552_000;0.1;1.8;24.0;Phogri;0.21;;;;;
Car381009-2026-Pass1-Z1-2MU00693_20260728_231606_000;0.0;0.9;36.0;Leppun;0.96;;;;;
Car381009-2026-Pass1-Z1-2MU00693_20260728_231606_000;0.8;2.0;26.0;noise;0.08;Phogri;;;;
Car381009-2026-Pass1-Z1-2MU00693_20260728_231606_000;0.2;2.0;25.0;Phogri;0.06;Plaint;;;;
Car381009-2026-Pass1-Z1-2MU00693_20260728_231617_000;0.0;1.9;40.0;Leppun;0.98;;;;;
Car381009-2026-Pass1-Z1-2MU00693_20260728_231617_000;0.2;1.8;25.0;Phogri;0.04;noise, Tetvir, Rhasp, Plaint, Cyrscu;;;;
Car381009-2026-Pass1-Z1-2MU00693_20260728_231622_000;0.1;1.7;28.0;Cyrscu;0.17;Eptser;;;;
Car381009-2026-Pass1-Z1-2MU00693_20260728_231622_000;0.0;1.5;35.0;Leppun;0.97;;;;;
Car381009-2026-Pass1-Z1-2MU00693_20260728_231622_000;0.5;1.9;26.0;Phogri;0.25;;;;;
Car381009-2026-Pass1-Z1-2MU00693_20260728_231629_000;0.0;1.4;40.0;Leppun;0.97;;;;;
Car381009-2026-Pass1-Z1-2MU00693_20260728_231629_000;0.5;1.8;25.0;Cyrscu;0.06;Phogri, noise;;;;
Car381009-2026-Pass1-Z1-2MU00693_20260728_231635_000;0.0;0.4;35.0;Leppun;0.42;;;;;
Car381009-2026-Pass1-Z1-2MU00693_20260728_231635_000;0.0;2.1;26.0;Phogri;0.68;;;;;
Car381009-2026-Pass1-Z1-2MU00693_20260728_231640_000;1.4;1.9;27.0;Eptser;0.1;Cyrscu;;;;
Car381009-2026-Pass1-Z1-2MU00693_20260728_231640_000;0.0;2.0;31.0;Leppun;0.95;;;;;
Car381009-2026-Pass1-Z1-2MU00693_20260728_231640_000;0.4;1.8;24.0;Isopyr;0.16;Phogri;;;;
Car381009-2026-Pass1-Z1-2MU00693_20260728_231648_000;0.0;0.1;37.0;Leppun;0.98;;;;;
Car381009-2026-Pass1-Z1-2MU00693_20260728_231648_000;0.2;1.9;25.0;noise;0.04;Phogri, Barfis, Tetvir, Rhasp, Plaint;;;;
Car381009-2026-Pass1-Z1-2MU00693_20260728_231656_000;0.0;0.9;35.0;Leppun;0.98;;;;;
Car381009-2026-Pass1-Z1-2MU00693_20260728_231656_000;0.2;1.5;24.0;Phogri;0.08;Rhasp, noise;;;;
Car381009-2026-Pass1-Z1-2MU00693_20260728_231701_000;0.0;0.9;23.0;Leppun;0.98;;;;;
Car381009-2026-Pass1-Z1-2MU00693_20260728_231701_000;0.0;1.9;23.0;noise;0.06;Phogri;;;;
Car381009-2026-Pass1-Z1-2MU00693_20260728_231705_000;0.0;1.6;33.0;Leppun;0.96;;;;;
Car381009-2026-Pass1-Z1-2MU00693_20260728_231705_000;0.4;1.7;24.0;Plaint;0.19;;;;;
Car381009-2026-Pass1-Z1-2MU00693_20260728_231714_000;0.0;2.1;28.0;Leppun;0.98;;;;;
Car381009-2026-Pass1-Z1-2MU00693_20260728_231714_000;0.6;2.1;24.0;noise;0.06;Plaint, Phogri;;;;
Car381009-2026-Pass1-Z1-2MU00693_20260728_231722_000;0.0;1.5;21.0;Leppun;0.96;;;;;
Car381009-2026-Pass1-Z1-2MU00693_20260728_231722_000;0.2;1.9;24.0;Phogri;0.04;noise, Tetvir, Cyrscu;;;;
Car381009-2026-Pass1-Z1-2MU00693_20260728_231728_000;0.0;0.7;30.0;Leppun;0.98;;;;;
Car381009-2026-Pass1-Z1-2MU00693_20260728_231728_000;0.1;1.7;26.0;noise;0.28;;;;;
Car381009-2026-Pass1-Z1-2MU00693_20260728_231728_000;0.1;1.1;22.0;Cyrscu;0.04;Phogri, Phanan, Tetvir, Pippip, Isopyr;;;;
Car381009-2026-Pass1-Z1-2MU00693_20260728_231732_000;0.0;0.9;35.0;Leppun;0.92;;;;;
Car381009-2026-Pass1-Z1-2MU00693_20260728_231732_000;0.3;2.7;28.0;noise;0.08;Phogri;;;;
Car381009-2026-Pass1-Z1-2MU00693_20260728_231732_000;0.4;2.4;22.0;Phogri;0.03;Cyrscu, Tetvir, Phanan;;;;
Car381009-2026-Pass1-Z1-2MU00693_20260728_231737_000;0.6;3.5;26.0;noise;0.08;Phogri;;;;
Car381009-2026-Pass1-Z1-2MU00693_20260728_231737_000;0.3;2.0;23.0;Phanan;0.03;Tetvir, Phogri;;;;
Car381009-2026-Pass1-Z1-2MU00693_20260728_231737_000;0.0;3.8;32.0;Testes;0.6;;;;;
Car381009-2026-Pass1-Z1-2MU00693_20260728_231742_000;0.0;1.2;31.0;Confus;0.41;;;;;
Car381009-2026-Pass1-Z1-2MU00693_20260728_231742_000;0.0;2.1;24.0;noise;0.05;Phogri, Plaint;;;;
Car381009-2026-Pass1-Z1-2MU00693_20260728_231747_000;0.2;2.6;22.0;noise;0.06;Isopyr, Cyrscu;;;;
Car381009-2026-Pass1-Z1-2MU00693_20260728_231747_000;0.0;1.6;31.0;Testes;0.74;;;;;
Car381009-2026-Pass1-Z1-2MU00693_20260728_231750_000;0.0;0.3;32.0;Leppun;0.98;;;;;
Car381009-2026-Pass1-Z1-2MU00693_20260728_231750_000;0.2;2.0;24.0;noise;0.08;Plaint, Phogri;;;;
Car381009-2026-Pass1-Z1-2MU00693_20260728_231753_000;0.0;0.5;32.0;Leppun;0.96;;;;;
Car381009-2026-Pass1-Z1-2MU00693_20260728_231753_000;0.4;1.6;26.0;Phogri;0.04;noise, Tetvir, Rhasp, Plaint;;;;
Car381009-2026-Pass1-Z1-2MU00693_20260728_231758_000;0.0;1.7;33.0;Leppun;0.98;;;;;
Car381009-2026-Pass1-Z1-2MU00693_20260728_231758_000;0.4;1.8;26.0;noise;0.06;Phogri;;;;
Car381009-2026-Pass1-Z1-2MU00693_20260728_231808_000;0.0;2.0;34.0;Leppun;0.97;;;;;
Car381009-2026-Pass1-Z1-2MU00693_20260728_231808_000;0.5;0.7;30.0;Phogri;0.04;noise, Tetvir, Rhasp;;;;
Car381009-2026-Pass1-Z1-2MU00693_20260728_231808_000;0.5;2.0;27.0;Rhasp;0.03;Phogri, Cyrscu, Tetvir, Eptser;;;;
Car381009-2026-Pass1-Z1-2MU00693_20260728_231811_000;0.0;2.4;38.0;Leppun;0.41;;;;;
Car381009-2026-Pass1-Z1-2MU00693_20260728_231811_000;1.1;2.6;34.0;Testes;0.74;;;;;
Car381009-2026-Pass1-Z1-2MU00693_20260728_231815_000;1.4;2.1;21.0;noise;0.07;Phogri;;;;
Car381009-2026-Pass1-Z1-2MU00693_20260728_231815_000;0.0;2.1;34.0;Testes;0.83;;;;;
Car381009-2026-Pass1-Z1-2MU00693_20260728_231819_000;0.0;2.0;22.0;noise;0.04;Plaint, Phogri, Tetvir, Plaalb;;;;
Car381009-2026-Pass1-Z1-2MU00693_20260728_231819_000;0.0;1.7;34.0;Testes;0.83;;;;;
Car381009-2026-Pass1-Z1-2MU00693_20260728_231824_000;0.3;2.1;32.0;Yposp;0.05;Confus;;;;
Car381009-2026-Pass1-Z1-2MU00693_20260728_231824_000;0.0;2.0;35.0;Leppun;0.28;;;;;
Car381009-2026-Pass1-Z1-2MU00693_20260728_231824_000;0.2;1.9;24.0;noise;0.08;Phogri;;;;
Car381009-2026-Pass1-Z1-2MU00693_20260728_231828_000;0.0;2.0;27.0;Leppun;0.97;;;;;
Car381009-2026-Pass1-Z1-2MU00693_20260728_231828_000;0.4;2.4;26.0;Phogri;0.05;noise;;;;
Car381009-2026-Pass1-Z1-2MU00693_20260728_231832_000;0.0;1.9;35.0;Leppun;0.51;;;;;
Car381009-2026-Pass1-Z1-2MU00693_20260728_231832_000;0.8;1.9;27.0;noise;0.05;Phogri;;;;
Car381009-2026-Pass1-Z1-2MU00693_20260728_231837_000;0.0;1.5;34.0;Leppun;0.84;;;;;
Car381009-2026-Pass1-Z1-2MU00693_20260728_231837_000;0.6;1.1;23.0;noise;0.04;Phogri, Phanan, Cyrscu, Tetvir;;;;
Car381009-2026-Pass1-Z1-2MU00693_20260728_231842_000;0.0;1.0;33.0;Leppun;0.32;;;;;
Car381009-2026-Pass1-Z1-2MU00693_20260728_231847_000;0.0;1.3;39.0;Leppun;0.92;;;;;
Car381009-2026-Pass1-Z1-2MU00693_20260728_231847_000;1.2;1.9;23.0;Phanan;0.05;noise, Phogri;;;;
Car381009-2026-Pass1-Z1-2MU00693_20260728_231849_000;0.0;1.2;29.0;noise;0.08;;;;;
Car381009-2026-Pass1-Z1-2MU00693_20260728_231849_000;0.0;0.8;31.0;Testes;0.57;;;;;
Car381009-2026-Pass1-Z1-2MU00693_20260728_231859_000;0.0;2.0;26.0;Leppun;0.92;;;;;
Car381009-2026-Pass1-Z1-2MU00693_20260728_231859_000;0.3;1.9;24.0;noise;0.09;Phogri;;;;
Car381009-2026-Pass1-Z1-2MU00693_20260728_231859_000;0.3;2.0;25.0;Phogri;0.08;Isopyr;;;;
Car381009-2026-Pass1-Z1-2MU00693_20260728_231905_000;0.6;0.7;22.0;Isopyr;0.24;;;;;
Car381009-2026-Pass1-Z1-2MU00693_20260728_231905_000;0.0;1.8;33.0;Leppun;0.94;;;;;
Car381009-2026-Pass1-Z1-2MU00693_20260728_231910_000;0.0;1.5;37.0;Leppun;0.52;;;;;
Car381009-2026-Pass1-Z1-2MU00693_20260728_231910_000;0.1;1.6;23.0;noise;0.13;;;;;
Car381009-2026-Pass1-Z1-2MU00693_20260728_231910_000;0.7;1.7;25.0;Phogri;0.2;;;;;
Car381009-2026-Pass1-Z1-2MU00693_20260728_231923_000;0.0;2.1;25.0;Leppun;0.97;;;;;
Car381009-2026-Pass1-Z1-2MU00693_20260728_231923_000;0.3;1.8;23.0;noise;0.42;;;;;
Car381009-2026-Pass1-Z1-2MU00693_20260728_231923_000;0.3;1.8;25.0;Phogri;0.03;Eptser, Cyrscu, Tetvir, Plaint;;;;
Car381009-2026-Pass1-Z1-2MU00693_20260728_231927_000;0.0;0.1;36.0;Leppun;0.97;;;;;
Car381009-2026-Pass1-Z1-2MU00693_20260728_231927_000;0.0;2.0;27.0;noise;0.1;;;;;
Car381009-2026-Pass1-Z1-2MU00693_20260728_231927_000;0.1;0.2;45.0;Pippip;0.81;;;;;
Car381009-2026-Pass1-Z1-2MU00693_20260728_231927_000;0.1;1.9;25.0;Plaint;0.03;Phogri, Barfis, Tetvir, Sepsep, Rhasp;;;;
Car381009-2026-Pass1-Z1-2MU00693_20260728_231931_000;0.0;0.6;26.0;Leppun;0.96;;;;;
Car381009-2026-Pass1-Z1-2MU00693_20260728_231931_000;0.5;1.8;26.0;Phogri;0.56;;;;;
Car381009-2026-Pass1-Z1-2MU00693_20260728_231936_000;0.0;1.4;33.0;Leppun;0.2;;;;;
Car381009-2026-Pass1-Z1-2MU00693_20260728_231936_000;1.1;2.1;33.0;Testes;0.55;;;;;
Car381009-2026-Pass1-Z1-2MU00693_20260728_231946_000;0.0;1.3;26.0;Leppun;0.95;;;;;
Car381009-2026-Pass1-Z1-2MU00693_20260728_231946_000;0.3;1.3;24.0;Phogri;0.04;Plaint, noise, Tetvir;;;;
Car381009-2026-Pass1-Z1-2MU00693_20260728_231950_000;0.0;1.4;31.0;Leppun;0.94;;;;;
Car381009-2026-Pass1-Z1-2MU00693_20260728_231950_000;0.3;1.6;25.0;Phogri;0.07;noise;;;;
Car381009-2026-Pass1-Z1-2MU00693_20260728_231955_000;0.0;1.6;30.0;Leppun;0.83;;;;;
Car381009-2026-Pass1-Z1-2MU00693_20260728_231955_000;0.4;1.8;22.0;Phogri;0.09;;;;;
Car381009-2026-Pass1-Z1-2MU00693_20260728_231955_000;0.9;1.6;27.0;Testes;0.11;;;;;
Car381009-2026-Pass1-Z1-2MU00693_20260728_231959_000;0.0;2.0;34.0;Leppun;0.98;;;;;
Car381009-2026-Pass1-Z1-2MU00693_20260728_231959_000;0.2;1.4;28.0;noise;0.17;;;;;
Car381009-2026-Pass1-Z1-2MU00693_20260728_231959_000;0.7;1.1;22.0;Phogri;0.04;Phanan, Tetvir, Pippip;;;;
Car381009-2026-Pass1-Z1-2MU00693_20260728_232003_000;0.0;2.0;38.0;Leppun;0.97;;;;;
Car381009-2026-Pass1-Z1-2MU00693_20260728_232003_000;0.2;1.9;26.0;noise;0.07;Phogri;;;;
Car381009-2026-Pass1-Z1-2MU00693_20260728_232007_000;0.0;1.8;32.0;Leppun;0.98;;;;;
Car381009-2026-Pass1-Z1-2MU00693_20260728_232007_000;0.8;1.3;20.0;Cyrscu;0.12;;;;;
Car381009-2026-Pass1-Z1-2MU00693_20260728_232013_000;0.0;2.1;26.0;Leppun;0.87;;;;;
Car381009-2026-Pass1-Z1-2MU00693_20260728_232013_000;0.0;1.3;22.0;Phanan;0.37;;;;;
Car381009-2026-Pass1-Z1-2MU00693_20260728_232018_000;0.0;1.8;31.0;Leppun;0.97;;;;;
Car381009-2026-Pass1-Z1-2MU00693_20260728_232018_000;1.7;1.8;13.0;noise;0.23;;;;;
Car381009-2026-Pass1-Z1-2MU00693_20260728_232018_000;0.1;1.8;25.0;Isopyr;0.19;;;;;
Car381009-2026-Pass1-Z1-2MU00693_20260728_232022_000;0.0;2.0;26.0;Phogri;0.07;noise;;;;
Car381009-2026-Pass1-Z1-2MU00693_20260728_232022_000;0.0;1.1;33.0;Testes;0.63;;;;;
Car381009-2026-Pass1-Z1-2MU00693_20260728_232027_000;0.0;0.1;36.0;Leppun;0.96;;;;;
Car381009-2026-Pass1-Z1-2MU00693_20260728_232027_000;0.4;2.1;22.0;noise;0.04;Phogri, Cyrscu, Tetvir, Phanan;;;;
Car381009-2026-Pass1-Z1-2MU00693_20260728_232027_000;0.6;2.0;46.0;Pippip;0.98;;;;;
Car381009-2026-Pass1-Z1-2MU00693_20260728_232027_000;0.4;1.7;26.0;Rhasp;0.12;Phogri;;;;
Car381009-2026-Pass1-Z1-2MU00693_20260728_232031_000;0.0;0.9;32.0;Leppun;0.98;;;;;
Car381009-2026-Pass1-Z1-2MU00693_20260728_232031_000;0.3;1.1;21.0;Cyrscu;0.09;;;;;
Car381009-2026-Pass1-Z1-2MU00693_20260728_232031_000;0.2;0.9;46.0;Pippip;0.98;;;;;
Car381009-2026-Pass1-Z1-2MU00693_20260728_232035_000;0.0;1.7;28.0;Leppun;0.9;;;;;
Car381009-2026-Pass1-Z1-2MU00693_20260728_232035_000;0.0;0.2;27.0;noise;0.06;Isopyr, Insp12, Antsp;;;;
Car381009-2026-Pass1-Z1-2MU00693_20260728_232046_000;0.0;1.6;35.0;Leppun;0.89;;;;;
Car381009-2026-Pass1-Z1-2MU00693_20260728_232046_000;0.5;1.7;23.0;Cyrscu;0.05;noise, Phogri;;;;
Car381009-2026-Pass1-Z1-2MU00693_20260728_232051_000;0.0;1.9;30.0;Leppun;0.98;;;;;
Car381009-2026-Pass1-Z1-2MU00693_20260728_232051_000;0.5;1.9;24.0;Phogri;0.49;;;;;
Car381009-2026-Pass1-Z1-2MU00693_20260728_232055_000;0.0;2.9;38.0;Leppun;0.89;;;;;
Car381009-2026-Pass1-Z1-2MU00693_20260728_232055_000;0.4;3.6;22.0;Phanan;0.08;noise;;;;
Car381009-2026-Pass1-Z1-2MU00693_20260728_232055_000;0.2;2.9;33.0;Testes;0.77;;;;;
Car381009-2026-Pass1-Z1-2MU00693_20260728_232059_000;0.0;2.0;38.0;Leppun;0.95;;;;;
Car381009-2026-Pass1-Z1-2MU00693_20260728_232059_000;0.5;1.1;22.0;Phanan;0.05;noise, Cyrscu, Phogri;;;;
Car381009-2026-Pass1-Z1-2MU00693_20260728_232102_000;0.0;1.3;37.0;Leppun;0.72;;;;;
Car381009-2026-Pass1-Z1-2MU00693_20260728_232102_000;0.8;1.9;24.0;Phogri;0.04;noise, Tetvir, Plaint;;;;
Car381009-2026-Pass1-Z1-2MU00693_20260728_232106_000;0.0;2.1;27.0;Leppun;0.97;;;;;
Car381009-2026-Pass1-Z1-2MU00693_20260728_232106_000;0.3;2.0;24.0;Plaint;0.04;Phogri, noise, Tetvir;;;;
Car381009-2026-Pass1-Z1-2MU00693_20260728_232111_000;0.0;1.4;37.0;Leppun;0.2;;;;;
Car381009-2026-Pass1-Z1-2MU00693_20260728_232111_000;0.8;1.8;22.0;noise;0.06;Phanan, Cyrscu;;;;
Car381009-2026-Pass1-Z1-2MU00693_20260728_232111_000;0.1;1.9;49.0;Pippip;0.98;;;;;
Car381009-2026-Pass1-Z1-2MU00693_20260728_232115_000;0.5;4.9;22.0;noise;0.1;Phanan;;;;
Car381009-2026-Pass1-Z1-2MU00693_20260728_232115_000;0.0;4.8;53.0;Pippip;0.99;;;;;
Car381009-2026-Pass1-Z1-2MU00693_20260728_232115_000;0.5;4.9;25.0;Rhasp;0.41;;;;;
Car381009-2026-Pass1-Z1-2MU00693_20260728_232122_000;0.0;1.0;36.0;Leppun;0.26;;;;;
Car381009-2026-Pass1-Z1-2MU00693_20260728_232122_000;1.6;2.3;23.0;noise;0.05;Cyrscu;;;;
Car381009-2026-Pass1-Z1-2MU00693_20260728_232122_000;0.0;1.5;33.0;Testes;0.57;;;;;
Car381009-2026-Pass1-Z1-2MU00693_20260728_232127_000;0.0;0.6;31.0;Leppun;0.98;;;;;
Car381009-2026-Pass1-Z1-2MU00693_20260728_232127_000;0.2;1.8;22.0;Phogri;0.05;noise;;;;
Car381009-2026-Pass1-Z1-2MU00693_20260728_232130_000;0.6;1.4;24.0;Cyrscu;0.11;Isopyr;;;;
Car381009-2026-Pass1-Z1-2MU00693_20260728_232130_000;0.0;0.8;31.0;Leppun;0.94;;;;;
Car381009-2026-Pass1-Z1-2MU00693_20260728_232134_000;0.0;1.9;33.0;noise;0.08;Yposp, Antsp;;;;
Car381009-2026-Pass1-Z1-2MU00693_20260728_232134_000;0.0;3.1;37.0;Leppun;0.79;;;;;
Car381009-2026-Pass1-Z1-2MU00693_20260728_232138_000;0.0;0.1;35.0;Leppun;0.95;;;;;
Car381009-2026-Pass1-Z1-2MU00693_20260728_232138_000;0.1;1.9;22.0;Cyrscu;0.12;;;;;
Car381009-2026-Pass1-Z1-2MU00693_20260728_232143_000;0.0;1.9;28.0;Leppun;0.98;;;;;
Car381009-2026-Pass1-Z1-2MU00693_20260728_232143_000;0.9;1.9;23.0;noise;0.11;;;;;
Car381009-2026-Pass1-Z1-2MU00693_20260728_232143_000;0.4;1.6;24.0;Plaint;0.03;Phogri, Tetvir;;;;
Car381009-2026-Pass1-Z1-2MU00693_20260728_232147_000;0.0;1.1;34.0;Leppun;0.04;Yposp, Tetvir, Rhasp, Metbra, Confus;;;;
Car381009-2026-Pass1-Z1-2MU00693_20260728_232147_000;0.0;2.3;26.0;noise;0.09;Tetvir;;;;
Car381009-2026-Pass1-Z1-2MU00693_20260728_232152_000;0.0;0.2;38.0;Leppun;0.99;;;;;
Car381009-2026-Pass1-Z1-2MU00693_20260728_232152_000;0.1;1.9;23.0;noise;0.06;Phanan, Phogri;;;;
Car381009-2026-Pass1-Z1-2MU00693_20260728_232152_000;0.4;2.0;24.0;Phogri;0.04;Tetvir, Plaint;;;;
Car381009-2026-Pass1-Z1-2MU00693_20260728_232158_000;0.5;2.0;22.0;Isopyr;0.87;;;;;
Car381009-2026-Pass1-Z1-2MU00693_20260728_232158_000;0.0;0.1;37.0;Leppun;0.98;;;;;
Car381009-2026-Pass1-Z1-2MU00693_20260728_232158_000;0.9;2.1;22.0;noise;0.13;;;;;
Car381009-2026-Pass1-Z1-2MU00693_20260728_232202_000;0.0;1.4;40.0;Leppun;0.97;;;;;
Car381009-2026-Pass1-Z1-2MU00693_20260728_232202_000;0.3;2.0;24.0;Phogri;0.05;noise, Plaint;;;;
Car381009-2026-Pass1-Z1-2MU00693_20260728_232207_000;0.0;2.0;24.0;Leppun;0.96;;;;;
Car381009-2026-Pass1-Z1-2MU00693_20260728_232207_000;0.4;2.0;23.0;Phogri;0.06;noise;;;;
Car381009-2026-Pass1-Z1-2MU00693_20260728_232211_000;0.0;2.0;27.0;Leppun;0.87;;;;;
Car381009-2026-Pass1-Z1-2MU00693_20260728_232211_000;0.0;2.0;23.0;Phogri;0.07;noise;;;;
Car381009-2026-Pass1-Z1-2MU00693_20260728_232216_000;0.0;0.9;38.0;Leppun;0.97;;;;;
Car381009-2026-Pass1-Z1-2MU00693_20260728_232216_000;0.1;2.0;23.0;noise;0.14;;;;;
Car381009-2026-Pass1-Z1-2MU00693_20260728_232216_000;0.7;2.0;26.0;Phogri;0.03;Barfis, Tetvir, Plaint;;;;
Car381009-2026-Pass1-Z1-2MU00693_20260728_232221_000;0.0;1.8;22.0;Isopyr;0.29;;;;;
Car381009-2026-Pass1-Z1-2MU00693_20260728_232221_000;0.0;1.0;30.0;Leppun;0.96;;;;;
Car381009-2026-Pass1-Z1-2MU00693_20260728_232227_000;0.0;1.8;32.0;Leppun;0.95;;;;;
Car381009-2026-Pass1-Z1-2MU00693_20260728_232227_000;0.2;1.8;21.0;Isopyr;0.15;;;;;
Car381009-2026-Pass1-Z1-2MU00693_20260728_232235_000;0.0;1.5;30.0;Leppun;0.99;;;;;
Car381009-2026-Pass1-Z1-2MU00693_20260728_232235_000;1.0;1.5;23.0;noise;0.05;Phanan;;;;
Car381009-2026-Pass1-Z1-2MU00693_20260728_232240_000;0.0;3.5;36.0;Leppun;0.96;;;;;
Car381009-2026-Pass1-Z1-2MU00693_20260728_232240_000;1.1;2.7;22.0;Phanan;0.05;noise;;;;
Car381009-2026-Pass1-Z1-2MU00693_20260728_232240_000;0.5;3.9;26.0;Phogri;0.3;;;;;
Car381009-2026-Pass1-Z1-2MU00693_20260728_232246_000;0.0;0.6;39.0;Leppun;0.54;;;;;
Car381009-2026-Pass1-Z1-2MU00693_20260728_232246_000;0.0;0.3;23.0;Nyclei;0.39;;;;;
Car381009-2026-Pass1-Z1-2MU00693_20260728_232246_000;0.4;1.4;23.0;noise;0.04;Phogri, Tetvir, Plaint, Plaalb;;;;
Car381009-2026-Pass1-Z1-2MU00693_20260728_232253_000;0.0;3.0;31.0;Leppun;0.92;;;;;
Car381009-2026-Pass1-Z1-2MU00693_20260728_232253_000;0.4;3.6;26.0;noise;0.12;;;;;
Car381009-2026-Pass1-Z1-2MU00693_20260728_232253_000;0.8;3.3;23.0;Phogri;0.04;Tetvir, Plaint;;;;
Car381009-2026-Pass1-Z1-2MU00693_20260728_232259_000;0.0;2.0;40.0;Leppun;0.93;;;;;
Car381009-2026-Pass1-Z1-2MU00693_20260728_232259_000;0.0;2.0;26.0;noise;0.13;;;;;
Car381009-2026-Pass1-Z1-2MU00693_20260728_232302_000;0.0;1.4;35.0;Leppun;0.98;;;;;
Car381009-2026-Pass1-Z1-2MU00693_20260728_232302_000;0.3;2.0;24.0;noise;0.09;;;;;
Car381009-2026-Pass1-Z1-2MU00693_20260728_232302_000;0.1;1.7;22.0;Phanan;0.03;Tetvir, Phogri, Cyrscu;;;;
Car381009-2026-Pass1-Z1-2MU00693_20260728_232306_000;0.0;2.0;34.0;Leppun;0.96;;;;;
Car381009-2026-Pass1-Z1-2MU00693_20260728_232306_000;0.0;1.9;23.0;Phogri;0.04;noise, Cyrscu;;;;
Car381009-2026-Pass1-Z1-2MU00693_20260728_232306_000;1.1;1.7;16.0;Tetvir;0.46;;;;;
Car381009-2026-Pass1-Z1-2MU00693_20260728_232311_000;0.0;2.0;27.0;Leppun;0.93;;;;;
Car381009-2026-Pass1-Z1-2MU00693_20260728_232311_000;0.2;1.4;24.0;Phogri;0.06;noise;;;;
Car381009-2026-Pass1-Z1-2MU00693_20260728_232316_000;0.0;1.6;38.0;Leppun;0.97;;;;;
Car381009-2026-Pass1-Z1-2MU00693_20260728_232316_000;0.2;1.6;23.0;noise;0.35;;;;;
Car381009-2026-Pass1-Z1-2MU00693_20260728_232322_000;0.0;1.9;33.0;Leppun;0.98;;;;;
Car381009-2026-Pass1-Z1-2MU00693_20260728_232322_000;1.5;1.6;21.0;Phogri;0.06;noise;;;;
Car381009-2026-Pass1-Z1-2MU00693_20260728_232327_000;0.0;1.9;26.0;Leppun;0.95;;;;;
Car381009-2026-Pass1-Z1-2MU00693_20260728_232327_000;1.3;1.8;22.0;Phanan;0.14;;;;;
Car381009-2026-Pass1-Z1-2MU00693_20260728_232332_000;0.0;2.0;35.0;Leppun;0.98;;;;;
Car381009-2026-Pass1-Z1-2MU00693_20260728_232332_000;0.0;2.1;28.0;Phogri;0.03;noise, Tetvir, Eptser, Cyrscu, Barfis;;;;
Car381009-2026-Pass1-Z1-2MU00693_20260728_232332_000;0.5;2.1;24.0;Roeroe;0.05;Tetvir, noise;;;;
Car381009-2026-Pass1-Z1-2MU00693_20260728_232337_000;0.0;1.6;29.0;Leppun;0.97;;;;;
Car381009-2026-Pass1-Z1-2MU00693_20260728_232337_000;0.6;1.7;23.0;noise;0.05;Phogri;;;;
Car381009-2026-Pass1-Z1-2MU00693_20260728_232342_000;0.0;2.4;34.0;Leppun;0.97;;;;;
Car381009-2026-Pass1-Z1-2MU00693_20260728_232342_000;1.3;2.0;22.0;Phogri;0.04;noise, Cyrscu, Phanan, Tetvir, Pippip;;;;
Car381009-2026-Pass1-Z1-2MU00693_20260728_232346_000;0.0;1.9;30.0;Leppun;0.94;;;;;
Car381009-2026-Pass1-Z1-2MU00693_20260728_232346_000;0.0;0.1;20.0;noise;0.26;;;;;
Car381009-2026-Pass1-Z1-2MU00693_20260728_232346_000;0.6;1.6;21.0;Isopyr;0.35;;;;;
Car381009-2026-Pass1-Z1-2MU00693_20260728_232351_000;0.0;1.9;34.0;Leppun;0.94;;;;;
Car381009-2026-Pass1-Z1-2MU00693_20260728_232351_000;0.0;1.9;23.0;Phogri;0.05;noise, Plaint;;;;
Car381009-2026-Pass1-Z1-2MU00693_20260728_232354_000;0.0;1.5;36.0;Leppun;0.98;;;;;
Car381009-2026-Pass1-Z1-2MU00693_20260728_232354_000;0.1;1.5;22.0;noise;0.06;Phogri, Plaint;;;;
Car381009-2026-Pass1-Z1-2MU00693_20260728_232354_000;0.1;2.0;23.0;Tetvir;0.77;;;;;
Car381009-2026-Pass1-Z1-2MU00693_20260728_232356_000;0.0;1.0;45.0;Leppun;0.95;;;;;
Car381009-2026-Pass1-Z1-2MU00693_20260728_232356_000;0.9;1.8;24.0;Phogri;0.6;;;;;
Car381009-2026-Pass1-Z1-2MU00693_20260728_232400_000;0.0;1.6;23.0;Isopyr;0.07;;;;;
Car381009-2026-Pass1-Z1-2MU00693_20260728_232400_000;0.0;2.0;30.0;Leppun;0.9;;;;;
Car381009-2026-Pass1-Z1-2MU00693_20260728_232404_000;0.0;1.4;40.0;Leppun;0.98;;;;;
Car381009-2026-Pass1-Z1-2MU00693_20260728_232404_000;0.3;1.4;26.0;Phogri;0.65;;;;;
Car381009-2026-Pass1-Z1-2MU00693_20260728_232408_000;0.0;0.7;39.0;Leppun;0.96;;;;;
Car381009-2026-Pass1-Z1-2MU00693_20260728_232408_000;0.5;0.7;22.0;Phogri;0.07;noise, Isopyr, Cyrscu;;;;
Car381009-2026-Pass1-Z1-2MU00693_20260728_232413_000;0.0;1.4;28.0;Leppun;0.98;;;;;
Car381009-2026-Pass1-Z1-2MU00693_20260728_232413_000;0.4;1.5;25.0;Phogri;0.06;Plaint, noise;;;;
Car381009-2026-Pass1-Z1-2MU00693_20260728_232418_000;0.0;2.0;36.0;Leppun;0.97;;;;;
Car381009-2026-Pass1-Z1-2MU00693_20260728_232418_000;0.5;1.7;24.0;Phogri;0.06;Plaint, noise;;;;
Car381009-2026-Pass1-Z1-2MU00693_20260728_232424_000;0.0;1.6;53.0;Leppun;0.93;;;;;
Car381009-2026-Pass1-Z1-2MU00693_20260728_232424_000;0.5;1.7;24.0;Rhasp;0.42;;;;;
Car381009-2026-Pass1-Z1-2MU00693_20260728_232429_000;0.0;1.0;33.0;Leppun;0.98;;;;;
Car381009-2026-Pass1-Z1-2MU00693_20260728_232429_000;0.2;1.9;25.0;Plaint;0.06;Phogri, noise;;;;
Car381009-2026-Pass1-Z1-2MU00693_20260728_232434_000;0.0;1.6;39.0;Leppun;0.99;;;;;
Car381009-2026-Pass1-Z1-2MU00693_20260728_232434_000;0.0;1.8;23.0;Tetvir;0.59;;;;;
Car381009-2026-Pass1-Z1-2MU00693_20260728_232439_000;0.0;0.1;35.0;Leppun;0.97;;;;;
Car381009-2026-Pass1-Z1-2MU00693_20260728_232439_000;0.1;1.9;23.0;noise;0.19;;;;;
Car381009-2026-Pass1-Z1-2MU00693_20260728_232439_000;1.7;2.0;46.0;Pippip;0.84;;;;;
Car381009-2026-Pass1-Z1-2MU00693_20260728_232444_000;0.0;4.7;33.0;Leppun;0.78;;;;;
Car381009-2026-Pass1-Z1-2MU00693_20260728_232444_000;0.6;4.9;22.0;noise;0.05;Phanan;;;;
Car381009-2026-Pass1-Z1-2MU00693_20260728_232444_000;0.5;4.7;26.0;Phogri;0.79;;;;;
Car381009-2026-Pass1-Z1-2MU00693_20260728_232444_000;0.1;4.9;45.0;Pippip;0.99;;;;;
Car381009-2026-Pass1-Z1-2MU00693_20260728_232454_000;0.0;1.1;28.0;Leppun;0.98;;;;;
Car381009-2026-Pass1-Z1-2MU00693_20260728_232454_000;0.1;1.5;25.0;noise;0.41;;;;;
Car381009-2026-Pass1-Z1-2MU00693_20260728_232457_000;0.0;1.4;30.0;Leppun;0.97;;;;;
Car381009-2026-Pass1-Z1-2MU00693_20260728_232457_000;0.3;1.3;22.0;Cyrscu;0.08;noise;;;;
Car381009-2026-Pass1-Z1-2MU00693_20260728_232500_000;0.0;1.3;37.0;Leppun;0.93;;;;;
Car381009-2026-Pass1-Z1-2MU00693_20260728_232500_000;0.4;1.2;25.0;Phogri;0.08;;;;;
Car381009-2026-Pass1-Z1-2MU00693_20260728_232504_000;0.0;1.9;35.0;Leppun;0.98;;;;;
Car381009-2026-Pass1-Z1-2MU00693_20260728_232504_000;0.7;1.5;23.0;noise;0.05;Cyrscu, Phogri;;;;
Car381009-2026-Pass1-Z1-2MU00693_20260728_232509_000;0.0;1.7;36.0;Leppun;0.98;;;;;
Car381009-2026-Pass1-Z1-2MU00693_20260728_232509_000;0.4;1.7;26.0;Phogri;0.79;;;;;
Car381009-2026-Pass1-Z1-2MU00693_20260728_232514_000;0.0;1.9;26.0;Leppun;0.94;;;;;
Car381009-2026-Pass1-Z1-2MU00693_20260728_232514_000;0.8;1.0;22.0;Cyrscu;0.07;noise, Phanan;;;;
Car381009-2026-Pass1-Z1-2MU00693_20260728_232516_000;0.3;2.4;23.0;noise;0.08;;;;;
Car381009-2026-Pass1-Z1-2MU00693_20260728_232516_000;0.0;3.5;33.0;Testes;0.89;;;;;
Car381009-2026-Pass1-Z1-2MU00693_20260728_232516_000;0.0;2.4;11.0;Tetvir;0.5;;;;;
Car381009-2026-Pass1-Z1-2MU00693_20260728_232526_000;0.0;1.5;40.0;Leppun;0.98;;;;;
Car381009-2026-Pass1-Z1-2MU00693_20260728_232526_000;1.0;1.8;22.0;Nyclei;0.12;;;;;
Car381009-2026-Pass1-Z1-2MU00693_20260728_232526_000;1.0;1.8;25.0;Phogri;0.05;noise, Cyrscu;;;;
Car381009-2026-Pass1-Z1-2MU00693_20260728_232530_000;0.0;2.0;38.0;Leppun;0.95;;;;;
Car381009-2026-Pass1-Z1-2MU00693_20260728_232530_000;0.2;2.0;25.0;Phogri;0.05;noise, Rhasp;;;;
Car381009-2026-Pass1-Z1-2MU00693_20260728_232534_000;0.0;1.8;37.0;Leppun;0.98;;;;;
Car381009-2026-Pass1-Z1-2MU00693_20260728_232534_000;1.2;1.8;26.0;noise;0.07;;;;;
Car381009-2026-Pass1-Z1-2MU00693_20260728_232539_000;0.0;1.3;28.0;Leppun;0.98;;;;;
Car381009-2026-Pass1-Z1-2MU00693_20260728_232539_000;0.7;1.6;24.0;noise;0.04;Phogri, Tetvir, Plaint;;;;
Car381009-2026-Pass1-Z1-2MU00693_20260728_232544_000;0.0;1.1;34.0;Leppun;0.96;;;;;
Car381009-2026-Pass1-Z1-2MU00693_20260728_232544_000;1.0;1.5;27.0;Phogri;0.74;;;;;
Car381009-2026-Pass1-Z1-2MU00693_20260728_232547_000;0.0;0.8;49.0;Leppun;0.57;;;;;
Car381009-2026-Pass1-Z1-2MU00693_20260728_232547_000;0.7;1.5;24.0;noise;0.24;;;;;
Car381009-2026-Pass1-Z1-2MU00693_20260728_232547_000;0.6;1.7;22.0;Tetvir;0.63;;;;;
Car381009-2026-Pass1-Z1-2MU00693_20260728_232549_000;0.0;2.1;39.0;Leppun;0.98;;;;;
Car381009-2026-Pass1-Z1-2MU00693_20260728_232549_000;0.4;2.1;22.0;noise;0.1;Phogri;;;;
Car381009-2026-Pass1-Z1-2MU00693_20260728_232553_000;0.0;4.1;32.0;Leppun;0.59;;;;;
Car381009-2026-Pass1-Z1-2MU00693_20260728_232553_000;2.3;3.8;29.0;Testes;0.65;;;;;
Car381009-2026-Pass1-Z1-2MU00693_20260728_232553_000;0.0;3.9;27.0;Tetvir;0.5;;;;;
Car381009-2026-Pass1-Z1-2MU00693_20260728_232559_000;0.0;0.7;43.0;Leppun;0.99;;;;;
Car381009-2026-Pass1-Z1-2MU00693_20260728_232559_000;0.0;1.9;23.0;noise;0.09;Phogri;;;;
Car381009-2026-Pass1-Z1-2MU00693_20260728_232603_000;0.0;1.8;33.0;Leppun;0.98;;;;;
Car381009-2026-Pass1-Z1-2MU00693_20260728_232603_000;1.1;1.5;22.0;Cyrscu;0.06;noise;;;;
Car381009-2026-Pass1-Z1-2MU00693_20260728_232606_000;0.0;3.3;30.0;Leppun;0.58;;;;;
Car381009-2026-Pass1-Z1-2MU00693_20260728_232606_000;0.1;3.8;24.0;Phogri;0.04;noise, Tetvir, Rhasp, Plaint, Cyrscu, Antsp;;;;
Car381009-2026-Pass1-Z1-2MU00693_20260728_232606_000;0.0;3.3;30.0;Testes;0.86;;;;;
Car381009-2026-Pass1-Z1-2MU00693_20260728_232610_000;0.0;2.6;36.0;Leppun;0.96;;;;;
Car381009-2026-Pass1-Z1-2MU00693_20260728_232610_000;0.3;2.6;24.0;noise;0.12;;;;;
Car381009-2026-Pass1-Z1-2MU00693_20260728_232610_000;0.3;2.8;23.0;Isopyr;0.11;;;;;
Car381009-2026-Pass1-Z1-2MU00693_20260728_232618_000;0.0;2.3;39.0;Leppun;0.96;;;;;
Car381009-2026-Pass1-Z1-2MU00693_20260728_232618_000;0.1;3.6;25.0;Rhasp;0.06;noise, Phogri;;;;
Car381009-2026-Pass1-Z1-2MU00693_20260728_232623_000;0.0;4.8;37.0;Leppun;0.91;;;;;
Car381009-2026-Pass1-Z1-2MU00693_20260728_232623_000;0.3;4.8;24.0;Phogri;0.05;noise, Isopyr;;;;
Car381009-2026-Pass1-Z1-2MU00693_20260728_232623_000;1.2;4.8;24.0;Tetvir;0.49;;;;;
Car381009-2026-Pass1-Z1-2MU00693_20260728_232630_000;0.0;1.2;31.0;Leppun;0.98;;;;;
Car381009-2026-Pass1-Z1-2MU00693_20260728_232630_000;0.0;1.3;24.0;Phogri;0.07;noise;;;;
Car381009-2026-Pass1-Z1-2MU00693_20260728_232634_000;0.0;1.8;33.0;Leppun;0.8;;;;;
Car381009-2026-Pass1-Z1-2MU00693_20260728_232634_000;0.2;2.1;22.0;Phogri;0.04;noise, Plaint, Tetvir, Cyrscu;;;;
Car381009-2026-Pass1-Z1-2MU00693_20260728_232639_000;0.0;2.1;38.0;Leppun;0.96;;;;;
Car381009-2026-Pass1-Z1-2MU00693_20260728_232639_000;0.5;2.1;24.0;Isopyr;0.71;;;;;
Car381009-2026-Pass1-Z1-2MU00693_20260728_232644_000;0.0;1.2;36.0;Leppun;0.96;;;;;
Car381009-2026-Pass1-Z1-2MU00693_20260728_232644_000;0.3;0.8;15.0;noise;0.17;;;;;
Car381009-2026-Pass1-Z1-2MU00693_20260728_232649_000;0.0;1.9;37.0;Leppun;0.97;;;;;
Car381009-2026-Pass1-Z1-2MU00693_20260728_232649_000;0.5;1.0;51.0;noise;0.23;;;;;
Car381009-2026-Pass1-Z1-2MU00693_20260728_232649_000;0.4;1.9;23.0;Phogri;0.65;;;;;
Car381009-2026-Pass1-Z1-2MU00693_20260728_232654_000;0.0;2.0;34.0;Leppun;0.95;;;;;
Car381009-2026-Pass1-Z1-2MU00693_20260728_232654_000;0.4;1.9;23.0;noise;0.04;Cyrscu, Phogri, Phanan, Tetvir, Rhasp;;;;
Car381009-2026-Pass1-Z1-2MU00693_20260728_232659_000;0.0;1.4;31.0;Leppun;0.88;;;;;
Car381009-2026-Pass1-Z1-2MU00693_20260728_232659_000;0.0;0.2;10.0;noise;0.05;Tetvir, Phogri;;;;
Car381009-2026-Pass1-Z1-2MU00693_20260728_232703_000;0.0;5.0;29.0;Leppun;0.95;;;;;
Car381009-2026-Pass1-Z1-2MU00693_20260728_232703_000;0.0;5.0;53.0;Myomys;0.99;;Myomys;PROBABLE;;
Car381009-2026-Pass1-Z1-2MU00693_20260728_232703_000;0.4;4.7;24.0;noise;0.17;;;;;
Car381009-2026-Pass1-Z1-2MU00693_20260728_232714_000;0.0;1.8;45.0;Leppun;0.95;;;;;
Car381009-2026-Pass1-Z1-2MU00693_20260728_232714_000;1.0;1.6;24.0;Phogri;0.75;;;;;
Car381009-2026-Pass1-Z1-2MU00693_20260728_232721_000;0.0;4.6;50.0;Leppun;0.92;;;;;
Car381009-2026-Pass1-Z1-2MU00693_20260728_232721_000;1.9;3.5;24.0;Nyclei;0.9;;;;;
Car381009-2026-Pass1-Z1-2MU00693_20260728_232721_000;0.4;4.7;32.0;Testes;0.73;;;;;
Car381009-2026-Pass1-Z1-2MU00693_20260728_232721_000;1.2;3.8;21.0;Tetvir;0.57;;;;;
Car381009-2026-Pass1-Z1-2MU00693_20260728_232731_000;0.0;1.6;28.0;Leppun;0.9;;;;;
Car381009-2026-Pass1-Z1-2MU00693_20260728_232731_000;0.6;2.0;50.0;Pippip;0.1;noise;;;;
Car381009-2026-Pass1-Z1-2MU00693_20260728_232737_000;0.0;1.9;34.0;Leppun;0.62;;;;;
Car381009-2026-Pass1-Z1-2MU00693_20260728_232737_000;1.0;1.9;24.0;noise;0.08;Phogri;;;;
Car381009-2026-Pass1-Z1-2MU00693_20260728_232737_000;1.4;2.1;32.0;Testes;0.33;;;;;
Car381009-2026-Pass1-Z1-2MU00693_20260728_232755_000;0.0;3.6;51.0;Leppun;0.88;;;;;
Car381009-2026-Pass1-Z1-2MU00693_20260728_232755_000;0.0;3.1;25.0;Phogri;0.06;noise;;;;
Car381009-2026-Pass1-Z1-2MU00693_20260728_232815_000;0.0;1.8;32.0;Leppun;0.1;noise, Barfis;;;;
Car381009-2026-Pass1-Z1-2MU00693_20260728_232815_000;0.2;1.8;27.0;noise;0.08;Phogri;;;;
Car381009-2026-Pass1-Z1-2MU00693_20260728_232818_000;0.0;2.0;38.0;Leppun;0.88;;;;;
Car381009-2026-Pass1-Z1-2MU00693_20260728_232818_000;0.1;1.9;23.0;Phogri;0.37;Isopyr;;;;
Car381009-2026-Pass1-Z1-2MU00693_20260728_232823_000;0.0;0.5;31.0;Leppun;0.98;;;;;
Car381009-2026-Pass1-Z1-2MU00693_20260728_232823_000;1.3;1.9;22.0;Plaint;0.09;;;;;
Car381009-2026-Pass1-Z1-2MU00693_20260728_232827_000;0.0;1.9;27.0;Leppun;0.22;;;;;
Car381009-2026-Pass1-Z1-2MU00693_20260728_232827_000;1.2;3.5;26.0;Phogri;0.08;noise, Isopyr;;;;
Car381009-2026-Pass1-Z1-2MU00693_20260728_232827_000;1.2;3.2;47.0;Pippip;0.98;;;;;
Car381009-2026-Pass1-Z1-2MU00693_20260728_232832_000;0.0;2.1;38.0;Leppun;0.97;;;;;
Car381009-2026-Pass1-Z1-2MU00693_20260728_232832_000;0.1;2.1;24.0;noise;0.13;Isopyr;;;;
Car381009-2026-Pass1-Z1-2MU00693_20260728_232835_000;0.0;2.9;35.0;Leppun;0.96;;;;;
Car381009-2026-Pass1-Z1-2MU00693_20260728_232835_000;0.3;2.9;23.0;noise;0.15;;;;;
Car381009-2026-Pass1-Z1-2MU00693_20260728_232840_000;0.0;1.7;26.0;Leppun;0.93;;;;;
Car381009-2026-Pass1-Z1-2MU00693_20260728_232840_000;1.0;1.3;22.0;Cyrscu;0.08;;;;;
Car381009-2026-Pass1-Z1-2MU00693_20260728_232846_000;0.0;2.3;39.0;Leppun;0.97;;;;;
Car381009-2026-Pass1-Z1-2MU00693_20260728_232846_000;0.9;2.3;24.0;Phogri;0.04;noise, Tetvir, Rhasp, Plaint, Pippip, Cyrscu;;;;
Car381009-2026-Pass1-Z1-2MU00693_20260728_232850_000;0.0;0.6;41.0;Leppun;0.96;;;;;
Car381009-2026-Pass1-Z1-2MU00693_20260728_232850_000;0.2;1.0;21.0;Phanan;0.06;noise;;;;
Car381009-2026-Pass1-Z1-2MU00693_20260728_232850_000;0.2;1.7;23.0;Plaint;0.04;Phogri, Tetvir, Sepsep;;;;
Car381009-2026-Pass1-Z1-2MU00693_20260728_232855_000;0.0;1.6;33.0;Leppun;0.93;;;;;
Car381009-2026-Pass1-Z1-2MU00693_20260728_232855_000;0.0;2.0;24.0;noise;0.1;Phogri;;;;
Car381009-2026-Pass1-Z1-2MU00693_20260728_232855_000;0.6;2.1;22.0;Phanan;0.1;;;;;
Car381009-2026-Pass1-Z1-2MU00693_20260728_232900_000;0.0;0.8;39.0;Leppun;0.96;;;;;
Car381009-2026-Pass1-Z1-2MU00693_20260728_232900_000;0.3;1.2;25.0;Phogri;0.45;;;;;
Car381009-2026-Pass1-Z1-2MU00693_20260728_232903_000;0.0;1.6;38.0;Leppun;0.84;;;;;
Car381009-2026-Pass1-Z1-2MU00693_20260728_232903_000;0.0;1.7;22.0;noise;0.16;Phogri;;;;
Car381009-2026-Pass1-Z1-2MU00693_20260728_232903_000;0.8;1.5;22.0;Phogri;0.06;Plaint;;;;
Car381009-2026-Pass1-Z1-2MU00693_20260728_232908_000;0.2;1.7;24.0;Isopyr;0.58;;;;;
Car381009-2026-Pass1-Z1-2MU00693_20260728_232908_000;0.0;1.0;28.0;Leppun;0.93;;;;;
Car381009-2026-Pass1-Z1-2MU00693_20260728_232908_000;0.0;0.1;9.0;Tetvir;0.7;;;;;
Car381009-2026-Pass1-Z1-2MU00693_20260728_232913_000;0.0;1.0;27.0;Leppun;0.96;;;;;
Car381009-2026-Pass1-Z1-2MU00693_20260728_232913_000;0.3;2.0;24.0;Phogri;0.05;noise, Plaint;;;;
Car381009-2026-Pass1-Z1-2MU00693_20260728_232916_000;0.0;0.8;31.0;Leppun;0.97;;;;;
Car381009-2026-Pass1-Z1-2MU00693_20260728_232916_000;0.2;1.6;23.0;Rhasp;0.48;;;;;
Car381009-2026-Pass1-Z1-2MU00693_20260728_232920_000;0.0;1.8;38.0;Leppun;0.98;;;;;
Car381009-2026-Pass1-Z1-2MU00693_20260728_232920_000;0.0;2.1;21.0;Isopyr;0.21;;;;;
Car381009-2026-Pass1-Z1-2MU00693_20260728_232920_000;0.2;1.8;22.0;Tetvir;0.4;;;;;
Car381009-2026-Pass1-Z1-2MU00693_20260728_232926_000;0.0;4.4;33.0;Leppun;0.91;;;;;
Car381009-2026-Pass1-Z1-2MU00693_20260728_232926_000;0.5;4.4;26.0;noise;0.09;;;;;
Car381009-2026-Pass1-Z1-2MU00693_20260728_232926_000;0.2;4.4;24.0;Phogri;0.11;;;;;
Car381009-2026-Pass1-Z1-2MU00693_20260728_232932_000;0.0;1.7;28.0;Leppun;0.95;;;;;
Car381009-2026-Pass1-Z1-2MU00693_20260728_232932_000;0.4;1.8;23.0;Phanan;0.05;noise, Phogri;;;;
Car381009-2026-Pass1-Z1-2MU00693_20260728_232932_000;0.2;1.8;25.0;Rhasp;0.04;Phogri, noise, Plaint;;;;
Car381009-2026-Pass1-Z1-2MU00693_20260728_232932_000;0.7;0.8;10.0;Tetvir;0.22;;;;;
Car381009-2026-Pass1-Z1-2MU00693_20260728_232937_000;0.0;1.9;34.0;Leppun;0.98;;;;;
Car381009-2026-Pass1-Z1-2MU00693_20260728_232937_000;0.0;1.5;24.0;Phogri;0.05;noise, Plaint;;;;
Car381009-2026-Pass1-Z1-2MU00693_20260728_232940_000;0.0;2.1;33.0;Leppun;0.95;;;;;
Car381009-2026-Pass1-Z1-2MU00693_20260728_232940_000;0.3;3.3;22.0;noise;0.11;;;;;
Car381009-2026-Pass1-Z1-2MU00693_20260728_232940_000;0.3;3.3;23.0;Phogri;0.31;;;;;
Car381009-2026-Pass1-Z1-2MU00693_20260728_232944_000;0.0;1.3;32.0;Leppun;0.64;;;;;
Car381009-2026-Pass1-Z1-2MU00693_20260728_232944_000;0.0;1.8;22.0;Phanan;0.14;;;;;
Car381009-2026-Pass1-Z1-2MU00693_20260728_232944_000;0.0;1.8;26.0;Phogri;0.06;Isopyr, noise;;;;
Car381009-2026-Pass1-Z1-2MU00693_20260728_232947_000;0.0;0.1;45.0;Leppun;0.93;;;;;
Car381009-2026-Pass1-Z1-2MU00693_20260728_232947_000;0.0;1.7;22.0;noise;0.18;;;;;
Car381009-2026-Pass1-Z1-2MU00693_20260728_232947_000;0.1;1.6;24.0;Phogri;0.15;;;;;
Car381009-2026-Pass1-Z1-2MU00693_20260728_232950_000;0.0;1.4;34.0;Leppun;0.96;;;;;
Car381009-2026-Pass1-Z1-2MU00693_20260728_232950_000;0.0;1.6;24.0;noise;0.12;;;;;
Car381009-2026-Pass1-Z1-2MU00693_20260728_232950_000;0.0;1.9;26.0;Phogri;0.05;;;;;
Car381009-2026-Pass1-Z1-2MU00693_20260728_232954_000;0.0;2.0;33.0;Leppun;0.96;;;;;
Car381009-2026-Pass1-Z1-2MU00693_20260728_232954_000;0.4;2.0;23.0;noise;0.12;;;;;
Car381009-2026-Pass1-Z1-2MU00693_20260728_232954_000;1.0;1.4;47.0;Pippip;0.97;;;;;
Car381009-2026-Pass1-Z1-2MU00693_20260728_232958_000;0.0;1.9;35.0;Leppun;0.96;;;;;
Car381009-2026-Pass1-Z1-2MU00693_20260728_232958_000;0.6;1.9;24.0;Phogri;0.32;;;;;
Car381009-2026-Pass1-Z1-2MU00693_20260728_233002_000;0.0;2.1;44.0;Leppun;0.97;;;;;
Car381009-2026-Pass1-Z1-2MU00693_20260728_233002_000;0.0;2.0;23.0;Phogri;0.35;;;;;
Car381009-2026-Pass1-Z1-2MU00693_20260728_233005_000;0.0;0.8;36.0;Leppun;0.96;;;;;
Car381009-2026-Pass1-Z1-2MU00693_20260728_233005_000;0.1;1.8;24.0;Phogri;0.57;;;;;
Car381009-2026-Pass1-Z1-2MU00693_20260728_233009_000;0.0;2.0;30.0;Leppun;0.94;;;;;
Car381009-2026-Pass1-Z1-2MU00693_20260728_233009_000;0.0;2.0;21.0;noise;0.05;Rhasp, Phanan;;;;
Car381009-2026-Pass1-Z1-2MU00693_20260728_233009_000;0.1;1.9;20.0;Tetvir;0.69;;;;;
Car381009-2026-Pass1-Z1-2MU00693_20260728_233012_000;0.0;1.0;33.0;Leppun;0.97;;;;;
Car381009-2026-Pass1-Z1-2MU00693_20260728_233012_000;0.0;1.8;24.0;Plaint;0.06;Phogri, noise;;;;
Car381009-2026-Pass1-Z1-2MU00693_20260728_233018_000;0.0;1.0;32.0;Leppun;0.96;;;;;
Car381009-2026-Pass1-Z1-2MU00693_20260728_233018_000;1.2;1.3;11.0;noise;0.24;;;;;
Car381009-2026-Pass1-Z1-2MU00693_20260728_233018_000;0.4;1.8;22.0;Phanan;0.11;Cyrscu;;;;
Car381009-2026-Pass1-Z1-2MU00693_20260728_233018_000;0.0;1.9;25.0;Phogri;0.05;;;;;
Car381009-2026-Pass1-Z1-2MU00693_20260728_233022_000;0.0;1.8;38.0;Leppun;0.98;;;;;
Car381009-2026-Pass1-Z1-2MU00693_20260728_233022_000;0.6;2.0;24.0;Phogri;0.14;;;;;
Car381009-2026-Pass1-Z1-2MU00693_20260728_233027_000;0.0;1.7;30.0;Leppun;0.97;;;;;
Car381009-2026-Pass1-Z1-2MU00693_20260728_233027_000;0.2;1.8;23.0;Phogri;0.57;;;;;
Car381009-2026-Pass1-Z1-2MU00693_20260728_233031_000;0.0;1.4;40.0;Leppun;0.86;;;;;
Car381009-2026-Pass1-Z1-2MU00693_20260728_233031_000;0.3;2.1;23.0;Phogri;0.06;noise, Rhasp;;;;
Car381009-2026-Pass1-Z1-2MU00693_20260728_233036_000;0.0;1.4;32.0;Leppun;0.9;;;;;
Car381009-2026-Pass1-Z1-2MU00693_20260728_233036_000;0.3;1.8;25.0;Plaint;0.07;noise;;;;
Car381009-2026-Pass1-Z1-2MU00693_20260728_233040_000;0.0;1.6;31.0;Leppun;0.98;;;;;
Car381009-2026-Pass1-Z1-2MU00693_20260728_233040_000;0.2;1.8;25.0;Phogri;0.08;noise;;;;
Car381009-2026-Pass1-Z1-2MU00693_20260728_233045_000;0.0;3.7;33.0;Leppun;0.32;;;;;
Car381009-2026-Pass1-Z1-2MU00693_20260728_233045_000;0.3;4.9;26.0;noise;0.07;Phogri;;;;
Car381009-2026-Pass1-Z1-2MU00693_20260728_233045_000;0.5;3.0;26.0;Tetvir;0.73;;;;;
Car381009-2026-Pass1-Z1-2MU00693_20260728_233052_000;0.0;1.7;33.0;Leppun;0.99;;;;;
Car381009-2026-Pass1-Z1-2MU00693_20260728_233052_000;1.4;2.1;22.0;Phogri;0.04;Phanan, Tetvir, Rhasp;;;;
Car381009-2026-Pass1-Z1-2MU00693_20260728_233052_000;0.9;1.0;10.0;noise;0.07;Tetvir;;;;
Car381009-2026-Pass1-Z1-2MU00693_20260728_233056_000;0.0;1.6;34.0;Leppun;0.93;;;;;
Car381009-2026-Pass1-Z1-2MU00693_20260728_233056_000;0.2;0.5;20.0;Phanan;0.81;;;;;
Car381009-2026-Pass1-Z1-2MU00693_20260728_233056_000;0.1;1.6;25.0;Phogri;0.08;noise;;;;
Car381009-2026-Pass1-Z1-2MU00693_20260728_233106_000;0.0;1.9;39.0;Leppun;0.97;;;;;
Car381009-2026-Pass1-Z1-2MU00693_20260728_233106_000;0.4;2.8;22.0;noise;0.16;;;;;
Car381009-2026-Pass1-Z1-2MU00693_20260728_233106_000;0.5;3.1;23.0;Phogri;0.47;;;;;
Car381009-2026-Pass1-Z1-2MU00693_20260728_233111_000;0.0;0.6;47.0;Leppun;0.95;;;;;
Car381009-2026-Pass1-Z1-2MU00693_20260728_233111_000;0.4;1.7;49.0;Pippip;0.96;;;;;
Car381009-2026-Pass1-Z1-2MU00693_20260728_233111_000;0.3;1.2;24.0;noise;0.05;Cyrscu, Isopyr, Phogri;;;;
Car381009-2026-Pass1-Z1-2MU00693_20260728_233122_000;0.0;2.2;46.0;Pippip;0.06;Tetvir, Phogri, Leppun;;;;
Car381009-2026-Pass1-Z1-2MU00693_20260728_233122_000;0.0;2.9;27.0;noise;0.14;Phogri;;;;
Car381009-2026-Pass1-Z1-2MU00693_20260728_233131_000;0.6;3.2;32.0;Leppun;0.22;;;;;
Car381009-2026-Pass1-Z1-2MU00693_20260728_233131_000;0.5;2.6;24.0;Rhasp;0.08;noise, Isopyr;;;;
Car381009-2026-Pass1-Z1-2MU00693_20260728_233137_000;0.0;1.9;32.0;Leppun;0.98;;;;;
Car381009-2026-Pass1-Z1-2MU00693_20260728_233137_000;0.1;1.9;24.0;noise;0.16;;;;;
Car381009-2026-Pass1-Z1-2MU00693_20260728_233143_000;0.0;3.7;31.0;Leppun;0.12;;;;;
Car381009-2026-Pass1-Z1-2MU00693_20260728_233143_000;0.2;3.8;23.0;Phogri;0.05;noise, Isopyr, Cyrscu;;;;
Car381009-2026-Pass1-Z1-2MU00693_20260728_233143_000;0.4;3.7;32.0;Testes;0.11;;;;;
Car381009-2026-Pass1-Z1-2MU00693_20260728_233154_000;0.0;1.4;34.0;Leppun;0.97;;;;;
Car381009-2026-Pass1-Z1-2MU00693_20260728_233154_000;0.1;1.9;24.0;noise;0.13;;;;;
Car381009-2026-Pass1-Z1-2MU00693_20260728_233154_000;0.5;1.5;27.0;Phogri;0.04;Rhasp, Tetvir;;;;
Car381009-2026-Pass1-Z1-2MU00693_20260728_233156_000;0.6;1.9;30.0;noise;0.12;Leppun;;;;
Car381009-2026-Pass1-Z1-2MU00693_20260728_233156_000;0.0;1.6;26.0;Phogri;0.03;Tetvir;;;;
Car381009-2026-Pass1-Z1-2MU00693_20260728_233200_000;0.0;1.7;26.0;Leppun;0.97;;;;;
Car381009-2026-Pass1-Z1-2MU00693_20260728_233200_000;0.1;1.4;21.0;noise;0.11;;;;;
Car381009-2026-Pass1-Z1-2MU00693_20260728_233204_000;0.0;3.4;34.0;Leppun;0.9;;;;;
Car381009-2026-Pass1-Z1-2MU00693_20260728_233204_000;0.0;2.1;32.0;Testes;0.11;;;;;
Car381009-2026-Pass1-Z1-2MU00693_20260728_233211_000;0.0;1.7;33.0;Leppun;0.97;;;;;
Car381009-2026-Pass1-Z1-2MU00693_20260728_233211_000;0.9;1.4;23.0;Cyrscu;0.11;;;;;
Car381009-2026-Pass1-Z1-2MU00693_20260728_233211_000;0.3;1.9;22.0;Phogri;0.29;;;;;
Car381009-2026-Pass1-Z1-2MU00693_20260728_233211_000;0.4;1.9;25.0;Tetvir;0.49;;;;;
Car381009-2026-Pass1-Z1-2MU00693_20260728_233220_000;0.0;0.4;30.0;Leppun;0.98;;;;;
Car381009-2026-Pass1-Z1-2MU00693_20260728_233220_000;0.4;2.0;22.0;noise;0.32;;;;;
Car381009-2026-Pass1-Z1-2MU00693_20260728_233220_000;0.5;1.8;23.0;Plaint;0.04;Phogri, Tetvir;;;;
Car381009-2026-Pass1-Z1-2MU00693_20260728_233238_000;0.0;1.2;33.0;Leppun;0.09;noise;;;;
Car381009-2026-Pass1-Z1-2MU00693_20260728_233238_000;0.2;1.5;23.0;Tetvir;0.78;;;;;
Car381009-2026-Pass1-Z1-2MU00693_20260728_233246_000;0.0;1.9;32.0;Leppun;0.9;;;;;
Car381009-2026-Pass1-Z1-2MU00693_20260728_233246_000;0.0;2.1;24.0;Phogri;0.07;noise;;;;
Car381009-2026-Pass1-Z1-2MU00693_20260728_233249_000;0.0;1.9;37.0;Leppun;0.98;;;;;
Car381009-2026-Pass1-Z1-2MU00693_20260728_233249_000;0.1;1.5;24.0;Phogri;0.69;;;;;
Car381009-2026-Pass1-Z1-2MU00693_20260728_233252_000;0.0;0.6;34.0;Leppun;0.97;;;;;
Car381009-2026-Pass1-Z1-2MU00693_20260728_233252_000;0.0;2.1;26.0;Rhasp;0.13;;;;;
Car381009-2026-Pass1-Z1-2MU00693_20260728_233256_000;0.0;1.2;32.0;Leppun;0.96;;;;;
Car381009-2026-Pass1-Z1-2MU00693_20260728_233256_000;0.2;1.7;24.0;noise;0.05;Phogri, Plaint;;;;
Car381009-2026-Pass1-Z1-2MU00693_20260728_233300_000;0.0;1.5;27.0;Leppun;0.9;;;;;
Car381009-2026-Pass1-Z1-2MU00693_20260728_233300_000;0.2;1.5;22.0;Isopyr;0.16;;;;;
Car381009-2026-Pass1-Z1-2MU00693_20260728_233300_000;0.2;1.5;25.0;Phogri;0.35;;;;;
Car381009-2026-Pass1-Z1-2MU00693_20260728_233303_000;0.0;1.8;32.0;Leppun;0.98;;;;;
Car381009-2026-Pass1-Z1-2MU00693_20260728_233303_000;0.4;1.3;22.0;Phogri;0.06;noise;;;;
Car381009-2026-Pass1-Z1-2MU00693_20260728_233312_000;0.0;2.0;33.0;Leppun;0.94;;;;;
Car381009-2026-Pass1-Z1-2MU00693_20260728_233312_000;0.0;1.4;21.0;noise;0.05;Tetvir, Phogri, Phanan;;;;
Car381009-2026-Pass1-Z1-2MU00693_20260728_233312_000;0.5;2.0;26.0;Rhasp;0.13;;;;;
Car381009-2026-Pass1-Z1-2MU00693_20260728_233316_000;0.0;1.8;33.0;Leppun;0.98;;;;;
Car381009-2026-Pass1-Z1-2MU00693_20260728_233316_000;0.2;2.0;23.0;Phogri;0.65;;;;;
Car381009-2026-Pass1-Z1-2MU00693_20260728_233316_000;0.0;1.7;12.0;Tetvir;0.74;;;;;
Car381009-2026-Pass1-Z1-2MU00693_20260728_233322_000;0.0;1.8;35.0;Leppun;0.98;;;;;
Car381009-2026-Pass1-Z1-2MU00693_20260728_233322_000;0.5;1.5;24.0;Tetvir;0.23;;;;;
Car381009-2026-Pass1-Z1-2MU00693_20260728_233325_000;0.0;3.7;33.0;Leppun;0.23;;;;;
Car381009-2026-Pass1-Z1-2MU00693_20260728_233325_000;0.4;4.1;22.0;noise;0.15;;;;;
Car381009-2026-Pass1-Z1-2MU00693_20260728_233325_000;0.0;4.2;23.0;Phogri;0.48;Isopyr;;;;
Car381009-2026-Pass1-Z1-2MU00693_20260728_233330_000;0.5;1.8;20.0;Isopyr;0.26;;;;;
Car381009-2026-Pass1-Z1-2MU00693_20260728_233330_000;0.0;2.0;28.0;Leppun;0.35;;;;;
Car381009-2026-Pass1-Z1-2MU00693_20260728_233330_000;0.0;1.9;24.0;Phogri;0.11;noise;;;;
Car381009-2026-Pass1-Z1-2MU00693_20260728_233335_000;0.0;1.2;36.0;Leppun;0.96;;;;;
Car381009-2026-Pass1-Z1-2MU00693_20260728_233335_000;0.8;1.7;25.0;noise;0.19;;;;;
Car381009-2026-Pass1-Z1-2MU00693_20260728_233339_000;0.0;1.2;29.0;Leppun;0.97;;;;;
Car381009-2026-Pass1-Z1-2MU00693_20260728_233339_000;0.0;2.0;22.0;Phanan;0.74;;;;;
Car381009-2026-Pass1-Z1-2MU00693_20260728_233351_000;0.0;1.6;28.0;Leppun;0.84;;;;;
Car381009-2026-Pass1-Z1-2MU00693_20260728_233351_000;0.0;1.6;22.0;noise;0.13;;;;;
Car381009-2026-Pass1-Z1-2MU00693_20260728_233351_000;0.0;1.7;23.0;Isopyr;0.5;;;;;
Car381009-2026-Pass1-Z1-2MU00693_20260728_233354_000;0.0;0.7;35.0;Leppun;0.98;;;;;
Car381009-2026-Pass1-Z1-2MU00693_20260728_233354_000;0.5;2.0;20.0;noise;0.08;;;;;
Car381009-2026-Pass1-Z1-2MU00693_20260728_233354_000;0.6;1.9;25.0;Phogri;0.03;Tetvir, Plaint, Cyrscu;;;;
Car381009-2026-Pass1-Z1-2MU00693_20260728_233357_000;0.0;1.7;39.0;Leppun;0.98;;;;;
Car381009-2026-Pass1-Z1-2MU00693_20260728_233357_000;0.0;1.7;21.0;noise;0.18;;;;;
Car381009-2026-Pass1-Z1-2MU00693_20260728_233357_000;0.4;1.7;22.0;Phogri;0.03;Phanan, Tetvir;;;;
Car381009-2026-Pass1-Z1-2MU00693_20260728_233400_000;0.0;0.1;39.0;Leppun;0.98;;;;;
Car381009-2026-Pass1-Z1-2MU00693_20260728_233400_000;0.5;1.8;21.0;noise;0.11;;;;;
Car381009-2026-Pass1-Z1-2MU00693_20260728_233404_000;0.0;0.8;35.0;Leppun;0.93;;;;;
Car381009-2026-Pass1-Z1-2MU00693_20260728_233404_000;0.2;1.7;14.0;Phogri;0.22;noise;;;;
Car381009-2026-Pass1-Z1-2MU00693_20260728_233404_000;0.7;1.7;22.0;Phanan;0.04;Isopyr, Cyrscu, noise, Tetvir;;;;
Car381009-2026-Pass1-Z1-2MU00693_20260728_233407_000;0.0;1.9;34.0;Leppun;0.97;;;;;
Car381009-2026-Pass1-Z1-2MU00693_20260728_233407_000;0.7;1.9;27.0;noise;0.07;;;;;
Car381009-2026-Pass1-Z1-2MU00693_20260728_233410_000;0.0;1.6;32.0;Leppun;0.98;;;;;
Car381009-2026-Pass1-Z1-2MU00693_20260728_233410_000;0.5;1.8;22.0;Phogri;0.05;noise;;;;
Car381009-2026-Pass1-Z1-2MU00693_20260728_233414_000;0.0;1.4;38.0;Leppun;0.96;;;;;
Car381009-2026-Pass1-Z1-2MU00693_20260728_233414_000;0.1;1.8;23.0;Isopyr;0.09;Cyrscu;;;;
Car381009-2026-Pass1-Z1-2MU00693_20260728_233421_000;0.0;1.8;36.0;Leppun;0.98;;;;;
Car381009-2026-Pass1-Z1-2MU00693_20260728_233421_000;0.3;1.9;21.0;Phanan;0.12;;;;;
Car381009-2026-Pass1-Z1-2MU00693_20260728_233421_000;0.5;1.8;26.0;Phogri;0.04;noise, Plaint;;;;
Car381009-2026-Pass1-Z1-2MU00693_20260728_233421_000;0.2;0.8;12.0;Tetvir;0.74;;;;;
Car381009-2026-Pass1-Z1-2MU00693_20260728_233424_000;0.0;2.8;36.0;Leppun;0.94;;;;;
Car381009-2026-Pass1-Z1-2MU00693_20260728_233424_000;0.5;3.5;24.0;noise;0.05;Phogri, Isopyr;;;;
Car381009-2026-Pass1-Z1-2MU00693_20260728_233424_000;0.0;2.8;18.0;Tetvir;0.8;;;;;
Car381009-2026-Pass1-Z1-2MU00693_20260728_233430_000;0.0;0.1;38.0;Leppun;0.97;;;;;
Car381009-2026-Pass1-Z1-2MU00693_20260728_233430_000;1.4;1.5;12.0;noise;0.22;;;;;
Car381009-2026-Pass1-Z1-2MU00693_20260728_233430_000;1.1;2.0;23.0;Phogri;0.06;;;;;
Car381009-2026-Pass1-Z1-2MU00693_20260728_233436_000;0.0;1.5;37.0;Leppun;0.97;;;;;
Car381009-2026-Pass1-Z1-2MU00693_20260728_233436_000;0.2;1.9;22.0;noise;0.05;Phogri;;;;
Car381009-2026-Pass1-Z1-2MU00693_20260728_233451_000;0.0;2.0;34.0;Leppun;0.97;;;;;
Car381009-2026-Pass1-Z1-2MU00693_20260728_233451_000;0.8;2.1;26.0;Phogri;0.08;;;;;
Car381009-2026-Pass1-Z1-2MU00693_20260728_233451_000;0.0;2.0;20.0;Tetvir;0.68;;;;;
Car381009-2026-Pass1-Z1-2MU00693_20260728_233455_000;0.0;1.1;33.0;Leppun;0.39;;;;;
Car381009-2026-Pass1-Z1-2MU00693_20260728_233455_000;0.0;1.5;30.0;noise;0.16;;;;;
Car381009-2026-Pass1-Z1-2MU00693_20260728_233455_000;0.4;2.0;24.0;Phogri;0.07;Plaint;;;;
Car381009-2026-Pass1-Z1-2MU00693_20260728_233458_000;0.0;1.5;23.0;Phogri;0.66;;;;;
Car381009-2026-Pass1-Z1-2MU00693_20260728_233502_000;0.0;2.0;34.0;Leppun;0.97;;;;;
Car381009-2026-Pass1-Z1-2MU00693_20260728_233502_000;0.0;0.6;17.0;noise;0.06;Tetvir;;;;
Car381009-2026-Pass1-Z1-2MU00693_20260728_233502_000;0.0;1.8;22.0;Phogri;0.08;noise;;;;
Car381009-2026-Pass1-Z1-2MU00693_20260728_233506_000;0.0;1.9;36.0;Leppun;0.97;;;;;
Car381009-2026-Pass1-Z1-2MU00693_20260728_233506_000;0.5;2.1;25.0;noise;0.11;;;;;
Car381009-2026-Pass1-Z1-2MU00693_20260728_233506_000;0.1;2.0;22.0;Isopyr;0.09;Phogri;;;;
Car381009-2026-Pass1-Z1-2MU00693_20260728_233517_000;0.0;0.5;32.0;Leppun;0.98;;;;;
Car381009-2026-Pass1-Z1-2MU00693_20260728_233517_000;1.2;1.8;18.0;Tetvir;0.18;;;;;
Car381009-2026-Pass1-Z1-2MU00693_20260728_233522_000;0.0;1.8;26.0;Phogri;0.79;;;;;
Car381009-2026-Pass1-Z1-2MU00693_20260728_233528_000;0.0;0.1;34.0;Leppun;0.98;;;;;
Car381009-2026-Pass1-Z1-2MU00693_20260728_233528_000;0.7;1.6;23.0;Plaint;0.06;Phogri, noise;;;;
Car381009-2026-Pass1-Z1-2MU00693_20260728_233534_000;0.0;0.4;36.0;Leppun;0.99;;;;;
Car381009-2026-Pass1-Z1-2MU00693_20260728_233534_000;0.3;1.7;23.0;noise;0.19;;;;;
Car381009-2026-Pass1-Z1-2MU00693_20260728_233537_000;1.5;1.6;33.0;Leppun;0.1;noise;;;;
Car381009-2026-Pass1-Z1-2MU00693_20260728_233537_000;0.0;1.9;23.0;Phogri;0.91;;;;;
Car381009-2026-Pass1-Z1-2MU00693_20260728_233545_000;0.0;0.5;39.0;Isopyr;0.07;;;;;
Car381009-2026-Pass1-Z1-2MU00693_20260728_233545_000;0.0;2.3;23.0;noise;0.33;;;;;
Car381009-2026-Pass1-Z1-2MU00693_20260728_233559_000;0.2;1.1;27.0;noise;0.51;;;;;
Car381009-2026-Pass1-Z1-2MU00693_20260728_233559_000;0.8;2.0;22.0;Phanan;0.07;;;;;
Car381009-2026-Pass1-Z1-2MU00693_20260728_233559_000;0.9;2.0;39.0;Pipkuh;0.25;Pipnat;;;;
Car381009-2026-Pass1-Z1-2MU00693_20260728_233601_000;0.0;3.2;35.0;Leppun;0.79;;;;;
Car381009-2026-Pass1-Z1-2MU00693_20260728_233601_000;0.2;5.0;43.0;Pipkuh;0.57;Pipnat;;;;
Car381009-2026-Pass1-Z1-2MU00693_20260728_233601_000;1.4;4.1;59.0;Pippip;0.36;;;;;
Car381009-2026-Pass1-Z1-2MU00693_20260728_233601_000;0.0;4.5;22.0;Isopyr;0.22;;;;;
Car381009-2026-Pass1-Z1-2MU00693_20260728_233601_000;0.4;4.8;25.0;Tetvir;0.66;;;;;
Car381009-2026-Pass1-Z1-2MU00693_20260728_233611_000;0.0;0.5;37.0;Leppun;0.76;;;;;
Car381009-2026-Pass1-Z1-2MU00693_20260728_233611_000;0.0;2.3;20.0;Phogri;0.48;;;;;
Car381009-2026-Pass1-Z1-2MU00693_20260728_233611_000;0.3;2.4;22.0;Plaalb;0.05;Tetvir, noise;;;;
Car381009-2026-Pass1-Z1-2MU00693_20260728_233615_000;0.7;2.9;36.0;Leppun;0.97;;;;;
Car381009-2026-Pass1-Z1-2MU00693_20260728_233615_000;0.5;4.0;23.0;Phogri;0.74;;;;;
Car381009-2026-Pass1-Z1-2MU00693_20260728_233615_000;0.0;4.0;22.0;Tetvir;0.31;;;;;
Car381009-2026-Pass1-Z1-2MU00693_20260728_233622_000;0.0;0.2;33.0;Leppun;0.96;;;;;
Car381009-2026-Pass1-Z1-2MU00693_20260728_233622_000;1.5;1.6;46.0;Pippip;0.51;;;;;
Car381009-2026-Pass1-Z1-2MU00693_20260728_233622_000;0.0;1.9;22.0;Phogri;0.08;;;;;
Car381009-2026-Pass1-Z1-2MU00693_20260728_233626_000;0.0;1.8;26.0;Phogri;0.19;;;;;
Car381009-2026-Pass1-Z1-2MU00693_20260728_233626_000;0.3;1.9;49.0;Pippip;0.96;;;;;
Car381009-2026-Pass1-Z1-2MU00693_20260728_233626_000;0.3;1.8;24.0;Plaint;0.04;noise, Tetvir;;;;
Car381009-2026-Pass1-Z1-2MU00693_20260728_233632_000;0.0;0.1;33.0;Leppun;0.95;;;;;
Car381009-2026-Pass1-Z1-2MU00693_20260728_233632_000;0.6;2.0;22.0;noise;0.05;Phogri, Tetvir;;;;
Car381009-2026-Pass1-Z1-2MU00693_20260728_233636_000;0.0;1.9;35.0;Leppun;0.32;;;;;
Car381009-2026-Pass1-Z1-2MU00693_20260728_233636_000;0.7;1.9;23.0;Plaalb;0.04;noise, Tetvir, Phogri;;;;
Car381009-2026-Pass1-Z1-2MU00693_20260728_233641_000;0.0;1.9;32.0;Leppun;0.98;;;;;
Car381009-2026-Pass1-Z1-2MU00693_20260728_233641_000;0.1;2.0;23.0;Phogri;0.05;noise, Metbra;;;;
Car381009-2026-Pass1-Z1-2MU00693_20260728_233641_000;0.2;1.9;23.0;noise;0.05;Cyrscu;;;;
Car381009-2026-Pass1-Z1-2MU00693_20260728_233645_000;0.0;3.0;30.0;Leppun;0.95;;;;;
Car381009-2026-Pass1-Z1-2MU00693_20260728_233645_000;0.2;3.8;22.0;Phogri;0.04;Plaint, noise, Plaalb, Metbra;;;;
Car381009-2026-Pass1-Z1-2MU00693_20260728_233645_000;0.0;2.6;22.0;Tetvir;0.5;;;;;
Car381009-2026-Pass1-Z1-2MU00693_20260728_233651_000;0.0;1.2;43.0;Leppun;0.98;;;;;
Car381009-2026-Pass1-Z1-2MU00693_20260728_233651_000;0.5;0.6;19.0;noise;0.15;;;;;
Car381009-2026-Pass1-Z1-2MU00693_20260728_233651_000;0.2;1.9;25.0;Phogri;0.17;;;;;
Car381009-2026-Pass1-Z1-2MU00693_20260728_233654_000;0.4;1.3;33.0;Leppun;0.13;noise;;;;
Car381009-2026-Pass1-Z1-2MU00693_20260728_233654_000;0.0;0.6;22.0;Phogri;0.92;;;;;
Car381009-2026-Pass1-Z1-2MU00693_20260728_233656_000;0.0;1.7;28.0;Leppun;0.95;;;;;
Car381009-2026-Pass1-Z1-2MU00693_20260728_233656_000;0.3;2.0;26.0;noise;0.08;Phogri;;;;
Car381009-2026-Pass1-Z1-2MU00693_20260728_233700_000;0.0;1.8;36.0;Leppun;0.97;;;;;
Car381009-2026-Pass1-Z1-2MU00693_20260728_233700_000;0.4;1.5;23.0;Phogri;0.49;;;;;
Car381009-2026-Pass1-Z1-2MU00693_20260728_233703_000;0.3;1.6;27.0;noise;0.16;;;;;
Car381009-2026-Pass1-Z1-2MU00693_20260728_233703_000;0.0;1.7;22.0;Phogri;0.84;;;;;
Car381009-2026-Pass1-Z1-2MU00693_20260728_233706_000;0.0;0.9;30.0;Leppun;0.98;;;;;
Car381009-2026-Pass1-Z1-2MU00693_20260728_233706_000;0.5;2.0;23.0;Phogri;0.05;Plaint, noise;;;;
Car381009-2026-Pass1-Z1-2MU00693_20260728_233717_000;0.0;1.1;26.0;Leppun;0.98;;;;;
Car381009-2026-Pass1-Z1-2MU00693_20260728_233717_000;0.1;1.1;23.0;Phogri;0.05;Plaint, noise;;;;
Car381009-2026-Pass1-Z1-2MU00693_20260728_233722_000;0.0;2.1;34.0;Phogri;0.71;;;;;
Car381009-2026-Pass1-Z1-2MU00693_20260728_233722_000;0.0;2.3;24.0;Plaint;0.04;noise, Tetvir, Plaalb;;;;
Car381009-2026-Pass1-Z1-2MU00693_20260728_233728_000;0.0;1.8;25.0;Leppun;0.57;;;;;
Car381009-2026-Pass1-Z1-2MU00693_20260728_233728_000;1.0;1.7;22.0;Cyrscu;0.18;;;;;
Car381009-2026-Pass1-Z1-2MU00693_20260728_233731_000;0.0;2.1;27.0;Leppun;0.76;;;;;
Car381009-2026-Pass1-Z1-2MU00693_20260728_233731_000;1.3;1.6;22.0;noise;0.16;;;;;
Car381009-2026-Pass1-Z1-2MU00693_20260728_233735_000;0.9;1.9;22.0;Plaalb;0.04;Phogri, noise, Tetvir;;;;
Car381009-2026-Pass1-Z1-2MU00693_20260728_233743_000;0.0;1.9;32.0;Leppun;0.99;;;;;
Car381009-2026-Pass1-Z1-2MU00693_20260728_233743_000;0.6;1.3;21.0;noise;0.06;Tetvir, Phanan;;;;
Car381009-2026-Pass1-Z1-2MU00693_20260728_233747_000;0.1;0.6;22.0;Isopyr;0.82;;;;;
Car381009-2026-Pass1-Z1-2MU00693_20260728_233747_000;0.0;0.6;31.0;Leppun;0.98;;;;;
Car381009-2026-Pass1-Z1-2MU00693_20260728_233747_000;1.1;2.0;52.0;Pippip;0.97;;;;;
Car381009-2026-Pass1-Z1-2MU00693_20260728_233751_000;0.0;1.3;44.0;Leppun;0.92;;;;;
Car381009-2026-Pass1-Z1-2MU00693_20260728_233751_000;0.0;1.5;24.0;Phogri;0.7;;;;;
Car381009-2026-Pass1-Z1-2MU00693_20260728_233751_000;0.2;1.6;50.0;Pippip;0.96;;;;;
Car381009-2026-Pass1-Z1-2MU00693_20260728_233759_000;0.0;2.9;33.0;Leppun;0.92;;;;;
Car381009-2026-Pass1-Z1-2MU00693_20260728_233759_000;0.1;2.7;42.0;Myodau;0.78;;;;;
Car381009-2026-Pass1-Z1-2MU00693_20260728_233759_000;0.2;3.0;49.0;Pippip;0.97;;;;;
Car381009-2026-Pass1-Z1-2MU00693_20260728_233759_000;0.1;2.9;22.0;Phogri;0.1;Cyrscu;;;;
Car381009-2026-Pass1-Z1-2MU00693_20260728_233803_000;0.0;2.0;26.0;Phogri;0.79;;;;;
Car381009-2026-Pass1-Z1-2MU00693_20260728_233803_000;0.2;2.0;48.0;Pippip;0.99;;;;;
Car381009-2026-Pass1-Z1-2MU00693_20260728_233806_000;0.0;2.1;36.0;Leppun;0.93;;;;;
Car381009-2026-Pass1-Z1-2MU00693_20260728_233806_000;0.1;2.1;24.0;Phogri;0.29;;;;;
Car381009-2026-Pass1-Z1-2MU00693_20260728_233808_000;0.9;2.2;23.0;Isopyr;0.28;;;;;
Car381009-2026-Pass1-Z1-2MU00693_20260728_233808_000;0.0;1.8;33.0;Leppun;0.96;;;;;
Car381009-2026-Pass1-Z1-2MU00693_20260728_233808_000;0.9;1.7;22.0;Cyrscu;0.27;;;;;
Car381009-2026-Pass1-Z1-2MU00693_20260728_233814_000;0.0;2.2;35.0;Leppun;0.78;;;;;
Car381009-2026-Pass1-Z1-2MU00693_20260728_233814_000;0.1;0.3;32.0;Yposp;0.03;Roeroe, Phogri, noise, Tetvir, Rhasp;;;;
Car381009-2026-Pass1-Z1-2MU00693_20260728_233818_000;0.1;0.4;37.0;noise;0.04;Yposp, Tetvir, Metbra;;;;
Car381009-2026-Pass1-Z1-2MU00693_20260728_233818_000;0.0;1.4;36.0;Leppun;0.2;;;;;
Car381009-2026-Pass1-Z1-2MU00693_20260728_233818_000;1.0;2.3;24.0;Phogri;0.52;;;;;
Car381009-2026-Pass1-Z1-2MU00693_20260728_233822_000;0.0;1.9;30.0;Leppun;0.99;;;;;
Car381009-2026-Pass1-Z1-2MU00693_20260728_233822_000;0.1;1.7;24.0;noise;0.05;Phogri, Cyrscu;;;;
Car381009-2026-Pass1-Z1-2MU00693_20260728_233827_000;0.0;3.2;36.0;Leppun;0.96;;;;;
Car381009-2026-Pass1-Z1-2MU00693_20260728_233827_000;0.5;2.5;22.0;Cyrscu;0.2;;;;;
Car381009-2026-Pass1-Z1-2MU00693_20260728_233827_000;1.1;2.0;33.0;Testes;0.43;;;;;
Car381009-2026-Pass1-Z1-2MU00693_20260728_233832_000;0.0;1.3;27.0;Leppun;0.98;;;;;
Car381009-2026-Pass1-Z1-2MU00693_20260728_233832_000;0.5;0.6;23.0;noise;0.1;;;;;
Car381009-2026-Pass1-Z1-2MU00693_20260728_233834_000;0.0;0.6;34.0;Leppun;0.54;;;;;
Car381009-2026-Pass1-Z1-2MU00693_20260728_233834_000;0.5;2.0;21.0;noise;0.19;;;;;
Car381009-2026-Pass1-Z1-2MU00693_20260728_233834_000;0.3;0.6;23.0;Phogri;0.06;;;;;
Car381009-2026-Pass1-Z1-2MU00693_20260728_233838_000;0.0;2.1;42.0;Leppun;0.97;;;;;
Car381009-2026-Pass1-Z1-2MU00693_20260728_233838_000;1.4;2.0;22.0;Isopyr;0.12;Cyrscu;;;;
Car381009-2026-Pass1-Z1-2MU00693_20260728_233846_000;0.0;1.6;31.0;Leppun;0.97;;;;;
Car381009-2026-Pass1-Z1-2MU00693_20260728_233846_000;1.0;1.9;23.0;noise;0.1;Phogri;;;;
Car381009-2026-Pass1-Z1-2MU00693_20260728_233849_000;0.0;1.1;42.0;Leppun;0.96;;;;;
Car381009-2026-Pass1-Z1-2MU00693_20260728_233849_000;0.1;1.2;23.0;Phogri;0.76;;;;;
Car381009-2026-Pass1-Z1-2MU00693_20260728_233856_000;0.0;0.6;38.0;Leppun;0.97;;;;;
Car381009-2026-Pass1-Z1-2MU00693_20260728_233856_000;0.3;2.0;24.0;Phogri;0.83;;;;;
Car381009-2026-Pass1-Z1-2MU00693_20260728_233900_000;0.0;1.1;44.0;Leppun;0.96;;;;;
Car381009-2026-Pass1-Z1-2MU00693_20260728_233900_000;0.0;1.2;23.0;Phogri;0.06;noise, Plaint;;;;
Car381009-2026-Pass1-Z1-2MU00693_20260728_233904_000;0.0;1.1;49.0;Leppun;0.96;;;;;
Car381009-2026-Pass1-Z1-2MU00693_20260728_233904_000;0.4;2.0;24.0;Phogri;0.08;noise;;;;
Car381009-2026-Pass1-Z1-2MU00693_20260728_233909_000;0.4;2.0;23.0;noise;0.09;;;;;
Car381009-2026-Pass1-Z1-2MU00693_20260728_233909_000;0.4;2.0;23.0;Phogri;0.08;;;;;
Car381009-2026-Pass1-Z1-2MU00693_20260728_233909_000;0.0;2.1;34.0;Testes;0.82;;;;;
Car381009-2026-Pass1-Z1-2MU00693_20260728_233912_000;0.5;2.1;22.0;Isopyr;0.06;Cyrscu, Phogri;;;;
Car381009-2026-Pass1-Z1-2MU00693_20260728_233912_000;0.0;0.6;43.0;Leppun;0.97;;;;;
Car381009-2026-Pass1-Z1-2MU00693_20260728_233912_000;0.1;2.0;24.0;noise;0.08;Phogri;;;;
Car381009-2026-Pass1-Z1-2MU00693_20260728_233917_000;0.0;1.9;38.0;Leppun;0.99;;;;;
Car381009-2026-Pass1-Z1-2MU00693_20260728_233917_000;0.0;1.7;23.0;Phogri;0.5;;;;;
Car381009-2026-Pass1-Z1-2MU00693_20260728_233921_000;0.0;1.9;51.0;Leppun;0.93;;;;;
Car381009-2026-Pass1-Z1-2MU00693_20260728_233921_000;1.7;1.9;24.0;Rhasp;0.32;;;;;
Car381009-2026-Pass1-Z1-2MU00693_20260728_233926_000;0.0;1.6;39.0;Leppun;0.7;;;;;
Car381009-2026-Pass1-Z1-2MU00693_20260728_233926_000;0.4;1.8;24.0;noise;0.11;;;;;
Car381009-2026-Pass1-Z1-2MU00693_20260728_233926_000;0.4;1.8;23.0;Plaint;0.04;Phogri, Tetvir;;;;
Car381009-2026-Pass1-Z1-2MU00693_20260728_233929_000;0.0;1.8;48.0;Phogri;0.67;;;;;
Car381009-2026-Pass1-Z1-2MU00693_20260728_233929_000;0.0;1.8;24.0;Plaint;0.04;noise, Tetvir;;;;
Car381009-2026-Pass1-Z1-2MU00693_20260728_233936_000;0.0;0.8;32.0;Leppun;0.74;;;;;
Car381009-2026-Pass1-Z1-2MU00693_20260728_233936_000;0.1;2.0;22.0;noise;0.05;Phanan;;;;
Car381009-2026-Pass1-Z1-2MU00693_20260728_233936_000;0.1;2.0;23.0;Plaint;0.03;Phogri, Tetvir, Cyrscu;;;;
Car381009-2026-Pass1-Z1-2MU00693_20260728_233939_000;0.0;1.7;39.0;Leppun;0.19;;;;;
Car381009-2026-Pass1-Z1-2MU00693_20260728_233939_000;0.0;1.5;22.0;Isopyr;0.68;;;;;
Car381009-2026-Pass1-Z1-2MU00693_20260728_233941_000;0.0;1.3;39.0;Leppun;0.65;;;;;
Car381009-2026-Pass1-Z1-2MU00693_20260728_233941_000;0.1;2.0;23.0;Phanan;0.08;noise;;;;
Car381009-2026-Pass1-Z1-2MU00693_20260728_233941_000;0.1;1.3;30.0;Phogri;0.72;;;;;
Car381009-2026-Pass1-Z1-2MU00693_20260728_233943_000;0.5;4.2;50.0;Leppun;0.96;;;;;
Car381009-2026-Pass1-Z1-2MU00693_20260728_233943_000;0.0;4.2;24.0;Phogri;0.8;;;;;
Car381009-2026-Pass1-Z1-2MU00693_20260728_233949_000;0.0;3.1;51.0;Leppun;0.96;;;;;
Car381009-2026-Pass1-Z1-2MU00693_20260728_233949_000;0.2;3.3;24.0;Phogri;0.06;Plaint, noise;;;;
Car381009-2026-Pass1-Z1-2MU00693_20260728_233953_000;0.0;1.7;43.0;Leppun;0.95;;;;;
Car381009-2026-Pass1-Z1-2MU00693_20260728_233953_000;0.5;1.8;24.0;Phogri;0.39;;;;;
Car381009-2026-Pass1-Z1-2MU00693_20260728_233956_000;0.0;1.8;34.0;Leppun;0.73;;;;;
Car381009-2026-Pass1-Z1-2MU00693_20260728_233956_000;0.4;1.1;22.0;Phanan;0.09;noise;;;;
Car381009-2026-Pass1-Z1-2MU00693_20260728_233956_000;0.5;1.8;26.0;Phogri;0.48;;;;;
Car381009-2026-Pass1-Z1-2MU00693_20260728_234005_000;0.0;1.2;27.0;Phogri;0.45;;;;;
Car381009-2026-Pass1-Z1-2MU00693_20260728_234008_000;0.0;2.0;39.0;Leppun;0.93;;;;;
Car381009-2026-Pass1-Z1-2MU00693_20260728_234008_000;0.7;2.9;25.0;noise;0.09;Phogri;;;;
Car381009-2026-Pass1-Z1-2MU00693_20260728_234014_000;0.0;2.6;30.0;Leppun;0.91;;;;;
Car381009-2026-Pass1-Z1-2MU00693_20260728_234014_000;0.0;3.7;23.0;Phogri;0.68;;;;;
Car381009-2026-Pass1-Z1-2MU00693_20260728_234019_000;0.0;0.7;32.0;Leppun;0.27;;;;;
Car381009-2026-Pass1-Z1-2MU00693_20260728_234019_000;0.0;2.0;22.0;Roeroe;0.38;;;;;
Car381009-2026-Pass1-Z1-2MU00693_20260728_234022_000;0.0;3.1;47.0;Leppun;0.74;;;;;
Car381009-2026-Pass1-Z1-2MU00693_20260728_234022_000;0.4;2.6;22.0;Phanan;0.07;noise;;;;
Car381009-2026-Pass1-Z1-2MU00693_20260728_234022_000;0.9;3.1;26.0;Phogri;0.41;;;;;
Car381009-2026-Pass1-Z1-2MU00693_20260728_234026_000;0.0;1.8;21.0;noise;0.1;Phanan;;;;
Car381009-2026-Pass1-Z1-2MU00693_20260728_234026_000;0.2;2.0;27.0;Phogri;0.33;;;;;
Car381009-2026-Pass1-Z1-2MU00693_20260728_234029_000;0.0;2.5;36.0;Leppun;0.95;;;;;
Car381009-2026-Pass1-Z1-2MU00693_20260728_234029_000;0.2;1.7;27.0;noise;0.15;;;;;
Car381009-2026-Pass1-Z1-2MU00693_20260728_234029_000;0.4;2.6;21.0;Phanan;0.22;;;;;
Car381009-2026-Pass1-Z1-2MU00693_20260728_234032_000;1.2;1.8;24.0;Leppun;0.89;;;;;
Car381009-2026-Pass1-Z1-2MU00693_20260728_234032_000;0.0;2.9;24.0;Isopyr;0.37;Phogri;;;;
Car381009-2026-Pass1-Z1-2MU00693_20260728_234032_000;3.2;3.3;47.0;Pippip;0.75;;;;;
Car381009-2026-Pass1-Z1-2MU00693_20260728_234037_000;0.0;0.1;32.0;Leppun;0.98;;;;;
Car381009-2026-Pass1-Z1-2MU00693_20260728_234037_000;0.9;2.0;21.0;Phanan;0.09;;;;;
Car381009-2026-Pass1-Z1-2MU00693_20260728_234037_000;0.5;0.6;49.0;Pippip;0.8;;;;;
Car381009-2026-Pass1-Z1-2MU00693_20260728_234041_000;0.0;1.3;34.0;Leppun;0.97;;;;;
Car381009-2026-Pass1-Z1-2MU00693_20260728_234041_000;0.0;1.9;21.0;Phogri;0.08;noise;;;;
Car381009-2026-Pass1-Z1-2MU00693_20260728_234044_000;0.0;3.4;32.0;Leppun;0.96;;;;;
Car381009-2026-Pass1-Z1-2MU00693_20260728_234044_000;0.3;2.9;27.0;Phogri;0.62;;;;;
Car381009-2026-Pass1-Z1-2MU00693_20260728_234044_000;0.2;4.4;23.0;noise;0.05;Plaint;;;;
Car381009-2026-Pass1-Z1-2MU00693_20260728_234057_000;0.0;2.0;27.0;Leppun;0.95;;;;;
Car381009-2026-Pass1-Z1-2MU00693_20260728_234057_000;0.3;2.0;21.0;noise;0.05;Phanan;;;;
Car381009-2026-Pass1-Z1-2MU00693_20260728_234057_000;0.3;1.9;24.0;Phogri;0.03;Tetvir, Rhasp, Plaint;;;;
Car381009-2026-Pass1-Z1-2MU00693_20260728_234101_000;0.0;2.0;27.0;Leppun;0.38;;;;;
Car381009-2026-Pass1-Z1-2MU00693_20260728_234101_000;0.8;2.0;21.0;noise;0.04;Cyrscu, Phogri, Phanan, Tetvir;;;;
Car381009-2026-Pass1-Z1-2MU00693_20260728_234103_000;0.0;3.1;38.0;Leppun;0.92;;;;;
Car381009-2026-Pass1-Z1-2MU00693_20260728_234103_000;0.4;3.5;21.0;Phanan;0.08;Phogri, noise;;;;
Car381009-2026-Pass1-Z1-2MU00693_20260728_234103_000;0.3;3.5;25.0;Phogri;0.05;noise;;;;
Car381009-2026-Pass1-Z1-2MU00693_20260728_234107_000;0.0;1.8;34.0;Leppun;0.8;;;;;
Car381009-2026-Pass1-Z1-2MU00693_20260728_234107_000;0.6;1.8;21.0;Cyrscu;0.05;Phogri, noise, Isopyr;;;;
Car381009-2026-Pass1-Z1-2MU00693_20260728_234111_000;0.0;0.7;40.0;Leppun;0.98;;;;;
Car381009-2026-Pass1-Z1-2MU00693_20260728_234111_000;0.0;2.2;22.0;Cyrscu;0.06;noise, Isopyr;;;;
Car381009-2026-Pass1-Z1-2MU00693_20260728_234111_000;0.4;2.5;24.0;Phogri;0.14;;;;;
Car381009-2026-Pass1-Z1-2MU00693_20260728_234116_000;0.0;0.1;39.0;Leppun;0.98;;;;;
Car381009-2026-Pass1-Z1-2MU00693_20260728_234116_000;0.1;1.7;24.0;noise;0.05;Phogri, Plaint;;;;
Car381009-2026-Pass1-Z1-2MU00693_20260728_234119_000;0.2;1.7;22.0;noise;0.06;Cyrscu, Phogri, Phanan;;;;
Car381009-2026-Pass1-Z1-2MU00693_20260728_234119_000;0.0;2.0;24.0;Phogri;0.05;Antsp;;;;
Car381009-2026-Pass1-Z1-2MU00693_20260728_234122_000;0.0;0.2;39.0;Leppun;0.98;;;;;
Car381009-2026-Pass1-Z1-2MU00693_20260728_234122_000;0.1;1.9;21.0;noise;0.05;Phanan;;;;
Car381009-2026-Pass1-Z1-2MU00693_20260728_234122_000;0.3;1.9;23.0;Phogri;0.07;;;;;
Car381009-2026-Pass1-Z1-2MU00693_20260728_234126_000;1.2;3.7;32.0;Leppun;0.9;;;;;
Car381009-2026-Pass1-Z1-2MU00693_20260728_234126_000;0.0;3.7;24.0;noise;0.14;Phogri;;;;
Car381009-2026-Pass1-Z1-2MU00693_20260728_234126_000;0.5;3.0;23.0;Isopyr;0.1;Cyrscu;;;;
Car381009-2026-Pass1-Z1-2MU00693_20260728_234131_000;0.3;3.5;23.0;Isopyr;0.17;;;;;
Car381009-2026-Pass1-Z1-2MU00693_20260728_234131_000;0.0;3.3;38.0;Leppun;0.83;;;;;
Car381009-2026-Pass1-Z1-2MU00693_20260728_234131_000;0.6;3.5;24.0;noise;0.09;Phogri;;;;
Car381009-2026-Pass1-Z1-2MU00693_20260728_234135_000;0.0;1.8;25.0;Leppun;0.97;;;;;
Car381009-2026-Pass1-Z1-2MU00693_20260728_234135_000;0.2;1.8;24.0;Cyrscu;0.16;;;;;
Car381009-2026-Pass1-Z1-2MU00693_20260728_234138_000;0.0;1.3;39.0;Leppun;0.97;;;;;
Car381009-2026-Pass1-Z1-2MU00693_20260728_234138_000;0.0;2.6;22.0;Cyrscu;0.1;Rhasp, noise;;;;
Car381009-2026-Pass1-Z1-2MU00693_20260728_234144_000;0.0;3.6;44.0;Leppun;0.68;;;;;
Car381009-2026-Pass1-Z1-2MU00693_20260728_234144_000;0.1;3.9;22.0;Phogri;0.06;Phanan, noise;;;;
Car381009-2026-Pass1-Z1-2MU00693_20260728_234144_000;0.3;3.9;25.0;Isopyr;0.08;Phogri;;;;
Car381009-2026-Pass1-Z1-2MU00693_20260728_234148_000;0.0;0.1;32.0;Leppun;0.31;;;;;
Car381009-2026-Pass1-Z1-2MU00693_20260728_234148_000;0.7;1.9;22.0;Phanan;0.06;noise, Cyrscu;;;;
Car381009-2026-Pass1-Z1-2MU00693_20260728_234153_000;0.0;1.6;44.0;Leppun;0.98;;;;;
Car381009-2026-Pass1-Z1-2MU00693_20260728_234153_000;0.0;1.7;22.0;Phogri;0.18;;;;;
Car381009-2026-Pass1-Z1-2MU00693_20260728_234156_000;0.0;1.8;30.0;Leppun;0.98;;;;;
Car381009-2026-Pass1-Z1-2MU00693_20260728_234156_000;0.4;1.9;23.0;Phogri;0.86;;;;;
Car381009-2026-Pass1-Z1-2MU00693_20260728_234200_000;0.0;1.0;44.0;Leppun;0.96;;;;;
Car381009-2026-Pass1-Z1-2MU00693_20260728_234200_000;0.1;2.0;20.0;Phanan;0.07;Phogri, noise;;;;
Car381009-2026-Pass1-Z1-2MU00693_20260728_234200_000;0.1;2.0;25.0;Phogri;0.04;noise, Tetvir, Plaint;;;;
Car381009-2026-Pass1-Z1-2MU00693_20260728_234204_000;0.0;0.5;36.0;Leppun;0.96;;;;;
Car381009-2026-Pass1-Z1-2MU00693_20260728_234204_000;0.1;1.7;22.0;Phanan;0.04;Phogri, Tetvir, Pippip, Cyrscu;;;;
Car381009-2026-Pass1-Z1-2MU00693_20260728_234204_000;0.2;1.7;26.0;noise;0.05;Phogri, Plaint;;;;
Car381009-2026-Pass1-Z1-2MU00693_20260728_234207_000;0.2;2.1;33.0;Leppun;0.46;;;;;
Car381009-2026-Pass1-Z1-2MU00693_20260728_234207_000;0.6;1.8;26.0;Nyclei;0.24;;;;;
Car381009-2026-Pass1-Z1-2MU00693_20260728_234207_000;0.0;2.6;22.0;Phogri;0.05;Phanan, noise;;;;
Car381009-2026-Pass1-Z1-2MU00693_20260728_234212_000;0.0;1.6;32.0;Leppun;0.94;;;;;
Car381009-2026-Pass1-Z1-2MU00693_20260728_234212_000;0.0;2.0;24.0;Isopyr;0.5;;;;;
Car381009-2026-Pass1-Z1-2MU00693_20260728_234216_000;0.7;2.1;23.0;Isopyr;0.93;;;;;
Car381009-2026-Pass1-Z1-2MU00693_20260728_234216_000;0.0;2.2;40.0;Leppun;0.83;;;;;
Car381009-2026-Pass1-Z1-2MU00693_20260728_234216_000;0.6;2.2;24.0;Phogri;0.78;;;;;
Car381009-2026-Pass1-Z1-2MU00693_20260728_234221_000;0.0;1.3;37.0;Leppun;0.94;;;;;
Car381009-2026-Pass1-Z1-2MU00693_20260728_234221_000;0.5;2.1;24.0;Phogri;0.06;Plaint, noise;;;;
Car381009-2026-Pass1-Z1-2MU00693_20260728_234225_000;0.0;0.7;35.0;Leppun;0.98;;;;;
Car381009-2026-Pass1-Z1-2MU00693_20260728_234225_000;0.0;2.1;20.0;noise;0.12;;;;;
Car381009-2026-Pass1-Z1-2MU00693_20260728_234225_000;0.0;2.1;24.0;Phogri;0.07;;;;;
Car381009-2026-Pass1-Z1-2MU00693_20260728_234228_000;0.0;3.2;35.0;Leppun;0.96;;;;;
Car381009-2026-Pass1-Z1-2MU00693_20260728_234228_000;0.1;3.6;22.0;noise;0.14;;;;;
Car381009-2026-Pass1-Z1-2MU00693_20260728_234235_000;0.0;1.7;36.0;Leppun;0.98;;;;;
Car381009-2026-Pass1-Z1-2MU00693_20260728_234235_000;0.1;1.7;25.0;Phogri;0.04;noise, Tetvir, Plaint, Cyrscu;;;;
Car381009-2026-Pass1-Z1-2MU00693_20260728_234239_000;0.0;1.7;30.0;Leppun;0.97;;;;;
Car381009-2026-Pass1-Z1-2MU00693_20260728_234239_000;0.4;1.7;24.0;Phogri;0.46;;;;;
Car381009-2026-Pass1-Z1-2MU00693_20260728_234242_000;0.0;1.5;37.0;Leppun;0.87;;;;;
Car381009-2026-Pass1-Z1-2MU00693_20260728_234242_000;0.3;3.5;20.0;Phanan;0.04;noise, Phogri, Tetvir, Pippip;;;;
Car381009-2026-Pass1-Z1-2MU00693_20260728_234242_000;0.0;3.5;26.0;Rhasp;0.09;Phogri;;;;
Car381009-2026-Pass1-Z1-2MU00693_20260728_234247_000;0.0;1.6;30.0;Leppun;0.98;;;;;
Car381009-2026-Pass1-Z1-2MU00693_20260728_234247_000;0.6;1.4;24.0;Phogri;0.07;noise, Isopyr, Cyrscu;;;;
Car381009-2026-Pass1-Z1-2MU00693_20260728_234247_000;0.5;2.1;21.0;Phanan;0.05;Phogri;;;;
Car381009-2026-Pass1-Z1-2MU00693_20260728_234251_000;0.0;1.3;29.0;Leppun;0.94;;;;;
Car381009-2026-Pass1-Z1-2MU00693_20260728_234251_000;1.7;2.1;17.0;noise;0.15;;;;;
Car381009-2026-Pass1-Z1-2MU00693_20260728_234251_000;0.2;2.1;24.0;Phogri;0.1;;;;;
Car381009-2026-Pass1-Z1-2MU00693_20260728_234257_000;0.0;1.2;27.0;Leppun;0.97;;;;;
Car381009-2026-Pass1-Z1-2MU00693_20260728_234257_000;0.1;1.8;24.0;Phogri;0.04;noise, Isopyr, Cyrscu, Plaint;;;;
Car381009-2026-Pass1-Z1-2MU00693_20260728_234257_000;0.1;1.5;22.0;Tetvir;0.39;;;;;
Car381009-2026-Pass1-Z1-2MU00693_20260728_234302_000;0.0;3.2;29.0;Leppun;0.32;;;;;
Car381009-2026-Pass1-Z1-2MU00693_20260728_234302_000;0.2;0.3;15.0;noise;0.26;;;;;
Car381009-2026-Pass1-Z1-2MU00693_20260728_234302_000;0.0;3.2;24.0;Isopyr;0.34;;;;;
Car381009-2026-Pass1-Z1-2MU00693_20260728_234305_000;0.0;3.9;35.0;Leppun;0.96;;;;;
Car381009-2026-Pass1-Z1-2MU00693_20260728_234305_000;0.3;3.2;24.0;noise;0.05;Phogri;;;;
Car381009-2026-Pass1-Z1-2MU00693_20260728_234311_000;0.0;1.9;36.0;Leppun;0.96;;;;;
Car381009-2026-Pass1-Z1-2MU00693_20260728_234311_000;0.5;1.5;25.0;Plaint;0.05;noise, Phogri;;;;
Car381009-2026-Pass1-Z1-2MU00693_20260728_234315_000;0.0;1.4;27.0;Leppun;0.95;;;;;
Car381009-2026-Pass1-Z1-2MU00693_20260728_234315_000;1.7;2.1;16.0;noise;0.22;;;;;
Car381009-2026-Pass1-Z1-2MU00693_20260728_234315_000;0.2;2.1;24.0;Phogri;0.04;Phanan, Cyrscu, Tetvir;;;;
Car381009-2026-Pass1-Z1-2MU00693_20260728_234320_000;0.0;1.0;31.0;Leppun;0.98;;;;;
Car381009-2026-Pass1-Z1-2MU00693_20260728_234320_000;0.0;1.9;23.0;noise;0.12;;;;;
Car381009-2026-Pass1-Z1-2MU00693_20260728_234320_000;0.3;1.9;24.0;Plaint;0.04;Phogri, Tetvir;;;;
Car381009-2026-Pass1-Z1-2MU00693_20260728_234323_000;0.0;3.8;33.0;Leppun;0.92;;;;;
Car381009-2026-Pass1-Z1-2MU00693_20260728_234323_000;0.3;3.8;24.0;Phogri;0.09;Isopyr;;;;
Car381009-2026-Pass1-Z1-2MU00693_20260728_234329_000;0.0;1.3;29.0;Leppun;0.89;;;;;
Car381009-2026-Pass1-Z1-2MU00693_20260728_234329_000;0.0;1.8;24.0;noise;0.07;Phogri;;;;
Car381009-2026-Pass1-Z1-2MU00693_20260728_234334_000;0.0;2.0;29.0;Leppun;0.92;;;;;
Car381009-2026-Pass1-Z1-2MU00693_20260728_234334_000;0.5;2.1;24.0;Nyclei;0.26;;;;;
Car381009-2026-Pass1-Z1-2MU00693_20260728_234334_000;0.1;2.1;21.0;noise;0.06;;;;;
Car381009-2026-Pass1-Z1-2MU00693_20260728_234334_000;0.9;2.1;25.0;Phogri;0.41;;;;;
Car381009-2026-Pass1-Z1-2MU00693_20260728_234339_000;0.0;1.6;30.0;Leppun;0.97;;;;;
Car381009-2026-Pass1-Z1-2MU00693_20260728_234339_000;0.6;1.1;22.0;Phanan;0.33;;;;;
Car381009-2026-Pass1-Z1-2MU00693_20260728_234339_000;0.5;1.2;24.0;Phogri;0.05;Plaint, noise;;;;
Car381009-2026-Pass1-Z1-2MU00693_20260728_234343_000;0.0;4.1;34.0;Barbar;0.99;;Barbar;SUR;;
Car381009-2026-Pass1-Z1-2MU00693_20260728_234343_000;0.0;5.0;24.0;noise;0.11;;;;;
Car381009-2026-Pass1-Z1-2MU00693_20260728_234352_000;0.0;1.2;35.0;Leppun;0.73;;;;;
Car381009-2026-Pass1-Z1-2MU00693_20260728_234352_000;0.4;1.8;23.0;Phogri;0.1;;;;;
Car381009-2026-Pass1-Z1-2MU00693_20260728_234352_000;1.0;1.4;21.0;Tetvir;0.63;;;;;
Car381009-2026-Pass1-Z1-2MU00693_20260728_234355_000;0.0;2.4;39.0;Leppun;0.95;;;;;
Car381009-2026-Pass1-Z1-2MU00693_20260728_234355_000;0.3;2.4;24.0;Plaint;0.06;noise, Phogri;;;;
Car381009-2026-Pass1-Z1-2MU00693_20260728_234400_000;0.0;0.5;38.0;Leppun;0.96;;;;;
Car381009-2026-Pass1-Z1-2MU00693_20260728_234400_000;0.3;1.7;27.0;noise;0.04;Phogri, Tetvir, Plaint;;;;
Car381009-2026-Pass1-Z1-2MU00693_20260728_234403_000;0.0;2.8;31.0;Leppun;0.95;;;;;
Car381009-2026-Pass1-Z1-2MU00693_20260728_234403_000;0.1;1.3;25.0;noise;0.24;;;;;
Car381009-2026-Pass1-Z1-2MU00693_20260728_234408_000;0.8;1.8;26.0;Isopyr;0.89;;;;;
Car381009-2026-Pass1-Z1-2MU00693_20260728_234408_000;0.0;0.7;33.0;Leppun;0.97;;;;;
Car381009-2026-Pass1-Z1-2MU00693_20260728_234408_000;0.0;1.8;23.0;noise;0.16;;;;;
Car381009-2026-Pass1-Z1-2MU00693_20260728_234412_000;0.0;1.3;34.0;Leppun;0.98;;;;;
Car381009-2026-Pass1-Z1-2MU00693_20260728_234412_000;0.0;1.7;23.0;Tetvir;0.46;;;;;
Car381009-2026-Pass1-Z1-2MU00693_20260728_234415_000;0.0;2.1;43.0;Leppun;0.97;;;;;
Car381009-2026-Pass1-Z1-2MU00693_20260728_234415_000;0.0;2.9;25.0;Phogri;0.51;;;;;
Car381009-2026-Pass1-Z1-2MU00693_20260728_234418_000;0.0;2.0;40.0;Leppun;0.96;;;;;
Car381009-2026-Pass1-Z1-2MU00693_20260728_234418_000;0.1;0.2;10.0;Cyrscu;0.08;noise, Eptser;;;;
Car381009-2026-Pass1-Z1-2MU00693_20260728_234418_000;0.3;2.0;25.0;noise;0.04;Plaint, Phogri, Tetvir, Rhasp;;;;
Car381009-2026-Pass1-Z1-2MU00693_20260728_234422_000;0.0;1.4;38.0;Leppun;0.97;;;;;
Car381009-2026-Pass1-Z1-2MU00693_20260728_234422_000;0.8;3.4;26.0;noise;0.08;Phogri, Tetvir;;;;
Car381009-2026-Pass1-Z1-2MU00693_20260728_234422_000;0.3;2.6;25.0;Plaint;0.03;Phogri, Tetvir;;;;
Car381009-2026-Pass1-Z1-2MU00693_20260728_234427_000;0.0;1.1;32.0;Leppun;0.98;;;;;
Car381009-2026-Pass1-Z1-2MU00693_20260728_234427_000;0.0;1.9;24.0;noise;0.05;Plaint, Phogri;;;;
Car381009-2026-Pass1-Z1-2MU00693_20260728_234432_000;0.0;2.7;40.0;Leppun;0.98;;;;;
Car381009-2026-Pass1-Z1-2MU00693_20260728_234432_000;0.6;2.4;24.0;noise;0.16;;;;;
Car381009-2026-Pass1-Z1-2MU00693_20260728_234432_000;0.5;2.9;24.0;Phogri;0.05;Rhasp, Plaint;;;;
Car381009-2026-Pass1-Z1-2MU00693_20260728_234436_000;0.0;3.3;44.0;Leppun;0.95;;;;;
Car381009-2026-Pass1-Z1-2MU00693_20260728_234436_000;0.1;3.7;21.0;noise;0.06;Phogri, Phanan;;;;
Car381009-2026-Pass1-Z1-2MU00693_20260728_234436_000;0.1;3.7;26.0;Rhasp;0.61;;;;;
Car381009-2026-Pass1-Z1-2MU00693_20260728_234436_000;0.0;1.2;10.0;Tetvir;0.46;;;;;
Car381009-2026-Pass1-Z1-2MU00693_20260728_234440_000;0.0;2.7;34.0;Leppun;0.96;;;;;
Car381009-2026-Pass1-Z1-2MU00693_20260728_234440_000;0.1;3.2;28.0;noise;0.2;;;;;
Car381009-2026-Pass1-Z1-2MU00693_20260728_234440_000;0.0;3.5;25.0;Phogri;0.05;Plaint;;;;
Car381009-2026-Pass1-Z1-2MU00693_20260728_234445_000;0.0;1.0;31.0;Leppun;0.98;;;;;
Car381009-2026-Pass1-Z1-2MU00693_20260728_234445_000;1.3;2.0;15.0;noise;0.15;;;;;
Car381009-2026-Pass1-Z1-2MU00693_20260728_234448_000;0.0;1.3;36.0;Leppun;0.98;;;;;
Car381009-2026-Pass1-Z1-2MU00693_20260728_234448_000;0.7;2.0;24.0;noise;0.18;;;;;
Car381009-2026-Pass1-Z1-2MU00693_20260728_234448_000;0.1;1.8;26.0;Plaint;0.03;Phogri, Tetvir, Sepsep, Rhasp;;;;
Car381009-2026-Pass1-Z1-2MU00693_20260728_234450_000;0.0;1.1;27.0;Leppun;0.93;;;;;
Car381009-2026-Pass1-Z1-2MU00693_20260728_234450_000;0.2;1.9;43.0;Myodau;0.29;Myomys;;;;
Car381009-2026-Pass1-Z1-2MU00693_20260728_234450_000;0.0;1.8;25.0;Phogri;0.44;Isopyr;;;;
Car381009-2026-Pass1-Z1-2MU00693_20260728_234455_000;0.0;0.1;29.0;Leppun;0.96;;;;;
Car381009-2026-Pass1-Z1-2MU00693_20260728_234455_000;0.4;2.0;20.0;noise;0.11;Tetvir;;;;
Car381009-2026-Pass1-Z1-2MU00693_20260728_234455_000;0.3;2.0;23.0;Phogri;0.05;Antsp;;;;
Car381009-2026-Pass1-Z1-2MU00693_20260728_234459_000;0.0;1.3;36.0;Leppun;0.97;;;;;
Car381009-2026-Pass1-Z1-2MU00693_20260728_234459_000;0.0;0.8;20.0;Phogri;0.29;;;;;
Car381009-2026-Pass1-Z1-2MU00693_20260728_234459_000;0.0;1.8;24.0;noise;0.04;Tetvir, Rhasp, Plaint;;;;
Car381009-2026-Pass1-Z1-2MU00693_20260728_234504_000;0.0;1.0;31.0;Leppun;0.91;;;;;
Car381009-2026-Pass1-Z1-2MU00693_20260728_234504_000;0.0;1.9;24.0;Phogri;0.05;Plaint, noise;;;;
Car381009-2026-Pass1-Z1-2MU00693_20260728_234506_000;0.0;1.8;47.0;Leppun;0.94;;;;;
Car381009-2026-Pass1-Z1-2MU00693_20260728_234506_000;0.0;2.0;24.0;Phogri;0.05;Isopyr, noise, Cyrscu;;;;
Car381009-2026-Pass1-Z1-2MU00693_20260728_234509_000;0.0;1.9;28.0;Leppun;0.96;;;;;
Car381009-2026-Pass1-Z1-2MU00693_20260728_234509_000;0.0;2.0;22.0;Phogri;0.07;;;;;
Car381009-2026-Pass1-Z1-2MU00693_20260728_234512_000;0.0;3.1;41.0;Leppun;0.98;;;;;
Car381009-2026-Pass1-Z1-2MU00693_20260728_234512_000;0.0;3.4;24.0;Phogri;0.05;Rhasp, noise;;;;
Car381009-2026-Pass1-Z1-2MU00693_20260728_234516_000;0.0;4.9;28.0;Eptser;0.46;;;;;
Car381009-2026-Pass1-Z1-2MU00693_20260728_234516_000;0.7;5.0;46.0;Leppun;0.46;;;;;
Car381009-2026-Pass1-Z1-2MU00693_20260728_234516_000;0.0;5.0;23.0;Pipkuh;0.13;;;;;
Car381009-2026-Pass1-Z1-2MU00693_20260728_234516_000;0.0;4.1;33.0;Testes;0.57;;;;;
Car381009-2026-Pass1-Z1-2MU00693_20260728_234527_000;0.0;1.1;35.0;Leppun;0.24;;;;;
Car381009-2026-Pass1-Z1-2MU00693_20260728_234527_000;0.2;1.4;22.0;Phogri;0.1;;;;;
Car381009-2026-Pass1-Z1-2MU00693_20260728_234527_000;0.3;2.0;26.0;Rhasp;0.07;Cyrscu, Isopyr;;;;
Car381009-2026-Pass1-Z1-2MU00693_20260728_234531_000;0.0;3.8;27.0;Nyclei;0.91;;;;;
Car381009-2026-Pass1-Z1-2MU00693_20260728_234531_000;0.1;3.7;24.0;noise;0.05;Phogri, Metbra;;;;
Car381009-2026-Pass1-Z1-2MU00693_20260728_234531_000;0.0;3.5;32.0;Testes;0.33;;;;;
Car381009-2026-Pass1-Z1-2MU00693_20260728_234535_000;0.2;1.7;33.0;noise;0.06;Rhasp, Phogri;;;;
Car381009-2026-Pass1-Z1-2MU00693_20260728_234535_000;0.0;3.3;37.0;Testes;0.47;;;;;
Car381009-2026-Pass1-Z1-2MU00693_20260728_234539_000;1.1;2.1;34.0;noise;0.11;;;;;
Car381009-2026-Pass1-Z1-2MU00693_20260728_234539_000;0.0;2.1;34.0;Leppun;0.94;;;;;
Car381009-2026-Pass1-Z1-2MU00693_20260728_234539_000;0.4;1.4;23.0;Phogri;0.04;Tetvir;;;;
Car381009-2026-Pass1-Z1-2MU00693_20260728_234542_000;0.1;3.7;35.0;Leppun;0.61;;;;;
Car381009-2026-Pass1-Z1-2MU00693_20260728_234542_000;0.8;3.5;23.0;Phogri;0.06;noise, Plaint;;;;
Car381009-2026-Pass1-Z1-2MU00693_20260728_234542_000;0.0;0.8;34.0;Testes;0.82;;;;;
Car381009-2026-Pass1-Z1-2MU00693_20260728_234547_000;0.0;1.9;36.0;Yposp;0.11;noise;;;;
Car381009-2026-Pass1-Z1-2MU00693_20260728_234547_000;0.0;3.2;23.0;Rhasp;0.05;noise, Isopyr, Phogri;;;;
Car381009-2026-Pass1-Z1-2MU00693_20260728_234551_000;0.0;3.5;37.0;Leppun;0.98;;;;;
Car381009-2026-Pass1-Z1-2MU00693_20260728_234551_000;0.0;3.5;24.0;Phogri;0.05;noise;;;;
Car381009-2026-Pass1-Z1-2MU00693_20260728_234556_000;0.1;3.7;25.0;Isopyr;0.84;;;;;
Car381009-2026-Pass1-Z1-2MU00693_20260728_234556_000;0.0;3.7;36.0;Leppun;0.95;;;;;
Car381009-2026-Pass1-Z1-2MU00693_20260728_234556_000;0.2;3.9;24.0;Phogri;0.14;noise;;;;
Car381009-2026-Pass1-Z1-2MU00693_20260728_234603_000;0.0;1.7;33.0;Leppun;0.86;;;;;
Car381009-2026-Pass1-Z1-2MU00693_20260728_234603_000;0.3;3.4;22.0;Isopyr;0.05;noise, Cyrscu, Phogri;;;;
Car381009-2026-Pass1-Z1-2MU00693_20260728_234603_000;0.0;3.2;31.0;Testes;0.57;;;;;
Car381009-2026-Pass1-Z1-2MU00693_20260728_234609_000;0.0;3.1;35.0;Yposp;0.08;Confus;;;;
Car381009-2026-Pass1-Z1-2MU00693_20260728_234609_000;0.6;3.1;26.0;noise;0.11;;;;;
Car381009-2026-Pass1-Z1-2MU00693_20260728_234609_000;1.2;3.1;23.0;Isopyr;0.92;;;;;
Car381009-2026-Pass1-Z1-2MU00693_20260728_234613_000;0.0;1.6;36.0;Leppun;0.55;;;;;
Car381009-2026-Pass1-Z1-2MU00693_20260728_234613_000;0.1;2.0;24.0;Phogri;0.05;noise;;;;
Car381009-2026-Pass1-Z1-2MU00693_20260728_234620_000;0.0;2.2;32.0;Leppun;0.96;;;;;
Car381009-2026-Pass1-Z1-2MU00693_20260728_234620_000;0.0;2.1;23.0;noise;0.05;Rhasp, Phogri, Phanan, Cyrscu;;;;
Car381009-2026-Pass1-Z1-2MU00693_20260728_234620_000;0.2;0.3;38.0;Pipkuh;0.37;;;;;
Car381009-2026-Pass1-Z1-2MU00693_20260728_234622_000;0.0;2.5;35.0;Yposp;0.05;Confus;;;;
Car381009-2026-Pass1-Z1-2MU00693_20260728_234622_000;0.0;2.9;29.0;noise;0.14;;;;;
Car381009-2026-Pass1-Z1-2MU00693_20260728_234622_000;1.2;4.4;46.0;Pippip;0.97;;;;;
Car381009-2026-Pass1-Z1-2MU00693_20260728_234622_000;0.1;4.2;24.0;Plaint;0.14;;;;;
Car381009-2026-Pass1-Z1-2MU00693_20260728_234629_000;0.0;2.7;37.0;Leppun;0.98;;;;;
Car381009-2026-Pass1-Z1-2MU00693_20260728_234629_000;1.0;3.1;23.0;noise;0.04;Cyrscu, Phogri, Phanan, Tetvir;;;;
Car381009-2026-Pass1-Z1-2MU00693_20260728_234629_000;1.1;2.8;25.0;Rhasp;0.46;;;;;
Car381009-2026-Pass1-Z1-2MU00693_20260728_234633_000;0.0;0.4;34.0;Leppun;0.98;;;;;
Car381009-2026-Pass1-Z1-2MU00693_20260728_234633_000;0.1;2.0;24.0;Phogri;0.07;;;;;
Car381009-2026-Pass1-Z1-2MU00693_20260728_234635_000;0.0;3.8;30.0;Leppun;0.89;;;;;
Car381009-2026-Pass1-Z1-2MU00693_20260728_234635_000;0.3;3.8;25.0;Phogri;0.08;;;;;
Car381009-2026-Pass1-Z1-2MU00693_20260728_234641_000;0.5;3.6;24.0;Isopyr;0.5;;;;;
Car381009-2026-Pass1-Z1-2MU00693_20260728_234641_000;0.0;2.9;28.0;Leppun;0.89;;;;;
Car381009-2026-Pass1-Z1-2MU00693_20260728_234641_000;0.3;2.9;24.0;Nyclei;0.07;Phogri, Cyrscu;;;;
Car381009-2026-Pass1-Z1-2MU00693_20260728_234641_000;0.2;3.4;25.0;Phogri;0.06;noise;;;;
Car381009-2026-Pass1-Z1-2MU00693_20260728_234648_000;0.0;0.8;35.0;Leppun;0.97;;;;;
Car381009-2026-Pass1-Z1-2MU00693_20260728_234648_000;0.2;1.9;24.0;Phogri;0.07;noise;;;;
Car381009-2026-Pass1-Z1-2MU00693_20260728_234652_000;0.0;4.5;33.0;Leppun;0.96;;;;;
Car381009-2026-Pass1-Z1-2MU00693_20260728_234652_000;0.2;4.9;24.0;Phogri;0.12;noise;;;;
Car381009-2026-Pass1-Z1-2MU00693_20260728_234652_000;0.0;4.3;32.0;Testes;0.93;;;;;
Car381009-2026-Pass1-Z1-2MU00693_20260728_234701_000;0.0;0.6;50.0;noise;0.03;Yposp, Tetvir, Pippip;;;;
Car381009-2026-Pass1-Z1-2MU00693_20260728_234701_000;0.0;3.0;25.0;Phogri;0.08;noise;;;;
Car381009-2026-Pass1-Z1-2MU00693_20260728_234701_000;0.0;2.4;32.0;Testes;0.9;;;;;
Car381009-2026-Pass1-Z1-2MU00693_20260728_234707_000;0.0;1.5;34.0;Leppun;0.97;;;;;
Car381009-2026-Pass1-Z1-2MU00693_20260728_234707_000;0.4;2.1;25.0;Phogri;0.07;noise;;;;
Car381009-2026-Pass1-Z1-2MU00693_20260728_234709_000;0.0;3.3;36.0;Leppun;0.84;;;;;
Car381009-2026-Pass1-Z1-2MU00693_20260728_234709_000;0.2;3.5;24.0;Rhasp;0.5;;;;;
Car381009-2026-Pass1-Z1-2MU00693_20260728_234709_000;0.0;2.2;32.0;Testes;0.77;;;;;
Car381009-2026-Pass1-Z1-2MU00693_20260728_234714_000;1.8;2.1;15.0;Epheph;0.07;noise;;;;
Car381009-2026-Pass1-Z1-2MU00693_20260728_234714_000;0.0;1.4;32.0;Leppun;0.96;;;;;
Car381009-2026-Pass1-Z1-2MU00693_20260728_234714_000;0.3;1.4;24.0;Phogri;0.04;noise, Tetvir, Plaint, Eptser, Cyrscu;;;;
Car381009-2026-Pass1-Z1-2MU00693_20260728_234718_000;1.6;3.0;36.0;Leppun;0.97;;;;;
Car381009-2026-Pass1-Z1-2MU00693_20260728_234718_000;0.0;2.8;23.0;Rhasp;0.17;Phogri;;;;
Car381009-2026-Pass1-Z1-2MU00693_20260728_234718_000;0.0;2.9;22.0;Phogri;0.12;;;;;
Car381009-2026-Pass1-Z1-2MU00693_20260728_234722_000;0.0;1.6;35.0;Yposp;0.04;noise, Tetvir, Metbra, Leppun, Confus;;;;
Car381009-2026-Pass1-Z1-2MU00693_20260728_234722_000;1.4;2.8;23.0;Isopyr;0.06;Phogri, noise;;;;
Car381009-2026-Pass1-Z1-2MU00693_20260728_234722_000;0.0;1.9;32.0;Testes;0.71;;;;;
Car381009-2026-Pass1-Z1-2MU00693_20260728_234725_000;0.0;1.9;30.0;Leppun;0.98;;;;;
Car381009-2026-Pass1-Z1-2MU00693_20260728_234725_000;0.4;3.6;22.0;Phogri;0.06;noise, Plaint;;;;
Car381009-2026-Pass1-Z1-2MU00693_20260728_234731_000;0.0;1.7;36.0;Leppun;0.98;;;;;
Car381009-2026-Pass1-Z1-2MU00693_20260728_234731_000;0.1;2.1;25.0;noise;0.1;;;;;
Car381009-2026-Pass1-Z1-2MU00693_20260728_234734_000;0.2;4.6;24.0;noise;0.09;Phogri;;;;
Car381009-2026-Pass1-Z1-2MU00693_20260728_234734_000;0.0;4.6;33.0;Testes;0.91;;;;;
Car381009-2026-Pass1-Z1-2MU00693_20260728_234740_000;0.0;2.7;30.0;Leppun;0.98;;;;;
Car381009-2026-Pass1-Z1-2MU00693_20260728_234740_000;0.0;3.5;24.0;Isopyr;0.15;;;;;
Car381009-2026-Pass1-Z1-2MU00693_20260728_234744_000;0.0;1.4;30.0;Leppun;0.98;;;;;
Car381009-2026-Pass1-Z1-2MU00693_20260728_234744_000;0.1;2.1;25.0;noise;0.04;Sepsep, Tetvir, Rhasp, Plaint, Phogri, Barfis;;;;
Car381009-2026-Pass1-Z1-2MU00693_20260728_234747_000;0.0;0.4;32.0;Leppun;0.9;;;;;
Car381009-2026-Pass1-Z1-2MU00693_20260728_234747_000;0.2;2.1;26.0;Phogri;0.05;noise;;;;
Car381009-2026-Pass1-Z1-2MU00693_20260728_234750_000;1.6;5.0;23.0;Isopyr;0.94;;;;;
Car381009-2026-Pass1-Z1-2MU00693_20260728_234750_000;0.5;4.7;26.0;Leppun;0.85;;;;;
Car381009-2026-Pass1-Z1-2MU00693_20260728_234750_000;1.9;4.8;43.0;Pippip;0.94;;;;;
Car381009-2026-Pass1-Z1-2MU00693_20260728_234750_000;0.0;4.7;32.0;Testes;0.9;;;;;
Car381009-2026-Pass1-Z1-2MU00693_20260728_234804_000;0.0;2.1;35.0;Leppun;0.97;;;;;
Car381009-2026-Pass1-Z1-2MU00693_20260728_234804_000;0.2;3.8;24.0;Phogri;0.07;Plaint, noise;;;;
Car381009-2026-Pass1-Z1-2MU00693_20260728_234808_000;0.0;2.0;33.0;Leppun;0.91;;;;;
Car381009-2026-Pass1-Z1-2MU00693_20260728_234808_000;0.6;1.9;28.0;noise;0.19;;;;;
Car381009-2026-Pass1-Z1-2MU00693_20260728_234808_000;0.3;1.5;23.0;Phogri;0.06;;;;;
Car381009-2026-Pass1-Z1-2MU00693_20260728_234812_000;0.0;2.5;31.0;Leppun;0.92;;;;;
Car381009-2026-Pass1-Z1-2MU00693_20260728_234812_000;0.3;2.9;25.0;Phogri;0.05;noise;;;;
Car381009-2026-Pass1-Z1-2MU00693_20260728_234817_000;0.0;1.0;25.0;Leppun;0.95;;;;;
Car381009-2026-Pass1-Z1-2MU00693_20260728_234817_000;0.4;1.9;24.0;Phogri;0.04;noise, Tetvir, Cyrscu;;;;
Car381009-2026-Pass1-Z1-2MU00693_20260728_234821_000;0.0;1.9;33.0;Leppun;0.9;;;;;
Car381009-2026-Pass1-Z1-2MU00693_20260728_234821_000;1.0;1.9;19.0;Phanan;0.07;noise;;;;
Car381009-2026-Pass1-Z1-2MU00693_20260728_234821_000;0.3;1.9;25.0;Phogri;0.18;;;;;
Car381009-2026-Pass1-Z1-2MU00693_20260728_234827_000;0.0;1.1;31.0;Leppun;0.9;;;;;
Car381009-2026-Pass1-Z1-2MU00693_20260728_234827_000;0.7;1.6;26.0;noise;0.11;;;;;
Car381009-2026-Pass1-Z1-2MU00693_20260728_234827_000;0.7;2.1;24.0;Phogri;0.06;Rhasp;;;;
Car381009-2026-Pass1-Z1-2MU00693_20260728_234831_000;0.0;2.0;34.0;Leppun;0.89;;;;;
Car381009-2026-Pass1-Z1-2MU00693_20260728_234831_000;0.0;3.2;24.0;Phogri;0.07;;;;;
Car381009-2026-Pass1-Z1-2MU00693_20260728_234838_000;0.0;1.7;38.0;Leppun;0.98;;;;;
Car381009-2026-Pass1-Z1-2MU00693_20260728_234838_000;0.3;2.0;22.0;Plaint;0.09;Phogri;;;;
Car381009-2026-Pass1-Z1-2MU00693_20260728_234841_000;0.0;2.4;36.0;Leppun;0.97;;;;;
Car381009-2026-Pass1-Z1-2MU00693_20260728_234841_000;1.5;2.3;19.0;noise;0.16;;;;;
Car381009-2026-Pass1-Z1-2MU00693_20260728_234841_000;0.0;2.4;23.0;Phogri;0.05;;;;;
Car381009-2026-Pass1-Z1-2MU00693_20260728_234853_000;0.0;0.7;46.0;Leppun;0.95;;;;;
Car381009-2026-Pass1-Z1-2MU00693_20260728_234853_000;0.1;1.9;23.0;Phogri;0.05;noise, Plaint;;;;
Car381009-2026-Pass1-Z1-2MU00693_20260728_234857_000;0.0;1.5;38.0;Leppun;0.95;;;;;
Car381009-2026-Pass1-Z1-2MU00693_20260728_234857_000;0.1;2.4;23.0;Phogri;0.06;Plaint, noise;;;;
Car381009-2026-Pass1-Z1-2MU00693_20260728_234902_000;0.0;1.5;38.0;Leppun;0.94;;;;;
Car381009-2026-Pass1-Z1-2MU00693_20260728_234902_000;0.7;2.4;45.0;Pippip;0.94;;;;;
Car381009-2026-Pass1-Z1-2MU00693_20260728_234902_000;0.2;2.4;23.0;Phogri;0.17;;;;;
Car381009-2026-Pass1-Z1-2MU00693_20260728_234907_000;0.0;2.4;36.0;Leppun;0.82;;;;;
Car381009-2026-Pass1-Z1-2MU00693_20260728_234907_000;0.2;1.7;25.0;noise;0.05;Rhasp, Phogri;;;;
Car381009-2026-Pass1-Z1-2MU00693_20260728_234912_000;0.0;0.7;33.0;Leppun;0.98;;;;;
Car381009-2026-Pass1-Z1-2MU00693_20260728_234912_000;0.0;2.0;24.0;noise;0.11;;;;;
Car381009-2026-Pass1-Z1-2MU00693_20260728_234917_000;0.0;2.5;37.0;Leppun;0.97;;;;;
Car381009-2026-Pass1-Z1-2MU00693_20260728_234917_000;0.0;3.5;24.0;Phogri;0.07;noise;;;;
Car381009-2026-Pass1-Z1-2MU00693_20260728_234925_000;0.0;1.9;36.0;Leppun;0.97;;;;;
Car381009-2026-Pass1-Z1-2MU00693_20260728_234925_000;0.2;2.1;24.0;noise;0.08;Phogri;;;;
Car381009-2026-Pass1-Z1-2MU00693_20260728_234927_000;0.0;0.1;34.0;Leppun;0.97;;;;;
Car381009-2026-Pass1-Z1-2MU00693_20260728_234927_000;0.4;1.8;23.0;noise;0.05;Plaint, Phogri;;;;
Car381009-2026-Pass1-Z1-2MU00693_20260728_234932_000;0.0;0.1;35.0;Leppun;0.98;;;;;
Car381009-2026-Pass1-Z1-2MU00693_20260728_234932_000;0.4;1.7;23.0;Phogri;0.07;;;;;
Car381009-2026-Pass1-Z1-2MU00693_20260728_234935_000;0.0;1.5;35.0;Leppun;0.97;;;;;
Car381009-2026-Pass1-Z1-2MU00693_20260728_234935_000;0.7;1.6;49.0;Pippip;0.79;;;;;
Car381009-2026-Pass1-Z1-2MU00693_20260728_234935_000;0.2;2.0;24.0;Phogri;0.05;noise;;;;
Car381009-2026-Pass1-Z1-2MU00693_20260728_234938_000;0.0;1.9;27.0;Leppun;0.72;;;;;
Car381009-2026-Pass1-Z1-2MU00693_20260728_234938_000;0.3;0.4;49.0;Pippip;0.84;;;;;
Car381009-2026-Pass1-Z1-2MU00693_20260728_234938_000;0.0;2.0;24.0;Phogri;0.04;noise, Cyrscu, Tetvir, Plaint;;;;
Car381009-2026-Pass1-Z1-2MU00693_20260728_234941_000;0.0;3.1;36.0;Leppun;0.95;;;;;
Car381009-2026-Pass1-Z1-2MU00693_20260728_234941_000;1.1;3.1;24.0;Phogri;0.23;;;;;
Car381009-2026-Pass1-Z1-2MU00693_20260728_234941_000;1.1;3.9;25.0;Rhasp;0.32;;;;;
Car381009-2026-Pass1-Z1-2MU00693_20260728_234946_000;0.0;3.4;32.0;Leppun;0.9;;;;;
Car381009-2026-Pass1-Z1-2MU00693_20260728_234946_000;0.3;3.7;24.0;Nyclei;0.09;;;;;
Car381009-2026-Pass1-Z1-2MU00693_20260728_234946_000;0.3;3.7;24.0;Phogri;0.05;Rhasp, noise;;;;
Car381009-2026-Pass1-Z1-2MU00693_20260728_234952_000;0.0;0.6;38.0;Leppun;0.97;;;;;
Car381009-2026-Pass1-Z1-2MU00693_20260728_234952_000;0.0;1.8;24.0;Phogri;0.04;Plaalb, noise, Tetvir, Plaint, Antsp;;;;
Car381009-2026-Pass1-Z1-2MU00693_20260728_234957_000;0.0;2.4;41.0;Leppun;0.98;;;;;
Car381009-2026-Pass1-Z1-2MU00693_20260728_234957_000;0.0;2.5;24.0;noise;0.09;;;;;
Car381009-2026-Pass1-Z1-2MU00693_20260728_235002_000;0.0;1.8;36.0;Leppun;0.96;;;;;
Car381009-2026-Pass1-Z1-2MU00693_20260728_235002_000;0.2;1.8;24.0;Phogri;0.05;Plaint, noise;;;;
Car381009-2026-Pass1-Z1-2MU00693_20260728_235004_000;0.0;4.9;37.0;Leppun;0.97;;;;;
Car381009-2026-Pass1-Z1-2MU00693_20260728_235004_000;0.0;4.9;24.0;Phogri;0.06;Plaint, noise, Tetvir;;;;
Car381009-2026-Pass1-Z1-2MU00693_20260728_235011_000;0.0;1.6;38.0;Leppun;0.98;;;;;
Car381009-2026-Pass1-Z1-2MU00693_20260728_235011_000;0.2;2.6;23.0;Phogri;0.33;;;;;
Car381009-2026-Pass1-Z1-2MU00693_20260728_235016_000;0.0;1.1;36.0;Leppun;0.99;;;;;
Car381009-2026-Pass1-Z1-2MU00693_20260728_235016_000;0.2;1.8;23.0;noise;0.11;;;;;
Car381009-2026-Pass1-Z1-2MU00693_20260728_235016_000;0.2;1.9;22.0;Sepsep;0.04;Plaint, Tetvir, Phogri;;;;
Car381009-2026-Pass1-Z1-2MU00693_20260728_235020_000;0.2;2.2;23.0;Isopyr;0.85;;;;;
Car381009-2026-Pass1-Z1-2MU00693_20260728_235020_000;0.0;1.0;35.0;Leppun;0.96;;;;;
Car381009-2026-Pass1-Z1-2MU00693_20260728_235020_000;0.2;2.2;24.0;Antsp;0.06;Plaalb, Phogri;;;;
Car381009-2026-Pass1-Z1-2MU00693_20260728_235024_000;0.0;2.1;26.0;Leppun;0.94;;;;;
Car381009-2026-Pass1-Z1-2MU00693_20260728_235024_000;0.2;1.5;24.0;Phogri;0.73;;;;;
Car381009-2026-Pass1-Z1-2MU00693_20260728_235027_000;0.0;0.6;39.0;Leppun;0.97;;;;;
Car381009-2026-Pass1-Z1-2MU00693_20260728_235027_000;0.1;1.4;25.0;Phogri;0.25;;;;;
Car381009-2026-Pass1-Z1-2MU00693_20260728_235030_000;0.0;0.1;36.0;Leppun;0.98;;;;;
Car381009-2026-Pass1-Z1-2MU00693_20260728_235030_000;0.0;1.7;15.0;Phogri;0.3;;;;;
Car381009-2026-Pass1-Z1-2MU00693_20260728_235036_000;0.0;2.0;38.0;Leppun;0.9;;;;;
Car381009-2026-Pass1-Z1-2MU00693_20260728_235036_000;1.9;2.1;23.0;Nyclei;0.06;noise, Cyrscu;;;;
Car381009-2026-Pass1-Z1-2MU00693_20260728_235036_000;0.0;2.1;23.0;Phogri;0.37;;;;;
Car381009-2026-Pass1-Z1-2MU00693_20260728_235040_000;0.0;1.3;38.0;Leppun;0.98;;;;;
Car381009-2026-Pass1-Z1-2MU00693_20260728_235040_000;0.2;1.8;25.0;noise;0.18;;;;;
Car381009-2026-Pass1-Z1-2MU00693_20260728_235040_000;0.3;2.0;23.0;Phogri;0.39;;;;;
Car381009-2026-Pass1-Z1-2MU00693_20260728_235045_000;0.0;1.5;36.0;Leppun;0.97;;;;;
Car381009-2026-Pass1-Z1-2MU00693_20260728_235045_000;0.1;1.9;22.0;noise;0.04;Isopyr, Cyrscu, Phogri, Tetvir;;;;
Car381009-2026-Pass1-Z1-2MU00693_20260728_235045_000;0.5;1.5;25.0;Rhasp;0.15;;;;;
Car381009-2026-Pass1-Z1-2MU00693_20260728_235050_000;0.0;2.1;36.0;Leppun;0.97;;;;;
Car381009-2026-Pass1-Z1-2MU00693_20260728_235050_000;0.6;2.4;52.0;Minsch;0.9;;;;;
Car381009-2026-Pass1-Z1-2MU00693_20260728_235050_000;0.4;2.3;22.0;Cyrscu;0.18;Phogri;;;;
Car381009-2026-Pass1-Z1-2MU00693_20260728_235052_000;0.0;1.9;35.0;Leppun;0.89;;;;;
Car381009-2026-Pass1-Z1-2MU00693_20260728_235052_000;0.0;1.8;52.0;Minsch;0.9;;;;;
Car381009-2026-Pass1-Z1-2MU00693_20260728_235052_000;0.1;0.6;14.0;noise;0.1;;;;;
Car381009-2026-Pass1-Z1-2MU00693_20260728_235052_000;0.1;1.9;23.0;Phogri;0.09;;;;;
Car381009-2026-Pass1-Z1-2MU00693_20260728_235056_000;0.0;1.2;40.0;Leppun;0.97;;;;;
Car381009-2026-Pass1-Z1-2MU00693_20260728_235056_000;0.0;2.7;23.0;Phogri;0.07;noise;;;;
Car381009-2026-Pass1-Z1-2MU00693_20260728_235102_000;0.0;0.3;36.0;Leppun;0.45;;;;;
Car381009-2026-Pass1-Z1-2MU00693_20260728_235102_000;0.2;1.7;25.0;Cyrscu;0.12;;;;;
Car381009-2026-Pass1-Z1-2MU00693_20260728_235105_000;0.0;2.8;32.0;Leppun;0.96;;;;;
Car381009-2026-Pass1-Z1-2MU00693_20260728_235105_000;0.8;3.6;22.0;Isopyr;0.11;Phogri;;;;
Car381009-2026-Pass1-Z1-2MU00693_20260728_235111_000;0.0;2.0;30.0;Leppun;0.97;;;;;
Car381009-2026-Pass1-Z1-2MU00693_20260728_235111_000;0.3;2.0;24.0;noise;0.05;Phogri, Plaint;;;;
Car381009-2026-Pass1-Z1-2MU00693_20260728_235116_000;0.0;2.0;35.0;Leppun;0.93;;;;;
Car381009-2026-Pass1-Z1-2MU00693_20260728_235116_000;0.0;2.3;23.0;Phogri;0.07;Plaint, noise;;;;
Car381009-2026-Pass1-Z1-2MU00693_20260728_235122_000;0.7;1.7;26.0;Eptser;0.24;;;;;
Car381009-2026-Pass1-Z1-2MU00693_20260728_235122_000;0.0;2.7;37.0;Leppun;0.94;;;;;
Car381009-2026-Pass1-Z1-2MU00693_20260728_235122_000;0.5;2.7;23.0;Rhasp;0.12;;;;;
Car381009-2026-Pass1-Z1-2MU00693_20260728_235126_000;0.0;1.8;28.0;Leppun;0.97;;;;;
Car381009-2026-Pass1-Z1-2MU00693_20260728_235126_000;0.9;1.6;22.0;Cyrscu;0.07;noise;;;;
Car381009-2026-Pass1-Z1-2MU00693_20260728_235129_000;0.0;3.5;38.0;Leppun;0.98;;;;;
Car381009-2026-Pass1-Z1-2MU00693_20260728_235129_000;0.2;4.1;24.0;noise;0.3;;;;;
Car381009-2026-Pass1-Z1-2MU00693_20260728_235129_000;1.8;3.6;22.0;Phogri;0.09;Cyrscu;;;;
Car381009-2026-Pass1-Z1-2MU00693_20260728_235135_000;0.0;2.5;32.0;Leppun;0.95;;;;;
Car381009-2026-Pass1-Z1-2MU00693_20260728_235135_000;0.0;2.9;24.0;Phogri;0.07;Rhasp, noise;;;;
Car381009-2026-Pass1-Z1-2MU00693_20260728_235140_000;0.0;1.5;37.0;Leppun;0.97;;;;;
Car381009-2026-Pass1-Z1-2MU00693_20260728_235140_000;0.6;2.0;23.0;noise;0.14;;;;;
Car381009-2026-Pass1-Z1-2MU00693_20260728_235140_000;0.2;2.0;23.0;Phogri;0.05;;;;;
Car381009-2026-Pass1-Z1-2MU00693_20260728_235143_000;0.0;0.8;38.0;Leppun;0.98;;;;;
Car381009-2026-Pass1-Z1-2MU00693_20260728_235143_000;0.3;1.8;24.0;noise;0.06;Phogri, Plaint;;;;
Car381009-2026-Pass1-Z1-2MU00693_20260728_235151_000;0.5;2.3;24.0;Isopyr;0.05;Antsp, Phogri, Cyrscu;;;;
Car381009-2026-Pass1-Z1-2MU00693_20260728_235151_000;0.0;2.2;34.0;Leppun;0.89;;;;;
Car381009-2026-Pass1-Z1-2MU00693_20260728_235151_000;0.5;2.0;31.0;noise;0.17;;;;;
Car381009-2026-Pass1-Z1-2MU00693_20260728_235157_000;0.3;4.5;34.0;Leppun;0.24;;;;;
Car381009-2026-Pass1-Z1-2MU00693_20260728_235157_000;0.3;4.8;25.0;noise;0.12;;;;;
Car381009-2026-Pass1-Z1-2MU00693_20260728_235157_000;0.4;4.3;31.0;Testes;0.21;;;;;
Car381009-2026-Pass1-Z1-2MU00693_20260728_235202_000;0.0;1.9;36.0;Leppun;0.97;;;;;
Car381009-2026-Pass1-Z1-2MU00693_20260728_235202_000;0.6;1.7;21.0;Cyrscu;0.07;noise;;;;
Car381009-2026-Pass1-Z1-2MU00693_20260728_235205_000;0.0;0.9;34.0;Leppun;0.96;;;;;
Car381009-2026-Pass1-Z1-2MU00693_20260728_235205_000;0.6;1.6;24.0;noise;0.05;Plaint;;;;
Car381009-2026-Pass1-Z1-2MU00693_20260728_235211_000;0.0;1.6;28.0;Leppun;0.98;;;;;
Car381009-2026-Pass1-Z1-2MU00693_20260728_235211_000;0.1;1.9;23.0;Phogri;0.06;noise;;;;
Car381009-2026-Pass1-Z1-2MU00693_20260728_235218_000;0.0;1.9;27.0;Leppun;0.77;;;;;
Car381009-2026-Pass1-Z1-2MU00693_20260728_235218_000;0.4;1.9;24.0;Phogri;0.06;noise;;;;
Car381009-2026-Pass1-Z1-2MU00693_20260728_235220_000;0.0;0.4;34.0;Leppun;0.95;;;;;
Car381009-2026-Pass1-Z1-2MU00693_20260728_235220_000;0.1;1.8;23.0;Phogri;0.04;noise, Plaint, Cyrscu, Tetvir;;;;
Car381009-2026-Pass1-Z1-2MU00693_20260728_235223_000;0.0;1.7;34.0;Testes;0.33;;;;;
Car381009-2026-Pass1-Z1-2MU00693_20260728_235230_000;0.0;1.3;36.0;Leppun;0.98;;;;;
Car381009-2026-Pass1-Z1-2MU00693_20260728_235230_000;0.0;2.0;24.0;Phogri;0.05;noise, Cyrscu;;;;
Car381009-2026-Pass1-Z1-2MU00693_20260728_235232_000;0.0;1.6;36.0;Leppun;0.97;;;;;
Car381009-2026-Pass1-Z1-2MU00693_20260728_235232_000;0.2;0.7;24.0;noise;0.17;;;;;
Car381009-2026-Pass1-Z1-2MU00693_20260728_235232_000;1.4;1.5;22.0;Plaint;0.04;Phogri, Tetvir;;;;
Car381009-2026-Pass1-Z1-2MU00693_20260728_235240_000;0.0;1.4;29.0;Leppun;0.93;;;;;
Car381009-2026-Pass1-Z1-2MU00693_20260728_235240_000;0.8;1.9;26.0;noise;0.15;;;;;
Car381009-2026-Pass1-Z1-2MU00693_20260728_235240_000;0.4;2.0;25.0;Rhasp;0.26;;;;;
Car381009-2026-Pass1-Z1-2MU00693_20260728_235244_000;0.0;1.8;39.0;Leppun;0.98;;;;;
Car381009-2026-Pass1-Z1-2MU00693_20260728_235244_000;0.1;2.0;26.0;Phogri;0.05;noise;;;;
Car381009-2026-Pass1-Z1-2MU00693_20260728_235250_000;0.0;2.0;33.0;Leppun;0.97;;;;;
Car381009-2026-Pass1-Z1-2MU00693_20260728_235250_000;0.3;2.0;26.0;Cyrscu;0.14;;;;;
Car381009-2026-Pass1-Z1-2MU00693_20260728_235255_000;0.0;2.0;28.0;Leppun;0.99;;;;;
Car381009-2026-Pass1-Z1-2MU00693_20260728_235255_000;0.3;2.0;25.0;noise;0.07;;;;;
Car381009-2026-Pass1-Z1-2MU00693_20260728_235259_000;0.0;1.9;32.0;Leppun;0.3;;;;;
Car381009-2026-Pass1-Z1-2MU00693_20260728_235259_000;0.2;1.9;24.0;Phogri;0.05;noise, Plaint;;;;
Car381009-2026-Pass1-Z1-2MU00693_20260728_235305_000;0.0;0.9;31.0;Leppun;0.97;;;;;
Car381009-2026-Pass1-Z1-2MU00693_20260728_235305_000;0.0;2.0;24.0;Rhasp;0.04;Phogri, noise, Tetvir, Plaint;;;;
Car381009-2026-Pass1-Z1-2MU00693_20260728_235310_000;0.0;0.9;35.0;Leppun;0.97;;;;;
Car381009-2026-Pass1-Z1-2MU00693_20260728_235310_000;0.0;2.0;25.0;Phogri;0.04;Rhasp, noise, Antsp, Tetvir, Plaint;;;;
Car381009-2026-Pass1-Z1-2MU00693_20260728_235316_000;0.0;2.0;30.0;Leppun;0.31;;;;;
Car381009-2026-Pass1-Z1-2MU00693_20260728_235316_000;0.2;2.0;25.0;Plaint;0.62;;;;;
Car381009-2026-Pass1-Z1-2MU00693_20260728_235328_000;0.0;1.2;28.0;Leppun;0.97;;;;;
Car381009-2026-Pass1-Z1-2MU00693_20260728_235328_000;0.4;1.9;22.0;Cyrscu;0.16;;;;;
Car381009-2026-Pass1-Z1-2MU00693_20260728_235333_000;0.0;2.1;40.0;Leppun;0.96;;;;;
Car381009-2026-Pass1-Z1-2MU00693_20260728_235333_000;0.0;3.3;24.0;noise;0.09;Phogri;;;;
Car381009-2026-Pass1-Z1-2MU00693_20260728_235359_000;0.0;1.8;31.0;Leppun;0.93;;;;;
Car381009-2026-Pass1-Z1-2MU00693_20260728_235359_000;0.4;1.0;21.0;Cyrscu;0.12;;;;;
Car381009-2026-Pass1-Z1-2MU00693_20260728_235403_000;0.0;1.9;36.0;Leppun;0.98;;;;;
Car381009-2026-Pass1-Z1-2MU00693_20260728_235403_000;0.2;1.9;23.0;Plaint;0.05;noise, Phogri;;;;
Car381009-2026-Pass1-Z1-2MU00693_20260728_235407_000;0.0;0.7;36.0;Leppun;0.88;;;;;
Car381009-2026-Pass1-Z1-2MU00693_20260728_235407_000;1.8;2.1;24.0;Cyrscu;0.21;;;;;
Car381009-2026-Pass1-Z1-2MU00693_20260728_235407_000;0.4;1.9;21.0;Phogri;0.04;noise, Tetvir;;;;
Car381009-2026-Pass1-Z1-2MU00693_20260728_235411_000;0.0;1.7;34.0;Leppun;0.99;;;;;
Car381009-2026-Pass1-Z1-2MU00693_20260728_235411_000;0.1;2.1;21.0;Plaint;0.04;noise, Phogri, Tetvir, Phanan;;;;
Car381009-2026-Pass1-Z1-2MU00693_20260728_235420_000;0.0;2.0;38.0;Leppun;0.97;;;;;
Car381009-2026-Pass1-Z1-2MU00693_20260728_235420_000;0.1;2.0;22.0;Isopyr;0.09;Cyrscu;;;;
Car381009-2026-Pass1-Z1-2MU00693_20260728_235427_000;0.0;2.0;33.0;Leppun;0.81;;;;;
Car381009-2026-Pass1-Z1-2MU00693_20260728_235427_000;0.5;1.9;24.0;Isopyr;0.17;;;;;
Car381009-2026-Pass1-Z1-2MU00693_20260728_235434_000;0.0;1.9;35.0;Leppun;0.34;;;;;
Car381009-2026-Pass1-Z1-2MU00693_20260728_235434_000;0.0;1.9;24.0;noise;0.04;Plaint, Phogri, Tetvir;;;;
Car381009-2026-Pass1-Z1-2MU00693_20260728_235438_000;0.0;1.8;24.0;Isopyr;0.28;;;;;
Car381009-2026-Pass1-Z1-2MU00693_20260728_235438_000;0.0;2.0;36.0;Leppun;0.62;;;;;
Car381009-2026-Pass1-Z1-2MU00693_20260728_235438_000;0.1;1.6;13.0;noise;0.11;;;;;
Car381009-2026-Pass1-Z1-2MU00693_20260728_235443_000;0.0;1.0;35.0;Leppun;0.98;;;;;
Car381009-2026-Pass1-Z1-2MU00693_20260728_235443_000;0.1;1.5;25.0;noise;0.05;Phogri, Tetvir;;;;
Car381009-2026-Pass1-Z1-2MU00693_20260728_235450_000;0.0;2.2;35.0;noise;0.06;;;;;
Car381009-2026-Pass1-Z1-2MU00693_20260728_235450_000;0.3;2.2;26.0;Phogri;0.03;Cyrscu, Tetvir, Rhasp, Plaint;;;;
Car381009-2026-Pass1-Z1-2MU00693_20260728_235453_000;0.0;1.3;38.0;noise;0.05;Phogri;;;;
Car381009-2026-Pass1-Z1-2MU00693_20260728_235453_000;0.6;2.4;24.0;Rhasp;0.04;Phogri, Cyrscu, Tetvir, Phanan, Antsp;;;;
Car381009-2026-Pass1-Z1-2MU00693_20260728_235457_000;0.0;2.0;30.0;Leppun;0.9;;;;;
Car381009-2026-Pass1-Z1-2MU00693_20260728_235457_000;0.1;1.6;24.0;Phanan;0.04;noise, Tetvir, Pippip, Cyrscu;;;;
Car381009-2026-Pass1-Z1-2MU00693_20260728_235457_000;0.1;2.1;25.0;Phogri;0.74;;;;;
Car381009-2026-Pass1-Z1-2MU00693_20260728_235503_000;0.0;1.2;33.0;Leppun;0.67;;;;;
Car381009-2026-Pass1-Z1-2MU00693_20260728_235503_000;0.0;1.8;26.0;Phogri;0.05;noise;;;;
Car381009-2026-Pass1-Z1-2MU00693_20260728_235506_000;0.0;1.8;34.0;Leppun;0.22;;;;;
Car381009-2026-Pass1-Z1-2MU00693_20260728_235506_000;0.1;2.0;52.0;Pippip;0.99;;;;;
Car381009-2026-Pass1-Z1-2MU00693_20260728_235506_000;0.2;1.9;25.0;Rhasp;0.05;Phogri, noise;;;;
Car381009-2026-Pass1-Z1-2MU00693_20260728_235509_000;0.0;4.4;27.0;Rhasp;0.26;;;;;
Car381009-2026-Pass1-Z1-2MU00693_20260728_235509_000;0.0;4.1;48.0;Pippip;0.99;;;;;
Car381009-2026-Pass1-Z1-2MU00693_20260728_235514_000;0.0;0.4;34.0;Leppun;0.44;;;;;
Car381009-2026-Pass1-Z1-2MU00693_20260728_235514_000;0.8;2.1;49.0;Pippip;0.98;;;;;
Car381009-2026-Pass1-Z1-2MU00693_20260728_235514_000;0.2;2.1;24.0;noise;0.05;Phogri;;;;
Car381009-2026-Pass1-Z1-2MU00693_20260728_235516_000;0.5;2.4;26.0;Nyclei;0.68;;;;;
Car381009-2026-Pass1-Z1-2MU00693_20260728_235516_000;0.0;2.2;46.0;Pippip;0.99;;;;;
Car381009-2026-Pass1-Z1-2MU00693_20260728_235516_000;0.0;2.4;25.0;Phogri;0.05;noise;;;;
Car381009-2026-Pass1-Z1-2MU00693_20260728_235521_000;0.0;1.2;35.0;Leppun;0.97;;;;;
Car381009-2026-Pass1-Z1-2MU00693_20260728_235521_000;0.4;1.8;25.0;Phogri;0.08;Rhasp, noise;;;;
Car381009-2026-Pass1-Z1-2MU00693_20260728_235526_000;0.0;0.1;38.0;Leppun;0.98;;;;;
Car381009-2026-Pass1-Z1-2MU00693_20260728_235526_000;0.3;2.0;24.0;Plaint;0.08;Phogri, noise;;;;
Car381009-2026-Pass1-Z1-2MU00693_20260728_235531_000;0.0;0.1;46.0;Leppun;0.94;;;;;
Car381009-2026-Pass1-Z1-2MU00693_20260728_235531_000;0.6;2.0;23.0;Isopyr;0.05;noise, Phogri, Cyrscu;;;;
Car381009-2026-Pass1-Z1-2MU00693_20260728_235531_000;0.5;2.1;26.0;Rhasp;0.48;;;;;
Car381009-2026-Pass1-Z1-2MU00693_20260728_235536_000;0.0;0.1;39.0;Leppun;0.96;;;;;
Car381009-2026-Pass1-Z1-2MU00693_20260728_235536_000;0.0;2.0;22.0;noise;0.09;Phogri;;;;
Car381009-2026-Pass1-Z1-2MU00693_20260728_235536_000;0.1;2.0;25.0;Rhasp;0.49;;;;;
Car381009-2026-Pass1-Z1-2MU00693_20260728_235545_000;0.1;1.4;22.0;Isopyr;0.11;;;;;
Car381009-2026-Pass1-Z1-2MU00693_20260728_235545_000;0.0;1.9;39.0;Leppun;0.97;;;;;
Car381009-2026-Pass1-Z1-2MU00693_20260728_235545_000;0.2;1.9;25.0;Phogri;0.41;;;;;
Car381009-2026-Pass1-Z1-2MU00693_20260728_235551_000;0.0;1.6;39.0;Leppun;0.96;;;;;
Car381009-2026-Pass1-Z1-2MU00693_20260728_235551_000;0.3;2.0;24.0;Phogri;0.07;noise;;;;
Car381009-2026-Pass1-Z1-2MU00693_20260728_235556_000;0.4;1.5;26.0;Rhasp;0.07;Barfis, noise;;;;
Car381009-2026-Pass1-Z1-2MU00693_20260728_235559_000;0.0;1.8;33.0;Leppun;0.98;;;;;
Car381009-2026-Pass1-Z1-2MU00693_20260728_235559_000;0.8;2.0;18.0;noise;0.12;;;;;
Car381009-2026-Pass1-Z1-2MU00693_20260728_235559_000;0.2;2.0;26.0;Plaint;0.06;Phogri;;;;
Car381009-2026-Pass1-Z1-2MU00693_20260728_235604_000;0.0;1.4;38.0;Leppun;0.91;;;;;
Car381009-2026-Pass1-Z1-2MU00693_20260728_235604_000;0.1;1.9;25.0;Phogri;0.45;;;;;
Car381009-2026-Pass1-Z1-2MU00693_20260728_235609_000;0.0;1.6;33.0;Leppun;0.97;;;;;
Car381009-2026-Pass1-Z1-2MU00693_20260728_235609_000;0.0;1.9;27.0;Rhasp;0.32;;;;;
Car381009-2026-Pass1-Z1-2MU00693_20260728_235617_000;0.0;0.5;31.0;Leppun;0.93;;;;;
Car381009-2026-Pass1-Z1-2MU00693_20260728_235617_000;0.8;2.0;38.0;Pipkuh;0.85;;Pipkuh;SUR;;
Car381009-2026-Pass1-Z1-2MU00693_20260728_235617_000;0.0;1.7;26.0;Phogri;0.07;noise;;;;
Car381009-2026-Pass1-Z1-2MU00693_20260728_235622_000;0.0;1.9;29.0;Leppun;0.96;;;;;
Car381009-2026-Pass1-Z1-2MU00693_20260728_235622_000;0.1;1.9;25.0;Phogri;0.05;noise, Plaint;;;;
Car381009-2026-Pass1-Z1-2MU00693_20260728_235627_000;0.0;1.6;37.0;Leppun;0.96;;;;;
Car381009-2026-Pass1-Z1-2MU00693_20260728_235627_000;0.2;1.9;25.0;noise;0.14;;;;;
Car381009-2026-Pass1-Z1-2MU00693_20260728_235631_000;0.0;1.9;35.0;Leppun;0.88;;;;;
Car381009-2026-Pass1-Z1-2MU00693_20260728_235631_000;0.0;2.0;33.0;Testes;0.58;;;;;
Car381009-2026-Pass1-Z1-2MU00693_20260728_235638_000;0.0;2.0;38.0;Leppun;0.95;;;;;
Car381009-2026-Pass1-Z1-2MU00693_20260728_235638_000;0.3;2.0;27.0;Cyrscu;0.1;;;;;
Car381009-2026-Pass1-Z1-2MU00693_20260728_235642_000;0.0;1.4;27.0;Leppun;0.95;;;;;
Car381009-2026-Pass1-Z1-2MU00693_20260728_235642_000;0.2;1.8;25.0;Plaint;0.05;Phogri, noise;;;;
Car381009-2026-Pass1-Z1-2MU00693_20260728_235647_000;0.0;0.9;34.0;Leppun;0.96;;;;;
Car381009-2026-Pass1-Z1-2MU00693_20260728_235647_000;0.0;1.5;24.0;noise;0.13;;;;;
Car381009-2026-Pass1-Z1-2MU00693_20260728_235647_000;0.3;1.9;25.0;Plaint;0.03;Phogri, Tetvir, Sepsep;;;;
Car381009-2026-Pass1-Z1-2MU00693_20260728_235705_000;0.0;1.8;28.0;Leppun;0.95;;;;;
Car381009-2026-Pass1-Z1-2MU00693_20260728_235705_000;0.9;1.8;26.0;Phogri;0.05;Rhasp, noise;;;;
Car381009-2026-Pass1-Z1-2MU00693_20260728_235708_000;0.0;2.0;35.0;Leppun;0.19;;;;;
Car381009-2026-Pass1-Z1-2MU00693_20260728_235708_000;0.3;2.0;33.0;Testes;0.8;;;;;
Car381009-2026-Pass1-Z1-2MU00693_20260728_235711_000;0.4;2.3;24.0;noise;0.05;Antsp, Rhasp, Phogri;;;;
Car381009-2026-Pass1-Z1-2MU00693_20260728_235711_000;0.0;2.8;35.0;Testes;0.37;;;;;
Car381009-2026-Pass1-Z1-2MU00693_20260728_235720_000;0.0;4.3;36.0;Leppun;0.97;;;;;
Car381009-2026-Pass1-Z1-2MU00693_20260728_235720_000;0.5;3.9;23.0;noise;0.15;;;;;
Car381009-2026-Pass1-Z1-2MU00693_20260728_235720_000;0.3;4.9;40.0;Pipkuh;0.97;;;;;
Car381009-2026-Pass1-Z1-2MU00693_20260728_235720_000;0.8;4.7;25.0;Phogri;0.05;Rhasp, Plaint;;;;
Car381009-2026-Pass1-Z1-2MU00693_20260728_235732_000;0.0;4.4;27.0;Leppun;0.91;;;;;
Car381009-2026-Pass1-Z1-2MU00693_20260728_235732_000;0.3;4.8;26.0;Eptser;0.05;noise, Phogri;;;;
Car381009-2026-Pass1-Z1-2MU00693_20260728_235732_000;0.3;3.7;37.0;Testes;0.88;;;;;
Car381009-2026-Pass1-Z1-2MU00693_20260728_235739_000;0.0;1.1;27.0;Eptser;0.18;;;;;
Car381009-2026-Pass1-Z1-2MU00693_20260728_235739_000;0.0;2.0;27.0;Rhasp;0.05;noise, Phogri;;;;
Car381009-2026-Pass1-Z1-2MU00693_20260728_235742_000;0.0;2.0;27.0;Leppun;0.96;;;;;
Car381009-2026-Pass1-Z1-2MU00693_20260728_235742_000;0.2;1.3;19.0;noise;0.29;;;;;
Car381009-2026-Pass1-Z1-2MU00693_20260728_235742_000;0.1;2.0;24.0;Plaint;0.04;Phogri, Tetvir, Sepsep;;;;
Car381009-2026-Pass1-Z1-2MU00693_20260728_235748_000;0.0;2.8;39.0;Leppun;0.93;;;;;
Car381009-2026-Pass1-Z1-2MU00693_20260728_235748_000;0.0;3.6;26.0;Phogri;0.06;Antsp, noise;;;;
Car381009-2026-Pass1-Z1-2MU00693_20260728_235748_000;0.0;3.1;35.0;Testes;0.81;;;;;
Car381009-2026-Pass1-Z1-2MU00693_20260728_235753_000;0.0;2.7;26.0;Leppun;0.9;;;;;
Car381009-2026-Pass1-Z1-2MU00693_20260728_235753_000;1.0;2.6;26.0;Nyclei;0.07;Cyrscu;;;;
Car381009-2026-Pass1-Z1-2MU00693_20260728_235753_000;0.0;3.0;26.0;Phogri;0.5;;;;;
Car381009-2026-Pass1-Z1-2MU00693_20260728_235757_000;0.8;2.5;39.0;Leppun;0.95;;;;;
Car381009-2026-Pass1-Z1-2MU00693_20260728_235757_000;0.0;2.6;23.0;noise;0.1;;;;;
Car381009-2026-Pass1-Z1-2MU00693_20260728_235757_000;0.0;2.5;26.0;Cyrscu;0.03;Tetvir, Rhasp, Phogri;;;;
Car381009-2026-Pass1-Z1-2MU00693_20260728_235803_000;0.2;1.8;49.0;noise;0.14;;;;;
Car381009-2026-Pass1-Z1-2MU00693_20260728_235803_000;0.4;2.5;26.0;Nyclei;0.1;Cyrscu;;;;
Car381009-2026-Pass1-Z1-2MU00693_20260728_235803_000;0.0;2.7;36.0;Testes;0.65;;;;;
Car381009-2026-Pass1-Z1-2MU00693_20260728_235808_000;0.4;4.5;36.0;Leppun;0.83;;;;;
Car381009-2026-Pass1-Z1-2MU00693_20260728_235808_000;0.0;4.7;26.0;Phogri;0.57;;;;;
Car381009-2026-Pass1-Z1-2MU00693_20260728_235808_000;0.0;3.0;39.0;Pipkuh;0.33;;;;;
Car381009-2026-Pass1-Z1-2MU00693_20260728_235814_000;0.0;4.4;37.0;Leppun;0.96;;;;;
Car381009-2026-Pass1-Z1-2MU00693_20260728_235814_000;0.0;4.7;26.0;noise;0.09;Phogri;;;;
Car381009-2026-Pass1-Z1-2MU00693_20260728_235814_000;0.3;4.8;34.0;Testes;0.9;;;;;
Car381009-2026-Pass1-Z1-2MU00693_20260728_235826_000;0.0;1.6;38.0;Leppun;0.93;;;;;
Car381009-2026-Pass1-Z1-2MU00693_20260728_235826_000;0.2;2.4;24.0;Phogri;0.09;noise;;;;
Car381009-2026-Pass1-Z1-2MU00693_20260728_235829_000;0.0;4.4;38.0;Leppun;0.89;;;;;
Car381009-2026-Pass1-Z1-2MU00693_20260728_235829_000;0.0;4.8;23.0;noise;0.05;Phogri, Tetvir, Rhasp, Isopyr, Antsp;;;;
Car381009-2026-Pass1-Z1-2MU00693_20260728_235829_000;0.5;5.0;34.0;Testes;0.68;;;;;
Car381009-2026-Pass1-Z1-2MU00693_20260728_235837_000;0.0;1.9;37.0;Leppun;0.96;;;;;
Car381009-2026-Pass1-Z1-2MU00693_20260728_235837_000;0.1;1.6;24.0;noise;0.16;;;;;
Car381009-2026-Pass1-Z1-2MU00693_20260728_235843_000;0.0;3.1;36.0;Leppun;0.94;;;;;
Car381009-2026-Pass1-Z1-2MU00693_20260728_235843_000;0.3;3.2;24.0;Rhasp;0.09;Phogri;;;;
Car381009-2026-Pass1-Z1-2MU00693_20260728_235847_000;0.0;4.1;38.0;Leppun;0.92;;;;;
Car381009-2026-Pass1-Z1-2MU00693_20260728_235847_000;0.0;4.9;26.0;noise;0.13;;;;;
Car381009-2026-Pass1-Z1-2MU00693_20260728_235847_000;0.3;4.5;33.0;Testes;0.86;;;;;
Car381009-2026-Pass1-Z1-2MU00693_20260728_235856_000;0.1;3.7;26.0;noise;0.15;;;;;
Car381009-2026-Pass1-Z1-2MU00693_20260728_235856_000;0.0;1.8;40.0;Testes;0.25;;;;;
Car381009-2026-Pass1-Z1-2MU00693_20260728_235900_000;0.0;1.9;36.0;Leppun;0.98;;;;;
Car381009-2026-Pass1-Z1-2MU00693_20260728_235900_000;0.2;2.0;26.0;Phogri;0.35;;;;;
Car381009-2026-Pass1-Z1-2MU00693_20260728_235905_000;0.5;3.7;34.0;noise;0.09;Phogri;;;;
Car381009-2026-Pass1-Z1-2MU00693_20260728_235905_000;0.0;4.0;38.0;Testes;0.44;;;;;
Car381009-2026-Pass1-Z1-2MU00693_20260728_235909_000;0.0;2.1;35.0;Leppun;0.99;;;;;
Car381009-2026-Pass1-Z1-2MU00693_20260728_235909_000;0.1;1.8;24.0;Plaint;0.04;noise, Phogri, Tetvir, Rhasp;;;;
Car381009-2026-Pass1-Z1-2MU00693_20260728_235913_000;0.0;1.8;33.0;Leppun;0.93;;;;;
Car381009-2026-Pass1-Z1-2MU00693_20260728_235913_000;0.3;1.8;26.0;Rhasp;0.46;;;;;
Car381009-2026-Pass1-Z1-2MU00693_20260728_235916_000;0.0;4.8;40.0;Leppun;0.67;;;;;
Car381009-2026-Pass1-Z1-2MU00693_20260728_235916_000;0.0;4.8;24.0;Plaint;0.06;noise, Phogri;;;;
Car381009-2026-Pass1-Z1-2MU00693_20260728_235916_000;0.0;4.8;40.0;Testes;0.66;;;;;
Car381009-2026-Pass1-Z1-2MU00693_20260728_235927_000;0.0;2.0;40.0;Yposp;0.09;Confus, noise;;;;
Car381009-2026-Pass1-Z1-2MU00693_20260728_235927_000;0.2;3.4;24.0;Cyrscu;0.07;noise, Phogri;;;;
Car381009-2026-Pass1-Z1-2MU00693_20260728_235934_000;0.0;2.0;38.0;Leppun;0.98;;;;;
Car381009-2026-Pass1-Z1-2MU00693_20260728_235934_000;0.0;2.0;25.0;Phogri;0.04;noise, Tetvir, Rhasp, Plaint, Antsp;;;;
Car381009-2026-Pass1-Z1-2MU00693_20260728_235939_000;0.0;1.6;28.0;Leppun;0.93;;;;;
Car381009-2026-Pass1-Z1-2MU00693_20260728_235939_000;0.0;2.0;26.0;Phogri;0.08;noise;;;;
Car381009-2026-Pass1-Z1-2MU00693_20260728_235947_000;0.0;2.6;39.0;Leppun;0.97;;;;;
Car381009-2026-Pass1-Z1-2MU00693_20260728_235947_000;0.5;3.2;24.0;Phogri;0.06;noise, Plaint;;;;
Car381009-2026-Pass1-Z1-2MU00693_20260728_235952_000;0.0;3.7;39.0;Leppun;0.46;;;;;
Car381009-2026-Pass1-Z1-2MU00693_20260728_235952_000;0.0;3.7;26.0;Phogri;0.08;noise;;;;
Car381009-2026-Pass1-Z1-2MU00693_20260728_235956_000;0.0;3.5;38.0;Confus;0.13;Yposp, noise;;;;
Car381009-2026-Pass1-Z1-2MU00693_20260728_235956_000;0.7;3.4;23.0;Isopyr;0.9;;;;;
Car381009-2026-Pass1-Z1-2MU00693_20260728_235956_000;0.5;3.5;28.0;Antsp;0.27;;;;;
Car381009-2026-Pass1-Z1-2MU00693_20260729_000000_000;0.0;3.8;38.0;Leppun;0.92;;;;;
Car381009-2026-Pass1-Z1-2MU00693_20260729_000000_000;0.1;4.1;24.0;Phogri;0.08;noise, Rhasp;;;;
Car381009-2026-Pass1-Z1-2MU00693_20260729_000007_000;0.0;2.7;38.0;Leppun;0.94;;;;;
Car381009-2026-Pass1-Z1-2MU00693_20260729_000007_000;0.0;3.9;20.0;noise;0.15;Phogri;;;;
Car381009-2026-Pass1-Z1-2MU00693_20260729_000007_000;0.6;3.9;20.0;Tetvir;0.22;;;;;
Car381009-2026-Pass1-Z1-2MU00693_20260729_000012_000;0.0;1.9;36.0;Leppun;0.94;;;;;
Car381009-2026-Pass1-Z1-2MU00693_20260729_000012_000;0.0;1.9;25.0;Phogri;0.04;Plaint, noise, Tetvir, Rhasp;;;;
Car381009-2026-Pass1-Z1-2MU00693_20260729_000018_000;0.0;1.8;35.0;Leppun;0.94;;;;;
Car381009-2026-Pass1-Z1-2MU00693_20260729_000018_000;0.6;1.9;23.0;noise;0.11;;;;;
Car381009-2026-Pass1-Z1-2MU00693_20260729_000018_000;0.0;1.9;33.0;Testes;0.14;;;;;
Car381009-2026-Pass1-Z1-2MU00693_20260729_000024_000;0.0;4.7;41.0;Leppun;0.78;;;;;
Car381009-2026-Pass1-Z1-2MU00693_20260729_000024_000;0.0;4.9;24.0;noise;0.11;;;;;
Car381009-2026-Pass1-Z1-2MU00693_20260729_000024_000;0.0;4.3;33.0;Testes;0.64;;;;;
Car381009-2026-Pass1-Z1-2MU00693_20260729_000033_000;0.0;0.9;35.0;Leppun;0.98;;;;;
Car381009-2026-Pass1-Z1-2MU00693_20260729_000033_000;0.0;2.4;26.0;Cyrscu;0.07;noise, Barfis;;;;
Car381009-2026-Pass1-Z1-2MU00693_20260729_000038_000;0.0;1.8;33.0;Leppun;0.97;;;;;
Car381009-2026-Pass1-Z1-2MU00693_20260729_000038_000;0.1;1.0;26.0;noise;0.08;Phogri;;;;
Car381009-2026-Pass1-Z1-2MU00693_20260729_000038_000;0.4;1.8;27.0;Testes;0.06;Insp12, Antsp;;;;
Car381009-2026-Pass1-Z1-2MU00693_20260729_000048_000;0.0;1.7;39.0;Leppun;0.94;;;;;
Car381009-2026-Pass1-Z1-2MU00693_20260729_000048_000;0.6;2.1;25.0;noise;0.05;Phogri;;;;
Car381009-2026-Pass1-Z1-2MU00693_20260729_000053_000;0.0;5.0;47.0;Pippip;0.99;;;;;
Car381009-2026-Pass1-Z1-2MU00693_20260729_000053_000;0.1;4.9;26.0;noise;0.05;Eptser, Plaint, Phogri;;;;
Car381009-2026-Pass1-Z1-2MU00693_20260729_000103_000;0.1;4.5;25.0;noise;0.07;Phogri;;;;
Car381009-2026-Pass1-Z1-2MU00693_20260729_000103_000;0.1;4.4;45.0;Pippip;0.98;;;;;
Car381009-2026-Pass1-Z1-2MU00693_20260729_000103_000;0.0;5.0;35.0;Testes;0.86;;;;;
Car381009-2026-Pass1-Z1-2MU00693_20260729_000110_000;0.0;3.3;30.0;Leppun;0.86;;;;;
Car381009-2026-Pass1-Z1-2MU00693_20260729_000110_000;0.1;3.8;45.0;Pippip;0.99;;;;;
Car381009-2026-Pass1-Z1-2MU00693_20260729_000110_000;0.0;3.8;26.0;Barfis;0.08;Phogri, noise;;;;
Car381009-2026-Pass1-Z1-2MU00693_20260729_000115_000;0.0;1.6;24.0;Isopyr;0.08;Cyrscu, noise, Phogri;;;;
Car381009-2026-Pass1-Z1-2MU00693_20260729_000115_000;0.0;2.1;46.0;Pippip;0.99;;;;;
Car381009-2026-Pass1-Z1-2MU00693_20260729_000117_000;0.0;0.1;38.0;Leppun;0.93;;;;;
Car381009-2026-Pass1-Z1-2MU00693_20260729_000117_000;0.0;2.4;45.0;Pippip;0.86;;;;;
Car381009-2026-Pass1-Z1-2MU00693_20260729_000117_000;0.3;5.0;35.0;Testes;0.84;;;;;
Car381009-2026-Pass1-Z1-2MU00693_20260729_000132_000;0.0;1.1;41.0;Leppun;0.97;;;;;
Car381009-2026-Pass1-Z1-2MU00693_20260729_000132_000;0.6;2.8;27.0;Phogri;0.34;;;;;
Car381009-2026-Pass1-Z1-2MU00693_20260729_000136_000;0.0;4.7;35.0;Leppun;0.72;;;;;
Car381009-2026-Pass1-Z1-2MU00693_20260729_000136_000;0.2;4.9;26.0;Phogri;0.1;;;;;
Car381009-2026-Pass1-Z1-2MU00693_20260729_000136_000;0.1;3.8;34.0;Testes;0.65;;;;;
Car381009-2026-Pass1-Z1-2MU00693_20260729_000143_000;0.0;2.9;47.0;Phogri;0.52;;;;;
Car381009-2026-Pass1-Z1-2MU00693_20260729_000143_000;0.2;5.0;25.0;Plaint;0.09;noise;;;;
Car381009-2026-Pass1-Z1-2MU00693_20260729_000143_000;0.0;4.9;33.0;Testes;0.92;;;;;
Car381009-2026-Pass1-Z1-2MU00693_20260729_000150_000;0.3;2.4;38.0;Leppun;0.93;;;;;
Car381009-2026-Pass1-Z1-2MU00693_20260729_000150_000;0.2;4.2;27.0;noise;0.11;;;;;
Car381009-2026-Pass1-Z1-2MU00693_20260729_000150_000;0.7;3.5;22.0;Phanan;0.04;Tetvir, Pippip, Cyrscu;;;;
Car381009-2026-Pass1-Z1-2MU00693_20260729_000150_000;0.2;3.8;27.0;Phogri;0.08;;;;;
Car381009-2026-Pass1-Z1-2MU00693_20260729_000156_000;0.0;2.0;27.0;Phogri;0.94;;;;;
Car381009-2026-Pass1-Z1-2MU00693_20260729_000156_000;0.0;2.0;35.0;Testes;0.14;Yposp;;;;
Car381009-2026-Pass1-Z1-2MU00693_20260729_000201_000;0.0;2.7;27.0;Leppun;0.73;;;;;
Car381009-2026-Pass1-Z1-2MU00693_20260729_000201_000;0.2;4.0;25.0;Phogri;0.84;;;;;
Car381009-2026-Pass1-Z1-2MU00693_20260729_000205_000;0.0;1.8;29.0;Leppun;0.96;;;;;
Car381009-2026-Pass1-Z1-2MU00693_20260729_000205_000;0.4;1.8;25.0;noise;0.05;Phogri, Rhasp;;;;
Car381009-2026-Pass1-Z1-2MU00693_20260729_000209_000;0.0;2.4;43.0;Leppun;0.96;;;;;
Car381009-2026-Pass1-Z1-2MU00693_20260729_000209_000;0.0;2.8;25.0;Phogri;0.17;;;;;
Car381009-2026-Pass1-Z1-2MU00693_20260729_000217_000;0.0;2.0;26.0;Isopyr;0.41;;;;;
Car381009-2026-Pass1-Z1-2MU00693_20260729_000217_000;0.0;1.9;34.0;Testes;0.17;;;;;
Car381009-2026-Pass1-Z1-2MU00693_20260729_000220_000;0.0;2.5;34.0;Leppun;0.98;;;;;
Car381009-2026-Pass1-Z1-2MU00693_20260729_000220_000;0.7;1.5;21.0;noise;0.08;Eptser;;;;
Car381009-2026-Pass1-Z1-2MU00693_20260729_000220_000;0.3;2.1;26.0;Phogri;0.41;;;;;
Car381009-2026-Pass1-Z1-2MU00693_20260729_000224_000;0.2;1.6;22.0;Isopyr;0.21;;;;;
Car381009-2026-Pass1-Z1-2MU00693_20260729_000224_000;0.0;1.9;29.0;Phogri;0.56;;;;;
Car381009-2026-Pass1-Z1-2MU00693_20260729_000229_000;0.0;1.8;24.0;noise;0.17;;;;;
Car381009-2026-Pass1-Z1-2MU00693_20260729_000229_000;0.5;1.8;24.0;Cyrscu;0.06;Phogri;;;;
Car381009-2026-Pass1-Z1-2MU00693_20260729_000233_000;0.0;5.0;32.0;Eptser;0.98;;MyoGT;PROBABLE;;
Car381009-2026-Pass1-Z1-2MU00693_20260729_000233_000;1.1;4.7;25.0;noise;0.12;;;;;
Car381009-2026-Pass1-Z1-2MU00693_20260729_000233_000;0.0;4.5;34.0;Testes;0.84;;;;;
Car381009-2026-Pass1-Z1-2MU00693_20260729_000251_000;0.0;3.7;25.0;noise;0.12;Phogri;;;;
Car381009-2026-Pass1-Z1-2MU00693_20260729_000251_000;0.0;2.2;34.0;Inssp7;0.22;Testes;;;;
Car381009-2026-Pass1-Z1-2MU00693_20260729_000259_000;0.0;2.3;33.0;Testes;0.54;;;;;
Car381009-2026-Pass1-Z1-2MU00693_20260729_000303_000;0.0;2.1;46.0;Phogri;0.82;;;;;
Car381009-2026-Pass1-Z1-2MU00693_20260729_000303_000;0.2;1.5;24.0;noise;0.05;Plaint;;;;
Car381009-2026-Pass1-Z1-2MU00693_20260729_000308_000;0.0;2.0;32.0;Confus;0.13;Antsp;;;;
Car381009-2026-Pass1-Z1-2MU00693_20260729_000308_000;0.0;2.0;34.0;Leppun;0.96;;;;;
Car381009-2026-Pass1-Z1-2MU00693_20260729_000314_000;0.0;2.1;26.0;Phogri;0.38;;;;;
Car381009-2026-Pass1-Z1-2MU00693_20260729_000314_000;0.6;2.1;46.0;Pippip;0.98;;;;;
Car381009-2026-Pass1-Z1-2MU00693_20260729_000317_000;0.0;4.8;44.0;Pippip;0.99;;;;;
Car381009-2026-Pass1-Z1-2MU00693_20260729_000317_000;0.0;4.6;26.0;Rhasp;0.11;;;;;
Car381009-2026-Pass1-Z1-2MU00693_20260729_000324_000;0.0;1.8;30.0;noise;0.17;;;;;
Car381009-2026-Pass1-Z1-2MU00693_20260729_000324_000;0.2;2.1;44.0;Pippip;0.91;;;;;
Car381009-2026-Pass1-Z1-2MU00693_20260729_000324_000;0.0;1.3;32.0;Testes;0.58;;;;;
Car381009-2026-Pass1-Z1-2MU00693_20260729_000328_000;0.0;2.7;38.0;Leppun;0.95;;;;;
Car381009-2026-Pass1-Z1-2MU00693_20260729_000328_000;0.1;2.6;24.0;noise;0.04;Plaint, Phogri, Antsp, Tetvir, Rhasp;;;;
Car381009-2026-Pass1-Z1-2MU00693_20260729_000328_000;0.0;2.7;34.0;Testes;0.19;;;;;
Car381009-2026-Pass1-Z1-2MU00693_20260729_000332_000;0.4;2.3;28.0;noise;0.17;;;;;
Car381009-2026-Pass1-Z1-2MU00693_20260729_000332_000;0.0;1.7;34.0;Testes;0.75;;;;;
Car381009-2026-Pass1-Z1-2MU00693_20260729_000336_000;0.0;2.6;30.0;Leppun;0.3;;;;;
Car381009-2026-Pass1-Z1-2MU00693_20260729_000336_000;0.1;2.6;22.0;noise;0.15;;;;;
Car381009-2026-Pass1-Z1-2MU00693_20260729_000341_000;0.0;1.8;33.0;Leppun;0.97;;;;;
Car381009-2026-Pass1-Z1-2MU00693_20260729_000341_000;0.2;1.8;23.0;Phogri;0.06;noise, Plaint;;;;
Car381009-2026-Pass1-Z1-2MU00693_20260729_000347_000;0.0;3.3;40.0;Leppun;0.9;;;;;
Car381009-2026-Pass1-Z1-2MU00693_20260729_000347_000;0.4;4.8;26.0;Phogri;0.12;;;;;
Car381009-2026-Pass1-Z1-2MU00693_20260729_000347_000;0.2;3.3;34.0;Testes;0.85;;;;;
Car381009-2026-Pass1-Z1-2MU00693_20260729_000356_000;0.0;1.8;43.0;Leppun;0.97;;;;;
Car381009-2026-Pass1-Z1-2MU00693_20260729_000356_000;0.2;1.8;26.0;Phogri;0.04;noise, Plaint, Tetvir;;;;
Car381009-2026-Pass1-Z1-2MU00693_20260729_000406_000;0.0;1.9;32.0;Antsp;0.06;noise, Barfis, Yposp;;;;
Car381009-2026-Pass1-Z1-2MU00693_20260729_000406_000;0.0;2.0;34.0;Testes;0.36;;;;;
Car381009-2026-Pass1-Z1-2MU00693_20260729_000410_000;0.0;3.3;37.0;Leppun;0.91;;;;;
Car381009-2026-Pass1-Z1-2MU00693_20260729_000410_000;0.5;3.7;25.0;Phogri;0.09;;;;;
Car381009-2026-Pass1-Z1-2MU00693_20260729_000414_000;0.0;1.0;30.0;Leppun;0.98;;;;;
Car381009-2026-Pass1-Z1-2MU00693_20260729_000414_000;0.6;1.9;25.0;Eptser;0.05;Cyrscu, Phogri, noise;;;;
Car381009-2026-Pass1-Z1-2MU00693_20260729_000417_000;0.0;1.5;28.0;Leppun;0.97;;;;;
Car381009-2026-Pass1-Z1-2MU00693_20260729_000417_000;0.1;1.8;26.0;Rhasp;0.08;noise;;;;
Car381009-2026-Pass1-Z1-2MU00693_20260729_000420_000;0.0;0.1;37.0;Leppun;0.98;;;;;
Car381009-2026-Pass1-Z1-2MU00693_20260729_000420_000;0.9;1.2;19.0;noise;0.06;;;;;
Car381009-2026-Pass1-Z1-2MU00693_20260729_000420_000;0.9;2.0;27.0;Phogri;0.41;;;;;
Car381009-2026-Pass1-Z1-2MU00693_20260729_000424_000;0.0;2.5;34.0;Leppun;0.99;;;;;
Car381009-2026-Pass1-Z1-2MU00693_20260729_000424_000;0.0;2.3;24.0;noise;0.13;;;;;
Car381009-2026-Pass1-Z1-2MU00693_20260729_000429_000;0.0;2.0;36.0;Leppun;0.96;;;;;
Car381009-2026-Pass1-Z1-2MU00693_20260729_000429_000;0.4;1.6;24.0;Rhasp;0.03;Phogri, noise, Tetvir, Plaint, Pippip, Antsp;;;;
Car381009-2026-Pass1-Z1-2MU00693_20260729_000429_000;0.0;2.1;30.0;Testes;0.09;noise, Antsp;;;;
Car381009-2026-Pass1-Z1-2MU00693_20260729_000432_000;0.4;2.5;23.0;Epheph;0.07;noise;;;;
Car381009-2026-Pass1-Z1-2MU00693_20260729_000432_000;0.2;1.1;35.0;Leppun;0.95;;;;;
Car381009-2026-Pass1-Z1-2MU00693_20260729_000432_000;0.0;2.5;33.0;Testes;0.8;;;;;
Car381009-2026-Pass1-Z1-2MU00693_20260729_000435_000;0.0;1.9;25.0;Phogri;0.24;;;;;
Car381009-2026-Pass1-Z1-2MU00693_20260729_000438_000;0.0;1.4;46.0;Leppun;0.95;;;;;
Car381009-2026-Pass1-Z1-2MU00693_20260729_000438_000;0.6;1.5;25.0;Phogri;0.04;Tetvir, Rhasp, Cyrscu;;;;
Car381009-2026-Pass1-Z1-2MU00693_20260729_000438_000;0.6;2.1;47.0;noise;0.07;;;;;
Car381009-2026-Pass1-Z1-2MU00693_20260729_000442_000;0.0;3.3;39.0;Leppun;0.97;;;;;
Car381009-2026-Pass1-Z1-2MU00693_20260729_000442_000;0.5;3.4;27.0;noise;0.08;Phogri;;;;
Car381009-2026-Pass1-Z1-2MU00693_20260729_000442_000;0.4;2.1;25.0;Rhasp;0.23;;;;;
Car381009-2026-Pass1-Z1-2MU00693_20260729_000453_000;0.0;2.0;38.0;Leppun;0.94;;;;;
Car381009-2026-Pass1-Z1-2MU00693_20260729_000453_000;0.1;2.0;25.0;noise;0.12;;;;;
Car381009-2026-Pass1-Z1-2MU00693_20260729_000453_000;0.2;2.1;34.0;Testes;0.5;;;;;
Car381009-2026-Pass1-Z1-2MU00693_20260729_000456_000;0.2;1.8;23.0;Rhasp;0.06;noise, Phogri;;;;
Car381009-2026-Pass1-Z1-2MU00693_20260729_000456_000;0.0;0.9;34.0;Testes;0.44;;;;;
Car381009-2026-Pass1-Z1-2MU00693_20260729_000501_000;0.0;1.9;36.0;Leppun;0.97;;;;;
Car381009-2026-Pass1-Z1-2MU00693_20260729_000501_000;0.3;1.4;26.0;Phogri;0.05;noise, Plaint;;;;
Car381009-2026-Pass1-Z1-2MU00693_20260729_000505_000;0.0;1.8;36.0;Leppun;0.96;;;;;
Car381009-2026-Pass1-Z1-2MU00693_20260729_000505_000;1.0;1.7;24.0;noise;0.16;Phogri;;;;
Car381009-2026-Pass1-Z1-2MU00693_20260729_000505_000;1.6;1.7;34.0;Testes;0.38;;;;;
Car381009-2026-Pass1-Z1-2MU00693_20260729_000511_000;0.0;5.0;34.0;Leppun;0.32;;;;;
Car381009-2026-Pass1-Z1-2MU00693_20260729_000511_000;0.4;4.9;29.0;noise;0.11;;;;;
Car381009-2026-Pass1-Z1-2MU00693_20260729_000511_000;0.4;3.9;24.0;Phogri;0.05;Isopyr;;;;
Car381009-2026-Pass1-Z1-2MU00693_20260729_000518_000;0.0;1.7;34.0;Leppun;0.82;;;;;
Car381009-2026-Pass1-Z1-2MU00693_20260729_000518_000;0.0;2.2;25.0;Phogri;0.48;;;;;
Car381009-2026-Pass1-Z1-2MU00693_20260729_000521_000;0.0;1.1;38.0;Leppun;0.93;;;;;
Car381009-2026-Pass1-Z1-2MU00693_20260729_000521_000;0.7;1.0;24.0;noise;0.05;Phanan, Phogri;;;;
Car381009-2026-Pass1-Z1-2MU00693_20260729_000521_000;0.2;0.5;36.0;Testes;0.77;;;;;
Car381009-2026-Pass1-Z1-2MU00693_20260729_000525_000;0.0;1.4;33.0;Leppun;0.48;;;;;
Car381009-2026-Pass1-Z1-2MU00693_20260729_000525_000;0.0;1.8;26.0;Phogri;0.2;;;;;
Car381009-2026-Pass1-Z1-2MU00693_20260729_000528_000;0.0;0.7;37.0;Leppun;0.95;;;;;
Car381009-2026-Pass1-Z1-2MU00693_20260729_000528_000;0.0;1.9;26.0;noise;0.06;Phogri, Rhasp, Plaint;;;;
Car381009-2026-Pass1-Z1-2MU00693_20260729_000532_000;0.0;2.0;29.0;Leppun;0.96;;;;;
Car381009-2026-Pass1-Z1-2MU00693_20260729_000532_000;0.2;3.2;26.0;Phogri;0.47;;;;;
Car381009-2026-Pass1-Z1-2MU00693_20260729_000538_000;0.0;2.9;26.0;Phogri;0.53;;;;;
Car381009-2026-Pass1-Z1-2MU00693_20260729_000538_000;0.0;3.1;33.0;Testes;0.46;;;;;
Car381009-2026-Pass1-Z1-2MU00693_20260729_000542_000;0.4;4.0;25.0;Isopyr;0.4;;;;;
Car381009-2026-Pass1-Z1-2MU00693_20260729_000542_000;0.0;4.5;38.0;Leppun;0.95;;;;;
Car381009-2026-Pass1-Z1-2MU00693_20260729_000542_000;0.3;4.6;28.0;noise;0.12;Phogri;;;;
Car381009-2026-Pass1-Z1-2MU00693_20260729_000549_000;0.0;2.8;41.0;Leppun;0.36;;;;;
Car381009-2026-Pass1-Z1-2MU00693_20260729_000549_000;0.1;2.9;27.0;Rhasp;0.09;noise;;;;
Car381009-2026-Pass1-Z1-2MU00693_20260729_000553_000;0.3;2.7;30.0;Leppun;0.94;;;;;
Car381009-2026-Pass1-Z1-2MU00693_20260729_000553_000;0.0;2.7;26.0;Phogri;0.06;noise, Plaint;;;;
Car381009-2026-Pass1-Z1-2MU00693_20260729_000558_000;0.4;2.1;33.0;Yposp;0.09;noise;;;;
Car381009-2026-Pass1-Z1-2MU00693_20260729_000558_000;0.0;1.7;38.0;Leppun;0.37;;;;;
Car381009-2026-Pass1-Z1-2MU00693_20260729_000558_000;0.3;1.9;28.0;noise;0.06;Testes, Rhasp, Antsp, Insp12;;;;
Car381009-2026-Pass1-Z1-2MU00693_20260729_000601_000;1.6;2.3;22.0;Cyrscu;0.07;Nyclei, noise;;;;
Car381009-2026-Pass1-Z1-2MU00693_20260729_000601_000;0.1;2.3;28.0;Phogri;0.15;;;;;
Car381009-2026-Pass1-Z1-2MU00693_20260729_000601_000;0.0;2.3;34.0;Testes;0.12;Yposp, Antsp;;;;
Car381009-2026-Pass1-Z1-2MU00693_20260729_000604_000;0.8;3.0;36.0;Leppun;0.35;;;;;
Car381009-2026-Pass1-Z1-2MU00693_20260729_000604_000;0.6;3.8;28.0;noise;0.13;;;;;
Car381009-2026-Pass1-Z1-2MU00693_20260729_000604_000;0.0;3.8;46.0;Pippip;0.85;;;;;
Car381009-2026-Pass1-Z1-2MU00693_20260729_000610_000;0.0;2.0;38.0;Leppun;0.98;;;;;
Car381009-2026-Pass1-Z1-2MU00693_20260729_000610_000;0.0;2.1;24.0;Phogri;0.09;noise;;;;
Car381009-2026-Pass1-Z1-2MU00693_20260729_000613_000;0.0;1.7;28.0;noise;0.32;;;;;
Car381009-2026-Pass1-Z1-2MU00693_20260729_000613_000;0.0;1.0;24.0;Phogri;0.35;;;;;
Car381009-2026-Pass1-Z1-2MU00693_20260729_000616_000;0.0;1.5;28.0;Leppun;0.91;;;;;
Car381009-2026-Pass1-Z1-2MU00693_20260729_000616_000;0.0;1.3;28.0;Phogri;0.39;;;;;
Car381009-2026-Pass1-Z1-2MU00693_20260729_000618_000;0.0;2.0;27.0;Phogri;0.18;;;;;
Car381009-2026-Pass1-Z1-2MU00693_20260729_000621_000;0.0;5.0;36.0;Leppun;0.92;;;;;
Car381009-2026-Pass1-Z1-2MU00693_20260729_000621_000;0.1;4.8;25.0;Rhasp;0.07;Phogri, noise;;;;
Car381009-2026-Pass1-Z1-2MU00693_20260729_000621_000;0.1;5.0;33.0;Testes;0.64;;;;;
Car381009-2026-Pass1-Z1-2MU00693_20260729_000627_000;0.0;1.5;44.0;Leppun;0.93;;;;;
Car381009-2026-Pass1-Z1-2MU00693_20260729_000627_000;0.3;1.6;25.0;Phogri;0.43;;;;;
Car381009-2026-Pass1-Z1-2MU00693_20260729_000629_000;0.0;1.2;36.0;Leppun;0.98;;;;;
Car381009-2026-Pass1-Z1-2MU00693_20260729_000629_000;0.1;1.6;24.0;noise;0.06;Phogri;;;;
Car381009-2026-Pass1-Z1-2MU00693_20260729_000633_000;0.8;1.9;24.0;Cyrscu;0.07;Isopyr, Rhasp;;;;
Car381009-2026-Pass1-Z1-2MU00693_20260729_000633_000;0.0;0.9;44.0;Leppun;0.96;;;;;
Car381009-2026-Pass1-Z1-2MU00693_20260729_000637_000;0.0;2.0;39.0;Leppun;0.96;;;;;
Car381009-2026-Pass1-Z1-2MU00693_20260729_000637_000;0.2;2.1;24.0;Phogri;0.1;;;;;
Car381009-2026-Pass1-Z1-2MU00693_20260729_000640_000;0.0;1.8;42.0;Leppun;0.96;;;;;
Car381009-2026-Pass1-Z1-2MU00693_20260729_000640_000;0.6;3.1;26.0;Rhasp;0.39;;;;;
Car381009-2026-Pass1-Z1-2MU00693_20260729_000645_000;0.0;2.0;38.0;Leppun;0.98;;;;;
Car381009-2026-Pass1-Z1-2MU00693_20260729_000645_000;0.0;2.0;25.0;Phogri;0.06;noise;;;;
Car381009-2026-Pass1-Z1-2MU00693_20260729_000650_000;0.0;2.5;36.0;Leppun;0.9;;;;;
Car381009-2026-Pass1-Z1-2MU00693_20260729_000650_000;0.5;3.2;24.0;noise;0.11;Phogri;;;;
Car381009-2026-Pass1-Z1-2MU00693_20260729_000650_000;0.0;3.2;34.0;Testes;0.09;Yposp, Antsp;;;;
Car381009-2026-Pass1-Z1-2MU00693_20260729_000653_000;0.0;1.9;39.0;Leppun;0.93;;;;;
Car381009-2026-Pass1-Z1-2MU00693_20260729_000653_000;0.3;1.9;23.0;Phogri;0.27;;;;;
Car381009-2026-Pass1-Z1-2MU00693_20260729_000658_000;0.0;2.0;39.0;Leppun;0.97;;;;;
Car381009-2026-Pass1-Z1-2MU00693_20260729_000658_000;0.3;2.0;28.0;noise;0.33;;;;;
Car381009-2026-Pass1-Z1-2MU00693_20260729_000658_000;0.3;2.0;27.0;Phogri;0.06;;;;;
Car381009-2026-Pass1-Z1-2MU00693_20260729_000703_000;0.0;1.2;43.0;Leppun;0.97;;;;;
Car381009-2026-Pass1-Z1-2MU00693_20260729_000703_000;0.4;1.9;24.0;noise;0.08;;;;;
Car381009-2026-Pass1-Z1-2MU00693_20260729_000703_000;0.5;2.0;26.0;Phogri;0.85;;;;;
Car381009-2026-Pass1-Z1-2MU00693_20260729_000708_000;0.0;1.2;34.0;Leppun;0.94;;;;;
Car381009-2026-Pass1-Z1-2MU00693_20260729_000708_000;0.6;1.7;27.0;Phogri;0.07;noise;;;;
Car381009-2026-Pass1-Z1-2MU00693_20260729_000713_000;0.0;0.5;30.0;Leppun;0.85;;;;;
Car381009-2026-Pass1-Z1-2MU00693_20260729_000713_000;0.0;2.0;40.0;Pipkuh;0.98;;;;;
Car381009-2026-Pass1-Z1-2MU00693_20260729_000713_000;0.5;1.9;26.0;Phogri;0.14;;;;;
Car381009-2026-Pass1-Z1-2MU00693_20260729_000716_000;0.3;4.5;39.0;Leppun;0.63;;;;;
Car381009-2026-Pass1-Z1-2MU00693_20260729_000716_000;0.0;4.9;39.0;Pipkuh;0.98;;;;;
Car381009-2026-Pass1-Z1-2MU00693_20260729_000716_000;0.3;4.7;25.0;noise;0.04;Antsp, Rhasp, Phogri, Eptser, Tetvir, Cyrscu;;;;
Car381009-2026-Pass1-Z1-2MU00693_20260729_000727_000;0.0;2.1;37.0;Leppun;0.92;;;;;
Car381009-2026-Pass1-Z1-2MU00693_20260729_000727_000;0.5;1.4;28.0;noise;0.07;Phogri;;;;
Car381009-2026-Pass1-Z1-2MU00693_20260729_000727_000;0.0;2.1;34.0;Testes;0.12;;;;;
Car381009-2026-Pass1-Z1-2MU00693_20260729_000730_000;0.0;2.6;38.0;Leppun;0.58;;;;;
Car381009-2026-Pass1-Z1-2MU00693_20260729_000730_000;0.0;2.6;23.0;noise;0.08;;;;;
Car381009-2026-Pass1-Z1-2MU00693_20260729_000730_000;0.1;2.5;26.0;Phogri;0.32;;;;;
Car381009-2026-Pass1-Z1-2MU00693_20260729_000735_000;0.0;2.5;43.0;Leppun;0.89;;;;;
Car381009-2026-Pass1-Z1-2MU00693_20260729_000735_000;0.1;3.0;27.0;noise;0.09;Rhasp;;;;
Car381009-2026-Pass1-Z1-2MU00693_20260729_000735_000;0.0;3.0;25.0;Phogri;0.29;;;;;
Car381009-2026-Pass1-Z1-2MU00693_20260729_000739_000;0.0;1.3;40.0;Leppun;0.97;;;;;
Car381009-2026-Pass1-Z1-2MU00693_20260729_000739_000;0.2;3.0;27.0;noise;0.09;;;;;
Car381009-2026-Pass1-Z1-2MU00693_20260729_000739_000;0.2;3.2;26.0;Phogri;0.32;;;;;
Car381009-2026-Pass1-Z1-2MU00693_20260729_000743_000;0.0;1.9;39.0;Leppun;0.89;;;;;
Car381009-2026-Pass1-Z1-2MU00693_20260729_000743_000;0.1;1.9;27.0;Phogri;0.3;;;;;
Car381009-2026-Pass1-Z1-2MU00693_20260729_000746_000;0.0;2.1;34.0;Leppun;0.93;;;;;
Car381009-2026-Pass1-Z1-2MU00693_20260729_000746_000;0.3;2.1;27.0;Phogri;0.42;;;;;
Car381009-2026-Pass1-Z1-2MU00693_20260729_000748_000;0.0;2.0;26.0;Leppun;0.92;;;;;
Car381009-2026-Pass1-Z1-2MU00693_20260729_000748_000;0.3;1.3;25.0;Phogri;0.77;;;;;
Car381009-2026-Pass1-Z1-2MU00693_20260729_000750_000;0.6;1.9;39.0;Leppun;0.94;;;;;
Car381009-2026-Pass1-Z1-2MU00693_20260729_000750_000;0.2;2.4;21.0;noise;0.06;Phanan, Cyrscu;;;;
Car381009-2026-Pass1-Z1-2MU00693_20260729_000750_000;0.0;2.5;26.0;Phogri;0.65;;;;;
Car381009-2026-Pass1-Z1-2MU00693_20260729_000757_000;0.0;2.0;50.0;Leppun;0.65;;;;;
Car381009-2026-Pass1-Z1-2MU00693_20260729_000757_000;0.4;3.9;22.0;noise;0.09;;;;;
Car381009-2026-Pass1-Z1-2MU00693_20260729_000757_000;0.5;3.9;27.0;Phogri;0.53;;;;;
Car381009-2026-Pass1-Z1-2MU00693_20260729_000802_000;0.0;1.4;34.0;Leppun;0.97;;;;;
Car381009-2026-Pass1-Z1-2MU00693_20260729_000802_000;0.3;1.6;23.0;noise;0.13;;;;;
Car381009-2026-Pass1-Z1-2MU00693_20260729_000805_000;0.0;2.4;41.0;Leppun;0.91;;;;;
Car381009-2026-Pass1-Z1-2MU00693_20260729_000805_000;0.1;2.1;29.0;noise;0.1;Phogri;;;;
Car381009-2026-Pass1-Z1-2MU00693_20260729_000805_000;0.1;2.4;33.0;Testes;0.14;noise;;;;
Car381009-2026-Pass1-Z1-2MU00693_20260729_000810_000;0.0;1.3;27.0;Leppun;0.97;;;;;
Car381009-2026-Pass1-Z1-2MU00693_20260729_000810_000;0.2;1.9;24.0;noise;0.11;;;;;
Car381009-2026-Pass1-Z1-2MU00693_20260729_000813_000;0.0;3.1;40.0;Leppun;0.94;;;;;
Car381009-2026-Pass1-Z1-2MU00693_20260729_000813_000;0.1;3.1;26.0;Phogri;0.08;noise;;;;
Car381009-2026-Pass1-Z1-2MU00693_20260729_000817_000;0.0;0.9;44.0;Leppun;0.61;;;;;
Car381009-2026-Pass1-Z1-2MU00693_20260729_000817_000;0.5;1.3;27.0;Antsp;0.06;Rhasp, Phogri, noise, Tetvir;;;;
Car381009-2026-Pass1-Z1-2MU00693_20260729_000822_000;0.0;3.4;34.0;Leppun;0.81;;;;;
Car381009-2026-Pass1-Z1-2MU00693_20260729_000822_000;1.3;3.4;25.0;Phogri;0.42;;;;;
Car381009-2026-Pass1-Z1-2MU00693_20260729_000822_000;0.2;3.4;25.0;noise;0.04;Tetvir, Plaint;;;;
Car381009-2026-Pass1-Z1-2MU00693_20260729_000827_000;0.3;2.5;34.0;Yposp;0.08;noise;;;;
Car381009-2026-Pass1-Z1-2MU00693_20260729_000827_000;0.0;2.0;41.0;Leppun;0.91;;;;;
Car381009-2026-Pass1-Z1-2MU00693_20260729_000827_000;0.2;2.4;26.0;Phogri;0.03;Tetvir, Plaint, Metbra, Barfis;;;;
Car381009-2026-Pass1-Z1-2MU00693_20260729_000831_000;0.0;2.0;41.0;Leppun;0.98;;;;;
Car381009-2026-Pass1-Z1-2MU00693_20260729_000831_000;0.2;1.7;25.0;Phogri;0.27;;;;;
Car381009-2026-Pass1-Z1-2MU00693_20260729_000834_000;0.0;1.4;26.0;Phogri;0.35;;;;;
Car381009-2026-Pass1-Z1-2MU00693_20260729_000836_000;0.0;2.5;41.0;Leppun;0.97;;;;;
Car381009-2026-Pass1-Z1-2MU00693_20260729_000836_000;0.0;2.5;24.0;Phogri;0.06;noise;;;;
Car381009-2026-Pass1-Z1-2MU00693_20260729_000840_000;0.1;2.9;43.0;Leppun;0.91;;;;;
Car381009-2026-Pass1-Z1-2MU00693_20260729_000840_000;0.3;3.2;24.0;Phogri;0.05;Plaint, noise;;;;
Car381009-2026-Pass1-Z1-2MU00693_20260729_000847_000;0.3;3.0;26.0;noise;0.24;;;;;
Car381009-2026-Pass1-Z1-2MU00693_20260729_000847_000;0.0;2.2;27.0;Phogri;0.06;Rhasp;;;;
Car381009-2026-Pass1-Z1-2MU00693_20260729_000853_000;0.0;2.1;37.0;Leppun;0.82;;;;;
Car381009-2026-Pass1-Z1-2MU00693_20260729_000853_000;0.1;2.0;26.0;Phogri;0.04;noise, Tetvir, Rhasp, Plaint, Metbra, Cyrscu;;;;
Car381009-2026-Pass1-Z1-2MU00693_20260729_000853_000;0.0;1.3;32.0;Testes;0.09;noise;;;;
Car381009-2026-Pass1-Z1-2MU00693_20260729_000856_000;0.0;4.7;41.0;Leppun;0.85;;;;;
Car381009-2026-Pass1-Z1-2MU00693_20260729_000856_000;0.1;4.6;26.0;Plaint;0.11;;;;;
Car381009-2026-Pass1-Z1-2MU00693_20260729_000904_000;0.0;1.5;38.0;Leppun;0.93;;;;;
Car381009-2026-Pass1-Z1-2MU00693_20260729_000904_000;0.2;2.1;25.0;Rhasp;0.17;;;;;
Car381009-2026-Pass1-Z1-2MU00693_20260729_000907_000;0.0;3.8;35.0;Leppun;0.74;;;;;
Car381009-2026-Pass1-Z1-2MU00693_20260729_000907_000;0.4;3.8;32.0;noise;0.1;Rhasp;;;;
Car381009-2026-Pass1-Z1-2MU00693_20260729_000907_000;0.3;3.7;26.0;Phogri;0.13;;;;;
Car381009-2026-Pass1-Z1-2MU00693_20260729_000911_000;0.2;2.1;35.0;Antsp;0.07;noise, Yposp;;;;
Car381009-2026-Pass1-Z1-2MU00693_20260729_000911_000;0.0;2.0;38.0;Leppun;0.91;;;;;
Car381009-2026-Pass1-Z1-2MU00693_20260729_000911_000;0.2;2.0;25.0;noise;0.07;Phogri;;;;
Car381009-2026-Pass1-Z1-2MU00693_20260729_000913_000;0.0;2.1;36.0;Leppun;0.93;;;;;
Car381009-2026-Pass1-Z1-2MU00693_20260729_000913_000;0.1;2.8;26.0;noise;0.13;;;;;
Car381009-2026-Pass1-Z1-2MU00693_20260729_000913_000;0.3;2.8;25.0;Phogri;0.06;Rhasp;;;;
Car381009-2026-Pass1-Z1-2MU00693_20260729_000917_000;0.0;1.0;33.0;Leppun;0.45;;;;;
Car381009-2026-Pass1-Z1-2MU00693_20260729_000917_000;0.1;1.0;22.0;Phanan;0.07;noise;;;;
Car381009-2026-Pass1-Z1-2MU00693_20260729_000917_000;0.6;2.1;26.0;Phogri;0.16;;;;;
Car381009-2026-Pass1-Z1-2MU00693_20260729_000921_000;0.0;3.0;38.0;Leppun;0.98;;;;;
Car381009-2026-Pass1-Z1-2MU00693_20260729_000921_000;0.1;3.4;25.0;noise;0.1;;;;;
Car381009-2026-Pass1-Z1-2MU00693_20260729_000925_000;0.0;1.7;31.0;Leppun;0.97;;;;;
Car381009-2026-Pass1-Z1-2MU00693_20260729_000925_000;0.2;1.7;25.0;Phogri;0.05;noise, Plaint;;;;
Car381009-2026-Pass1-Z1-2MU00693_20260729_000928_000;0.0;3.5;37.0;Leppun;0.78;;;;;
Car381009-2026-Pass1-Z1-2MU00693_20260729_000928_000;0.2;3.4;29.0;noise;0.15;;;;;
Car381009-2026-Pass1-Z1-2MU00693_20260729_000932_000;0.0;1.8;36.0;Leppun;0.59;;;;;
Car381009-2026-Pass1-Z1-2MU00693_20260729_000932_000;0.3;2.0;26.0;noise;0.05;Phogri, Eptser, Cyrscu;;;;
Car381009-2026-Pass1-Z1-2MU00693_20260729_000935_000;0.8;5.0;35.0;Leppun;0.2;;;;;
Car381009-2026-Pass1-Z1-2MU00693_20260729_000935_000;0.0;5.0;26.0;noise;0.14;Phogri;;;;
Car381009-2026-Pass1-Z1-2MU00693_20260729_000942_000;0.0;1.9;31.0;noise;0.08;Phogri;;;;
Car381009-2026-Pass1-Z1-2MU00693_20260729_000942_000;0.0;2.1;35.0;Testes;0.25;;;;;
Car381009-2026-Pass1-Z1-2MU00693_20260729_000945_000;0.0;3.0;42.0;Leppun;0.96;;;;;
Car381009-2026-Pass1-Z1-2MU00693_20260729_000945_000;0.2;3.0;25.0;Phogri;0.06;noise;;;;
Car381009-2026-Pass1-Z1-2MU00693_20260729_000949_000;0.0;2.0;29.0;noise;0.1;Antsp, Phogri;;;;
Car381009-2026-Pass1-Z1-2MU00693_20260729_000949_000;0.0;1.7;37.0;Testes;0.61;;;;;
Car381009-2026-Pass1-Z1-2MU00693_20260729_000951_000;0.2;3.1;38.0;Leppun;0.35;;;;;
Car381009-2026-Pass1-Z1-2MU00693_20260729_000951_000;0.0;2.5;34.0;noise;0.13;;;;;
Car381009-2026-Pass1-Z1-2MU00693_20260729_000951_000;0.0;3.1;27.0;Phogri;0.08;Rhasp;;;;
Car381009-2026-Pass1-Z1-2MU00693_20260729_000955_000;0.3;2.0;28.0;noise;0.1;Phogri;;;;
Car381009-2026-Pass1-Z1-2MU00693_20260729_000955_000;0.0;2.0;34.0;Testes;0.35;;;;;
Car381009-2026-Pass1-Z1-2MU00693_20260729_000958_000;0.0;2.0;40.0;Leppun;0.97;;;;;
Car381009-2026-Pass1-Z1-2MU00693_20260729_000958_000;0.0;2.0;27.0;noise;0.1;Phogri;;;;
Car381009-2026-Pass1-Z1-2MU00693_20260729_001001_000;0.0;0.8;40.0;Leppun;0.93;;;;;
Car381009-2026-Pass1-Z1-2MU00693_20260729_001001_000;0.0;2.0;27.0;noise;0.07;;;;;
Car381009-2026-Pass1-Z1-2MU00693_20260729_001004_000;0.1;1.6;27.0;Eptser;0.18;;;;;
Car381009-2026-Pass1-Z1-2MU00693_20260729_001004_000;0.0;2.1;40.0;Leppun;0.94;;;;;
Car381009-2026-Pass1-Z1-2MU00693_20260729_001004_000;0.7;2.1;26.0;Phogri;0.07;Rhasp;;;;
Car381009-2026-Pass1-Z1-2MU00693_20260729_001008_000;0.0;1.9;43.0;Leppun;0.98;;;;;
Car381009-2026-Pass1-Z1-2MU00693_20260729_001008_000;0.1;2.1;27.0;noise;0.12;;;;;
Car381009-2026-Pass1-Z1-2MU00693_20260729_001012_000;0.0;2.0;29.0;Leppun;0.94;;;;;
Car381009-2026-Pass1-Z1-2MU00693_20260729_001012_000;0.0;0.5;24.0;noise;0.12;;;;;
Car381009-2026-Pass1-Z1-2MU00693_20260729_001012_000;0.5;2.0;21.0;Tetvir;0.62;;;;;
Car381009-2026-Pass1-Z1-2MU00693_20260729_001014_000;0.3;4.6;38.0;Leppun;0.81;;;;;
Car381009-2026-Pass1-Z1-2MU00693_20260729_001014_000;0.0;4.9;28.0;Phogri;0.42;;;;;
Car381009-2026-Pass1-Z1-2MU00693_20260729_001014_000;0.4;3.5;34.0;noise;0.06;Testes, Antsp, Insp12;;;;
Car381009-2026-Pass1-Z1-2MU00693_20260729_001029_000;0.0;3.8;36.0;Leppun;0.81;;;;;
Car381009-2026-Pass1-Z1-2MU00693_20260729_001029_000;0.3;3.8;24.0;Phogri;0.06;Plaint, noise;;;;
Car381009-2026-Pass1-Z1-2MU00693_20260729_001034_000;0.1;4.8;41.0;Leppun;0.95;;;;;
Car381009-2026-Pass1-Z1-2MU00693_20260729_001034_000;0.0;4.9;26.0;Phogri;0.33;;;;;
Car381009-2026-Pass1-Z1-2MU00693_20260729_001034_000;4.2;4.9;42.0;Pipkuh;0.96;;;;;
Car381009-2026-Pass1-Z1-2MU00693_20260729_001047_000;0.0;3.9;37.0;Leppun;0.92;;;;;
Car381009-2026-Pass1-Z1-2MU00693_20260729_001047_000;0.2;3.9;37.0;Phogri;0.32;;;;;
Car381009-2026-Pass1-Z1-2MU00693_20260729_001047_000;0.2;3.9;24.0;noise;0.05;;;;;
Car381009-2026-Pass1-Z1-2MU00693_20260729_001052_000;0.0;3.3;36.0;Leppun;0.61;;;;;
Car381009-2026-Pass1-Z1-2MU00693_20260729_001052_000;0.0;4.6;26.0;Phogri;0.73;;;;;
Car381009-2026-Pass1-Z1-2MU00693_20260729_001101_000;0.0;0.3;41.0;Yposp;0.07;;;;;
Car381009-2026-Pass1-Z1-2MU00693_20260729_001101_000;0.0;0.9;38.0;Leppun;0.81;;;;;
Car381009-2026-Pass1-Z1-2MU00693_20260729_001101_000;0.1;1.9;25.0;noise;0.08;Phogri;;;;
Car381009-2026-Pass1-Z1-2MU00693_20260729_001104_000;0.0;5.0;40.0;Leppun;0.82;;;;;
Car381009-2026-Pass1-Z1-2MU00693_20260729_001104_000;0.4;5.0;30.0;noise;0.11;;;;;
Car381009-2026-Pass1-Z1-2MU00693_20260729_001104_000;0.4;5.0;27.0;Phogri;0.51;;;;;
Car381009-2026-Pass1-Z1-2MU00693_20260729_001112_000;0.0;1.9;28.0;noise;0.14;;;;;
Car381009-2026-Pass1-Z1-2MU00693_20260729_001112_000;0.6;2.0;24.0;Phogri;0.07;Cyrscu, Nyclei;;;;
Car381009-2026-Pass1-Z1-2MU00693_20260729_001116_000;0.0;2.1;48.0;Leppun;0.96;;;;;
Car381009-2026-Pass1-Z1-2MU00693_20260729_001116_000;0.2;2.2;25.0;noise;0.14;;;;;
Car381009-2026-Pass1-Z1-2MU00693_20260729_001120_000;0.0;2.0;26.0;noise;0.19;;;;;
Car381009-2026-Pass1-Z1-2MU00693_20260729_001124_000;0.1;4.9;41.0;Leppun;0.85;;;;;
Car381009-2026-Pass1-Z1-2MU00693_20260729_001124_000;0.0;4.9;28.0;noise;0.13;;;;;
Car381009-2026-Pass1-Z1-2MU00693_20260729_001124_000;0.0;5.0;30.0;Testes;0.16;Rhasp, noise, Antsp;;;;
Car381009-2026-Pass1-Z1-2MU00693_20260729_001131_000;0.0;3.0;34.0;Leppun;0.89;;;;;
Car381009-2026-Pass1-Z1-2MU00693_20260729_001131_000;0.0;3.6;27.0;noise;0.11;Rhasp;;;;
Car381009-2026-Pass1-Z1-2MU00693_20260729_001136_000;0.0;3.3;38.0;Leppun;0.75;;;;;
Car381009-2026-Pass1-Z1-2MU00693_20260729_001136_000;0.7;3.8;27.0;noise;0.1;Phogri;;;;
Car381009-2026-Pass1-Z1-2MU00693_20260729_001136_000;0.4;4.1;24.0;Nyclei;0.99;;;;;
Car381009-2026-Pass1-Z1-2MU00693_20260729_001141_000;0.0;2.8;42.0;Leppun;0.94;;;;;
Car381009-2026-Pass1-Z1-2MU00693_20260729_001141_000;0.2;3.0;26.0;noise;0.11;;;;;
Car381009-2026-Pass1-Z1-2MU00693_20260729_001141_000;0.5;2.8;27.0;Phogri;0.53;;;;;
Car381009-2026-Pass1-Z1-2MU00693_20260729_001146_000;0.0;1.1;43.0;Leppun;0.98;;;;;
Car381009-2026-Pass1-Z1-2MU00693_20260729_001146_000;0.5;1.9;23.0;noise;0.06;Phogri;;;;
Car381009-2026-Pass1-Z1-2MU00693_20260729_001149_000;0.0;2.1;45.0;Leppun;0.2;;;;;
Car381009-2026-Pass1-Z1-2MU00693_20260729_001149_000;0.0;2.4;28.0;noise;0.12;Phogri;;;;
Car381009-2026-Pass1-Z1-2MU00693_20260729_001153_000;0.0;4.8;38.0;Leppun;0.66;;;;;
Car381009-2026-Pass1-Z1-2MU00693_20260729_001153_000;0.1;4.6;26.0;noise;0.31;;;;;
Car381009-2026-Pass1-Z1-2MU00693_20260729_001159_000;0.0;2.3;38.0;Leppun;0.83;;;;;
Car381009-2026-Pass1-Z1-2MU00693_20260729_001159_000;0.2;2.2;24.0;Rhasp;0.06;noise, Phogri;;;;
Car381009-2026-Pass1-Z1-2MU00693_20260729_001202_000;0.0;4.4;39.0;Leppun;0.41;;;;;
Car381009-2026-Pass1-Z1-2MU00693_20260729_001202_000;0.2;4.3;25.0;noise;0.08;Phogri;;;;
Car381009-2026-Pass1-Z1-2MU00693_20260729_001207_000;0.0;1.9;32.0;Leppun;0.97;;;;;
Car381009-2026-Pass1-Z1-2MU00693_20260729_001207_000;0.0;1.7;38.0;noise;0.06;Phogri, Tetvir;;;;
Car381009-2026-Pass1-Z1-2MU00693_20260729_001207_000;0.2;2.0;24.0;Phogri;0.06;;;;;
Car381009-2026-Pass1-Z1-2MU00693_20260729_001209_000;0.0;4.6;38.0;Leppun;0.96;;;;;
Car381009-2026-Pass1-Z1-2MU00693_20260729_001209_000;0.0;4.5;24.0;Phogri;0.79;;;;;
Car381009-2026-Pass1-Z1-2MU00693_20260729_001216_000;0.0;3.1;39.0;Leppun;0.85;;;;;
Car381009-2026-Pass1-Z1-2MU00693_20260729_001216_000;0.0;2.5;27.0;Phogri;0.14;noise;;;;
Car381009-2026-Pass1-Z1-2MU00693_20260729_001216_000;0.0;2.6;32.0;noise;0.06;Antsp, Testes, Insp12;;;;
Car381009-2026-Pass1-Z1-2MU00693_20260729_001221_000;0.0;1.7;50.0;Leppun;0.97;;;;;
Car381009-2026-Pass1-Z1-2MU00693_20260729_001221_000;0.3;1.7;25.0;Phogri;0.05;noise;;;;
Car381009-2026-Pass1-Z1-2MU00693_20260729_001224_000;0.0;4.4;40.0;Leppun;0.62;;;;;
Car381009-2026-Pass1-Z1-2MU00693_20260729_001224_000;0.0;4.6;32.0;noise;0.14;;;;;
Car381009-2026-Pass1-Z1-2MU00693_20260729_001224_000;0.0;5.0;24.0;Phogri;0.12;;;;;
Car381009-2026-Pass1-Z1-2MU00693_20260729_001232_000;0.0;4.1;36.0;Leppun;0.74;;;;;
Car381009-2026-Pass1-Z1-2MU00693_20260729_001232_000;1.5;4.8;29.0;Phogri;0.11;noise;;;;
Car381009-2026-Pass1-Z1-2MU00693_20260729_001232_000;0.5;4.7;26.0;Rhasp;0.12;;;;;
Car381009-2026-Pass1-Z1-2MU00693_20260729_001237_000;0.0;4.4;39.0;Leppun;0.94;;;;;
Car381009-2026-Pass1-Z1-2MU00693_20260729_001237_000;0.5;4.4;25.0;noise;0.27;;;;;
Car381009-2026-Pass1-Z1-2MU00693_20260729_001237_000;0.6;3.2;24.0;Phogri;0.07;Plaint;;;;
Car381009-2026-Pass1-Z1-2MU00693_20260729_001243_000;1.0;3.7;42.0;Leppun;0.21;;;;;
Car381009-2026-Pass1-Z1-2MU00693_20260729_001243_000;0.2;5.0;31.0;noise;0.19;Rhasp;;;;
Car381009-2026-Pass1-Z1-2MU00693_20260729_001243_000;0.0;4.9;38.0;Pipnat;0.63;Pipkuh;;;;
Car381009-2026-Pass1-Z1-2MU00693_20260729_001252_000;0.0;1.9;30.0;Leppun;0.92;;;;;
Car381009-2026-Pass1-Z1-2MU00693_20260729_001252_000;0.3;1.9;25.0;Isopyr;0.3;;;;;
Car381009-2026-Pass1-Z1-2MU00693_20260729_001252_000;0.1;2.0;13.0;Tetvir;0.74;;;;;
Car381009-2026-Pass1-Z1-2MU00693_20260729_001255_000;0.0;2.8;40.0;Leppun;0.98;;;;;
Car381009-2026-Pass1-Z1-2MU00693_20260729_001255_000;0.2;3.2;25.0;noise;0.23;;;;;
Car381009-2026-Pass1-Z1-2MU00693_20260729_001258_000;0.0;3.3;37.0;Leppun;0.86;;;;;
Car381009-2026-Pass1-Z1-2MU00693_20260729_001258_000;0.3;2.6;19.0;noise;0.09;Phogri;;;;
Car381009-2026-Pass1-Z1-2MU00693_20260729_001258_000;0.1;3.1;23.0;Phogri;0.05;Rhasp;;;;
Car381009-2026-Pass1-Z1-2MU00693_20260729_001303_000;0.0;3.5;41.0;Leppun;0.92;;;;;
Car381009-2026-Pass1-Z1-2MU00693_20260729_001303_000;0.3;3.5;28.0;noise;0.19;;;;;
Car381009-2026-Pass1-Z1-2MU00693_20260729_001309_000;0.0;3.1;38.0;Leppun;0.77;;;;;
Car381009-2026-Pass1-Z1-2MU00693_20260729_001309_000;0.4;4.2;32.0;noise;0.15;Phogri;;;;
Car381009-2026-Pass1-Z1-2MU00693_20260729_001309_000;0.0;3.6;39.0;Pipkuh;0.35;;;;;
Car381009-2026-Pass1-Z1-2MU00693_20260729_001309_000;0.1;4.1;25.0;Tetvir;0.03;Plaint, Phogri, Rhasp;;;;
Car381009-2026-Pass1-Z1-2MU00693_20260729_001313_000;0.0;1.4;47.0;Leppun;0.84;;;;;
Car381009-2026-Pass1-Z1-2MU00693_20260729_001313_000;0.0;1.1;19.0;noise;0.16;;;;;
Car381009-2026-Pass1-Z1-2MU00693_20260729_001313_000;0.0;1.8;26.0;Plaint;0.03;Phogri, Tetvir, Rhasp;;;;
Car381009-2026-Pass1-Z1-2MU00693_20260729_001316_000;0.0;1.0;44.0;Leppun;0.97;;;;;
Car381009-2026-Pass1-Z1-2MU00693_20260729_001316_000;0.4;2.0;14.0;noise;0.13;;;;;
Car381009-2026-Pass1-Z1-2MU00693_20260729_001316_000;0.3;1.3;24.0;Phogri;0.04;Cyrscu, Tetvir, Plaint;;;;
Car381009-2026-Pass1-Z1-2MU00693_20260729_001319_000;0.0;4.4;40.0;Leppun;0.45;;;;;
Car381009-2026-Pass1-Z1-2MU00693_20260729_001319_000;0.0;5.0;25.0;Phogri;0.56;;;;;
Car381009-2026-Pass1-Z1-2MU00693_20260729_001327_000;0.0;2.1;35.0;Leppun;0.9;;;;;
Car381009-2026-Pass1-Z1-2MU00693_20260729_001327_000;0.0;2.1;34.0;noise;0.26;;;;;
Car381009-2026-Pass1-Z1-2MU00693_20260729_001331_000;0.0;2.2;33.0;Leppun;0.95;;;;;
Car381009-2026-Pass1-Z1-2MU00693_20260729_001331_000;0.0;2.6;24.0;noise;0.09;Phogri;;;;
Car381009-2026-Pass1-Z1-2MU00693_20260729_001337_000;0.0;1.3;33.0;Leppun;0.51;;;;;
Car381009-2026-Pass1-Z1-2MU00693_20260729_001337_000;0.2;1.8;24.0;noise;0.09;Phogri;;;;
Car381009-2026-Pass1-Z1-2MU00693_20260729_001341_000;0.0;1.6;34.0;Leppun;0.93;;;;;
Car381009-2026-Pass1-Z1-2MU00693_20260729_001341_000;0.1;1.9;16.0;noise;0.14;;;;;
Car381009-2026-Pass1-Z1-2MU00693_20260729_001341_000;0.4;1.5;23.0;Phogri;0.09;;;;;
Car381009-2026-Pass1-Z1-2MU00693_20260729_001345_000;0.0;4.4;40.0;Leppun;0.6;;;;;
Car381009-2026-Pass1-Z1-2MU00693_20260729_001345_000;0.0;4.9;25.0;noise;0.07;Phogri, Rhasp;;;;
Car381009-2026-Pass1-Z1-2MU00693_20260729_001350_000;0.0;2.2;50.0;Leppun;0.49;;;;;
Car381009-2026-Pass1-Z1-2MU00693_20260729_001350_000;0.0;2.2;24.0;noise;0.13;;;;;
Car381009-2026-Pass1-Z1-2MU00693_20260729_001355_000;0.0;1.3;41.0;Leppun;0.8;;;;;
Car381009-2026-Pass1-Z1-2MU00693_20260729_001355_000;0.0;2.0;22.0;Phogri;0.31;;;;;
Car381009-2026-Pass1-Z1-2MU00693_20260729_001355_000;1.7;2.1;43.0;Pipkuh;0.98;;;;;
Car381009-2026-Pass1-Z1-2MU00693_20260729_001358_000;0.1;5.0;31.0;Leppun;0.5;;;;;
Car381009-2026-Pass1-Z1-2MU00693_20260729_001358_000;0.1;5.0;27.0;noise;0.12;Phogri;;;;
Car381009-2026-Pass1-Z1-2MU00693_20260729_001358_000;0.0;5.0;42.0;Pipkuh;0.99;;;;;
Car381009-2026-Pass1-Z1-2MU00693_20260729_001358_000;1.5;4.9;26.0;Plaint;0.04;Phogri, Tetvir;;;;
Car381009-2026-Pass1-Z1-2MU00693_20260729_001405_000;0.0;1.6;27.0;Leppun;0.13;;;;;
Car381009-2026-Pass1-Z1-2MU00693_20260729_001405_000;0.0;2.4;33.0;noise;0.19;;;;;
Car381009-2026-Pass1-Z1-2MU00693_20260729_001409_000;0.0;2.1;36.0;Leppun;0.81;;;;;
Car381009-2026-Pass1-Z1-2MU00693_20260729_001409_000;0.0;2.1;25.0;noise;0.09;;;;;
Car381009-2026-Pass1-Z1-2MU00693_20260729_001409_000;0.0;2.0;27.0;Phogri;0.76;;;;;
Car381009-2026-Pass1-Z1-2MU00693_20260729_001412_000;0.0;4.8;36.0;Leppun;0.88;;;;;
Car381009-2026-Pass1-Z1-2MU00693_20260729_001412_000;0.0;5.0;28.0;noise;0.24;;;;;
Car381009-2026-Pass1-Z1-2MU00693_20260729_001419_000;0.0;3.4;39.0;Leppun;0.56;;;;;
Car381009-2026-Pass1-Z1-2MU00693_20260729_001419_000;0.0;3.9;21.0;noise;0.2;;;;;
Car381009-2026-Pass1-Z1-2MU00693_20260729_001423_000;0.0;3.2;36.0;Leppun;0.95;;;;;
Car381009-2026-Pass1-Z1-2MU00693_20260729_001423_000;0.0;3.5;26.0;noise;0.07;Tetvir;;;;
Car381009-2026-Pass1-Z1-2MU00693_20260729_001423_000;0.0;3.2;23.0;Phogri;0.44;;;;;
Car381009-2026-Pass1-Z1-2MU00693_20260729_001427_000;0.0;1.8;32.0;noise;0.14;;;;;
Car381009-2026-Pass1-Z1-2MU00693_20260729_001427_000;0.0;2.1;26.0;Phogri;0.69;;;;;
Car381009-2026-Pass1-Z1-2MU00693_20260729_001432_000;0.3;2.2;37.0;Leppun;0.65;;;;;
Car381009-2026-Pass1-Z1-2MU00693_20260729_001432_000;0.2;3.1;13.0;noise;0.11;;;;;
Car381009-2026-Pass1-Z1-2MU00693_20260729_001432_000;0.2;3.2;23.0;Nyclei;0.1;;;;;
Car381009-2026-Pass1-Z1-2MU00693_20260729_001432_000;0.0;3.1;26.0;Phogri;0.08;;;;;
Car381009-2026-Pass1-Z1-2MU00693_20260729_001436_000;0.0;1.5;36.0;Leppun;0.98;;;;;
Car381009-2026-Pass1-Z1-2MU00693_20260729_001436_000;0.0;1.9;21.0;noise;0.28;;;;;
Car381009-2026-Pass1-Z1-2MU00693_20260729_001440_000;0.0;4.1;40.0;Leppun;0.97;;;;;
Car381009-2026-Pass1-Z1-2MU00693_20260729_001440_000;0.1;4.8;22.0;Phanan;0.16;;;;;
Car381009-2026-Pass1-Z1-2MU00693_20260729_001440_000;0.1;4.8;26.0;Phogri;0.05;noise, Plaint;;;;
Car381009-2026-Pass1-Z1-2MU00693_20260729_001447_000;0.0;3.4;40.0;Leppun;0.92;;;;;
Car381009-2026-Pass1-Z1-2MU00693_20260729_001447_000;0.2;3.4;27.0;noise;0.19;;;;;
Car381009-2026-Pass1-Z1-2MU00693_20260729_001451_000;0.0;1.6;31.0;noise;0.12;Phogri;;;;
Car381009-2026-Pass1-Z1-2MU00693_20260729_001451_000;0.3;0.5;35.0;Testes;0.09;;;;;
Car381009-2026-Pass1-Z1-2MU00693_20260729_001453_000;0.2;1.7;25.0;Isopyr;0.62;;;;;
Car381009-2026-Pass1-Z1-2MU00693_20260729_001453_000;0.0;1.7;29.0;Leppun;0.95;;;;;
Car381009-2026-Pass1-Z1-2MU00693_20260729_001453_000;0.0;1.9;22.0;noise;0.08;Phogri;;;;
Car381009-2026-Pass1-Z1-2MU00693_20260729_001457_000;0.0;1.7;32.0;Leppun;0.47;;;;;
Car381009-2026-Pass1-Z1-2MU00693_20260729_001457_000;0.3;2.0;23.0;Phogri;0.05;Rhasp, noise;;;;
Car381009-2026-Pass1-Z1-2MU00693_20260729_001502_000;0.0;3.2;32.0;Leppun;0.22;;;;;
Car381009-2026-Pass1-Z1-2MU00693_20260729_001502_000;0.0;4.0;24.0;noise;0.06;Phogri, Plaint;;;;
Car381009-2026-Pass1-Z1-2MU00693_20260729_001502_000;1.0;2.9;29.0;Testes;0.2;;;;;
Car381009-2026-Pass1-Z1-2MU00693_20260729_001507_000;0.0;0.5;55.0;Leppun;0.98;;;;;
Car381009-2026-Pass1-Z1-2MU00693_20260729_001507_000;0.0;1.9;23.0;Rhasp;0.05;Phogri, noise, Antsp;;;;
Car381009-2026-Pass1-Z1-2MU00693_20260729_001510_000;0.0;1.3;41.0;Leppun;0.47;;;;;
Car381009-2026-Pass1-Z1-2MU00693_20260729_001510_000;0.2;2.6;22.0;Plaalb;0.03;Phogri, Isopyr, Antsp, Tetvir, noise;;;;
Car381009-2026-Pass1-Z1-2MU00693_20260729_001513_000;0.0;2.9;36.0;Leppun;0.49;;;;;
Car381009-2026-Pass1-Z1-2MU00693_20260729_001513_000;0.2;2.4;28.0;noise;0.1;Phogri;;;;
Car381009-2026-Pass1-Z1-2MU00693_20260729_001513_000;1.3;2.6;29.0;Testes;0.32;;;;;
Car381009-2026-Pass1-Z1-2MU00693_20260729_001518_000;0.0;2.0;36.0;Leppun;0.95;;;;;
Car381009-2026-Pass1-Z1-2MU00693_20260729_001518_000;0.1;2.9;24.0;Isopyr;0.06;Cyrscu, Phogri, noise;;;;
Car381009-2026-Pass1-Z1-2MU00693_20260729_001523_000;0.1;2.5;52.0;Leppun;0.95;;;;;
Car381009-2026-Pass1-Z1-2MU00693_20260729_001523_000;0.0;2.5;28.0;noise;0.08;;;;;
Car381009-2026-Pass1-Z1-2MU00693_20260729_001523_000;0.0;2.6;24.0;Phogri;0.38;;;;;
Car381009-2026-Pass1-Z1-2MU00693_20260729_001529_000;0.0;0.7;25.0;Leppun;0.59;;;;;
Car381009-2026-Pass1-Z1-2MU00693_20260729_001529_000;1.2;2.0;18.0;noise;0.12;;;;;
Car381009-2026-Pass1-Z1-2MU00693_20260729_001529_000;0.0;2.0;22.0;Plaalb;0.06;Phogri;;;;
Car381009-2026-Pass1-Z1-2MU00693_20260729_001533_000;0.0;2.1;34.0;Leppun;0.97;;;;;
Car381009-2026-Pass1-Z1-2MU00693_20260729_001533_000;0.4;2.1;22.0;Phogri;0.04;Plaalb, noise, Tetvir, Plaint, Pippip;;;;
Car381009-2026-Pass1-Z1-2MU00693_20260729_001540_000;0.1;2.6;39.0;Leppun;0.33;;;;;
Car381009-2026-Pass1-Z1-2MU00693_20260729_001540_000;0.1;2.6;27.0;noise;0.06;Phogri, Tetvir;;;;
Car381009-2026-Pass1-Z1-2MU00693_20260729_001545_000;0.0;1.9;36.0;Leppun;0.29;;;;;
Car381009-2026-Pass1-Z1-2MU00693_20260729_001545_000;0.1;1.5;22.0;Phogri;0.19;;;;;
Car381009-2026-Pass1-Z1-2MU00693_20260729_001550_000;0.0;1.9;34.0;Leppun;0.34;;;;;
Car381009-2026-Pass1-Z1-2MU00693_20260729_001550_000;0.0;1.9;29.0;noise;0.1;Phogri;;;;
Car381009-2026-Pass1-Z1-2MU00693_20260729_001553_000;0.0;2.1;26.0;Phogri;0.68;;;;;
Car381009-2026-Pass1-Z1-2MU00693_20260729_001602_000;0.0;1.8;37.0;Leppun;0.69;;;;;
Car381009-2026-Pass1-Z1-2MU00693_20260729_001602_000;0.0;1.9;26.0;noise;0.13;;;;;
Car381009-2026-Pass1-Z1-2MU00693_20260729_001606_000;0.0;1.9;39.0;Leppun;0.96;;;;;
Car381009-2026-Pass1-Z1-2MU00693_20260729_001606_000;0.2;2.0;24.0;Phogri;0.33;;;;;
Car381009-2026-Pass1-Z1-2MU00693_20260729_001606_000;0.5;2.0;33.0;Testes;0.27;;;;;
Car381009-2026-Pass1-Z1-2MU00693_20260729_001611_000;0.0;2.0;38.0;Leppun;0.93;;;;;
Car381009-2026-Pass1-Z1-2MU00693_20260729_001611_000;0.4;2.1;23.0;noise;0.07;Phogri;;;;
Car381009-2026-Pass1-Z1-2MU00693_20260729_001615_000;0.0;3.1;41.0;Leppun;0.26;;;;;
Car381009-2026-Pass1-Z1-2MU00693_20260729_001615_000;0.6;3.3;24.0;Nyclei;0.06;noise, Cyrscu;;;;
Car381009-2026-Pass1-Z1-2MU00693_20260729_001615_000;0.0;3.9;26.0;Phogri;0.37;;;;;
Car381009-2026-Pass1-Z1-2MU00693_20260729_001621_000;0.0;1.9;42.0;Leppun;0.43;;;;;
Car381009-2026-Pass1-Z1-2MU00693_20260729_001621_000;0.3;1.9;26.0;noise;0.04;Plaint, Phogri, Tetvir;;;;
Car381009-2026-Pass1-Z1-2MU00693_20260729_001625_000;0.0;2.8;38.0;Leppun;0.48;;;;;
Car381009-2026-Pass1-Z1-2MU00693_20260729_001625_000;0.0;3.5;27.0;Phogri;0.72;;;;;
Car381009-2026-Pass1-Z1-2MU00693_20260729_001631_000;0.0;2.1;39.0;Leppun;0.86;;;;;
Car381009-2026-Pass1-Z1-2MU00693_20260729_001631_000;0.2;1.9;35.0;noise;0.18;;;;;
Car381009-2026-Pass1-Z1-2MU00693_20260729_001637_000;0.0;0.5;44.0;Leppun;0.97;;;;;
Car381009-2026-Pass1-Z1-2MU00693_20260729_001637_000;0.4;2.1;27.0;noise;0.11;Phogri;;;;
Car381009-2026-Pass1-Z1-2MU00693_20260729_001644_000;0.0;1.2;35.0;noise;0.05;Phogri;;;;
Car381009-2026-Pass1-Z1-2MU00693_20260729_001644_000;0.0;1.2;42.0;Tetvir;0.04;Leppun, Phogri, Yposp, Pippip;;;;
Car381009-2026-Pass1-Z1-2MU00693_20260729_001655_000;0.0;1.4;36.0;Leppun;0.87;;;;;
Car381009-2026-Pass1-Z1-2MU00693_20260729_001655_000;1.3;1.9;50.0;Pippip;0.98;;;;;
Car381009-2026-Pass1-Z1-2MU00693_20260729_001655_000;0.6;1.3;26.0;Phogri;0.07;noise;;;;
Car381009-2026-Pass1-Z1-2MU00693_20260729_001657_000;0.0;5.0;28.0;noise;0.09;Phogri;;;;
Car381009-2026-Pass1-Z1-2MU00693_20260729_001657_000;0.0;5.0;57.0;Pippip;0.99;;;;;
Car381009-2026-Pass1-Z1-2MU00693_20260729_001657_000;0.0;3.8;33.0;Testes;0.14;Antsp, noise;;;;
Car381009-2026-Pass1-Z1-2MU00693_20260729_001705_000;0.0;1.4;40.0;Leppun;0.89;;;;;
Car381009-2026-Pass1-Z1-2MU00693_20260729_001705_000;0.4;2.1;26.0;Phogri;0.14;;;;;
Car381009-2026-Pass1-Z1-2MU00693_20260729_001709_000;0.0;1.9;34.0;Leppun;0.93;;;;;
Car381009-2026-Pass1-Z1-2MU00693_20260729_001709_000;0.4;1.7;23.0;noise;0.15;;;;;
Car381009-2026-Pass1-Z1-2MU00693_20260729_001712_000;0.0;2.0;40.0;Leppun;0.97;;;;;
Car381009-2026-Pass1-Z1-2MU00693_20260729_001712_000;0.3;2.0;25.0;Phogri;0.04;noise, Tetvir, Pippip;;;;
Car381009-2026-Pass1-Z1-2MU00693_20260729_001715_000;0.0;3.5;47.0;Leppun;0.95;;;;;
Car381009-2026-Pass1-Z1-2MU00693_20260729_001715_000;0.6;3.5;34.0;noise;0.18;;;;;
Car381009-2026-Pass1-Z1-2MU00693_20260729_001721_000;0.0;2.6;41.0;Leppun;0.96;;;;;
Car381009-2026-Pass1-Z1-2MU00693_20260729_001721_000;0.0;2.6;25.0;Phogri;0.08;noise;;;;
Car381009-2026-Pass1-Z1-2MU00693_20260729_001726_000;0.0;2.0;33.0;Leppun;0.98;;;;;
Car381009-2026-Pass1-Z1-2MU00693_20260729_001726_000;0.4;1.1;25.0;Phogri;0.05;noise;;;;
Car381009-2026-Pass1-Z1-2MU00693_20260729_001728_000;0.0;2.3;36.0;Leppun;0.75;;;;;
Car381009-2026-Pass1-Z1-2MU00693_20260729_001728_000;0.3;3.0;30.0;Phogri;0.72;;;;;
Car381009-2026-Pass1-Z1-2MU00693_20260729_001733_000;0.0;0.9;39.0;Leppun;0.9;;;;;
Car381009-2026-Pass1-Z1-2MU00693_20260729_001733_000;0.8;2.0;47.0;Pippip;0.97;;;;;
Car381009-2026-Pass1-Z1-2MU00693_20260729_001733_000;0.7;1.6;27.0;noise;0.06;Phogri;;;;
Car381009-2026-Pass1-Z1-2MU00693_20260729_001738_000;0.0;1.3;48.0;Leppun;0.97;;;;;
Car381009-2026-Pass1-Z1-2MU00693_20260729_001738_000;0.3;1.3;26.0;noise;0.14;;;;;
Car381009-2026-Pass1-Z1-2MU00693_20260729_001741_000;0.0;0.9;40.0;Leppun;0.98;;;;;
Car381009-2026-Pass1-Z1-2MU00693_20260729_001741_000;0.3;2.2;24.0;noise;0.05;Phogri;;;;
Car381009-2026-Pass1-Z1-2MU00693_20260729_001745_000;0.0;1.6;41.0;Leppun;0.97;;;;;
Car381009-2026-Pass1-Z1-2MU00693_20260729_001745_000;0.3;2.2;26.0;Phogri;0.07;Rhasp, noise;;;;
Car381009-2026-Pass1-Z1-2MU00693_20260729_001751_000;0.0;2.0;38.0;Leppun;0.38;;;;;
Car381009-2026-Pass1-Z1-2MU00693_20260729_001751_000;0.0;1.6;27.0;noise;0.13;;;;;
Car381009-2026-Pass1-Z1-2MU00693_20260729_001755_000;0.0;2.0;39.0;Leppun;0.97;;;;;
Car381009-2026-Pass1-Z1-2MU00693_20260729_001755_000;0.0;2.0;27.0;Rhasp;0.11;;;;;
Car381009-2026-Pass1-Z1-2MU00693_20260729_001759_000;0.0;3.5;38.0;Leppun;0.89;;;;;
Car381009-2026-Pass1-Z1-2MU00693_20260729_001759_000;0.4;3.5;27.0;Phogri;0.36;;;;;
Car381009-2026-Pass1-Z1-2MU00693_20260729_001803_000;0.0;2.2;38.0;Leppun;0.23;;;;;
Car381009-2026-Pass1-Z1-2MU00693_20260729_001803_000;0.5;2.1;30.0;Phogri;0.04;noise, Tetvir, Rhasp, Plaint;;;;
Car381009-2026-Pass1-Z1-2MU00693_20260729_001806_000;0.0;1.0;48.0;Leppun;0.97;;;;;
Car381009-2026-Pass1-Z1-2MU00693_20260729_001806_000;0.7;2.0;47.0;Pippip;0.99;;;;;
Car381009-2026-Pass1-Z1-2MU00693_20260729_001806_000;0.4;2.0;24.0;Tetvir;0.1;Phogri;;;;
Car381009-2026-Pass1-Z1-2MU00693_20260729_001809_000;0.0;4.7;36.0;Leppun;0.38;;;;;
Car381009-2026-Pass1-Z1-2MU00693_20260729_001809_000;0.0;4.9;28.0;noise;0.13;;;;;
Car381009-2026-Pass1-Z1-2MU00693_20260729_001809_000;0.0;5.0;52.0;Pippip;0.99;;;;;
Car381009-2026-Pass1-Z1-2MU00693_20260729_001818_000;0.0;2.0;42.0;Leppun;0.58;;;;;
Car381009-2026-Pass1-Z1-2MU00693_20260729_001818_000;0.0;1.9;27.0;Phogri;0.04;noise, Metbra, Tetvir, Rhasp, Plaint, Barfis;;;;
Car381009-2026-Pass1-Z1-2MU00693_20260729_001818_000;0.0;2.1;38.0;Testes;0.23;;;;;
Car381009-2026-Pass1-Z1-2MU00693_20260729_001822_000;0.0;1.9;45.0;Leppun;0.56;;;;;
Car381009-2026-Pass1-Z1-2MU00693_20260729_001822_000;0.1;1.9;25.0;noise;0.07;Phogri;;;;
Car381009-2026-Pass1-Z1-2MU00693_20260729_001826_000;0.0;1.2;45.0;Leppun;0.89;;;;;
Car381009-2026-Pass1-Z1-2MU00693_20260729_001826_000;0.6;1.9;24.0;Phogri;0.23;;;;;
Car381009-2026-Pass1-Z1-2MU00693_20260729_001832_000;0.5;1.3;26.0;Phogri;0.04;Plaint, Tetvir;;;;
Car381009-2026-Pass1-Z1-2MU00693_20260729_001832_000;0.0;1.3;32.0;noise;0.07;Testes, Antsp;;;;
Car381009-2026-Pass1-Z1-2MU00693_20260729_001836_000;0.0;1.5;41.0;Leppun;0.74;;;;;
Car381009-2026-Pass1-Z1-2MU00693_20260729_001836_000;0.3;1.5;27.0;Phogri;0.25;;;;;
Car381009-2026-Pass1-Z1-2MU00693_20260729_001839_000;0.0;3.5;38.0;Leppun;0.14;;;;;
Car381009-2026-Pass1-Z1-2MU00693_20260729_001839_000;0.0;3.5;27.0;noise;0.09;Phogri;;;;
Car381009-2026-Pass1-Z1-2MU00693_20260729_001847_000;0.0;1.5;40.0;Leppun;0.44;;;;;
Car381009-2026-Pass1-Z1-2MU00693_20260729_001847_000;0.5;1.7;26.0;Phogri;0.07;noise;;;;
Car381009-2026-Pass1-Z1-2MU00693_20260729_001854_000;0.0;1.1;45.0;Leppun;0.94;;;;;
Car381009-2026-Pass1-Z1-2MU00693_20260729_001854_000;0.2;1.1;23.0;noise;0.09;;;;;
Car381009-2026-Pass1-Z1-2MU00693_20260729_001900_000;0.0;2.1;36.0;Leppun;0.17;;;;;
Car381009-2026-Pass1-Z1-2MU00693_20260729_001900_000;0.6;1.3;33.0;noise;0.12;;;;;
Car381009-2026-Pass1-Z1-2MU00693_20260729_001900_000;0.3;1.2;26.0;Phogri;0.03;Tetvir, Rhasp, Plaint;;;;
Car381009-2026-Pass1-Z1-2MU00693_20260729_001902_000;0.0;1.4;27.0;Phogri;0.43;;;;;
Car381009-2026-Pass1-Z1-2MU00693_20260729_001905_000;0.0;1.9;45.0;Leppun;0.77;;;;;
Car381009-2026-Pass1-Z1-2MU00693_20260729_001905_000;0.3;1.9;26.0;Phogri;0.06;Cyrscu, noise;;;;
Car381009-2026-Pass1-Z1-2MU00693_20260729_001911_000;0.0;2.0;45.0;Leppun;0.4;;;;;
Car381009-2026-Pass1-Z1-2MU00693_20260729_001911_000;0.4;2.1;25.0;Phogri;0.19;;;;;
Car381009-2026-Pass1-Z1-2MU00693_20260729_001915_000;0.0;2.2;48.0;Leppun;0.95;;;;;
Car381009-2026-Pass1-Z1-2MU00693_20260729_001915_000;0.1;2.6;28.0;noise;0.13;Phogri;;;;
Car381009-2026-Pass1-Z1-2MU00693_20260729_001920_000;0.0;3.0;46.0;Leppun;0.94;;;;;
Car381009-2026-Pass1-Z1-2MU00693_20260729_001920_000;0.5;3.5;27.0;Rhasp;0.43;;;;;
Car381009-2026-Pass1-Z1-2MU00693_20260729_001924_000;0.0;2.5;45.0;Leppun;0.76;;;;;
Car381009-2026-Pass1-Z1-2MU00693_20260729_001924_000;0.2;3.1;27.0;Phogri;0.29;;;;;
Car381009-2026-Pass1-Z1-2MU00693_20260729_001924_000;0.2;3.2;26.0;Plaint;0.03;noise, Tetvir, Rhasp;;;;
Car381009-2026-Pass1-Z1-2MU00693_20260729_001929_000;0.0;1.8;38.0;Leppun;0.94;;;;;
Car381009-2026-Pass1-Z1-2MU00693_20260729_001929_000;0.2;2.0;25.0;noise;0.12;;;;;
Car381009-2026-Pass1-Z1-2MU00693_20260729_001933_000;0.0;1.2;40.0;Leppun;0.44;;;;;
Car381009-2026-Pass1-Z1-2MU00693_20260729_001933_000;0.5;1.2;24.0;noise;0.03;Tetvir, Plaint, Phogri, Eptser;;;;
Car381009-2026-Pass1-Z1-2MU00693_20260729_001937_000;0.0;1.6;42.0;Leppun;0.8;;;;;
Car381009-2026-Pass1-Z1-2MU00693_20260729_001937_000;0.5;2.6;59.0;Pippip;0.96;;;;;
Car381009-2026-Pass1-Z1-2MU00693_20260729_001937_000;0.1;2.2;26.0;noise;0.06;Phogri;;;;
Car381009-2026-Pass1-Z1-2MU00693_20260729_001940_000;0.5;4.8;26.0;noise;0.22;;;;;
Car381009-2026-Pass1-Z1-2MU00693_20260729_001940_000;0.0;4.9;48.0;Pippip;0.99;;;;;
Car381009-2026-Pass1-Z1-2MU00693_20260729_001945_000;0.0;1.3;35.0;Leppun;0.45;;;;;
Car381009-2026-Pass1-Z1-2MU00693_20260729_001945_000;0.0;1.6;46.0;Pippip;0.99;;;;;
Car381009-2026-Pass1-Z1-2MU00693_20260729_001945_000;0.4;1.3;35.0;Testes;0.16;;;;;
Car381009-2026-Pass1-Z1-2MU00693_20260729_001950_000;0.0;0.6;46.0;Leppun;0.46;;;;;
Car381009-2026-Pass1-Z1-2MU00693_20260729_001950_000;0.0;1.8;24.0;Phogri;0.57;;;;;
Car381009-2026-Pass1-Z1-2MU00693_20260729_001954_000;0.0;2.0;43.0;Leppun;0.59;;;;;
Car381009-2026-Pass1-Z1-2MU00693_20260729_001954_000;0.4;2.3;29.0;noise;0.13;;;;;
Car381009-2026-Pass1-Z1-2MU00693_20260729_002000_000;0.9;3.3;52.0;Leppun;0.75;;;;;
Car381009-2026-Pass1-Z1-2MU00693_20260729_002000_000;0.0;3.2;28.0;noise;0.17;;;;;
Car381009-2026-Pass1-Z1-2MU00693_20260729_002005_000;0.4;2.0;35.0;noise;0.26;;;;;
Car381009-2026-Pass1-Z1-2MU00693_20260729_002008_000;0.0;1.5;51.0;Leppun;0.33;;;;;
Car381009-2026-Pass1-Z1-2MU00693_20260729_002008_000;0.3;1.6;27.0;Phogri;0.61;;;;;
Car381009-2026-Pass1-Z1-2MU00693_20260729_002011_000;0.0;1.7;34.0;noise;0.24;;;;;
Car381009-2026-Pass1-Z1-2MU00693_20260729_002011_000;1.2;1.7;26.0;Phogri;0.05;;;;;
Car381009-2026-Pass1-Z1-2MU00693_20260729_002013_000;0.0;1.1;40.0;Leppun;0.19;;;;;
Car381009-2026-Pass1-Z1-2MU00693_20260729_002013_000;0.0;1.0;50.0;noise;0.26;;;;;
Car381009-2026-Pass1-Z1-2MU00693_20260729_002013_000;0.3;2.0;23.0;Tetvir;0.61;;;;;
Car381009-2026-Pass1-Z1-2MU00693_20260729_002019_000;0.0;0.9;51.0;Leppun;0.8;;;;;
Car381009-2026-Pass1-Z1-2MU00693_20260729_002019_000;0.1;1.5;26.0;Phogri;0.38;;;;;
Car381009-2026-Pass1-Z1-2MU00693_20260729_002022_000;0.0;0.9;40.0;Leppun;0.84;;;;;
Car381009-2026-Pass1-Z1-2MU00693_20260729_002022_000;0.5;2.1;24.0;Phogri;0.54;;;;;
Car381009-2026-Pass1-Z1-2MU00693_20260729_002026_000;1.0;3.4;23.0;Cyrscu;0.06;noise, Phogri, Isopyr;;;;
Car381009-2026-Pass1-Z1-2MU00693_20260729_002026_000;0.0;3.7;41.0;Leppun;0.86;;;;;
Car381009-2026-Pass1-Z1-2MU00693_20260729_002034_000;0.0;2.6;47.0;Leppun;0.81;;;;;
Car381009-2026-Pass1-Z1-2MU00693_20260729_002034_000;0.0;2.6;26.0;Phogri;0.84;;;;;
Car381009-2026-Pass1-Z1-2MU00693_20260729_002038_000;0.0;2.2;42.0;Leppun;0.87;;;;;
Car381009-2026-Pass1-Z1-2MU00693_20260729_002038_000;0.7;1.9;25.0;Phogri;0.05;Rhasp, noise;;;;
Car381009-2026-Pass1-Z1-2MU00693_20260729_002043_000;0.0;2.1;43.0;Leppun;0.89;;;;;
Car381009-2026-Pass1-Z1-2MU00693_20260729_002043_000;0.2;3.1;26.0;noise;0.17;Phogri;;;;
Car381009-2026-Pass1-Z1-2MU00693_20260729_002049_000;0.0;3.4;44.0;Leppun;0.8;;;;;
Car381009-2026-Pass1-Z1-2MU00693_20260729_002049_000;0.2;3.6;26.0;Phogri;0.5;;;;;
Car381009-2026-Pass1-Z1-2MU00693_20260729_002053_000;0.0;3.6;42.0;Leppun;0.81;;;;;
Car381009-2026-Pass1-Z1-2MU00693_20260729_002053_000;0.1;4.0;26.0;noise;0.15;;;;;
Car381009-2026-Pass1-Z1-2MU00693_20260729_002058_000;0.5;4.0;48.0;Leppun;0.87;;;;;
Car381009-2026-Pass1-Z1-2MU00693_20260729_002058_000;0.0;4.8;26.0;Phogri;0.81;;;;;
Car381009-2026-Pass1-Z1-2MU00693_20260729_002104_000;0.0;1.3;32.0;Leppun;0.44;;;;;
Car381009-2026-Pass1-Z1-2MU00693_20260729_002104_000;0.7;2.1;42.0;Myodau;0.96;;;;;
Car381009-2026-Pass1-Z1-2MU00693_20260729_002104_000;0.6;1.0;32.0;noise;0.13;;;;;
Car381009-2026-Pass1-Z1-2MU00693_20260729_002104_000;0.3;1.8;27.0;Phogri;0.04;Tetvir, Rhasp, Plaint;;;;
Car381009-2026-Pass1-Z1-2MU00693_20260729_002107_000;0.0;4.7;41.0;Leppun;0.97;;;;;
Car381009-2026-Pass1-Z1-2MU00693_20260729_002107_000;0.1;4.5;43.0;Myodau;0.96;;;;;
Car381009-2026-Pass1-Z1-2MU00693_20260729_002107_000;0.7;4.6;26.0;noise;0.12;;;;;
Car381009-2026-Pass1-Z1-2MU00693_20260729_002113_000;0.0;2.0;34.0;Leppun;0.94;;;;;
Car381009-2026-Pass1-Z1-2MU00693_20260729_002113_000;0.5;1.9;25.0;Rhasp;0.39;;;;;
Car381009-2026-Pass1-Z1-2MU00693_20260729_002115_000;0.0;0.6;40.0;Leppun;0.85;;;;;
Car381009-2026-Pass1-Z1-2MU00693_20260729_002115_000;0.0;1.6;24.0;Phogri;0.05;noise, Tetvir;;;;
Car381009-2026-Pass1-Z1-2MU00693_20260729_002118_000;0.0;3.1;41.0;Leppun;0.69;;;;;
Car381009-2026-Pass1-Z1-2MU00693_20260729_002118_000;0.4;3.0;25.0;Phogri;0.65;;;;;
Car381009-2026-Pass1-Z1-2MU00693_20260729_002122_000;0.0;3.6;33.0;Leppun;0.23;;;;;
Car381009-2026-Pass1-Z1-2MU00693_20260729_002122_000;0.0;3.2;27.0;noise;0.12;;;;;
Car381009-2026-Pass1-Z1-2MU00693_20260729_002127_000;0.0;1.7;33.0;Leppun;0.57;;;;;
Car381009-2026-Pass1-Z1-2MU00693_20260729_002127_000;1.5;1.7;10.0;Tetvir;0.74;;;;;
Car381009-2026-Pass1-Z1-2MU00693_20260729_002129_000;0.0;1.9;31.0;Leppun;0.91;;;;;
Car381009-2026-Pass1-Z1-2MU00693_20260729_002129_000;0.7;1.9;24.0;Phogri;0.45;;;;;
Car381009-2026-Pass1-Z1-2MU00693_20260729_002135_000;0.0;4.6;38.0;Leppun;0.9;;;;;
Car381009-2026-Pass1-Z1-2MU00693_20260729_002135_000;0.3;4.6;28.0;noise;0.15;;;;;
Car381009-2026-Pass1-Z1-2MU00693_20260729_002135_000;0.7;4.6;25.0;Phogri;0.84;;;;;
Car381009-2026-Pass1-Z1-2MU00693_20260729_002141_000;0.0;1.7;49.0;Leppun;0.91;;;;;
Car381009-2026-Pass1-Z1-2MU00693_20260729_002141_000;0.0;1.7;25.0;Phogri;0.32;;;;;
Car381009-2026-Pass1-Z1-2MU00693_20260729_002145_000;0.0;3.2;51.0;Leppun;0.89;;;;;
Car381009-2026-Pass1-Z1-2MU00693_20260729_002145_000;0.9;3.2;27.0;Phogri;0.63;;;;;
Car381009-2026-Pass1-Z1-2MU00693_20260729_002149_000;0.0;3.5;38.0;Leppun;0.5;;;;;
Car381009-2026-Pass1-Z1-2MU00693_20260729_002149_000;0.1;3.8;26.0;Phogri;0.43;;;;;
Car381009-2026-Pass1-Z1-2MU00693_20260729_002153_000;0.0;4.9;40.0;Leppun;0.91;;;;;
Car381009-2026-Pass1-Z1-2MU00693_20260729_002153_000;0.6;4.9;48.0;Phogri;0.29;;;;;
Car381009-2026-Pass1-Z1-2MU00693_20260729_002153_000;0.6;4.9;27.0;Testes;0.31;;;;;
Car381009-2026-Pass1-Z1-2MU00693_20260729_002203_000;0.0;0.1;40.0;Leppun;0.97;;;;;
Car381009-2026-Pass1-Z1-2MU00693_20260729_002203_000;0.8;1.9;24.0;Phogri;0.25;;;;;
Car381009-2026-Pass1-Z1-2MU00693_20260729_002203_000;0.8;1.9;24.0;noise;0.05;;;;;
Car381009-2026-Pass1-Z1-2MU00693_20260729_002210_000;0.0;1.7;51.0;Leppun;0.97;;;;;
Car381009-2026-Pass1-Z1-2MU00693_20260729_002210_000;0.0;2.6;26.0;noise;0.14;;;;;
Car381009-2026-Pass1-Z1-2MU00693_20260729_002210_000;0.2;2.6;26.0;Rhasp;0.06;Phogri, Barfis;;;;
Car381009-2026-Pass1-Z1-2MU00693_20260729_002216_000;0.0;3.2;34.0;Leppun;0.9;;;;;
Car381009-2026-Pass1-Z1-2MU00693_20260729_002216_000;0.4;2.6;24.0;Phogri;0.11;noise;;;;
Car381009-2026-Pass1-Z1-2MU00693_20260729_002223_000;0.1;1.5;23.0;Barfis;0.69;;;;;
Car381009-2026-Pass1-Z1-2MU00693_20260729_002223_000;0.0;0.8;40.0;Leppun;0.94;;;;;
Car381009-2026-Pass1-Z1-2MU00693_20260729_002223_000;0.2;1.1;25.0;Phogri;0.07;noise;;;;
Car381009-2026-Pass1-Z1-2MU00693_20260729_002227_000;0.0;2.1;42.0;Leppun;0.59;;;;;
Car381009-2026-Pass1-Z1-2MU00693_20260729_002227_000;0.5;2.0;25.0;Phogri;0.11;;;;;
Car381009-2026-Pass1-Z1-2MU00693_20260729_002229_000;0.0;1.8;28.0;noise;0.13;;;;;
Car381009-2026-Pass1-Z1-2MU00693_20260729_002229_000;0.2;1.6;25.0;Phogri;0.05;Rhasp;;;;
Car381009-2026-Pass1-Z1-2MU00693_20260729_002234_000;0.0;2.4;31.0;noise;0.06;Rhasp, Phogri, Antsp;;;;
Car381009-2026-Pass1-Z1-2MU00693_20260729_002234_000;0.0;1.8;36.0;Leppun;0.39;;;;;
Car381009-2026-Pass1-Z1-2MU00693_20260729_002240_000;0.2;2.7;35.0;Leppun;0.28;;;;;
Car381009-2026-Pass1-Z1-2MU00693_20260729_002240_000;0.0;2.7;26.0;Phogri;0.36;;;;;
Car381009-2026-Pass1-Z1-2MU00693_20260729_002244_000;0.0;5.0;29.0;noise;0.22;;;;;
Car381009-2026-Pass1-Z1-2MU00693_20260729_002244_000;0.0;5.0;27.0;Phogri;0.67;;;;;
Car381009-2026-Pass1-Z1-2MU00693_20260729_002253_000;0.1;1.9;27.0;Phogri;0.57;;;;;
Car381009-2026-Pass1-Z1-2MU00693_20260729_002253_000;0.1;1.9;34.0;Testes;0.25;;;;;
Car381009-2026-Pass1-Z1-2MU00693_20260729_002255_000;0.0;2.7;33.0;Leppun;0.83;;;;;
Car381009-2026-Pass1-Z1-2MU00693_20260729_002255_000;0.2;3.0;25.0;noise;0.12;;;;;
Car381009-2026-Pass1-Z1-2MU00693_20260729_002255_000;0.3;2.3;27.0;Phogri;0.64;;;;;
Car381009-2026-Pass1-Z1-2MU00693_20260729_002259_000;0.0;2.0;50.0;Leppun;0.9;;;;;
Car381009-2026-Pass1-Z1-2MU00693_20260729_002259_000;0.8;0.9;23.0;Nyclei;0.07;;;;;
Car381009-2026-Pass1-Z1-2MU00693_20260729_002259_000;0.1;2.1;26.0;Rhasp;0.44;;;;;
Car381009-2026-Pass1-Z1-2MU00693_20260729_002303_000;0.0;2.0;40.0;Leppun;0.93;;;;;
Car381009-2026-Pass1-Z1-2MU00693_20260729_002303_000;0.0;2.0;27.0;noise;0.05;Cyrscu;;;;
Car381009-2026-Pass1-Z1-2MU00693_20260729_002307_000;0.0;4.9;48.0;Leppun;0.9;;;;;
Car381009-2026-Pass1-Z1-2MU00693_20260729_002307_000;0.2;5.0;25.0;Phogri;0.09;noise;;;;
Car381009-2026-Pass1-Z1-2MU00693_20260729_002315_000;0.0;0.6;37.0;Leppun;0.61;;;;;
Car381009-2026-Pass1-Z1-2MU00693_20260729_002315_000;0.0;3.2;26.0;Phogri;0.55;;;;;
Car381009-2026-Pass1-Z1-2MU00693_20260729_002319_000;0.0;4.5;48.0;Leppun;0.51;;;;;
Car381009-2026-Pass1-Z1-2MU00693_20260729_002319_000;0.6;4.7;28.0;noise;0.1;Phogri;;;;
Car381009-2026-Pass1-Z1-2MU00693_20260729_002319_000;0.5;4.7;25.0;Phogri;0.06;Phanan;;;;
Car381009-2026-Pass1-Z1-2MU00693_20260729_002325_000;0.2;4.9;35.0;Leppun;0.83;;;;;
Car381009-2026-Pass1-Z1-2MU00693_20260729_002325_000;0.2;4.8;27.0;Phogri;0.65;;;;;
Car381009-2026-Pass1-Z1-2MU00693_20260729_002325_000;0.3;4.7;26.0;Rhasp;0.54;;;;;
Car381009-2026-Pass1-Z1-2MU00693_20260729_002332_000;0.0;2.0;35.0;Leppun;0.53;;;;;
Car381009-2026-Pass1-Z1-2MU00693_20260729_002332_000;0.0;2.1;30.0;noise;0.1;;;;;
Car381009-2026-Pass1-Z1-2MU00693_20260729_002337_000;0.0;2.3;36.0;Leppun;0.23;;;;;
Car381009-2026-Pass1-Z1-2MU00693_20260729_002337_000;0.0;2.0;25.0;noise;0.1;Phogri;;;;
Car381009-2026-Pass1-Z1-2MU00693_20260729_002340_000;0.0;1.8;27.0;Phogri;0.21;;;;;
Car381009-2026-Pass1-Z1-2MU00693_20260729_002340_000;1.0;1.4;25.0;noise;0.05;;;;;
Car381009-2026-Pass1-Z1-2MU00693_20260729_002344_000;0.0;1.4;56.0;Leppun;0.55;;;;;
Car381009-2026-Pass1-Z1-2MU00693_20260729_002344_000;0.0;1.7;26.0;Phogri;0.52;;;;;
Car381009-2026-Pass1-Z1-2MU00693_20260729_002348_000;0.5;4.7;26.0;Rhasp;0.16;;;;;
Car381009-2026-Pass1-Z1-2MU00693_20260729_002348_000;1.8;5.0;33.0;Testes;0.2;;;;;
Car381009-2026-Pass1-Z1-2MU00693_20260729_002356_000;0.0;0.1;53.0;Leppun;0.22;;;;;
Car381009-2026-Pass1-Z1-2MU00693_20260729_002356_000;0.0;2.0;28.0;noise;0.25;;;;;
Car381009-2026-Pass1-Z1-2MU00693_20260729_002359_000;0.0;3.0;26.0;Rhasp;0.07;Cyrscu;;;;
Car381009-2026-Pass1-Z1-2MU00693_20260729_002359_000;0.6;3.0;30.0;Phogri;0.53;;;;;
Car381009-2026-Pass1-Z1-2MU00693_20260729_002407_000;0.0;4.7;35.0;Leppun;0.14;;;;;
Car381009-2026-Pass1-Z1-2MU00693_20260729_002407_000;0.0;3.8;28.0;Phogri;0.36;;;;;
Car381009-2026-Pass1-Z1-2MU00693_20260729_002413_000;0.0;2.1;39.0;Leppun;0.92;;;;;
Car381009-2026-Pass1-Z1-2MU00693_20260729_002413_000;0.3;2.1;26.0;noise;0.17;;;;;
Car381009-2026-Pass1-Z1-2MU00693_20260729_002413_000;0.0;0.1;24.0;Nyclei;0.76;;;;;
Car381009-2026-Pass1-Z1-2MU00693_20260729_002423_000;0.0;3.8;26.0;Phogri;0.2;;;;;
Car381009-2026-Pass1-Z1-2MU00693_20260729_002423_000;0.0;3.9;34.0;Testes;0.09;noise, Antsp;;;;
Car381009-2026-Pass1-Z1-2MU00693_20260729_002427_000;0.1;3.4;38.0;Leppun;0.39;;;;;
Car381009-2026-Pass1-Z1-2MU00693_20260729_002427_000;0.0;3.4;25.0;noise;0.11;Phogri;;;;
Car381009-2026-Pass1-Z1-2MU00693_20260729_002427_000;0.1;2.1;33.0;Testes;0.56;;;;;
Car381009-2026-Pass1-Z1-2MU00693_20260729_002433_000;0.0;1.3;49.0;Leppun;0.89;;;;;
Car381009-2026-Pass1-Z1-2MU00693_20260729_002433_000;0.0;1.9;26.0;Phogri;0.55;;;;;
Car381009-2026-Pass1-Z1-2MU00693_20260729_002438_000;0.0;1.3;66.0;Leppun;0.95;;;;;
Car381009-2026-Pass1-Z1-2MU00693_20260729_002438_000;0.1;1.9;24.0;Phogri;0.07;noise;;;;
Car381009-2026-Pass1-Z1-2MU00693_20260729_002441_000;0.0;2.1;35.0;Leppun;0.68;;;;;
Car381009-2026-Pass1-Z1-2MU00693_20260729_002441_000;0.0;1.6;26.0;Phogri;0.34;;;;;
Car381009-2026-Pass1-Z1-2MU00693_20260729_002443_000;0.3;2.1;34.0;Yposp;0.12;;;;;
Car381009-2026-Pass1-Z1-2MU00693_20260729_002443_000;0.0;2.1;36.0;Leppun;0.16;Yposp;;;;
Car381009-2026-Pass1-Z1-2MU00693_20260729_002448_000;0.0;1.5;38.0;Leppun;0.87;;;;;
Car381009-2026-Pass1-Z1-2MU00693_20260729_002448_000;0.0;2.1;26.0;Phogri;0.67;;;;;
Car381009-2026-Pass1-Z1-2MU00693_20260729_002452_000;0.0;1.6;49.0;Leppun;0.81;;;;;
Car381009-2026-Pass1-Z1-2MU00693_20260729_002452_000;0.0;2.8;24.0;Phogri;0.08;noise;;;;
Car381009-2026-Pass1-Z1-2MU00693_20260729_002456_000;0.0;2.9;56.0;Leppun;0.86;;;;;
Car381009-2026-Pass1-Z1-2MU00693_20260729_002456_000;0.6;3.1;28.0;noise;0.26;;;;;
Car381009-2026-Pass1-Z1-2MU00693_20260729_002456_000;0.9;2.5;24.0;Phogri;0.1;;;;;
Car381009-2026-Pass1-Z1-2MU00693_20260729_002501_000;0.0;3.9;37.0;Leppun;0.91;;;;;
Car381009-2026-Pass1-Z1-2MU00693_20260729_002501_000;0.0;3.9;32.0;noise;0.07;Phogri;;;;
Car381009-2026-Pass1-Z1-2MU00693_20260729_002501_000;0.0;2.0;34.0;Yposp;0.06;Testes;;;;
Car381009-2026-Pass1-Z1-2MU00693_20260729_002507_000;0.0;1.5;35.0;Leppun;0.89;;;;;
Car381009-2026-Pass1-Z1-2MU00693_20260729_002507_000;0.0;1.9;27.0;noise;0.08;Phogri;;;;
Car381009-2026-Pass1-Z1-2MU00693_20260729_002507_000;0.0;1.9;32.0;Testes;0.15;;;;;
Car381009-2026-Pass1-Z1-2MU00693_20260729_002509_000;0.0;2.9;44.0;Leppun;0.85;;;;;
Car381009-2026-Pass1-Z1-2MU00693_20260729_002509_000;0.4;2.9;25.0;Phogri;0.61;;;;;
Car381009-2026-Pass1-Z1-2MU00693_20260729_002514_000;0.0;4.4;35.0;Leppun;0.8;;;;;
Car381009-2026-Pass1-Z1-2MU00693_20260729_002514_000;0.8;4.3;26.0;Phogri;0.49;;;;;
Car381009-2026-Pass1-Z1-2MU00693_20260729_002519_000;0.0;1.6;33.0;Leppun;0.82;;;;;
Car381009-2026-Pass1-Z1-2MU00693_20260729_002519_000;0.0;1.7;34.0;Yposp;0.08;noise, Antsp;;;;
Car381009-2026-Pass1-Z1-2MU00693_20260729_002522_000;0.0;0.1;66.0;Leppun;0.29;;;;;
Car381009-2026-Pass1-Z1-2MU00693_20260729_002522_000;0.3;3.2;27.0;Rhasp;0.14;noise;;;;
Car381009-2026-Pass1-Z1-2MU00693_20260729_002522_000;0.0;3.4;32.0;Testes;0.38;;;;;
Car381009-2026-Pass1-Z1-2MU00693_20260729_002527_000;0.0;2.8;44.0;Leppun;0.92;;;;;
Car381009-2026-Pass1-Z1-2MU00693_20260729_002527_000;0.0;2.9;26.0;noise;0.06;Phogri, Plaint;;;;
Car381009-2026-Pass1-Z1-2MU00693_20260729_002533_000;0.0;3.1;43.0;Leppun;0.93;;;;;
Car381009-2026-Pass1-Z1-2MU00693_20260729_002533_000;0.1;3.0;28.0;Phogri;0.42;;;;;
Car381009-2026-Pass1-Z1-2MU00693_20260729_002537_000;0.0;2.8;34.0;Yposp;0.12;;;;;
Car381009-2026-Pass1-Z1-2MU00693_20260729_002537_000;0.0;2.8;37.0;Leppun;0.16;Yposp;;;;
Car381009-2026-Pass1-Z1-2MU00693_20260729_002542_000;0.0;1.7;39.0;Leppun;0.35;;;;;
Car381009-2026-Pass1-Z1-2MU00693_20260729_002542_000;0.3;3.0;26.0;Rhasp;0.26;Antsp;;;;
Car381009-2026-Pass1-Z1-2MU00693_20260729_002542_000;0.0;1.6;32.0;Testes;0.1;Antsp, noise;;;;
Car381009-2026-Pass1-Z1-2MU00693_20260729_002548_000;0.0;3.4;44.0;Leppun;0.92;;;;;
Car381009-2026-Pass1-Z1-2MU00693_20260729_002548_000;0.7;3.3;26.0;Pippip;0.1;noise;;;;
Car381009-2026-Pass1-Z1-2MU00693_20260729_002553_000;0.0;1.9;34.0;Leppun;0.29;;;;;
Car381009-2026-Pass1-Z1-2MU00693_20260729_002553_000;0.6;1.6;22.0;noise;0.04;Cyrscu, Phanan, Tetvir, Pippip, Insp11;;;;
Car381009-2026-Pass1-Z1-2MU00693_20260729_002553_000;0.4;1.6;26.0;Phogri;0.59;;;;;
Car381009-2026-Pass1-Z1-2MU00693_20260729_002557_000;0.0;2.6;43.0;Leppun;0.29;;;;;
Car381009-2026-Pass1-Z1-2MU00693_20260729_002557_000;0.1;2.4;37.0;noise;0.1;Phogri;;;;
Car381009-2026-Pass1-Z1-2MU00693_20260729_002557_000;0.0;2.6;34.0;Testes;0.34;;;;;
Car381009-2026-Pass1-Z1-2MU00693_20260729_002602_000;0.0;2.9;40.0;Leppun;0.94;;;;;
Car381009-2026-Pass1-Z1-2MU00693_20260729_002602_000;0.6;2.9;25.0;Phogri;0.08;noise;;;;
Car381009-2026-Pass1-Z1-2MU00693_20260729_002608_000;0.0;2.1;39.0;Leppun;0.97;;;;;
Car381009-2026-Pass1-Z1-2MU00693_20260729_002608_000;0.3;1.9;23.0;Phogri;0.04;noise, Tetvir, Plaint;;;;
Car381009-2026-Pass1-Z1-2MU00693_20260729_002613_000;0.0;2.1;34.0;Leppun;0.82;;;;;
Car381009-2026-Pass1-Z1-2MU00693_20260729_002613_000;1.1;1.8;26.0;noise;0.08;Phogri;;;;
Car381009-2026-Pass1-Z1-2MU00693_20260729_002616_000;0.0;1.8;34.0;Leppun;0.82;;;;;
Car381009-2026-Pass1-Z1-2MU00693_20260729_002616_000;0.0;2.1;33.0;Yposp;0.11;;;;;
Car381009-2026-Pass1-Z1-2MU00693_20260729_002619_000;0.0;4.5;35.0;Leppun;0.34;;;;;
Car381009-2026-Pass1-Z1-2MU00693_20260729_002619_000;0.8;3.3;36.0;noise;0.18;;;;;
Car381009-2026-Pass1-Z1-2MU00693_20260729_002619_000;0.3;4.9;25.0;Plaint;0.05;Phogri;;;;
Car381009-2026-Pass1-Z1-2MU00693_20260729_002619_000;0.3;5.0;32.0;Testes;0.24;;;;;
Car381009-2026-Pass1-Z1-2MU00693_20260729_002624_000;0.0;2.0;31.0;Leppun;0.19;;;;;
Car381009-2026-Pass1-Z1-2MU00693_20260729_002624_000;0.2;2.0;25.0;Rhasp;0.08;noise;;;;
Car381009-2026-Pass1-Z1-2MU00693_20260729_002627_000;0.0;2.1;35.0;Leppun;0.67;;;;;
Car381009-2026-Pass1-Z1-2MU00693_20260729_002627_000;0.2;2.1;24.0;Phogri;0.07;;;;;
Car381009-2026-Pass1-Z1-2MU00693_20260729_002629_000;0.0;1.8;31.0;Leppun;0.75;;;;;
Car381009-2026-Pass1-Z1-2MU00693_20260729_002629_000;0.2;1.7;21.0;noise;0.06;Phogri;;;;
Car381009-2026-Pass1-Z1-2MU00693_20260729_002633_000;0.0;2.1;34.0;Yposp;0.11;;;;;
Car381009-2026-Pass1-Z1-2MU00693_20260729_002633_000;0.0;1.5;35.0;Leppun;0.18;Yposp;;;;
Car381009-2026-Pass1-Z1-2MU00693_20260729_002639_000;0.0;2.0;39.0;Leppun;0.86;;;;;
Car381009-2026-Pass1-Z1-2MU00693_20260729_002639_000;0.2;2.1;27.0;noise;0.11;;;;;
Car381009-2026-Pass1-Z1-2MU00693_20260729_002642_000;0.0;1.8;38.0;Leppun;0.13;;;;;
Car381009-2026-Pass1-Z1-2MU00693_20260729_002642_000;0.1;1.9;32.0;Testes;0.08;Antsp, noise;;;;
Car381009-2026-Pass1-Z1-2MU00693_20260729_002645_000;0.0;1.1;39.0;Leppun;0.92;;;;;
Car381009-2026-Pass1-Z1-2MU00693_20260729_002645_000;0.2;1.8;25.0;noise;0.11;;;;;
Car381009-2026-Pass1-Z1-2MU00693_20260729_002645_000;0.3;1.0;39.0;Pipkuh;0.47;;;;;
Car381009-2026-Pass1-Z1-2MU00693_20260729_002648_000;0.0;1.6;35.0;Leppun;0.37;;;;;
Car381009-2026-Pass1-Z1-2MU00693_20260729_002648_000;0.8;1.6;26.0;noise;0.06;Phogri;;;;
Car381009-2026-Pass1-Z1-2MU00693_20260729_002648_000;1.5;1.6;25.0;Nyclei;0.5;;;;;
Car381009-2026-Pass1-Z1-2MU00693_20260729_002650_000;0.0;1.9;35.0;Yerray;0.13;Leppun, Yposp;;;;
Car381009-2026-Pass1-Z1-2MU00693_20260729_002650_000;0.1;2.0;24.0;noise;0.05;Phogri;;;;
Car381009-2026-Pass1-Z1-2MU00693_20260729_002650_000;0.0;1.9;35.0;Yposp;0.07;noise;;;;
Car381009-2026-Pass1-Z1-2MU00693_20260729_002655_000;0.0;3.0;47.0;Leppun;0.94;;;;;
Car381009-2026-Pass1-Z1-2MU00693_20260729_002655_000;1.4;3.1;52.0;Pippip;0.97;;;;;
Car381009-2026-Pass1-Z1-2MU00693_20260729_002655_000;0.1;3.6;24.0;Phogri;0.04;noise, Rhasp, Tetvir, Plaint, Barfis;;;;
Car381009-2026-Pass1-Z1-2MU00693_20260729_002700_000;0.0;3.6;42.0;Leppun;0.92;;;;;
Car381009-2026-Pass1-Z1-2MU00693_20260729_002700_000;0.5;3.7;27.0;noise;0.11;;;;;
Car381009-2026-Pass1-Z1-2MU00693_20260729_002700_000;1.5;3.7;33.0;Testes;0.33;;;;;
Car381009-2026-Pass1-Z1-2MU00693_20260729_002706_000;0.0;1.8;42.0;Leppun;0.97;;;;;
Car381009-2026-Pass1-Z1-2MU00693_20260729_002706_000;0.1;1.8;25.0;Phogri;0.05;noise, Tetvir, Plaint;;;;
Car381009-2026-Pass1-Z1-2MU00693_20260729_002709_000;0.0;2.1;35.0;Leppun;0.15;;;;;
Car381009-2026-Pass1-Z1-2MU00693_20260729_002709_000;0.1;1.7;24.0;Phogri;0.04;noise, Tetvir, Rhasp, Plaint;;;;
Car381009-2026-Pass1-Z1-2MU00693_20260729_002715_000;0.0;1.9;39.0;Leppun;0.74;;;;;
Car381009-2026-Pass1-Z1-2MU00693_20260729_002715_000;0.1;2.0;23.0;noise;0.04;Rhasp, Phogri, Tetvir, Plaint, Cyrscu;;;;
Car381009-2026-Pass1-Z1-2MU00693_20260729_002718_000;0.0;1.1;38.0;Leppun;0.93;;;;;
Car381009-2026-Pass1-Z1-2MU00693_20260729_002718_000;0.6;0.9;24.0;Phogri;0.11;;;;;
Car381009-2026-Pass1-Z1-2MU00693_20260729_002723_000;0.0;1.9;39.0;Leppun;0.75;;;;;
Car381009-2026-Pass1-Z1-2MU00693_20260729_002723_000;0.7;1.9;24.0;noise;0.05;Plaint;;;;
Car381009-2026-Pass1-Z1-2MU00693_20260729_002723_000;0.2;2.0;32.0;Testes;0.09;noise;;;;
Car381009-2026-Pass1-Z1-2MU00693_20260729_002728_000;0.0;1.6;30.0;Leppun;0.83;;;;;
Car381009-2026-Pass1-Z1-2MU00693_20260729_002728_000;0.3;2.0;18.0;noise;0.15;;;;;
Car381009-2026-Pass1-Z1-2MU00693_20260729_002728_000;0.4;2.0;24.0;Phogri;0.06;;;;;
Car381009-2026-Pass1-Z1-2MU00693_20260729_002732_000;0.0;1.3;38.0;Leppun;0.96;;;;;
Car381009-2026-Pass1-Z1-2MU00693_20260729_002732_000;1.9;2.0;25.0;Nyclei;0.11;;;;;
Car381009-2026-Pass1-Z1-2MU00693_20260729_002732_000;0.1;1.0;24.0;Phogri;0.05;noise;;;;
Car381009-2026-Pass1-Z1-2MU00693_20260729_002736_000;0.8;3.9;34.0;Antsp;0.18;;;;;
Car381009-2026-Pass1-Z1-2MU00693_20260729_002736_000;0.0;3.9;34.0;Leppun;0.36;;;;;
Car381009-2026-Pass1-Z1-2MU00693_20260729_002736_000;0.3;3.9;33.0;noise;0.18;;;;;
Car381009-2026-Pass1-Z1-2MU00693_20260729_002736_000;0.2;3.7;25.0;Phogri;0.06;Plaint;;;;
Car381009-2026-Pass1-Z1-2MU00693_20260729_002742_000;0.0;1.9;38.0;Leppun;0.92;;;;;
Car381009-2026-Pass1-Z1-2MU00693_20260729_002742_000;0.5;2.0;27.0;noise;0.12;;;;;
Car381009-2026-Pass1-Z1-2MU00693_20260729_002747_000;0.0;2.0;35.0;Leppun;0.87;;;;;
Car381009-2026-Pass1-Z1-2MU00693_20260729_002747_000;0.3;2.0;25.0;noise;0.09;;;;;
Car381009-2026-Pass1-Z1-2MU00693_20260729_002747_000;0.1;1.9;29.0;Testes;0.22;;;;;
Car381009-2026-Pass1-Z1-2MU00693_20260729_002751_000;0.1;1.8;24.0;Isopyr;0.96;;;;;
Car381009-2026-Pass1-Z1-2MU00693_20260729_002751_000;0.0;1.9;32.0;Leppun;0.97;;;;;
Car381009-2026-Pass1-Z1-2MU00693_20260729_002751_000;0.0;2.0;25.0;noise;0.22;;;;;
Car381009-2026-Pass1-Z1-2MU00693_20260729_002756_000;0.1;2.0;33.0;Yposp;0.14;;;;;
Car381009-2026-Pass1-Z1-2MU00693_20260729_002756_000;0.0;1.6;35.0;Leppun;0.31;;;;;
Car381009-2026-Pass1-Z1-2MU00693_20260729_002756_000;0.0;1.8;23.0;Phogri;0.04;noise, Plaint, Tetvir;;;;
Car381009-2026-Pass1-Z1-2MU00693_20260729_002759_000;0.0;2.8;41.0;Leppun;0.96;;;;;
Car381009-2026-Pass1-Z1-2MU00693_20260729_002759_000;0.0;3.7;24.0;noise;0.1;Phogri;;;;
Car381009-2026-Pass1-Z1-2MU00693_20260729_002805_000;0.0;2.0;37.0;Leppun;0.86;;;;;
Car381009-2026-Pass1-Z1-2MU00693_20260729_002805_000;0.2;2.0;33.0;noise;0.07;Testes, Antsp, Insp12;;;;
Car381009-2026-Pass1-Z1-2MU00693_20260729_002807_000;0.0;1.4;34.0;Leppun;0.54;;;;;
Car381009-2026-Pass1-Z1-2MU00693_20260729_002807_000;0.3;1.8;26.0;noise;0.11;;;;;
Car381009-2026-Pass1-Z1-2MU00693_20260729_002807_000;0.0;1.5;30.0;Testes;0.12;;;;;
Car381009-2026-Pass1-Z1-2MU00693_20260729_002811_000;0.0;1.0;38.0;Leppun;0.97;;;;;
Car381009-2026-Pass1-Z1-2MU00693_20260729_002811_000;0.5;2.0;26.0;Phogri;0.05;Plaint, noise;;;;
Car381009-2026-Pass1-Z1-2MU00693_20260729_002814_000;0.0;1.9;33.0;Leppun;0.55;;;;;
Car381009-2026-Pass1-Z1-2MU00693_20260729_002814_000;0.3;1.9;25.0;noise;0.04;Phogri, Tetvir, Cyrscu;;;;
Car381009-2026-Pass1-Z1-2MU00693_20260729_002817_000;0.0;1.9;34.0;Leppun;0.86;;;;;
Car381009-2026-Pass1-Z1-2MU00693_20260729_002817_000;0.5;2.0;24.0;noise;0.04;Plaint, Phogri, Tetvir;;;;
Car381009-2026-Pass1-Z1-2MU00693_20260729_002817_000;0.0;1.7;34.0;Roeroe;0.12;Yposp;;;;
Car381009-2026-Pass1-Z1-2MU00693_20260729_002820_000;0.0;1.9;44.0;Leppun;0.97;;;;;
Car381009-2026-Pass1-Z1-2MU00693_20260729_002820_000;0.1;1.4;25.0;noise;0.12;;;;;
Car381009-2026-Pass1-Z1-2MU00693_20260729_002824_000;0.0;3.6;36.0;Leppun;0.75;;;;;
Car381009-2026-Pass1-Z1-2MU00693_20260729_002824_000;0.0;3.6;29.0;noise;0.11;;;;;
Car381009-2026-Pass1-Z1-2MU00693_20260729_002824_000;1.1;3.6;31.0;Testes;0.08;Antsp, Insp12;;;;
Car381009-2026-Pass1-Z1-2MU00693_20260729_002829_000;0.0;1.0;37.0;Leppun;0.07;noise;;;;
Car381009-2026-Pass1-Z1-2MU00693_20260729_002829_000;0.0;1.8;27.0;Phogri;0.05;noise;;;;
Car381009-2026-Pass1-Z1-2MU00693_20260729_002832_000;0.0;2.0;35.0;Leppun;0.33;;;;;
Car381009-2026-Pass1-Z1-2MU00693_20260729_002832_000;0.0;1.4;22.0;noise;0.1;;;;;
Car381009-2026-Pass1-Z1-2MU00693_20260729_002835_000;0.2;2.9;34.0;Yposp;0.17;;;;;
Car381009-2026-Pass1-Z1-2MU00693_20260729_002835_000;0.1;2.9;28.0;noise;0.07;;;;;
Car381009-2026-Pass1-Z1-2MU00693_20260729_002835_000;0.0;2.8;34.0;Testes;0.06;Antsp;;;;
Car381009-2026-Pass1-Z1-2MU00693_20260729_002840_000;0.0;1.5;35.0;Leppun;0.81;;;;;
Car381009-2026-Pass1-Z1-2MU00693_20260729_002840_000;0.0;0.4;24.0;Phanan;0.06;noise;;;;
Car381009-2026-Pass1-Z1-2MU00693_20260729_002840_000;0.1;1.2;33.0;Testes;0.44;;;;;
Car381009-2026-Pass1-Z1-2MU00693_20260729_002845_000;0.0;2.1;28.0;Leppun;0.17;;;;;
Car381009-2026-Pass1-Z1-2MU00693_20260729_002845_000;0.0;2.0;23.0;Phogri;0.05;noise;;;;
Car381009-2026-Pass1-Z1-2MU00693_20260729_002849_000;0.0;2.2;38.0;Leppun;0.36;;;;;
Car381009-2026-Pass1-Z1-2MU00693_20260729_002849_000;0.0;2.0;26.0;Rhasp;0.04;Tetvir, Phogri, Pippip, Antsp;;;;
Car381009-2026-Pass1-Z1-2MU00693_20260729_002849_000;0.1;2.0;32.0;noise;0.1;Testes, Yposp, Antsp;;;;
Car381009-2026-Pass1-Z1-2MU00693_20260729_002852_000;0.0;2.1;26.0;Phogri;0.04;noise, Rhasp, Plaint, Leppun;;;;
Car381009-2026-Pass1-Z1-2MU00693_20260729_002852_000;0.0;2.4;35.0;Testes;0.1;noise, Antsp;;;;
Car381009-2026-Pass1-Z1-2MU00693_20260729_002852_000;0.2;2.0;32.0;Tetvir;0.36;;;;;
Car381009-2026-Pass1-Z1-2MU00693_20260729_002856_000;0.0;4.7;40.0;Leppun;0.11;noise;;;;
Car381009-2026-Pass1-Z1-2MU00693_20260729_002856_000;1.1;5.0;47.0;Myomys;0.49;;;;;
Car381009-2026-Pass1-Z1-2MU00693_20260729_002856_000;0.0;2.5;33.0;Testes;0.48;;;;;
Car381009-2026-Pass1-Z1-2MU00693_20260729_002904_000;0.0;5.0;37.0;Leppun;0.61;;;;;
Car381009-2026-Pass1-Z1-2MU00693_20260729_002904_000;0.0;4.8;39.0;Testes;0.36;;;;;
Car381009-2026-Pass1-Z1-2MU00693_20260729_002912_000;0.0;2.3;34.0;Leppun;0.45;;;;;
Car381009-2026-Pass1-Z1-2MU00693_20260729_002912_000;0.3;2.3;30.0;Phogri;0.03;Metbra, Yposp, Tetvir, Rhasp, Nyclei;;;;
Car381009-2026-Pass1-Z1-2MU00693_20260729_002912_000;0.1;2.3;28.0;noise;0.1;Phogri, Tetvir;;;;
Car381009-2026-Pass1-Z1-2MU00693_20260729_002918_000;0.0;3.5;42.0;Leppun;0.46;;;;;
Car381009-2026-Pass1-Z1-2MU00693_20260729_002918_000;0.1;3.9;26.0;noise;0.09;Phogri;;;;
Car381009-2026-Pass1-Z1-2MU00693_20260729_002922_000;0.0;2.0;44.0;Leppun;0.93;;;;;
Car381009-2026-Pass1-Z1-2MU00693_20260729_002922_000;0.1;1.4;23.0;Phogri;0.1;noise;;;;
Car381009-2026-Pass1-Z1-2MU00693_20260729_002925_000;0.0;5.0;43.0;Leppun;0.91;;;;;
Car381009-2026-Pass1-Z1-2MU00693_20260729_002925_000;0.0;5.0;26.0;Phogri;0.07;noise;;;;
Car381009-2026-Pass1-Z1-2MU00693_20260729_002925_000;0.1;4.9;26.0;Rhasp;0.6;;;;;
Car381009-2026-Pass1-Z1-2MU00693_20260729_002930_000;0.0;2.5;33.0;noise;0.07;Yposp;;;;
Car381009-2026-Pass1-Z1-2MU00693_20260729_002930_000;0.0;2.3;38.0;Leppun;0.85;;;;;
Car381009-2026-Pass1-Z1-2MU00693_20260729_002933_000;0.2;1.8;34.0;Yposp;0.15;;;;;
Car381009-2026-Pass1-Z1-2MU00693_20260729_002933_000;0.0;1.8;34.0;Leppun;0.96;;;;;
Car381009-2026-Pass1-Z1-2MU00693_20260729_002933_000;0.1;1.7;33.0;noise;0.09;Phogri;;;;
Car381009-2026-Pass1-Z1-2MU00693_20260729_002938_000;0.0;2.2;40.0;Leppun;0.83;;;;;
Car381009-2026-Pass1-Z1-2MU00693_20260729_002938_000;0.4;1.9;26.0;Phogri;0.41;;;;;
Car381009-2026-Pass1-Z1-2MU00693_20260729_002942_000;0.0;4.8;38.0;Leppun;0.9;;;;;
Car381009-2026-Pass1-Z1-2MU00693_20260729_002942_000;0.5;4.6;26.0;noise;0.05;Phogri;;;;
Car381009-2026-Pass1-Z1-2MU00693_20260729_002949_000;0.0;2.0;33.0;Leppun;0.89;;;;;
Car381009-2026-Pass1-Z1-2MU00693_20260729_002949_000;0.1;2.0;33.0;Yposp;0.07;Antsp, noise;;;;
Car381009-2026-Pass1-Z1-2MU00693_20260729_002953_000;0.0;2.0;37.0;Leppun;0.92;;;;;
Car381009-2026-Pass1-Z1-2MU00693_20260729_002953_000;0.0;2.1;32.0;Testes;0.32;;;;;
Car381009-2026-Pass1-Z1-2MU00693_20260729_002956_000;0.0;2.0;50.0;Leppun;0.92;;;;;
Car381009-2026-Pass1-Z1-2MU00693_20260729_002956_000;0.1;1.4;25.0;noise;0.09;;;;;
Car381009-2026-Pass1-Z1-2MU00693_20260729_003000_000;0.0;1.9;38.0;Leppun;0.96;;;;;
Car381009-2026-Pass1-Z1-2MU00693_20260729_003000_000;0.6;2.0;24.0;noise;0.09;;;;;
Car381009-2026-Pass1-Z1-2MU00693_20260729_003004_000;0.0;1.6;34.0;Leppun;0.98;;;;;
Car381009-2026-Pass1-Z1-2MU00693_20260729_003004_000;0.3;1.7;25.0;Plaint;0.04;Phogri, noise, Tetvir, Eptser, Cyrscu;;;;
Car381009-2026-Pass1-Z1-2MU00693_20260729_003012_000;0.0;1.8;45.0;Leppun;0.93;;;;;
Car381009-2026-Pass1-Z1-2MU00693_20260729_003012_000;0.2;1.8;26.0;noise;0.12;;;;;
Car381009-2026-Pass1-Z1-2MU00693_20260729_003012_000;0.0;1.6;26.0;Phogri;0.03;Tetvir, Rhasp, Cyrscu;;;;
Car381009-2026-Pass1-Z1-2MU00693_20260729_003016_000;0.0;2.9;39.0;Leppun;0.19;;;;;
Car381009-2026-Pass1-Z1-2MU00693_20260729_003016_000;0.1;2.9;26.0;noise;0.04;Phogri, Eptser, Tetvir, Rhasp, Plaint, Cyrscu;;;;
Car381009-2026-Pass1-Z1-2MU00693_20260729_003016_000;0.0;1.6;33.0;Testes;0.31;;;;;
Car381009-2026-Pass1-Z1-2MU00693_20260729_003021_000;0.0;1.2;43.0;Leppun;0.97;;;;;
Car381009-2026-Pass1-Z1-2MU00693_20260729_003021_000;0.0;1.7;26.0;noise;0.09;Phogri;;;;
Car381009-2026-Pass1-Z1-2MU00693_20260729_003023_000;0.0;2.0;33.0;Leppun;0.77;;;;;
Car381009-2026-Pass1-Z1-2MU00693_20260729_003023_000;0.2;2.0;26.0;noise;0.09;;;;;
Car381009-2026-Pass1-Z1-2MU00693_20260729_003026_000;0.0;2.1;34.0;Yposp;0.11;;;;;
Car381009-2026-Pass1-Z1-2MU00693_20260729_003026_000;0.0;1.8;33.0;Leppun;0.31;;;;;
Car381009-2026-Pass1-Z1-2MU00693_20260729_003030_000;0.0;1.5;40.0;Leppun;0.97;;;;;
Car381009-2026-Pass1-Z1-2MU00693_20260729_003030_000;0.4;1.7;26.0;noise;0.1;;;;;
Car381009-2026-Pass1-Z1-2MU00693_20260729_003034_000;0.0;1.8;37.0;Leppun;0.94;;;;;
Car381009-2026-Pass1-Z1-2MU00693_20260729_003034_000;0.1;2.0;24.0;Phogri;0.04;noise, Tetvir, Plaint, Pippip;;;;
Car381009-2026-Pass1-Z1-2MU00693_20260729_003037_000;0.0;2.1;32.0;Rhasp;0.04;Yposp, Antsp, Tetvir, Testes, Phogri;;;;
Car381009-2026-Pass1-Z1-2MU00693_20260729_003037_000;0.0;1.9;36.0;Leppun;0.79;;;;;
Car381009-2026-Pass1-Z1-2MU00693_20260729_003037_000;0.0;3.6;27.0;noise;0.08;Phogri;;;;
Car381009-2026-Pass1-Z1-2MU00693_20260729_003046_000;0.0;1.5;40.0;Leppun;0.5;;;;;
Car381009-2026-Pass1-Z1-2MU00693_20260729_003046_000;0.0;1.9;26.0;Phogri;0.04;noise, Plaint, Tetvir, Rhasp, Cyrscu;;;;
Car381009-2026-Pass1-Z1-2MU00693_20260729_003049_000;0.0;2.8;48.0;Leppun;0.95;;;;;
Car381009-2026-Pass1-Z1-2MU00693_20260729_003049_000;0.1;3.1;26.0;Rhasp;0.05;Phogri, noise, Plaint;;;;
Car381009-2026-Pass1-Z1-2MU00693_20260729_003057_000;0.0;2.0;35.0;Leppun;0.58;;;;;
Car381009-2026-Pass1-Z1-2MU00693_20260729_003057_000;0.0;2.0;31.0;noise;0.1;;;;;
Car381009-2026-Pass1-Z1-2MU00693_20260729_003057_000;0.3;1.1;46.0;Pippip;0.25;;;;;
Car381009-2026-Pass1-Z1-2MU00693_20260729_003101_000;0.0;2.6;28.0;Leppun;0.34;;;;;
Car381009-2026-Pass1-Z1-2MU00693_20260729_003101_000;0.2;3.0;26.0;noise;0.07;Phogri;;;;
Car381009-2026-Pass1-Z1-2MU00693_20260729_003106_000;0.0;3.1;40.0;Leppun;0.67;;;;;
Car381009-2026-Pass1-Z1-2MU00693_20260729_003106_000;0.0;2.5;26.0;Rhasp;0.07;noise;;;;
Car381009-2026-Pass1-Z1-2MU00693_20260729_003110_000;0.0;1.8;36.0;Leppun;0.95;;;;;
Car381009-2026-Pass1-Z1-2MU00693_20260729_003110_000;0.3;1.8;26.0;Pippip;0.09;Phogri;;;;
Car381009-2026-Pass1-Z1-2MU00693_20260729_003114_000;0.0;3.7;39.0;Leppun;0.45;;;;;
Car381009-2026-Pass1-Z1-2MU00693_20260729_003114_000;0.2;3.5;22.0;noise;0.11;;;;;
Car381009-2026-Pass1-Z1-2MU00693_20260729_003114_000;0.6;3.7;25.0;Phogri;0.04;Tetvir, Sepsep, Plaint;;;;
Car381009-2026-Pass1-Z1-2MU00693_20260729_003120_000;0.0;2.0;34.0;Leppun;0.72;;;;;
Car381009-2026-Pass1-Z1-2MU00693_20260729_003120_000;0.5;2.0;27.0;noise;0.1;;;;;
Car381009-2026-Pass1-Z1-2MU00693_20260729_003120_000;1.1;2.1;47.0;Pippip;0.97;;;;;
Car381009-2026-Pass1-Z1-2MU00693_20260729_003120_000;0.1;1.9;33.0;Testes;0.18;;;;;
Car381009-2026-Pass1-Z1-2MU00693_20260729_003124_000;0.7;2.5;25.0;Isopyr;0.52;;;;;
Car381009-2026-Pass1-Z1-2MU00693_20260729_003124_000;0.0;3.9;39.0;Leppun;0.95;;;;;
Car381009-2026-Pass1-Z1-2MU00693_20260729_003124_000;0.1;3.9;47.0;Pippip;0.99;;;;;
Car381009-2026-Pass1-Z1-2MU00693_20260729_003129_000;0.0;4.1;38.0;Leppun;0.71;;;;;
Car381009-2026-Pass1-Z1-2MU00693_20260729_003129_000;0.1;5.0;47.0;Pippip;0.99;;;;;
Car381009-2026-Pass1-Z1-2MU00693_20260729_003129_000;0.5;4.9;25.0;Phogri;0.08;noise;;;;
Car381009-2026-Pass1-Z1-2MU00693_20260729_003135_000;0.0;2.0;27.0;Leppun;0.36;;;;;
Car381009-2026-Pass1-Z1-2MU00693_20260729_003135_000;0.5;2.0;25.0;noise;0.11;;;;;
Car381009-2026-Pass1-Z1-2MU00693_20260729_003139_000;0.0;2.0;45.0;Leppun;0.45;;;;;
Car381009-2026-Pass1-Z1-2MU00693_20260729_003139_000;0.1;1.2;26.0;noise;0.18;;;;;
Car381009-2026-Pass1-Z1-2MU00693_20260729_003139_000;0.1;2.0;25.0;Phogri;0.04;Plaint, Tetvir;;;;
Car381009-2026-Pass1-Z1-2MU00693_20260729_003142_000;0.0;1.8;41.0;Leppun;0.9;;;;;
Car381009-2026-Pass1-Z1-2MU00693_20260729_003142_000;0.6;1.8;26.0;Rhasp;0.09;;;;;
Car381009-2026-Pass1-Z1-2MU00693_20260729_003145_000;0.0;1.8;41.0;Leppun;0.95;;;;;
Car381009-2026-Pass1-Z1-2MU00693_20260729_003145_000;0.1;1.3;29.0;noise;0.11;Tetvir, Rhasp;;;;
Car381009-2026-Pass1-Z1-2MU00693_20260729_003145_000;0.3;2.1;26.0;Rhasp;0.11;;;;;
Car381009-2026-Pass1-Z1-2MU00693_20260729_003148_000;0.0;1.9;37.0;Leppun;0.96;;;;;
Car381009-2026-Pass1-Z1-2MU00693_20260729_003148_000;0.1;1.8;25.0;Phogri;0.06;Rhasp, noise;;;;
Car381009-2026-Pass1-Z1-2MU00693_20260729_003150_000;0.0;1.8;28.0;Leppun;0.57;;;;;
Car381009-2026-Pass1-Z1-2MU00693_20260729_003150_000;0.2;1.8;26.0;Phogri;0.04;noise, Tetvir, Cyrscu;;;;
Car381009-2026-Pass1-Z1-2MU00693_20260729_003153_000;0.0;3.7;34.0;Leppun;0.89;;;;;
Car381009-2026-Pass1-Z1-2MU00693_20260729_003153_000;0.9;3.7;26.0;noise;0.12;Phogri;;;;
Car381009-2026-Pass1-Z1-2MU00693_20260729_003153_000;0.5;3.7;26.0;Phogri;0.05;;;;;
Car381009-2026-Pass1-Z1-2MU00693_20260729_003159_000;0.0;1.9;35.0;Leppun;0.52;;;;;
Car381009-2026-Pass1-Z1-2MU00693_20260729_003159_000;0.2;1.8;26.0;noise;0.07;Phogri;;;;
Car381009-2026-Pass1-Z1-2MU00693_20260729_003159_000;0.3;2.1;32.0;Antsp;0.1;Testes, noise;;;;
Car381009-2026-Pass1-Z1-2MU00693_20260729_003203_000;0.0;0.7;41.0;Leppun;0.96;;;;;
Car381009-2026-Pass1-Z1-2MU00693_20260729_003203_000;0.1;2.4;26.0;Phogri;0.06;Rhasp, noise;;;;
Car381009-2026-Pass1-Z1-2MU00693_20260729_003206_000;0.0;2.0;40.0;Leppun;0.96;;;;;
Car381009-2026-Pass1-Z1-2MU00693_20260729_003206_000;0.1;1.7;28.0;Rhasp;0.58;;;;;
Car381009-2026-Pass1-Z1-2MU00693_20260729_003209_000;0.0;1.9;28.0;Leppun;0.59;;;;;
Car381009-2026-Pass1-Z1-2MU00693_20260729_003209_000;0.4;2.1;26.0;Phogri;0.05;noise;;;;
Car381009-2026-Pass1-Z1-2MU00693_20260729_003211_000;0.0;0.7;39.0;Leppun;0.97;;;;;
Car381009-2026-Pass1-Z1-2MU00693_20260729_003211_000;0.3;2.0;26.0;Rhasp;0.12;;;;;
Car381009-2026-Pass1-Z1-2MU00693_20260729_003213_000;0.0;1.4;35.0;Leppun;0.42;;;;;
Car381009-2026-Pass1-Z1-2MU00693_20260729_003213_000;0.5;1.9;26.0;noise;0.24;;;;;
Car381009-2026-Pass1-Z1-2MU00693_20260729_003215_000;0.0;2.1;39.0;Leppun;0.98;;;;;
Car381009-2026-Pass1-Z1-2MU00693_20260729_003215_000;0.3;1.8;26.0;Phogri;0.04;noise, Rhasp, Tetvir, Plaint;;;;
Car381009-2026-Pass1-Z1-2MU00693_20260729_003218_000;0.0;2.4;42.0;Leppun;0.12;;;;;
Car381009-2026-Pass1-Z1-2MU00693_20260729_003218_000;0.0;2.4;34.0;Testes;0.81;;;;;
Car381009-2026-Pass1-Z1-2MU00693_20260729_003222_000;0.0;2.1;38.0;Leppun;0.64;;;;;
Car381009-2026-Pass1-Z1-2MU00693_20260729_003222_000;0.3;2.1;27.0;Phogri;0.3;;;;;
Car381009-2026-Pass1-Z1-2MU00693_20260729_003222_000;0.1;2.0;30.0;Antsp;0.16;Testes;;;;
Car381009-2026-Pass1-Z1-2MU00693_20260729_003224_000;0.0;1.9;39.0;Leppun;0.16;;;;;
Car381009-2026-Pass1-Z1-2MU00693_20260729_003224_000;0.0;1.7;30.0;noise;0.17;;;;;
Car381009-2026-Pass1-Z1-2MU00693_20260729_003224_000;0.0;1.9;33.0;Testes;0.14;;;;;
Car381009-2026-Pass1-Z1-2MU00693_20260729_003227_000;0.0;2.0;37.0;Leppun;0.78;;;;;
Car381009-2026-Pass1-Z1-2MU00693_20260729_003227_000;0.0;1.5;36.0;noise;0.09;Phogri;;;;
Car381009-2026-Pass1-Z1-2MU00693_20260729_003230_000;0.0;2.4;37.0;Leppun;0.96;;;;;
Car381009-2026-Pass1-Z1-2MU00693_20260729_003230_000;0.4;2.4;26.0;Phogri;0.06;noise;;;;
Car381009-2026-Pass1-Z1-2MU00693_20260729_003235_000;0.0;1.7;39.0;Leppun;0.93;;;;;
Car381009-2026-Pass1-Z1-2MU00693_20260729_003235_000;0.4;2.2;26.0;noise;0.05;Phogri, Rhasp;;;;
Car381009-2026-Pass1-Z1-2MU00693_20260729_003241_000;0.7;5.0;38.0;Leppun;0.36;;;;;
Car381009-2026-Pass1-Z1-2MU00693_20260729_003241_000;0.4;4.9;29.0;noise;0.18;Rhasp;;;;
Car381009-2026-Pass1-Z1-2MU00693_20260729_003241_000;0.0;4.0;48.0;Pippip;0.99;;;;;
Car381009-2026-Pass1-Z1-2MU00693_20260729_003249_000;0.0;1.9;33.0;Leppun;0.98;;;;;
Car381009-2026-Pass1-Z1-2MU00693_20260729_003249_000;0.4;1.9;26.0;Phogri;0.33;;;;;
Car381009-2026-Pass1-Z1-2MU00693_20260729_003251_000;0.0;1.7;40.0;Leppun;0.95;;;;;
Car381009-2026-Pass1-Z1-2MU00693_20260729_003251_000;0.2;1.9;26.0;noise;0.09;Rhasp, Phogri;;;;
Car381009-2026-Pass1-Z1-2MU00693_20260729_003255_000;0.0;2.1;27.0;Leppun;0.97;;;;;
Car381009-2026-Pass1-Z1-2MU00693_20260729_003255_000;0.1;2.1;25.0;Phogri;0.77;;;;;
Car381009-2026-Pass1-Z1-2MU00693_20260729_003259_000;0.6;2.3;25.0;Isopyr;0.3;;;;;
Car381009-2026-Pass1-Z1-2MU00693_20260729_003259_000;0.0;1.5;39.0;Leppun;0.57;;;;;
Car381009-2026-Pass1-Z1-2MU00693_20260729_003259_000;0.5;1.9;26.0;noise;0.13;;;;;
Car381009-2026-Pass1-Z1-2MU00693_20260729_003304_000;0.0;1.5;32.0;Leppun;0.9;;;;;
Car381009-2026-Pass1-Z1-2MU00693_20260729_003304_000;0.0;1.9;25.0;noise;0.06;Phogri;;;;
Car381009-2026-Pass1-Z1-2MU00693_20260729_003308_000;0.0;2.0;38.0;Leppun;0.93;;;;;
Car381009-2026-Pass1-Z1-2MU00693_20260729_003308_000;0.1;2.0;29.0;noise;0.13;Phogri;;;;
Car381009-2026-Pass1-Z1-2MU00693_20260729_003310_000;0.0;3.5;37.0;Leppun;0.77;;;;;
Car381009-2026-Pass1-Z1-2MU00693_20260729_003310_000;0.1;3.9;25.0;Rhasp;0.08;noise, Phogri;;;;
Car381009-2026-Pass1-Z1-2MU00693_20260729_003310_000;0.0;2.0;32.0;Antsp;0.08;noise, Testes;;;;
Car381009-2026-Pass1-Z1-2MU00693_20260729_003317_000;0.0;3.2;43.0;Leppun;0.96;;;;;
Car381009-2026-Pass1-Z1-2MU00693_20260729_003317_000;0.8;3.2;30.0;noise;0.16;;;;;
Car381009-2026-Pass1-Z1-2MU00693_20260729_003317_000;0.7;3.2;26.0;Phogri;0.27;;;;;
Car381009-2026-Pass1-Z1-2MU00693_20260729_003322_000;0.0;2.0;40.0;Leppun;0.91;;;;;
Car381009-2026-Pass1-Z1-2MU00693_20260729_003322_000;0.2;2.0;27.0;Phogri;0.71;;;;;
Car381009-2026-Pass1-Z1-2MU00693_20260729_003322_000;1.9;2.0;44.0;Pippip;0.65;;;;;
Car381009-2026-Pass1-Z1-2MU00693_20260729_003325_000;0.0;2.2;41.0;Leppun;0.92;;;;;
Car381009-2026-Pass1-Z1-2MU00693_20260729_003325_000;0.0;3.0;25.0;noise;0.12;;;;;
Car381009-2026-Pass1-Z1-2MU00693_20260729_003330_000;0.0;2.1;35.0;Leppun;0.97;;;;;
Car381009-2026-Pass1-Z1-2MU00693_20260729_003330_000;0.4;2.1;26.0;Phogri;0.43;;;;;
Car381009-2026-Pass1-Z1-2MU00693_20260729_003332_000;0.2;3.0;34.0;Leppun;0.58;;;;;
Car381009-2026-Pass1-Z1-2MU00693_20260729_003332_000;0.4;4.0;26.0;Rhasp;0.1;noise;;;;
Car381009-2026-Pass1-Z1-2MU00693_20260729_003332_000;0.2;4.0;33.0;Testes;0.21;;;;;
Car381009-2026-Pass1-Z1-2MU00693_20260729_003339_000;0.0;1.4;42.0;Leppun;0.81;;;;;
Car381009-2026-Pass1-Z1-2MU00693_20260729_003339_000;0.6;1.7;26.0;noise;0.09;Phogri;;;;
Car381009-2026-Pass1-Z1-2MU00693_20260729_003344_000;0.0;2.1;41.0;Leppun;0.69;;;;;
Car381009-2026-Pass1-Z1-2MU00693_20260729_003344_000;0.0;2.0;26.0;Phogri;0.38;;;;;
Car381009-2026-Pass1-Z1-2MU00693_20260729_003347_000;0.0;1.6;34.0;Leppun;0.95;;;;;
Car381009-2026-Pass1-Z1-2MU00693_20260729_003347_000;0.6;1.8;26.0;noise;0.07;Phogri, Rhasp;;;;
Car381009-2026-Pass1-Z1-2MU00693_20260729_003352_000;0.0;1.8;28.0;Leppun;0.89;;;;;
Car381009-2026-Pass1-Z1-2MU00693_20260729_003355_000;0.0;1.1;39.0;Leppun;0.97;;;;;
Car381009-2026-Pass1-Z1-2MU00693_20260729_003355_000;0.1;2.1;24.0;noise;0.08;;;;;
Car381009-2026-Pass1-Z1-2MU00693_20260729_003355_000;0.1;2.1;28.0;Rhasp;0.04;Phogri, Tetvir, Plaint;;;;
Car381009-2026-Pass1-Z1-2MU00693_20260729_003400_000;0.0;2.2;32.0;Leppun;0.93;;;;;
Car381009-2026-Pass1-Z1-2MU00693_20260729_003400_000;0.0;2.5;28.0;noise;0.39;;;;;
Car381009-2026-Pass1-Z1-2MU00693_20260729_003400_000;0.5;2.5;25.0;Phogri;0.31;;;;;
Car381009-2026-Pass1-Z1-2MU00693_20260729_003405_000;0.0;3.5;41.0;Leppun;0.97;;;;;
Car381009-2026-Pass1-Z1-2MU00693_20260729_003405_000;0.4;3.3;25.0;noise;0.09;;;;;
Car381009-2026-Pass1-Z1-2MU00693_20260729_003405_000;0.3;3.5;26.0;Phogri;0.05;Rhasp;;;;
Car381009-2026-Pass1-Z1-2MU00693_20260729_003409_000;0.0;1.9;38.0;Leppun;0.96;;;;;
Car381009-2026-Pass1-Z1-2MU00693_20260729_003409_000;0.4;1.9;25.0;noise;0.08;Phogri, Rhasp;;;;
Car381009-2026-Pass1-Z1-2MU00693_20260729_003414_000;0.0;1.6;44.0;Leppun;0.97;;;;;
Car381009-2026-Pass1-Z1-2MU00693_20260729_003414_000;0.0;1.8;25.0;Phogri;0.07;Plaint;;;;
Car381009-2026-Pass1-Z1-2MU00693_20260729_003419_000;0.0;2.1;39.0;Leppun;0.89;;;;;
Car381009-2026-Pass1-Z1-2MU00693_20260729_003419_000;0.4;2.1;26.0;Phogri;0.06;Rhasp, noise;;;;
Car381009-2026-Pass1-Z1-2MU00693_20260729_003419_000;0.8;1.5;23.0;Tetvir;0.42;;;;;
Car381009-2026-Pass1-Z1-2MU00693_20260729_003424_000;0.0;1.8;33.0;Leppun;0.33;;;;;
Car381009-2026-Pass1-Z1-2MU00693_20260729_003424_000;0.1;1.9;29.0;Antsp;0.08;Testes, noise;;;;
Car381009-2026-Pass1-Z1-2MU00693_20260729_003429_000;0.0;1.8;38.0;Leppun;0.94;;;;;
Car381009-2026-Pass1-Z1-2MU00693_20260729_003429_000;0.4;2.1;25.0;Phogri;0.31;;;;;
Car381009-2026-Pass1-Z1-2MU00693_20260729_003433_000;0.0;2.0;40.0;Leppun;0.94;;;;;
Car381009-2026-Pass1-Z1-2MU00693_20260729_003433_000;0.0;3.9;26.0;Rhasp;0.45;;;;;
Car381009-2026-Pass1-Z1-2MU00693_20260729_003439_000;0.0;4.3;37.0;Leppun;0.64;;;;;
Car381009-2026-Pass1-Z1-2MU00693_20260729_003439_000;0.3;4.2;27.0;Phogri;0.58;;;;;
Car381009-2026-Pass1-Z1-2MU00693_20260729_003445_000;0.0;1.8;34.0;Leppun;0.93;;;;;
Car381009-2026-Pass1-Z1-2MU00693_20260729_003445_000;0.6;2.1;25.0;Phogri;0.33;;;;;
Car381009-2026-Pass1-Z1-2MU00693_20260729_003449_000;0.0;1.2;30.0;Leppun;0.95;;;;;
Car381009-2026-Pass1-Z1-2MU00693_20260729_003449_000;0.0;2.0;26.0;noise;0.08;Phogri;;;;
Car381009-2026-Pass1-Z1-2MU00693_20260729_003453_000;0.0;3.8;35.0;Leppun;0.96;;;;;
Car381009-2026-Pass1-Z1-2MU00693_20260729_003453_000;0.0;4.8;29.0;noise;0.13;;;;;
Car381009-2026-Pass1-Z1-2MU00693_20260729_003500_000;0.0;2.1;39.0;Leppun;0.95;;;;;
Car381009-2026-Pass1-Z1-2MU00693_20260729_003500_000;0.0;1.5;26.0;noise;0.09;;;;;
Car381009-2026-Pass1-Z1-2MU00693_20260729_003503_000;0.0;2.0;38.0;Leppun;0.95;;;;;
Car381009-2026-Pass1-Z1-2MU00693_20260729_003503_000;0.5;1.5;40.0;Pipkuh;0.17;;;;;
Car381009-2026-Pass1-Z1-2MU00693_20260729_003503_000;0.1;2.0;25.0;Isopyr;0.12;;;;;
Car381009-2026-Pass1-Z1-2MU00693_20260729_003506_000;0.0;0.5;39.0;Leppun;0.64;;;;;
Car381009-2026-Pass1-Z1-2MU00693_20260729_003506_000;0.0;1.8;27.0;Rhasp;0.46;;;;;
Car381009-2026-Pass1-Z1-2MU00693_20260729_003508_000;0.0;0.5;35.0;Leppun;0.93;;;;;
Car381009-2026-Pass1-Z1-2MU00693_20260729_003508_000;0.2;1.8;25.0;Phogri;0.48;;;;;
Car381009-2026-Pass1-Z1-2MU00693_20260729_003513_000;0.0;2.0;28.0;Leppun;0.96;;;;;
Car381009-2026-Pass1-Z1-2MU00693_20260729_003513_000;0.0;1.7;25.0;Rhasp;0.29;;;;;
Car381009-2026-Pass1-Z1-2MU00693_20260729_003517_000;0.0;1.6;39.0;Leppun;0.95;;;;;
Car381009-2026-Pass1-Z1-2MU00693_20260729_003517_000;0.2;2.2;27.0;noise;0.04;Tetvir, Plaint, Phogri, Eptser, Cyrscu;;;;
Car381009-2026-Pass1-Z1-2MU00693_20260729_003522_000;0.0;1.6;36.0;Leppun;0.98;;;;;
Car381009-2026-Pass1-Z1-2MU00693_20260729_003522_000;0.2;1.7;23.0;Phogri;0.58;;;;;
Car381009-2026-Pass1-Z1-2MU00693_20260729_003527_000;0.0;3.5;41.0;Leppun;0.9;;;;;
Car381009-2026-Pass1-Z1-2MU00693_20260729_003527_000;0.0;3.4;26.0;Phogri;0.04;noise, Rhasp, Tetvir, Plaint, Pippip;;;;
Car381009-2026-Pass1-Z1-2MU00693_20260729_003531_000;0.0;1.7;37.0;Leppun;0.87;;;;;
Car381009-2026-Pass1-Z1-2MU00693_20260729_003531_000;0.0;1.7;25.0;Phogri;0.06;Rhasp, noise;;;;
Car381009-2026-Pass1-Z1-2MU00693_20260729_003533_000;0.0;1.4;38.0;Leppun;0.36;;;;;
Car381009-2026-Pass1-Z1-2MU00693_20260729_003533_000;0.5;1.9;28.0;noise;0.07;Phogri;;;;
Car381009-2026-Pass1-Z1-2MU00693_20260729_003536_000;0.0;2.1;39.0;Leppun;0.96;;;;;
Car381009-2026-Pass1-Z1-2MU00693_20260729_003536_000;0.0;2.0;32.0;Rhasp;0.08;noise;;;;
Car381009-2026-Pass1-Z1-2MU00693_20260729_003538_000;0.0;1.2;40.0;Leppun;0.95;;;;;
Car381009-2026-Pass1-Z1-2MU00693_20260729_003538_000;1.7;2.1;26.0;noise;0.05;Nyclei, Cyrscu;;;;
Car381009-2026-Pass1-Z1-2MU00693_20260729_003538_000;0.1;1.8;25.0;Phogri;0.13;Rhasp;;;;
Car381009-2026-Pass1-Z1-2MU00693_20260729_003540_000;0.0;0.9;35.0;Leppun;0.97;;;;;
Car381009-2026-Pass1-Z1-2MU00693_20260729_003540_000;0.0;1.7;26.0;noise;0.04;Phogri, Tetvir, Rhasp, Plaint, Pippip;;;;
Car381009-2026-Pass1-Z1-2MU00693_20260729_003543_000;0.0;3.2;40.0;Leppun;0.81;;;;;
Car381009-2026-Pass1-Z1-2MU00693_20260729_003548_000;0.0;1.2;32.0;Leppun;0.97;;;;;
Car381009-2026-Pass1-Z1-2MU00693_20260729_003548_000;0.0;1.6;25.0;Phogri;0.05;noise, Cyrscu;;;;
Car381009-2026-Pass1-Z1-2MU00693_20260729_003553_000;0.0;2.4;46.0;Leppun;0.93;;;;;
Car381009-2026-Pass1-Z1-2MU00693_20260729_003553_000;0.6;1.8;26.0;noise;0.08;Phogri;;;;
Car381009-2026-Pass1-Z1-2MU00693_20260729_003558_000;0.0;0.7;44.0;Leppun;0.87;;;;;
Car381009-2026-Pass1-Z1-2MU00693_20260729_003558_000;0.0;2.0;27.0;noise;0.11;;;;;
Car381009-2026-Pass1-Z1-2MU00693_20260729_003606_000;0.0;2.0;30.0;Leppun;0.09;noise;;;;
Car381009-2026-Pass1-Z1-2MU00693_20260729_003606_000;1.1;2.5;50.0;Pippip;0.99;;;;;
Car381009-2026-Pass1-Z1-2MU00693_20260729_003608_000;0.0;5.0;50.0;Pippip;0.99;;;;;
Car381009-2026-Pass1-Z1-2MU00693_20260729_003608_000;0.0;4.8;26.0;noise;0.05;Rhasp, Phogri, Plaint;;;;
Car381009-2026-Pass1-Z1-2MU00693_20260729_003618_000;0.0;1.7;33.0;Leppun;0.5;;;;;
Car381009-2026-Pass1-Z1-2MU00693_20260729_003618_000;0.9;1.7;20.0;noise;0.42;;;;;
Car381009-2026-Pass1-Z1-2MU00693_20260729_003623_000;0.0;1.9;39.0;Leppun;0.92;;;;;
Car381009-2026-Pass1-Z1-2MU00693_20260729_003623_000;0.5;1.8;26.0;noise;0.06;Phogri;;;;
Car381009-2026-Pass1-Z1-2MU00693_20260729_003627_000;0.0;1.9;37.0;Leppun;0.94;;;;;
Car381009-2026-Pass1-Z1-2MU00693_20260729_003627_000;0.2;1.9;25.0;Phogri;0.78;;;;;
Car381009-2026-Pass1-Z1-2MU00693_20260729_003631_000;0.0;1.8;37.0;Leppun;0.88;;;;;
Car381009-2026-Pass1-Z1-2MU00693_20260729_003631_000;0.3;1.6;27.0;noise;0.07;Phogri;;;;
Car381009-2026-Pass1-Z1-2MU00693_20260729_003636_000;0.0;1.9;32.0;Leppun;0.91;;;;;
Car381009-2026-Pass1-Z1-2MU00693_20260729_003636_000;0.1;2.0;26.0;Rhasp;0.08;;;;;
Car381009-2026-Pass1-Z1-2MU00693_20260729_003640_000;0.0;1.4;36.0;Leppun;0.95;;;;;
Car381009-2026-Pass1-Z1-2MU00693_20260729_003640_000;0.7;1.9;24.0;Plaint;0.04;Phogri, noise, Tetvir, Pippip;;;;
Car381009-2026-Pass1-Z1-2MU00693_20260729_003644_000;0.0;1.9;44.0;Leppun;0.95;;;;;
Car381009-2026-Pass1-Z1-2MU00693_20260729_003644_000;0.4;1.9;26.0;Rhasp;0.06;Phogri, noise;;;;
Car381009-2026-Pass1-Z1-2MU00693_20260729_003647_000;0.0;4.5;26.0;noise;0.11;;;;;
Car381009-2026-Pass1-Z1-2MU00693_20260729_003647_000;0.0;4.9;42.0;Pipkuh;0.99;;Pipkuh;SUR;;
Car381009-2026-Pass1-Z1-2MU00693_20260729_003655_000;0.0;1.7;40.0;Leppun;0.93;;;;;
Car381009-2026-Pass1-Z1-2MU00693_20260729_003655_000;0.1;2.2;26.0;Phogri;0.19;;;;;
Car381009-2026-Pass1-Z1-2MU00693_20260729_003700_000;0.0;1.5;34.0;Leppun;0.56;;;;;
Car381009-2026-Pass1-Z1-2MU00693_20260729_003700_000;0.4;2.1;27.0;noise;0.11;;;;;
Car381009-2026-Pass1-Z1-2MU00693_20260729_003705_000;0.0;3.5;34.0;Leppun;0.92;;;;;
Car381009-2026-Pass1-Z1-2MU00693_20260729_003705_000;0.5;3.5;25.0;noise;0.08;Barfis;;;;
Car381009-2026-Pass1-Z1-2MU00693_20260729_003705_000;0.1;3.5;26.0;Phogri;0.09;;;;;
Car381009-2026-Pass1-Z1-2MU00693_20260729_003709_000;0.0;3.8;36.0;Leppun;0.81;;;;;
Car381009-2026-Pass1-Z1-2MU00693_20260729_003709_000;0.4;3.8;26.0;Rhasp;0.11;noise, Phogri;;;;
Car381009-2026-Pass1-Z1-2MU00693_20260729_003709_000;0.7;3.3;32.0;Testes;0.1;;;;;
Car381009-2026-Pass1-Z1-2MU00693_20260729_003714_000;0.0;2.4;41.0;Leppun;0.97;;;;;
Car381009-2026-Pass1-Z1-2MU00693_20260729_003714_000;0.4;3.4;27.0;noise;0.06;Rhasp, Phogri;;;;
Car381009-2026-Pass1-Z1-2MU00693_20260729_003719_000;0.0;1.5;41.0;Leppun;0.96;;;;;
Car381009-2026-Pass1-Z1-2MU00693_20260729_003719_000;0.2;1.4;26.0;noise;0.14;;;;;
Car381009-2026-Pass1-Z1-2MU00693_20260729_003719_000;0.4;2.1;25.0;Phogri;0.07;;;;;
Car381009-2026-Pass1-Z1-2MU00693_20260729_003722_000;0.0;2.1;38.0;Leppun;0.96;;;;;
Car381009-2026-Pass1-Z1-2MU00693_20260729_003722_000;0.1;2.0;24.0;Phogri;0.05;Rhasp, Plaint, noise;;;;
Car381009-2026-Pass1-Z1-2MU00693_20260729_003726_000;0.0;1.8;38.0;Leppun;0.49;;;;;
Car381009-2026-Pass1-Z1-2MU00693_20260729_003726_000;0.2;1.3;25.0;Phogri;0.04;noise, Tetvir, Rhasp, Plaint;;;;
Car381009-2026-Pass1-Z1-2MU00693_20260729_003729_000;0.0;2.1;26.0;Leppun;0.82;;;;;
Car381009-2026-Pass1-Z1-2MU00693_20260729_003729_000;1.4;1.7;20.0;noise;0.13;;;;;
Car381009-2026-Pass1-Z1-2MU00693_20260729_003734_000;0.0;1.4;37.0;Leppun;0.96;;;;;
Car381009-2026-Pass1-Z1-2MU00693_20260729_003734_000;0.1;2.0;26.0;Rhasp;0.05;noise, Plaint, Phogri;;;;
Car381009-2026-Pass1-Z1-2MU00693_20260729_003739_000;0.0;1.5;38.0;Leppun;0.7;;;;;
Car381009-2026-Pass1-Z1-2MU00693_20260729_003739_000;0.4;2.0;25.0;noise;0.16;;;;;
Car381009-2026-Pass1-Z1-2MU00693_20260729_003739_000;0.4;1.6;26.0;Phogri;0.05;;;;;
Car381009-2026-Pass1-Z1-2MU00693_20260729_003744_000;0.0;1.9;34.0;Leppun;0.93;;;;;
Car381009-2026-Pass1-Z1-2MU00693_20260729_003744_000;0.5;1.9;24.0;noise;0.26;;;;;
Car381009-2026-Pass1-Z1-2MU00693_20260729_003744_000;0.3;1.9;26.0;Rhasp;0.26;;;;;
Car381009-2026-Pass1-Z1-2MU00693_20260729_003750_000;0.4;1.6;27.0;Phogri;0.3;;;;;
Car381009-2026-Pass1-Z1-2MU00693_20260729_003750_000;0.3;1.7;26.0;Plaint;0.03;noise, Tetvir, Rhasp;;;;
Car381009-2026-Pass1-Z1-2MU00693_20260729_003756_000;0.0;1.8;39.0;Leppun;0.97;;;;;
Car381009-2026-Pass1-Z1-2MU00693_20260729_003756_000;0.2;2.0;19.0;noise;0.16;;;;;
Car381009-2026-Pass1-Z1-2MU00693_20260729_003756_000;0.5;2.1;26.0;Phogri;0.05;;;;;
Car381009-2026-Pass1-Z1-2MU00693_20260729_003801_000;0.0;1.7;38.0;Leppun;0.87;;;;;
Car381009-2026-Pass1-Z1-2MU00693_20260729_003801_000;0.0;2.1;26.0;Phogri;0.07;Antsp, Rhasp, noise;;;;
Car381009-2026-Pass1-Z1-2MU00693_20260729_003808_000;0.0;1.6;37.0;Leppun;0.88;;;;;
Car381009-2026-Pass1-Z1-2MU00693_20260729_003808_000;0.0;1.9;26.0;Rhasp;0.08;Phogri, noise;;;;
Car381009-2026-Pass1-Z1-2MU00693_20260729_003810_000;0.4;2.0;29.0;Leppun;0.15;;;;;
Car381009-2026-Pass1-Z1-2MU00693_20260729_003810_000;0.0;2.1;27.0;Phogri;0.38;;;;;
Car381009-2026-Pass1-Z1-2MU00693_20260729_003817_000;0.0;1.4;39.0;Leppun;0.76;;;;;
Car381009-2026-Pass1-Z1-2MU00693_20260729_003817_000;0.0;2.0;26.0;Phogri;0.32;;;;;
Car381009-2026-Pass1-Z1-2MU00693_20260729_003822_000;0.0;3.9;31.0;Leppun;0.47;;;;;
Car381009-2026-Pass1-Z1-2MU00693_20260729_003822_000;0.3;4.1;26.0;noise;0.17;;;;;
Car381009-2026-Pass1-Z1-2MU00693_20260729_003828_000;0.0;0.9;34.0;Leppun;0.67;;;;;
Car381009-2026-Pass1-Z1-2MU00693_20260729_003828_000;0.1;1.5;27.0;Rhasp;0.54;;;;;
Car381009-2026-Pass1-Z1-2MU00693_20260729_003831_000;0.0;2.0;28.0;Leppun;0.22;;;;;
Car381009-2026-Pass1-Z1-2MU00693_20260729_003831_000;0.7;2.0;26.0;Phogri;0.05;noise, Plaint;;;;
Car381009-2026-Pass1-Z1-2MU00693_20260729_003834_000;0.0;1.6;40.0;Leppun;0.97;;;;;
Car381009-2026-Pass1-Z1-2MU00693_20260729_003834_000;0.6;2.0;24.0;noise;0.1;;;;;
Car381009-2026-Pass1-Z1-2MU00693_20260729_003834_000;0.0;2.0;25.0;Phogri;0.05;Rhasp;;;;
Car381009-2026-Pass1-Z1-2MU00693_20260729_003837_000;0.0;2.1;32.0;Leppun;0.64;;;;;
Car381009-2026-Pass1-Z1-2MU00693_20260729_003837_000;1.2;2.1;26.0;noise;0.08;Phogri;;;;
Car381009-2026-Pass1-Z1-2MU00693_20260729_003840_000;0.0;1.0;38.0;Leppun;0.98;;;;;
Car381009-2026-Pass1-Z1-2MU00693_20260729_003840_000;0.9;1.4;26.0;Antsp;0.06;Insp12, noise;;;;
Car381009-2026-Pass1-Z1-2MU00693_20260729_003848_000;0.0;1.3;37.0;Leppun;0.96;;;;;
Car381009-2026-Pass1-Z1-2MU00693_20260729_003848_000;0.2;2.4;51.0;Pippip;0.95;;;;;
Car381009-2026-Pass1-Z1-2MU00693_20260729_003848_000;0.1;2.5;24.0;noise;0.05;Phogri;;;;
Car381009-2026-Pass1-Z1-2MU00693_20260729_003852_000;0.0;2.0;39.0;Leppun;0.97;;;;;
Car381009-2026-Pass1-Z1-2MU00693_20260729_003852_000;0.1;3.9;26.0;noise;0.11;;;;;
Car381009-2026-Pass1-Z1-2MU00693_20260729_003852_000;0.1;1.7;51.0;Pippip;0.98;;;;;
Car381009-2026-Pass1-Z1-2MU00693_20260729_003852_000;0.1;3.9;25.0;Rhasp;0.06;Phogri;;;;
Car381009-2026-Pass1-Z1-2MU00693_20260729_003901_000;0.0;1.8;36.0;Leppun;0.23;;;;;
Car381009-2026-Pass1-Z1-2MU00693_20260729_003901_000;0.0;1.8;26.0;Rhasp;0.04;Phogri, noise, Tetvir, Plaint;;;;
Car381009-2026-Pass1-Z1-2MU00693_20260729_003904_000;0.0;2.1;29.0;Leppun;0.79;;;;;
Car381009-2026-Pass1-Z1-2MU00693_20260729_003904_000;0.5;1.8;26.0;Phogri;0.77;;;;;
Car381009-2026-Pass1-Z1-2MU00693_20260729_003909_000;0.0;1.1;38.0;Leppun;0.98;;;;;
Car381009-2026-Pass1-Z1-2MU00693_20260729_003909_000;0.1;2.0;27.0;Phogri;0.7;;;;;
Car381009-2026-Pass1-Z1-2MU00693_20260729_003914_000;0.0;1.9;38.0;Leppun;0.97;;;;;
Car381009-2026-Pass1-Z1-2MU00693_20260729_003914_000;0.0;1.5;29.0;noise;0.04;Metbra, Phogri, Tetvir, Rhasp;;;;
Car381009-2026-Pass1-Z1-2MU00693_20260729_003921_000;0.0;4.9;64.0;Pippip;0.99;;;;;
Car381009-2026-Pass1-Z1-2MU00693_20260729_003921_000;0.1;4.9;26.0;noise;0.04;Phogri, Tetvir, Rhasp, Pipkuh, Leppun, Cyrscu;;;;
Car381009-2026-Pass1-Z1-2MU00693_20260729_003929_000;0.0;4.7;39.0;Leppun;0.94;;;;;
Car381009-2026-Pass1-Z1-2MU00693_20260729_003929_000;0.6;4.8;27.0;Phogri;0.34;;;;;
Car381009-2026-Pass1-Z1-2MU00693_20260729_003929_000;0.6;4.8;25.0;Plaint;0.04;noise, Rhasp, Tetvir;;;;
Car381009-2026-Pass1-Z1-2MU00693_20260729_003936_000;0.6;2.7;27.0;Leppun;0.22;;;;;
Car381009-2026-Pass1-Z1-2MU00693_20260729_003936_000;0.5;2.7;40.0;noise;0.5;;;;;
Car381009-2026-Pass1-Z1-2MU00693_20260729_003936_000;0.1;2.7;26.0;Phogri;0.41;;;;;
Car381009-2026-Pass1-Z1-2MU00693_20260729_003939_000;0.0;1.9;38.0;Leppun;0.96;;;;;
Car381009-2026-Pass1-Z1-2MU00693_20260729_003939_000;0.3;1.9;26.0;Phogri;0.05;noise;;;;
Car381009-2026-Pass1-Z1-2MU00693_20260729_003943_000;0.0;1.7;41.0;Leppun;0.92;;;;;
Car381009-2026-Pass1-Z1-2MU00693_20260729_003943_000;0.8;1.7;26.0;noise;0.09;;;;;
Car381009-2026-Pass1-Z1-2MU00693_20260729_003943_000;0.5;2.1;25.0;Cyrscu;0.11;Phogri;;;;
Car381009-2026-Pass1-Z1-2MU00693_20260729_003948_000;0.0;2.6;40.0;Leppun;0.88;;;;;
Car381009-2026-Pass1-Z1-2MU00693_20260729_003948_000;0.2;3.0;26.0;Phogri;0.55;;;;;
Car381009-2026-Pass1-Z1-2MU00693_20260729_003952_000;0.0;1.7;26.0;Isopyr;0.26;;;;;
Car381009-2026-Pass1-Z1-2MU00693_20260729_003952_000;0.0;2.7;40.0;Leppun;0.91;;;;;
Car381009-2026-Pass1-Z1-2MU00693_20260729_003952_000;0.1;2.7;27.0;Rhasp;0.24;;;;;
Car381009-2026-Pass1-Z1-2MU00693_20260729_004002_000;0.0;1.8;34.0;Leppun;0.91;;;;;
Car381009-2026-Pass1-Z1-2MU00693_20260729_004002_000;0.3;1.9;26.0;Phogri;0.49;;;;;
Car381009-2026-Pass1-Z1-2MU00693_20260729_004006_000;0.0;1.9;29.0;Leppun;0.94;;;;;
Car381009-2026-Pass1-Z1-2MU00693_20260729_004006_000;0.7;1.8;25.0;Phogri;0.06;noise;;;;
Car381009-2026-Pass1-Z1-2MU00693_20260729_004009_000;0.0;1.8;26.0;Phogri;0.09;noise;;;;
Car381009-2026-Pass1-Z1-2MU00693_20260729_004014_000;0.0;2.6;39.0;Leppun;0.94;;;;;
Car381009-2026-Pass1-Z1-2MU00693_20260729_004014_000;0.4;3.5;26.0;Plaint;0.05;Phogri, noise;;;;
Car381009-2026-Pass1-Z1-2MU00693_20260729_004019_000;0.0;1.8;43.0;Leppun;0.97;;;;;
Car381009-2026-Pass1-Z1-2MU00693_20260729_004019_000;0.0;1.8;27.0;Phogri;0.1;;;;;
Car381009-2026-Pass1-Z1-2MU00693_20260729_004023_000;0.0;1.7;37.0;Leppun;0.9;;;;;
Car381009-2026-Pass1-Z1-2MU00693_20260729_004023_000;0.3;2.0;28.0;noise;0.1;Phogri;;;;
Car381009-2026-Pass1-Z1-2MU00693_20260729_004031_000;0.0;1.9;38.0;Leppun;0.94;;;;;
Car381009-2026-Pass1-Z1-2MU00693_20260729_004031_000;0.4;3.9;26.0;Phogri;0.24;;;;;
Car381009-2026-Pass1-Z1-2MU00693_20260729_004036_000;0.0;1.2;29.0;Leppun;0.72;;;;;
Car381009-2026-Pass1-Z1-2MU00693_20260729_004036_000;0.6;1.6;27.0;Rhasp;0.25;;;;;
Car381009-2026-Pass1-Z1-2MU00693_20260729_004041_000;0.0;2.1;30.0;Leppun;0.92;;;;;
Car381009-2026-Pass1-Z1-2MU00693_20260729_004041_000;0.1;1.7;25.0;Phogri;0.14;;;;;
Car381009-2026-Pass1-Z1-2MU00693_20260729_004046_000;0.0;1.7;44.0;Leppun;0.96;;;;;
Car381009-2026-Pass1-Z1-2MU00693_20260729_004046_000;0.2;2.9;26.0;Rhasp;0.09;Phogri;;;;
Car381009-2026-Pass1-Z1-2MU00693_20260729_004052_000;0.9;4.2;26.0;Isopyr;0.55;;;;;
Car381009-2026-Pass1-Z1-2MU00693_20260729_004052_000;0.0;4.2;28.0;Leppun;0.91;;;;;
Car381009-2026-Pass1-Z1-2MU00693_20260729_004052_000;0.1;4.3;25.0;Phogri;0.11;;;;;
Car381009-2026-Pass1-Z1-2MU00693_20260729_004057_000;0.0;2.2;39.0;Leppun;0.95;;;;;
Car381009-2026-Pass1-Z1-2MU00693_20260729_004057_000;0.8;2.2;25.0;noise;0.1;Phogri;;;;
Car381009-2026-Pass1-Z1-2MU00693_20260729_004104_000;0.0;1.6;37.0;Leppun;0.44;;;;;
Car381009-2026-Pass1-Z1-2MU00693_20260729_004104_000;0.0;2.1;26.0;noise;0.11;;;;;
Car381009-2026-Pass1-Z1-2MU00693_20260729_004108_000;0.0;2.0;28.0;Leppun;0.95;;;;;
Car381009-2026-Pass1-Z1-2MU00693_20260729_004108_000;0.2;1.9;26.0;Phogri;0.04;noise, Tetvir, Rhasp, Plaint;;;;
Car381009-2026-Pass1-Z1-2MU00693_20260729_004112_000;0.0;1.9;35.0;Leppun;0.93;;;;;
Car381009-2026-Pass1-Z1-2MU00693_20260729_004112_000;0.4;2.0;27.0;Phogri;0.06;noise, Rhasp;;;;
Car381009-2026-Pass1-Z1-2MU00693_20260729_004114_000;0.0;1.8;36.0;Leppun;0.94;;;;;
Car381009-2026-Pass1-Z1-2MU00693_20260729_004114_000;0.7;1.8;25.0;Phogri;0.08;Rhasp;;;;
Car381009-2026-Pass1-Z1-2MU00693_20260729_004117_000;0.0;1.9;39.0;Leppun;0.97;;;;;
Car381009-2026-Pass1-Z1-2MU00693_20260729_004117_000;0.0;1.9;27.0;Phogri;0.39;;;;;
Car381009-2026-Pass1-Z1-2MU00693_20260729_004121_000;0.0;1.7;36.0;Leppun;0.94;;;;;
Car381009-2026-Pass1-Z1-2MU00693_20260729_004121_000;0.0;1.7;26.0;Phogri;0.52;;;;;
Car381009-2026-Pass1-Z1-2MU00693_20260729_004128_000;0.0;1.6;44.0;Leppun;0.54;;;;;
Car381009-2026-Pass1-Z1-2MU00693_20260729_004128_000;0.0;1.8;24.0;Phogri;0.04;Rhasp, noise, Tetvir, Plaint;;;;
Car381009-2026-Pass1-Z1-2MU00693_20260729_004132_000;0.0;1.9;42.0;Leppun;0.96;;;;;
Car381009-2026-Pass1-Z1-2MU00693_20260729_004132_000;0.0;1.9;26.0;Rhasp;0.04;Phogri, noise, Tetvir;;;;
Car381009-2026-Pass1-Z1-2MU00693_20260729_004139_000;0.0;1.2;44.0;Leppun;0.97;;;;;
Car381009-2026-Pass1-Z1-2MU00693_20260729_004139_000;0.1;1.8;27.0;Phogri;0.04;noise, Tetvir, Rhasp, Plaint;;;;
Car381009-2026-Pass1-Z1-2MU00693_20260729_004143_000;0.0;1.5;46.0;Leppun;0.93;;;;;
Car381009-2026-Pass1-Z1-2MU00693_20260729_004143_000;0.2;1.5;26.0;Phogri;0.65;;;;;
Car381009-2026-Pass1-Z1-2MU00693_20260729_004148_000;0.0;2.6;46.0;Leppun;0.98;;;;;
Car381009-2026-Pass1-Z1-2MU00693_20260729_004148_000;0.0;2.6;26.0;Phogri;0.1;Pippip;;;;
Car381009-2026-Pass1-Z1-2MU00693_20260729_004152_000;0.0;1.1;42.0;Leppun;0.97;;;;;
Car381009-2026-Pass1-Z1-2MU00693_20260729_004152_000;0.1;2.7;25.0;Phogri;0.06;noise, Rhasp;;;;
Car381009-2026-Pass1-Z1-2MU00693_20260729_004158_000;0.0;2.0;34.0;Leppun;0.94;;;;;
Car381009-2026-Pass1-Z1-2MU00693_20260729_004158_000;0.4;2.0;37.0;noise;0.15;Phogri;;;;
Car381009-2026-Pass1-Z1-2MU00693_20260729_004205_000;0.0;2.0;33.0;Leppun;0.72;;;;;
Car381009-2026-Pass1-Z1-2MU00693_20260729_004205_000;0.5;2.0;26.0;Rhasp;0.91;;;;;
Car381009-2026-Pass1-Z1-2MU00693_20260729_004210_000;0.0;1.7;39.0;Leppun;0.97;;;;;
Car381009-2026-Pass1-Z1-2MU00693_20260729_004210_000;0.8;1.7;28.0;noise;0.09;Phogri;;;;
Car381009-2026-Pass1-Z1-2MU00693_20260729_004215_000;0.0;1.5;42.0;Leppun;0.85;;;;;
Car381009-2026-Pass1-Z1-2MU00693_20260729_004215_000;0.0;1.5;28.0;Rhasp;0.77;;;;;
Car381009-2026-Pass1-Z1-2MU00693_20260729_004221_000;0.0;1.8;37.0;Leppun;0.94;;;;;
Car381009-2026-Pass1-Z1-2MU00693_20260729_004221_000;0.1;1.6;27.0;noise;0.09;Phogri;;;;
Car381009-2026-Pass1-Z1-2MU00693_20260729_004221_000;0.1;1.8;26.0;Rhasp;0.26;;;;;
Car381009-2026-Pass1-Z1-2MU00693_20260729_004224_000;0.0;1.3;30.0;Leppun;0.29;;;;;
Car381009-2026-Pass1-Z1-2MU00693_20260729_004224_000;1.0;2.0;23.0;noise;0.05;Rhasp;;;;
Car381009-2026-Pass1-Z1-2MU00693_20260729_004229_000;0.0;2.1;41.0;Leppun;0.97;;;;;
Car381009-2026-Pass1-Z1-2MU00693_20260729_004229_000;0.8;1.8;25.0;Rhasp;0.14;;;;;
Car381009-2026-Pass1-Z1-2MU00693_20260729_004233_000;0.0;3.0;37.0;Leppun;0.9;;;;;
Car381009-2026-Pass1-Z1-2MU00693_20260729_004233_000;0.5;3.0;25.0;Phogri;0.05;noise, Rhasp;;;;
Car381009-2026-Pass1-Z1-2MU00693_20260729_004239_000;0.0;2.1;36.0;Leppun;0.97;;;;;
Car381009-2026-Pass1-Z1-2MU00693_20260729_004239_000;0.5;1.8;26.0;Phogri;0.79;;;;;
Car381009-2026-Pass1-Z1-2MU00693_20260729_004248_000;0.0;1.8;27.0;Phogri;0.81;;;;;
Car381009-2026-Pass1-Z1-2MU00693_20260729_004248_000;1.1;1.8;47.0;Pipkuh;0.22;;;;;
Car381009-2026-Pass1-Z1-2MU00693_20260729_004259_000;0.5;1.1;38.0;Phogri;0.03;Yposp, Tetvir, Pipkuh, Metbra, Leppun;;;;
Car381009-2026-Pass1-Z1-2MU00693_20260729_004259_000;0.1;3.0;26.0;noise;0.56;;;;;
Car381009-2026-Pass1-Z1-2MU00693_20260729_004305_000;0.0;2.1;28.0;noise;0.33;;;;;
Car381009-2026-Pass1-Z1-2MU00693_20260729_004305_000;0.0;1.9;28.0;Phogri;0.61;;;;;
Car381009-2026-Pass1-Z1-2MU00693_20260729_004313_000;0.0;2.0;26.0;noise;0.38;;;;;
Car381009-2026-Pass1-Z1-2MU00693_20260729_004318_000;0.0;2.1;28.0;Phogri;0.6;;;;;
Car381009-2026-Pass1-Z1-2MU00693_20260729_004318_000;0.0;2.1;11.0;Tetvir;0.89;;;;;
Car381009-2026-Pass1-Z1-2MU00693_20260729_004322_000;0.0;0.1;44.0;noise;0.05;;;;;
Car381009-2026-Pass1-Z1-2MU00693_20260729_004322_000;0.7;1.7;27.0;Phogri;0.53;;;;;
Car381009-2026-Pass1-Z1-2MU00693_20260729_004322_000;0.0;2.1;11.0;Tetvir;0.89;;;;;
Car381009-2026-Pass1-Z1-2MU00693_20260729_004330_000;0.2;2.1;27.0;noise;0.26;;;;;
Car381009-2026-Pass1-Z1-2MU00693_20260729_004330_000;0.2;2.0;27.0;Phogri;0.47;;;;;
Car381009-2026-Pass1-Z1-2MU00693_20260729_004341_000;0.0;1.8;28.0;Phogri;0.59;;;;;
Car381009-2026-Pass1-Z1-2MU00693_20260729_004341_000;0.2;2.0;48.0;Pippip;0.99;;;;;
Car381009-2026-Pass1-Z1-2MU00693_20260729_004341_000;0.0;2.0;24.0;Tetvir;0.76;;;;;
Car381009-2026-Pass1-Z1-2MU00693_20260729_004343_000;1.3;3.6;36.0;Leppun;0.91;;;;;
Car381009-2026-Pass1-Z1-2MU00693_20260729_004343_000;0.0;4.6;45.0;Pippip;0.99;;;;;
Car381009-2026-Pass1-Z1-2MU00693_20260729_004343_000;0.2;4.6;11.0;Tetvir;0.86;;;;;
Car381009-2026-Pass1-Z1-2MU00693_20260729_004350_000;0.5;1.8;38.0;Leppun;0.94;;;;;
Car381009-2026-Pass1-Z1-2MU00693_20260729_004350_000;0.0;2.1;25.0;noise;0.11;;;;;
Car381009-2026-Pass1-Z1-2MU00693_20260729_004355_000;0.0;2.2;44.0;Leppun;0.96;;;;;
Car381009-2026-Pass1-Z1-2MU00693_20260729_004355_000;0.0;2.2;27.0;Phogri;0.08;Pippip, noise;;;;
Car381009-2026-Pass1-Z1-2MU00693_20260729_004355_000;1.1;2.0;10.0;Tetvir;0.93;;;;;
Car381009-2026-Pass1-Z1-2MU00693_20260729_004359_000;0.0;1.9;48.0;Leppun;0.94;;;;;
Car381009-2026-Pass1-Z1-2MU00693_20260729_004359_000;0.6;2.0;26.0;Phogri;0.06;noise, Plaint;;;;
Car381009-2026-Pass1-Z1-2MU00693_20260729_004359_000;1.9;2.0;10.0;Tetvir;0.33;;;;;
Car381009-2026-Pass1-Z1-2MU00693_20260729_004402_000;0.0;3.3;38.0;Leppun;0.13;;;;;
Car381009-2026-Pass1-Z1-2MU00693_20260729_004402_000;0.3;3.3;28.0;Rhasp;0.92;;;;;
Car381009-2026-Pass1-Z1-2MU00693_20260729_004402_000;0.0;3.3;25.0;Tetvir;0.51;;;;;
Car381009-2026-Pass1-Z1-2MU00693_20260729_004406_000;0.0;1.9;39.0;Leppun;0.08;Yposp, noise;;;;
Car381009-2026-Pass1-Z1-2MU00693_20260729_004406_000;0.5;1.9;26.0;Tetvir;0.58;;;;;
Car381009-2026-Pass1-Z1-2MU00693_20260729_004409_000;0.0;5.0;39.0;Leppun;0.97;;;;;
Car381009-2026-Pass1-Z1-2MU00693_20260729_004409_000;0.1;4.4;26.0;noise;0.11;Phogri;;;;
Car381009-2026-Pass1-Z1-2MU00693_20260729_004409_000;0.0;4.9;18.0;Tetvir;0.91;;;;;
Car381009-2026-Pass1-Z1-2MU00693_20260729_004415_000;0.0;1.7;43.0;Leppun;0.96;;;;;
Car381009-2026-Pass1-Z1-2MU00693_20260729_004415_000;0.0;1.7;11.0;Tetvir;0.76;;;;;
Car381009-2026-Pass1-Z1-2MU00693_20260729_004418_000;0.0;2.4;45.0;Leppun;0.96;;;;;
Car381009-2026-Pass1-Z1-2MU00693_20260729_004418_000;0.2;1.2;10.0;Tetvir;0.77;;;;;
Car381009-2026-Pass1-Z1-2MU00693_20260729_004422_000;0.3;0.6;35.0;Yposp;0.05;noise;;;;
Car381009-2026-Pass1-Z1-2MU00693_20260729_004422_000;0.0;1.3;37.0;Leppun;0.69;;;;;
Car381009-2026-Pass1-Z1-2MU00693_20260729_004422_000;1.4;2.0;10.0;Tetvir;0.44;;;;;
Car381009-2026-Pass1-Z1-2MU00693_20260729_004425_000;0.0;2.7;39.0;Leppun;0.88;;;;;
Car381009-2026-Pass1-Z1-2MU00693_20260729_004425_000;0.0;2.6;28.0;Phogri;0.3;;;;;
Car381009-2026-Pass1-Z1-2MU00693_20260729_004425_000;0.0;2.6;33.0;Testes;0.12;noise;;;;
Car381009-2026-Pass1-Z1-2MU00693_20260729_004430_000;0.0;4.1;38.0;Leppun;0.94;;;;;
Car381009-2026-Pass1-Z1-2MU00693_20260729_004430_000;0.8;2.7;24.0;Nyclei;0.48;;;;;
Car381009-2026-Pass1-Z1-2MU00693_20260729_004430_000;0.8;3.8;23.0;Tetvir;0.55;;;;;
Car381009-2026-Pass1-Z1-2MU00693_20260729_004434_000;0.0;2.0;39.0;Leppun;0.95;;;;;
Car381009-2026-Pass1-Z1-2MU00693_20260729_004434_000;1.0;1.6;25.0;noise;0.09;Phogri;;;;
Car381009-2026-Pass1-Z1-2MU00693_20260729_004434_000;0.0;2.2;11.0;Tetvir;0.87;;;;;
Car381009-2026-Pass1-Z1-2MU00693_20260729_004439_000;0.0;1.9;48.0;Leppun;0.96;;;;;
Car381009-2026-Pass1-Z1-2MU00693_20260729_004439_000;0.1;2.5;25.0;noise;0.31;;;;;
Car381009-2026-Pass1-Z1-2MU00693_20260729_004442_000;0.0;3.6;28.0;noise;0.28;;;;;
Car381009-2026-Pass1-Z1-2MU00693_20260729_004442_000;0.1;3.5;24.0;Phogri;0.55;;;;;
Car381009-2026-Pass1-Z1-2MU00693_20260729_004442_000;0.0;3.6;19.0;Tetvir;0.93;;;;;
Car381009-2026-Pass1-Z1-2MU00693_20260729_004447_000;0.0;4.8;36.0;Leppun;0.89;;;;;
Car381009-2026-Pass1-Z1-2MU00693_20260729_004447_000;1.2;4.9;28.0;Phogri;0.51;;;;;
Car381009-2026-Pass1-Z1-2MU00693_20260729_004447_000;0.5;4.8;33.0;Testes;0.88;;;;;
Car381009-2026-Pass1-Z1-2MU00693_20260729_004447_000;0.2;5.0;16.0;Tetvir;0.83;;;;;
Car381009-2026-Pass1-Z1-2MU00693_20260729_004458_000;0.1;2.5;37.0;Leppun;0.97;;;;;
Car381009-2026-Pass1-Z1-2MU00693_20260729_004458_000;0.7;5.0;26.0;Phogri;0.64;;;;;
Car381009-2026-Pass1-Z1-2MU00693_20260729_004458_000;0.0;4.8;46.0;Pippip;0.99;;;;;
Car381009-2026-Pass1-Z1-2MU00693_20260729_004458_000;0.0;4.1;11.0;Tetvir;0.94;;;;;
Car381009-2026-Pass1-Z1-2MU00693_20260729_004507_000;0.0;4.9;44.0;Leppun;0.9;;;;;
Car381009-2026-Pass1-Z1-2MU00693_20260729_004507_000;1.6;4.9;34.0;noise;0.11;Phogri;;;;
Car381009-2026-Pass1-Z1-2MU00693_20260729_004507_000;0.2;4.9;32.0;Tetvir;0.69;;;;;
Car381009-2026-Pass1-Z1-2MU00693_20260729_004518_000;1.0;2.4;29.0;Leppun;0.93;;;;;
Car381009-2026-Pass1-Z1-2MU00693_20260729_004518_000;0.0;2.4;29.0;Phogri;0.65;;;;;
Car381009-2026-Pass1-Z1-2MU00693_20260729_004522_000;0.1;0.2;45.0;Leppun;0.35;;;;;
Car381009-2026-Pass1-Z1-2MU00693_20260729_004522_000;0.1;3.1;27.0;noise;0.21;;;;;
Car381009-2026-Pass1-Z1-2MU00693_20260729_004522_000;0.0;2.9;27.0;Phogri;0.78;;;;;
Car381009-2026-Pass1-Z1-2MU00693_20260729_004527_000;0.0;5.0;28.0;Leppun;0.68;;;;;
Car381009-2026-Pass1-Z1-2MU00693_20260729_004527_000;0.0;5.0;26.0;Tetvir;0.77;;;;;
Car381009-2026-Pass1-Z1-2MU00693_20260729_004535_000;0.0;3.3;39.0;Leppun;0.96;;;;;
Car381009-2026-Pass1-Z1-2MU00693_20260729_004535_000;0.2;4.5;27.0;Phogri;0.77;;;;;
Car381009-2026-Pass1-Z1-2MU00693_20260729_004535_000;0.3;5.0;11.0;Tetvir;0.89;;;;;
Car381009-2026-Pass1-Z1-2MU00693_20260729_004548_000;0.0;3.9;48.0;Leppun;0.94;;;;;
Car381009-2026-Pass1-Z1-2MU00693_20260729_004548_000;0.9;4.7;26.0;Phogri;0.09;noise;;;;
Car381009-2026-Pass1-Z1-2MU00693_20260729_004548_000;0.1;4.3;25.0;Tetvir;0.86;;;;;
Car381009-2026-Pass1-Z1-2MU00693_20260729_004600_000;0.0;1.8;41.0;Leppun;0.97;;;;;
Car381009-2026-Pass1-Z1-2MU00693_20260729_004600_000;0.1;1.7;22.0;noise;0.42;Tetvir;;;;
Car381009-2026-Pass1-Z1-2MU00693_20260729_004600_000;0.2;1.7;25.0;Phogri;0.27;;;;;
Car381009-2026-Pass1-Z1-2MU00693_20260729_004603_000;0.6;1.8;41.0;Leppun;0.91;;;;;
Car381009-2026-Pass1-Z1-2MU00693_20260729_004603_000;0.0;2.5;26.0;Phogri;0.07;Rhasp, noise;;;;
Car381009-2026-Pass1-Z1-2MU00693_20260729_004603_000;0.0;3.5;10.0;Tetvir;0.88;;;;;
Car381009-2026-Pass1-Z1-2MU00693_20260729_004608_000;0.0;2.0;36.0;Leppun;0.98;;;;;
Car381009-2026-Pass1-Z1-2MU00693_20260729_004608_000;0.4;3.9;26.0;Phogri;0.99;;;;;
Car381009-2026-Pass1-Z1-2MU00693_20260729_004608_000;2.4;3.1;54.0;Pippyg;0.76;;;;;
Car381009-2026-Pass1-Z1-2MU00693_20260729_004612_000;0.4;5.0;28.0;Phogri;0.49;;;;;
Car381009-2026-Pass1-Z1-2MU00693_20260729_004612_000;0.3;4.7;54.0;Pippyg;0.91;;Pippyg;SUR;;
Car381009-2026-Pass1-Z1-2MU00693_20260729_004612_000;0.0;5.0;16.0;Tetvir;0.91;;;;;
Car381009-2026-Pass1-Z1-2MU00693_20260729_004622_000;0.1;5.0;38.0;Leppun;0.94;;;;;
Car381009-2026-Pass1-Z1-2MU00693_20260729_004622_000;0.3;5.0;23.0;noise;0.62;;;;;
Car381009-2026-Pass1-Z1-2MU00693_20260729_004622_000;1.0;5.0;41.0;Phogri;0.89;;;;;
Car381009-2026-Pass1-Z1-2MU00693_20260729_004630_000;0.4;4.1;33.0;Leppun;0.96;;;;;
Car381009-2026-Pass1-Z1-2MU00693_20260729_004630_000;0.0;4.3;21.0;Tetvir;0.88;;;;;
Car381009-2026-Pass1-Z1-2MU00693_20260729_004635_000;0.0;4.3;52.0;Leppun;0.92;;;;;
Car381009-2026-Pass1-Z1-2MU00693_20260729_004635_000;0.0;4.9;31.0;Phogri;0.66;;;;;
Car381009-2026-Pass1-Z1-2MU00693_20260729_004635_000;0.0;4.3;10.0;Tetvir;0.95;;;;;
Car381009-2026-Pass1-Z1-2MU00693_20260729_004641_000;0.0;4.9;40.0;Leppun;0.52;;;;;
Car381009-2026-Pass1-Z1-2MU00693_20260729_004641_000;0.3;3.7;25.0;Phogri;0.13;noise;;;;
Car381009-2026-Pass1-Z1-2MU00693_20260729_004641_000;1.0;3.6;28.0;Nyclei;0.42;;;;;
Car381009-2026-Pass1-Z1-2MU00693_20260729_004641_000;0.1;3.7;48.0;Pippip;0.97;;;;;
Car381009-2026-Pass1-Z1-2MU00693_20260729_004641_000;0.2;4.4;27.0;Tetvir;0.74;;;;;
Car381009-2026-Pass1-Z1-2MU00693_20260729_004648_000;0.0;4.9;35.0;Leppun;0.84;;;;;
Car381009-2026-Pass1-Z1-2MU00693_20260729_004648_000;0.0;5.0;28.0;Phogri;0.28;;;;;
Car381009-2026-Pass1-Z1-2MU00693_20260729_004648_000;0.6;4.9;22.0;Tetvir;0.87;;;;;
Car381009-2026-Pass1-Z1-2MU00693_20260729_004656_000;0.0;2.8;38.0;Leppun;0.95;;;;;
Car381009-2026-Pass1-Z1-2MU00693_20260729_004656_000;0.0;2.7;23.0;noise;0.41;;;;;
Car381009-2026-Pass1-Z1-2MU00693_20260729_004659_000;0.0;2.7;32.0;Leppun;0.28;;;;;
Car381009-2026-Pass1-Z1-2MU00693_20260729_004659_000;0.1;2.3;26.0;Phogri;0.61;;;;;
Car381009-2026-Pass1-Z1-2MU00693_20260729_004702_000;0.9;3.5;39.0;Leppun;0.9;;;;;
Car381009-2026-Pass1-Z1-2MU00693_20260729_004702_000;0.0;4.1;14.0;Phogri;0.73;;;;;
Car381009-2026-Pass1-Z1-2MU00693_20260729_004702_000;0.0;4.1;26.0;Rhasp;0.06;Antsp, noise;;;;
Car381009-2026-Pass1-Z1-2MU00693_20260729_004707_000;0.0;3.3;40.0;Leppun;0.95;;;;;
Car381009-2026-Pass1-Z1-2MU00693_20260729_004707_000;0.1;2.6;13.0;noise;0.16;;;;;
Car381009-2026-Pass1-Z1-2MU00693_20260729_004707_000;0.0;3.4;24.0;Phogri;0.13;;;;;
Car381009-2026-Pass1-Z1-2MU00693_20260729_004711_000;0.0;1.8;30.0;Phogri;0.42;;;;;
Car381009-2026-Pass1-Z1-2MU00693_20260729_004711_000;0.4;2.0;30.0;Testes;0.13;;;;;
Car381009-2026-Pass1-Z1-2MU00693_20260729_004711_000;0.0;2.0;26.0;Tetvir;0.8;;;;;
Car381009-2026-Pass1-Z1-2MU00693_20260729_004713_000;0.4;2.6;33.0;Leppun;0.55;;;;;
Car381009-2026-Pass1-Z1-2MU00693_20260729_004713_000;0.0;2.6;27.0;Phogri;0.54;;;;;
Car381009-2026-Pass1-Z1-2MU00693_20260729_004713_000;1.1;3.2;11.0;Tetvir;0.78;;;;;
Car381009-2026-Pass1-Z1-2MU00693_20260729_004718_000;0.3;4.0;33.0;Leppun;0.12;;;;;
Car381009-2026-Pass1-Z1-2MU00693_20260729_004718_000;0.5;3.5;26.0;noise;0.08;Phogri;;;;
Car381009-2026-Pass1-Z1-2MU00693_20260729_004718_000;0.0;3.8;11.0;Tetvir;0.94;;;;;
Car381009-2026-Pass1-Z1-2MU00693_20260729_004723_000;1.8;4.1;38.0;Leppun;0.67;;;;;
Car381009-2026-Pass1-Z1-2MU00693_20260729_004723_000;0.7;4.1;28.0;Phogri;0.05;noise;;;;
Car381009-2026-Pass1-Z1-2MU00693_20260729_004723_000;0.0;4.1;20.0;Tetvir;0.94;;;;;
Car381009-2026-Pass1-Z1-2MU00693_20260729_004728_000;0.7;5.0;36.0;Leppun;0.94;;;;;
Car381009-2026-Pass1-Z1-2MU00693_20260729_004728_000;0.0;5.0;28.0;Phogri;0.17;noise;;;;
Car381009-2026-Pass1-Z1-2MU00693_20260729_004728_000;0.3;5.0;11.0;Tetvir;0.9;;;;;
Car381009-2026-Pass1-Z1-2MU00693_20260729_004736_000;0.9;1.0;50.0;Leppun;0.92;;;;;
Car381009-2026-Pass1-Z1-2MU00693_20260729_004736_000;0.0;2.7;10.0;Tetvir;0.97;;;;;
Car381009-2026-Pass1-Z1-2MU00693_20260729_004740_000;0.0;3.8;35.0;Leppun;0.96;;;;;
Car381009-2026-Pass1-Z1-2MU00693_20260729_004740_000;0.0;3.8;28.0;Phogri;0.36;;;;;
Car381009-2026-Pass1-Z1-2MU00693_20260729_004740_000;0.1;3.6;11.0;Tetvir;0.91;;;;;
Car381009-2026-Pass1-Z1-2MU00693_20260729_004745_000;0.0;1.6;31.0;Phogri;0.49;;;;;
Car381009-2026-Pass1-Z1-2MU00693_20260729_004745_000;0.0;1.6;27.0;Tetvir;0.62;;;;;
Car381009-2026-Pass1-Z1-2MU00693_20260729_004747_000;0.0;1.0;50.0;Leppun;0.17;;;;;
Car381009-2026-Pass1-Z1-2MU00693_20260729_004747_000;0.3;2.2;20.0;Tetvir;0.92;;;;;
Car381009-2026-Pass1-Z1-2MU00693_20260729_004750_000;1.0;3.0;37.0;Leppun;0.09;noise;;;;
Car381009-2026-Pass1-Z1-2MU00693_20260729_004750_000;0.6;3.1;30.0;Testes;0.53;;;;;
Car381009-2026-Pass1-Z1-2MU00693_20260729_004750_000;0.2;3.1;11.0;Tetvir;0.92;;;;;
Car381009-2026-Pass1-Z1-2MU00693_20260729_004754_000;0.3;2.0;32.0;Leppun;0.21;;;;;
Car381009-2026-Pass1-Z1-2MU00693_20260729_004754_000;0.3;2.5;11.0;Tetvir;0.91;;;;;
Car381009-2026-Pass1-Z1-2MU00693_20260729_004758_000;0.0;1.9;39.0;noise;0.2;;;;;
Car381009-2026-Pass1-Z1-2MU00693_20260729_004758_000;1.1;1.6;10.0;Tetvir;0.82;;;;;
Car381009-2026-Pass1-Z1-2MU00693_20260729_004801_000;0.5;1.2;42.0;Leppun;0.4;;;;;
Car381009-2026-Pass1-Z1-2MU00693_20260729_004801_000;0.0;2.5;22.0;Tetvir;0.84;;;;;
Car381009-2026-Pass1-Z1-2MU00693_20260729_004804_000;0.1;2.0;26.0;noise;0.19;;;;;
Car381009-2026-Pass1-Z1-2MU00693_20260729_004804_000;0.0;1.0;32.0;Phogri;0.72;;;;;
Car381009-2026-Pass1-Z1-2MU00693_20260729_004806_000;0.0;3.3;49.0;Leppun;0.85;;;;;
Car381009-2026-Pass1-Z1-2MU00693_20260729_004806_000;1.0;3.3;25.0;Phogri;0.9;;;;;
Car381009-2026-Pass1-Z1-2MU00693_20260729_004806_000;0.0;3.2;21.0;Tetvir;0.87;;;;;
Car381009-2026-Pass1-Z1-2MU00693_20260729_004810_000;0.0;2.0;39.0;Leppun;0.96;;;;;
Car381009-2026-Pass1-Z1-2MU00693_20260729_004810_000;0.0;2.0;27.0;Phogri;0.84;;;;;
Car381009-2026-Pass1-Z1-2MU00693_20260729_004810_000;0.0;1.8;11.0;Tetvir;0.87;;;;;
Car381009-2026-Pass1-Z1-2MU00693_20260729_004813_000;0.6;3.7;26.0;Phogri;0.85;;;;;
Car381009-2026-Pass1-Z1-2MU00693_20260729_004813_000;0.3;3.2;33.0;Testes;0.34;;;;;
Car381009-2026-Pass1-Z1-2MU00693_20260729_004813_000;0.0;4.2;22.0;Tetvir;0.89;;;;;
Car381009-2026-Pass1-Z1-2MU00693_20260729_004818_000;0.0;2.3;40.0;Leppun;0.98;;;;;
Car381009-2026-Pass1-Z1-2MU00693_20260729_004818_000;0.2;2.8;21.0;Tetvir;0.68;;;;;
Car381009-2026-Pass1-Z1-2MU00693_20260729_004821_000;0.0;4.8;40.0;Leppun;0.93;;;;;
Car381009-2026-Pass1-Z1-2MU00693_20260729_004821_000;0.6;4.8;26.0;Phogri;0.38;;;;;
Car381009-2026-Pass1-Z1-2MU00693_20260729_004821_000;0.0;4.5;23.0;Tetvir;0.64;;;;;
Car381009-2026-Pass1-Z1-2MU00693_20260729_004827_000;0.0;4.7;37.0;Leppun;0.96;;;;;
Car381009-2026-Pass1-Z1-2MU00693_20260729_004827_000;0.8;5.0;27.0;Phogri;0.75;;;;;
Car381009-2026-Pass1-Z1-2MU00693_20260729_004827_000;0.1;4.0;21.0;Tetvir;0.72;;;;;
Car381009-2026-Pass1-Z1-2MU00693_20260729_004835_000;0.0;4.3;40.0;Leppun;0.96;;;;;
Car381009-2026-Pass1-Z1-2MU00693_20260729_004835_000;0.0;1.1;30.0;Testes;0.29;;;;;
Car381009-2026-Pass1-Z1-2MU00693_20260729_004835_000;0.1;4.5;12.0;Tetvir;0.92;;;;;
Car381009-2026-Pass1-Z1-2MU00693_20260729_004850_000;0.0;4.1;32.0;Leppun;0.6;;;;;
Car381009-2026-Pass1-Z1-2MU00693_20260729_004850_000;0.7;3.7;26.0;Phogri;0.52;;;;;
Car381009-2026-Pass1-Z1-2MU00693_20260729_004850_000;2.9;4.0;29.0;Testes;0.29;;;;;
Car381009-2026-Pass1-Z1-2MU00693_20260729_004855_000;0.0;4.9;30.0;Testes;0.8;;;;;
Car381009-2026-Pass1-Z1-2MU00693_20260729_004855_000;0.0;3.7;24.0;Tetvir;0.73;;;;;
Car381009-2026-Pass1-Z1-2MU00693_20260729_004901_000;0.0;2.3;37.0;Leppun;0.87;;;;;
Car381009-2026-Pass1-Z1-2MU00693_20260729_004901_000;0.0;4.4;26.0;Tetvir;0.92;;;;;
Car381009-2026-Pass1-Z1-2MU00693_20260729_004906_000;0.0;4.8;36.0;Leppun;0.93;;;;;
Car381009-2026-Pass1-Z1-2MU00693_20260729_004906_000;0.5;4.8;25.0;Phogri;0.14;;;;;
Car381009-2026-Pass1-Z1-2MU00693_20260729_004906_000;0.0;4.3;21.0;Tetvir;0.88;;;;;
Car381009-2026-Pass1-Z1-2MU00693_20260729_004913_000;1.5;3.9;34.0;Leppun;0.86;;;;;
Car381009-2026-Pass1-Z1-2MU00693_20260729_004913_000;2.6;3.9;30.0;Testes;0.08;noise, Insp12, Antsp;;;;
Car381009-2026-Pass1-Z1-2MU00693_20260729_004913_000;0.0;4.0;11.0;Tetvir;0.93;;;;;
Car381009-2026-Pass1-Z1-2MU00693_20260729_004919_000;0.2;2.1;29.0;Testes;0.1;noise;;;;
Car381009-2026-Pass1-Z1-2MU00693_20260729_004919_000;0.9;2.0;18.0;Tetvir;0.86;;;;;
Car381009-2026-Pass1-Z1-2MU00693_20260729_004921_000;0.0;2.9;32.0;Leppun;0.96;;;;;
Car381009-2026-Pass1-Z1-2MU00693_20260729_004921_000;0.2;2.9;12.0;Tetvir;0.81;;;;;
Car381009-2026-Pass1-Z1-2MU00693_20260729_004926_000;0.0;1.0;38.0;Leppun;0.97;;;;;
Car381009-2026-Pass1-Z1-2MU00693_20260729_004926_000;0.2;3.8;26.0;noise;0.13;;;;;
Car381009-2026-Pass1-Z1-2MU00693_20260729_004930_000;0.0;4.6;41.0;Leppun;0.96;;;;;
Car381009-2026-Pass1-Z1-2MU00693_20260729_004930_000;0.8;4.6;27.0;noise;0.19;;;;;
Car381009-2026-Pass1-Z1-2MU00693_20260729_004930_000;0.6;2.9;24.0;Nyclei;0.06;Eptser, Phogri, Cyrscu;;;;
Car381009-2026-Pass1-Z1-2MU00693_20260729_004938_000;0.0;1.7;32.0;Leppun;0.53;;;;;
Car381009-2026-Pass1-Z1-2MU00693_20260729_004938_000;0.0;1.7;32.0;Testes;0.1;Antsp, noise, Yposp;;;;
Car381009-2026-Pass1-Z1-2MU00693_20260729_004938_000;0.5;1.7;23.0;Tetvir;0.06;noise, Cyrscu, Nyclei;;;;
Car381009-2026-Pass1-Z1-2MU00693_20260729_004941_000;0.0;3.1;38.0;Leppun;0.81;;;;;
Car381009-2026-Pass1-Z1-2MU00693_20260729_004941_000;0.6;0.7;19.0;noise;0.1;;;;;
Car381009-2026-Pass1-Z1-2MU00693_20260729_004941_000;1.0;2.4;10.0;Tetvir;0.9;;;;;
Car381009-2026-Pass1-Z1-2MU00693_20260729_004946_000;0.0;0.8;40.0;Leppun;0.98;;;;;
Car381009-2026-Pass1-Z1-2MU00693_20260729_004946_000;1.5;1.6;9.0;Tetvir;0.76;;;;;
Car381009-2026-Pass1-Z1-2MU00693_20260729_004949_000;0.0;2.2;39.0;Leppun;0.93;;;;;
Car381009-2026-Pass1-Z1-2MU00693_20260729_004949_000;0.1;2.4;27.0;noise;0.08;Phogri, Rhasp;;;;
Car381009-2026-Pass1-Z1-2MU00693_20260729_004949_000;0.1;2.0;18.0;Tetvir;0.72;;;;;
Car381009-2026-Pass1-Z1-2MU00693_20260729_004953_000;0.0;4.8;36.0;Leppun;0.92;;;;;
Car381009-2026-Pass1-Z1-2MU00693_20260729_004953_000;0.0;4.8;31.0;Testes;0.29;;;;;
Car381009-2026-Pass1-Z1-2MU00693_20260729_004953_000;0.1;4.9;23.0;Tetvir;0.77;;;;;
Car381009-2026-Pass1-Z1-2MU00693_20260729_005009_000;0.8;3.9;38.0;Leppun;0.19;;;;;
Car381009-2026-Pass1-Z1-2MU00693_20260729_005009_000;0.0;3.4;26.0;Phogri;0.71;;;;;
Car381009-2026-Pass1-Z1-2MU00693_20260729_005009_000;0.0;3.8;14.0;Tetvir;0.93;;;;;
Car381009-2026-Pass1-Z1-2MU00693_20260729_005014_000;0.5;4.8;32.0;Leppun;0.87;;;;;
Car381009-2026-Pass1-Z1-2MU00693_20260729_005014_000;0.2;4.1;26.0;noise;0.18;Phogri;;;;
Car381009-2026-Pass1-Z1-2MU00693_20260729_005014_000;0.2;4.7;30.0;Testes;0.68;;;;;
Car381009-2026-Pass1-Z1-2MU00693_20260729_005014_000;0.0;4.7;19.0;Tetvir;0.93;;;;;
Car381009-2026-Pass1-Z1-2MU00693_20260729_005026_000;0.5;4.9;36.0;Leppun;0.97;;;;;
Car381009-2026-Pass1-Z1-2MU00693_20260729_005026_000;1.2;4.3;27.0;noise;0.2;Phogri;;;;
Car381009-2026-Pass1-Z1-2MU00693_20260729_005026_000;0.0;4.9;49.0;Pippip;0.99;;;;;
Car381009-2026-Pass1-Z1-2MU00693_20260729_005026_000;0.0;4.3;24.0;Tetvir;0.81;;;;;
Car381009-2026-Pass1-Z1-2MU00693_20260729_005034_000;0.0;2.8;37.0;Leppun;0.94;;;;;
Car381009-2026-Pass1-Z1-2MU00693_20260729_005034_000;0.1;2.9;26.0;Phogri;0.77;;;;;
Car381009-2026-Pass1-Z1-2MU00693_20260729_005034_000;0.1;2.9;48.0;Pippip;0.99;;;;;
Car381009-2026-Pass1-Z1-2MU00693_20260729_005034_000;0.9;2.9;11.0;Tetvir;0.94;;;;;
Car381009-2026-Pass1-Z1-2MU00693_20260729_005038_000;0.0;1.7;40.0;Leppun;0.97;;;;;
Car381009-2026-Pass1-Z1-2MU00693_20260729_005038_000;0.8;2.8;26.0;Phogri;0.77;;;;;
Car381009-2026-Pass1-Z1-2MU00693_20260729_005038_000;0.8;1.2;48.0;Pippip;0.98;;;;;
Car381009-2026-Pass1-Z1-2MU00693_20260729_005038_000;0.0;1.3;11.0;Tetvir;0.63;;;;;
Car381009-2026-Pass1-Z1-2MU00693_20260729_005042_000;0.0;1.9;34.0;Leppun;0.97;;;;;
Car381009-2026-Pass1-Z1-2MU00693_20260729_005042_000;0.9;1.0;21.0;noise;0.2;;;;;
Car381009-2026-Pass1-Z1-2MU00693_20260729_005042_000;0.1;3.1;47.0;Pippip;0.99;;;;;
Car381009-2026-Pass1-Z1-2MU00693_20260729_005042_000;0.4;2.7;11.0;Tetvir;0.85;;;;;
Car381009-2026-Pass1-Z1-2MU00693_20260729_005047_000;0.0;1.8;37.0;Leppun;0.86;;;;;
Car381009-2026-Pass1-Z1-2MU00693_20260729_005047_000;0.1;1.8;30.0;Testes;0.15;;;;;
Car381009-2026-Pass1-Z1-2MU00693_20260729_005047_000;0.0;1.8;10.0;Tetvir;0.8;;;;;
Car381009-2026-Pass1-Z1-2MU00693_20260729_005051_000;0.0;1.5;39.0;Leppun;0.94;;;;;
Car381009-2026-Pass1-Z1-2MU00693_20260729_005051_000;0.6;1.6;26.0;Phogri;0.45;;;;;
Car381009-2026-Pass1-Z1-2MU00693_20260729_005051_000;0.4;1.4;28.0;Tetvir;0.58;;;;;
Car381009-2026-Pass1-Z1-2MU00693_20260729_005055_000;0.0;1.6;36.0;Leppun;0.96;;;;;
Car381009-2026-Pass1-Z1-2MU00693_20260729_005055_000;0.3;2.9;25.0;Phogri;0.64;;;;;
Car381009-2026-Pass1-Z1-2MU00693_20260729_005055_000;0.1;2.4;23.0;Tetvir;0.9;;;;;
Car381009-2026-Pass1-Z1-2MU00693_20260729_005101_000;0.0;2.4;39.0;Leppun;0.77;;;;;
Car381009-2026-Pass1-Z1-2MU00693_20260729_005101_000;0.5;1.2;23.0;noise;0.05;Phogri, Phanan, Cyrscu;;;;
Car381009-2026-Pass1-Z1-2MU00693_20260729_005101_000;0.0;2.4;18.0;Tetvir;0.7;;;;;
Car381009-2026-Pass1-Z1-2MU00693_20260729_005104_000;0.0;1.5;39.0;Leppun;0.97;;;;;
Car381009-2026-Pass1-Z1-2MU00693_20260729_005104_000;0.8;1.4;25.0;Tetvir;0.36;;;;;
Car381009-2026-Pass1-Z1-2MU00693_20260729_005107_000;0.0;3.2;39.0;Leppun;0.89;;;;;
Car381009-2026-Pass1-Z1-2MU00693_20260729_005107_000;0.6;2.4;27.0;Phogri;0.43;;;;;
Car381009-2026-Pass1-Z1-2MU00693_20260729_005107_000;0.2;2.9;10.0;Tetvir;0.92;;;;;
Car381009-2026-Pass1-Z1-2MU00693_20260729_005113_000;0.0;1.5;28.0;Leppun;0.61;;;;;
Car381009-2026-Pass1-Z1-2MU00693_20260729_005113_000;0.0;1.5;23.0;Tetvir;0.61;;;;;
Car381009-2026-Pass1-Z1-2MU00693_20260729_005117_000;0.0;4.9;32.0;Testes;0.78;;;;;
Car381009-2026-Pass1-Z1-2MU00693_20260729_005117_000;0.1;4.7;18.0;Tetvir;0.88;;;;;
Car381009-2026-Pass1-Z1-2MU00693_20260729_005125_000;0.0;1.7;39.0;Leppun;0.94;;;;;
Car381009-2026-Pass1-Z1-2MU00693_20260729_005125_000;0.5;3.6;11.0;Tetvir;0.73;;;;;
Car381009-2026-Pass1-Z1-2MU00693_20260729_005130_000;0.0;1.8;32.0;Leppun;0.98;;;;;
Car381009-2026-Pass1-Z1-2MU00693_20260729_005130_000;0.2;0.4;25.0;Phogri;0.82;;;;;
Car381009-2026-Pass1-Z1-2MU00693_20260729_005134_000;0.0;2.2;42.0;Leppun;0.89;;;;;
Car381009-2026-Pass1-Z1-2MU00693_20260729_005134_000;0.3;2.2;27.0;Phogri;0.73;;;;;
Car381009-2026-Pass1-Z1-2MU00693_20260729_005139_000;0.0;1.8;39.0;Leppun;0.43;;;;;
Car381009-2026-Pass1-Z1-2MU00693_20260729_005139_000;0.1;1.9;24.0;noise;0.15;;;;;
Car381009-2026-Pass1-Z1-2MU00693_20260729_005143_000;0.0;0.7;38.0;Leppun;0.79;;;;;
Car381009-2026-Pass1-Z1-2MU00693_20260729_005143_000;0.4;2.0;24.0;Phogri;0.48;;;;;
Car381009-2026-Pass1-Z1-2MU00693_20260729_005143_000;0.5;1.9;11.0;Tetvir;0.95;;;;;
Car381009-2026-Pass1-Z1-2MU00693_20260729_005148_000;0.0;4.0;36.0;Leppun;0.98;;;;;
Car381009-2026-Pass1-Z1-2MU00693_20260729_005148_000;0.2;3.9;28.0;Phogri;0.62;;;;;
Car381009-2026-Pass1-Z1-2MU00693_20260729_005148_000;0.2;3.9;21.0;Tetvir;0.88;;;;;
Car381009-2026-Pass1-Z1-2MU00693_20260729_005152_000;0.0;1.8;34.0;Leppun;0.86;;;;;
Car381009-2026-Pass1-Z1-2MU00693_20260729_005152_000;0.0;2.0;10.0;Tetvir;0.82;;;;;
Car381009-2026-Pass1-Z1-2MU00693_20260729_005156_000;0.0;1.0;32.0;Leppun;0.34;;;;;
Car381009-2026-Pass1-Z1-2MU00693_20260729_005156_000;0.1;1.3;26.0;noise;0.08;Phogri;;;;
Car381009-2026-Pass1-Z1-2MU00693_20260729_005156_000;0.4;1.8;10.0;Tetvir;0.85;;;;;
Car381009-2026-Pass1-Z1-2MU00693_20260729_005158_000;0.0;3.8;34.0;Leppun;0.81;;;;;
Car381009-2026-Pass1-Z1-2MU00693_20260729_005158_000;0.0;3.9;22.0;noise;0.47;;;;;
Car381009-2026-Pass1-Z1-2MU00693_20260729_005204_000;0.0;3.3;40.0;Leppun;0.96;;;;;
Car381009-2026-Pass1-Z1-2MU00693_20260729_005204_000;2.4;3.3;26.0;noise;0.14;Phogri;;;;
Car381009-2026-Pass1-Z1-2MU00693_20260729_005204_000;0.6;3.3;19.0;Tetvir;0.92;;;;;
Car381009-2026-Pass1-Z1-2MU00693_20260729_005208_000;0.0;2.1;41.0;Leppun;0.95;;;;;
Car381009-2026-Pass1-Z1-2MU00693_20260729_005208_000;0.1;2.1;13.0;Phogri;0.65;;;;;
Car381009-2026-Pass1-Z1-2MU00693_20260729_005212_000;0.0;1.3;36.0;Leppun;0.93;;;;;
Car381009-2026-Pass1-Z1-2MU00693_20260729_005212_000;1.1;1.8;25.0;Phogri;0.42;;;;;
Car381009-2026-Pass1-Z1-2MU00693_20260729_005212_000;0.8;1.6;10.0;Tetvir;0.64;;;;;
Car381009-2026-Pass1-Z1-2MU00693_20260729_005215_000;0.4;3.5;30.0;Leppun;0.68;;;;;
Car381009-2026-Pass1-Z1-2MU00693_20260729_005215_000;0.0;3.5;26.0;Phogri;0.32;;;;;
Car381009-2026-Pass1-Z1-2MU00693_20260729_005215_000;0.1;3.5;11.0;Tetvir;0.95;;;;;
Car381009-2026-Pass1-Z1-2MU00693_20260729_005221_000;0.0;0.8;25.0;Leppun;0.9;;;;;
Car381009-2026-Pass1-Z1-2MU00693_20260729_005225_000;0.0;0.1;42.0;Leppun;0.87;;;;;
Car381009-2026-Pass1-Z1-2MU00693_20260729_005225_000;0.8;2.7;26.0;Phogri;0.71;;;;;
Car381009-2026-Pass1-Z1-2MU00693_20260729_005229_000;0.0;3.2;40.0;Leppun;0.96;;;;;
Car381009-2026-Pass1-Z1-2MU00693_20260729_005229_000;0.3;2.9;22.0;noise;0.14;;;;;
Car381009-2026-Pass1-Z1-2MU00693_20260729_005234_000;0.0;1.5;39.0;Leppun;0.98;;;;;
Car381009-2026-Pass1-Z1-2MU00693_20260729_005234_000;0.0;2.1;23.0;Tetvir;0.81;;;;;
Car381009-2026-Pass1-Z1-2MU00693_20260729_005240_000;0.0;1.3;33.0;Leppun;0.96;;;;;
Car381009-2026-Pass1-Z1-2MU00693_20260729_005240_000;0.3;1.9;10.0;Tetvir;0.64;;;;;
Car381009-2026-Pass1-Z1-2MU00693_20260729_005242_000;0.0;4.4;35.0;Leppun;0.96;;;;;
Car381009-2026-Pass1-Z1-2MU00693_20260729_005242_000;0.0;4.4;26.0;Phogri;0.69;;;;;
Car381009-2026-Pass1-Z1-2MU00693_20260729_005248_000;0.0;2.4;40.0;Leppun;0.94;;;;;
Car381009-2026-Pass1-Z1-2MU00693_20260729_005248_000;0.5;3.6;27.0;Phogri;0.75;;;;;
Car381009-2026-Pass1-Z1-2MU00693_20260729_005253_000;0.0;2.4;39.0;Leppun;0.88;;;;;
Car381009-2026-Pass1-Z1-2MU00693_20260729_005253_000;0.8;2.4;19.0;Tetvir;0.55;;;;;
Car381009-2026-Pass1-Z1-2MU00693_20260729_005256_000;0.0;2.3;43.0;Leppun;0.51;;;;;
Car381009-2026-Pass1-Z1-2MU00693_20260729_005256_000;1.5;2.7;10.0;Tetvir;0.88;;;;;
Car381009-2026-Pass1-Z1-2MU00693_20260729_005302_000;0.0;1.5;44.0;Leppun;0.48;;;;;
Car381009-2026-Pass1-Z1-2MU00693_20260729_005302_000;0.4;1.5;30.0;Phogri;0.65;;;;;
Car381009-2026-Pass1-Z1-2MU00693_20260729_005302_000;0.0;2.2;17.0;Tetvir;0.37;;;;;
Car381009-2026-Pass1-Z1-2MU00693_20260729_005307_000;0.0;1.4;30.0;Leppun;0.89;;;;;
Car381009-2026-Pass1-Z1-2MU00693_20260729_005307_000;0.6;1.4;28.0;Phogri;0.78;;;;;
Car381009-2026-Pass1-Z1-2MU00693_20260729_005307_000;0.1;1.0;33.0;Tetvir;0.61;;;;;
Car381009-2026-Pass1-Z1-2MU00693_20260729_005309_000;0.0;2.5;36.0;Leppun;0.47;;;;;
Car381009-2026-Pass1-Z1-2MU00693_20260729_005309_000;1.4;3.0;44.0;noise;0.28;;;;;
Car381009-2026-Pass1-Z1-2MU00693_20260729_005309_000;1.4;3.8;26.0;Phogri;0.35;;;;;
Car381009-2026-Pass1-Z1-2MU00693_20260729_005314_000;0.0;5.0;38.0;Leppun;0.96;;;;;
Car381009-2026-Pass1-Z1-2MU00693_20260729_005314_000;0.0;5.0;29.0;Phogri;0.45;;;;;
Car381009-2026-Pass1-Z1-2MU00693_20260729_005314_000;0.1;4.9;21.0;Tetvir;0.91;;;;;
Car381009-2026-Pass1-Z1-2MU00693_20260729_005319_000;0.0;4.7;38.0;Leppun;0.93;;;;;
Car381009-2026-Pass1-Z1-2MU00693_20260729_005319_000;0.2;4.7;34.0;Phogri;0.18;noise;;;;
Car381009-2026-Pass1-Z1-2MU00693_20260729_005319_000;0.3;4.9;25.0;Tetvir;0.67;;;;;
Car381009-2026-Pass1-Z1-2MU00693_20260729_005325_000;0.0;4.4;40.0;Leppun;0.97;;;;;
Car381009-2026-Pass1-Z1-2MU00693_20260729_005325_000;0.0;4.2;26.0;Phogri;0.6;;;;;
Car381009-2026-Pass1-Z1-2MU00693_20260729_005325_000;0.0;4.5;38.0;Tetvir;0.38;;;;;
Car381009-2026-Pass1-Z1-2MU00693_20260729_005333_000;0.0;0.8;44.0;Leppun;0.75;;;;;
Car381009-2026-Pass1-Z1-2MU00693_20260729_005333_000;0.4;1.5;18.0;noise;0.09;;;;;
Car381009-2026-Pass1-Z1-2MU00693_20260729_005333_000;0.4;1.6;25.0;Phogri;0.03;Tetvir, Plaint;;;;
Car381009-2026-Pass1-Z1-2MU00693_20260729_005337_000;0.0;2.2;38.0;Leppun;0.92;;;;;
Car381009-2026-Pass1-Z1-2MU00693_20260729_005337_000;0.0;2.2;34.0;Phogri;0.98;;;;;
Car381009-2026-Pass1-Z1-2MU00693_20260729_005341_000;0.3;4.6;36.0;Leppun;0.94;;;;;
Car381009-2026-Pass1-Z1-2MU00693_20260729_005341_000;0.0;5.0;33.0;noise;0.13;Phogri;;;;
Car381009-2026-Pass1-Z1-2MU00693_20260729_005349_000;0.0;4.8;40.0;Leppun;0.98;;;;;
Car381009-2026-Pass1-Z1-2MU00693_20260729_005349_000;0.0;5.0;30.0;Phogri;0.92;;;;;
Car381009-2026-Pass1-Z1-2MU00693_20260729_005349_000;2.4;4.5;25.0;Tetvir;0.33;;;;;
Car381009-2026-Pass1-Z1-2MU00693_20260729_005401_000;0.3;4.4;33.0;Leppun;0.66;;;;;
Car381009-2026-Pass1-Z1-2MU00693_20260729_005401_000;0.2;0.3;18.0;noise;0.07;Phanan;;;;
Car381009-2026-Pass1-Z1-2MU00693_20260729_005401_000;0.0;4.3;27.0;Phogri;0.86;;;;;
Car381009-2026-Pass1-Z1-2MU00693_20260729_005407_000;0.0;4.1;33.0;Leppun;0.22;;;;;
Car381009-2026-Pass1-Z1-2MU00693_20260729_005407_000;0.1;4.2;26.0;noise;0.11;Phogri;;;;
Car381009-2026-Pass1-Z1-2MU00693_20260729_005412_000;0.7;2.8;43.0;Leppun;0.26;;;;;
Car381009-2026-Pass1-Z1-2MU00693_20260729_005412_000;0.0;2.8;27.0;noise;0.1;;;;;
Car381009-2026-Pass1-Z1-2MU00693_20260729_005415_000;0.0;4.7;30.0;noise;0.23;Phogri;;;;
Car381009-2026-Pass1-Z1-2MU00693_20260729_005415_000;0.3;4.4;48.0;Pippip;0.99;;;;;
Car381009-2026-Pass1-Z1-2MU00693_20260729_005421_000;0.1;2.2;35.0;Leppun;0.22;;;;;
Car381009-2026-Pass1-Z1-2MU00693_20260729_005421_000;0.0;2.0;31.0;Phogri;0.55;;;;;
Car381009-2026-Pass1-Z1-2MU00693_20260729_005421_000;0.1;2.2;18.0;Tetvir;0.9;;;;;
Car381009-2026-Pass1-Z1-2MU00693_20260729_005423_000;0.1;2.1;33.0;Leppun;0.1;noise;;;;
Car381009-2026-Pass1-Z1-2MU00693_20260729_005423_000;0.0;1.2;33.0;Testes;0.15;;;;;
Car381009-2026-Pass1-Z1-2MU00693_20260729_005423_000;0.0;2.0;17.0;Tetvir;0.63;;;;;
Car381009-2026-Pass1-Z1-2MU00693_20260729_005426_000;0.0;1.4;49.0;Leppun;0.96;;;;;
Car381009-2026-Pass1-Z1-2MU00693_20260729_005426_000;0.4;1.3;21.0;noise;0.14;;;;;
Car381009-2026-Pass1-Z1-2MU00693_20260729_005428_000;0.0;1.2;46.0;Phogri;0.06;;;;;
Car381009-2026-Pass1-Z1-2MU00693_20260729_005428_000;0.0;2.1;30.0;noise;0.21;Phogri;;;;
Car381009-2026-Pass1-Z1-2MU00693_20260729_005431_000;0.0;2.0;36.0;Leppun;0.97;;;;;
Car381009-2026-Pass1-Z1-2MU00693_20260729_005431_000;0.3;1.9;16.0;noise;0.11;;;;;
Car381009-2026-Pass1-Z1-2MU00693_20260729_005431_000;0.3;2.0;21.0;Phogri;0.05;Plaint;;;;
Car381009-2026-Pass1-Z1-2MU00693_20260729_005436_000;0.5;4.9;46.0;Leppun;0.95;;;;;
Car381009-2026-Pass1-Z1-2MU00693_20260729_005436_000;0.0;4.9;26.0;noise;0.11;;;;;
Car381009-2026-Pass1-Z1-2MU00693_20260729_005436_000;0.0;3.5;27.0;Phogri;0.82;;;;;
Car381009-2026-Pass1-Z1-2MU00693_20260729_005441_000;0.0;1.2;40.0;Leppun;0.95;;;;;
Car381009-2026-Pass1-Z1-2MU00693_20260729_005441_000;1.1;1.3;26.0;Phogri;0.51;;;;;
Car381009-2026-Pass1-Z1-2MU00693_20260729_005441_000;1.1;3.1;46.0;Pippip;0.98;;;;;
Car381009-2026-Pass1-Z1-2MU00693_20260729_005445_000;0.2;4.9;39.0;Leppun;0.98;;;;;
Car381009-2026-Pass1-Z1-2MU00693_20260729_005445_000;0.0;4.5;26.0;noise;0.23;;;;;
Car381009-2026-Pass1-Z1-2MU00693_20260729_005445_000;0.4;5.0;46.0;Pippip;0.99;;;;;
Car381009-2026-Pass1-Z1-2MU00693_20260729_005451_000;0.0;1.9;39.0;Leppun;0.68;;;;;
Car381009-2026-Pass1-Z1-2MU00693_20260729_005451_000;0.4;1.6;20.0;noise;0.05;Rhasp, Phogri, Phanan;;;;
Car381009-2026-Pass1-Z1-2MU00693_20260729_005451_000;0.3;2.0;46.0;Pippip;0.98;;;;;
Car381009-2026-Pass1-Z1-2MU00693_20260729_005456_000;0.0;1.0;48.0;Leppun;0.97;;;;;
Car381009-2026-Pass1-Z1-2MU00693_20260729_005456_000;0.0;2.1;25.0;noise;0.14;Phogri;;;;
Car381009-2026-Pass1-Z1-2MU00693_20260729_005459_000;0.0;2.0;30.0;Phogri;0.52;;;;;
Car381009-2026-Pass1-Z1-2MU00693_20260729_005502_000;0.0;2.8;46.0;Leppun;0.96;;;;;
Car381009-2026-Pass1-Z1-2MU00693_20260729_005502_000;0.8;3.1;26.0;Phogri;0.57;;;;;
Car381009-2026-Pass1-Z1-2MU00693_20260729_005507_000;0.0;2.1;22.0;noise;0.15;;;;;
Car381009-2026-Pass1-Z1-2MU00693_20260729_005507_000;0.4;1.9;25.0;Phogri;0.05;;;;;
Car381009-2026-Pass1-Z1-2MU00693_20260729_005510_000;0.0;3.0;41.0;Leppun;0.91;;;;;
Car381009-2026-Pass1-Z1-2MU00693_20260729_005510_000;0.3;4.2;28.0;Phogri;0.62;;;;;
Car381009-2026-Pass1-Z1-2MU00693_20260729_005515_000;0.0;1.8;34.0;noise;0.25;;;;;
Car381009-2026-Pass1-Z1-2MU00693_20260729_005515_000;0.2;1.4;21.0;Phanan;0.03;Tetvir, Phogri, Cyrscu, Antsp;;;;
Car381009-2026-Pass1-Z1-2MU00693_20260729_005518_000;0.0;0.4;21.0;Isopyr;0.06;Rhasp, noise;;;;
Car381009-2026-Pass1-Z1-2MU00693_20260729_005518_000;0.0;2.1;46.0;noise;0.05;Phogri, Leppun, Tetvir;;;;
Car381009-2026-Pass1-Z1-2MU00693_20260729_005521_000;0.0;2.0;36.0;Leppun;0.86;;;;;
Car381009-2026-Pass1-Z1-2MU00693_20260729_005521_000;2.0;2.2;21.0;Isopyr;0.09;noise;;;;
Car381009-2026-Pass1-Z1-2MU00693_20260729_005525_000;0.0;2.0;47.0;Leppun;0.41;;;;;
Car381009-2026-Pass1-Z1-2MU00693_20260729_005525_000;0.4;2.6;17.0;noise;0.12;;;;;
Car381009-2026-Pass1-Z1-2MU00693_20260729_005525_000;0.0;2.4;21.0;Phogri;0.91;;;;;
Car381009-2026-Pass1-Z1-2MU00693_20260729_005528_000;1.6;2.7;40.0;Leppun;0.21;;;;;
Car381009-2026-Pass1-Z1-2MU00693_20260729_005528_000;0.0;4.9;27.0;noise;0.25;;;;;
Car381009-2026-Pass1-Z1-2MU00693_20260729_005528_000;0.5;5.0;28.0;Phogri;0.85;;;;;
Car381009-2026-Pass1-Z1-2MU00693_20260729_005547_000;0.0;3.6;50.0;Leppun;0.23;;;;;
Car381009-2026-Pass1-Z1-2MU00693_20260729_005547_000;0.0;3.7;25.0;noise;0.16;Phogri;;;;
Car381009-2026-Pass1-Z1-2MU00693_20260729_005552_000;0.6;5.0;52.0;Leppun;0.11;Antsp;;;;
Car381009-2026-Pass1-Z1-2MU00693_20260729_005552_000;0.0;5.0;28.0;noise;0.13;Phogri;;;;
Car381009-2026-Pass1-Z1-2MU00693_20260729_005558_000;0.0;1.9;48.0;Phogri;0.59;;;;;
Car381009-2026-Pass1-Z1-2MU00693_20260729_005558_000;0.9;1.0;39.0;Pipkuh;0.15;;;;;
Car381009-2026-Pass1-Z1-2MU00693_20260729_005600_000;0.2;2.3;39.0;Leppun;0.12;;;;;
Car381009-2026-Pass1-Z1-2MU00693_20260729_005600_000;0.0;4.0;46.0;Phogri;0.4;;;;;
Car381009-2026-Pass1-Z1-2MU00693_20260729_005600_000;0.7;2.8;26.0;Plaint;0.07;noise;;;;
Car381009-2026-Pass1-Z1-2MU00693_20260729_005604_000;0.0;2.1;26.0;noise;0.15;;;;;
Car381009-2026-Pass1-Z1-2MU00693_20260729_005604_000;0.0;2.1;26.0;Phogri;0.71;;;;;
Car381009-2026-Pass1-Z1-2MU00693_20260729_005608_000;0.0;3.2;37.0;Leppun;0.29;;;;;
Car381009-2026-Pass1-Z1-2MU00693_20260729_005608_000;0.1;3.2;25.0;noise;0.14;Phogri;;;;
Car381009-2026-Pass1-Z1-2MU00693_20260729_005612_000;0.5;1.3;23.0;noise;0.15;;;;;
Car381009-2026-Pass1-Z1-2MU00693_20260729_005612_000;0.0;2.1;26.0;Phogri;0.89;;;;;
Car381009-2026-Pass1-Z1-2MU00693_20260729_005614_000;0.0;4.2;37.0;Leppun;0.93;;;;;
Car381009-2026-Pass1-Z1-2MU00693_20260729_005614_000;0.5;4.7;20.0;Phogri;0.51;;;;;
Car381009-2026-Pass1-Z1-2MU00693_20260729_005614_000;0.0;3.8;57.0;Pippyg;0.55;;;;;
Car381009-2026-Pass1-Z1-2MU00693_20260729_005622_000;0.0;4.2;46.0;Leppun;0.93;;;;;
Car381009-2026-Pass1-Z1-2MU00693_20260729_005622_000;0.4;4.7;26.0;noise;0.06;Antsp;;;;
Car381009-2026-Pass1-Z1-2MU00693_20260729_005622_000;0.0;4.7;28.0;Phogri;0.61;;;;;
Car381009-2026-Pass1-Z1-2MU00693_20260729_005630_000;0.0;4.4;44.0;Leppun;0.88;;;;;
Car381009-2026-Pass1-Z1-2MU00693_20260729_005630_000;0.0;4.5;27.0;Phogri;0.92;;;;;
Car381009-2026-Pass1-Z1-2MU00693_20260729_005641_000;0.0;3.4;45.0;Leppun;0.97;;;;;
Car381009-2026-Pass1-Z1-2MU00693_20260729_005641_000;0.4;3.4;26.0;Phogri;0.82;;;;;
Car381009-2026-Pass1-Z1-2MU00693_20260729_005645_000;0.0;4.6;43.0;Phogri;0.61;;;;;
Car381009-2026-Pass1-Z1-2MU00693_20260729_005645_000;0.4;5.0;26.0;noise;0.04;Plaint, Tetvir, Rhasp;;;;
Car381009-2026-Pass1-Z1-2MU00693_20260729_005707_000;0.0;4.5;40.0;Leppun;0.96;;;;;
Car381009-2026-Pass1-Z1-2MU00693_20260729_005707_000;0.0;4.2;27.0;Phogri;0.73;;;;;
Car381009-2026-Pass1-Z1-2MU00693_20260729_005718_000;0.0;0.1;40.0;Leppun;0.94;;;;;
Car381009-2026-Pass1-Z1-2MU00693_20260729_005718_000;0.0;2.4;22.0;noise;0.24;;;;;
Car381009-2026-Pass1-Z1-2MU00693_20260729_005718_000;0.5;2.4;28.0;Phogri;0.75;;;;;
Car381009-2026-Pass1-Z1-2MU00693_20260729_005722_000;0.0;1.3;42.0;Leppun;0.94;;;;;
Car381009-2026-Pass1-Z1-2MU00693_20260729_005722_000;0.0;2.1;26.0;Phogri;0.78;;;;;
Car381009-2026-Pass1-Z1-2MU00693_20260729_005725_000;1.6;4.6;39.0;Leppun;0.92;;;;;
Car381009-2026-Pass1-Z1-2MU00693_20260729_005725_000;0.0;5.0;43.0;Phogri;0.14;noise;;;;
Car381009-2026-Pass1-Z1-2MU00693_20260729_005725_000;0.3;4.4;25.0;noise;0.04;Plaint, Tetvir, Eptser;;;;
Car381009-2026-Pass1-Z1-2MU00693_20260729_005737_000;0.0;4.3;34.0;Leppun;0.5;;;;;
Car381009-2026-Pass1-Z1-2MU00693_20260729_005737_000;0.3;4.9;26.0;Phogri;0.97;;;;;
Car381009-2026-Pass1-Z1-2MU00693_20260729_005743_000;0.0;4.5;40.0;Leppun;0.56;;;;;
Car381009-2026-Pass1-Z1-2MU00693_20260729_005743_000;0.0;4.5;26.0;noise;0.17;;;;;
Car381009-2026-Pass1-Z1-2MU00693_20260729_005743_000;0.7;4.2;26.0;Rhasp;0.43;;;;;
Car381009-2026-Pass1-Z1-2MU00693_20260729_005749_000;0.0;1.8;37.0;noise;0.18;;;;;
Car381009-2026-Pass1-Z1-2MU00693_20260729_005749_000;0.6;2.1;26.0;Rhasp;0.44;;;;;
Car381009-2026-Pass1-Z1-2MU00693_20260729_005753_000;0.0;1.9;38.0;noise;0.12;;;;;
Car381009-2026-Pass1-Z1-2MU00693_20260729_005753_000;0.2;1.8;26.0;Rhasp;0.37;;;;;
Car381009-2026-Pass1-Z1-2MU00693_20260729_005756_000;0.0;4.2;93.0;Leppun;0.4;;;;;
Car381009-2026-Pass1-Z1-2MU00693_20260729_005756_000;0.0;5.0;25.0;noise;0.15;Phogri;;;;
Car381009-2026-Pass1-Z1-2MU00693_20260729_005756_000;0.2;4.5;25.0;Phogri;0.06;Plaint;;;;
Car381009-2026-Pass1-Z1-2MU00693_20260729_005834_000;0.0;4.7;35.0;Leppun;0.93;;;;;
Car381009-2026-Pass1-Z1-2MU00693_20260729_005834_000;0.4;4.8;25.0;noise;0.08;Tetvir;;;;
Car381009-2026-Pass1-Z1-2MU00693_20260729_005834_000;0.2;4.7;27.0;Phogri;0.7;;;;;
Car381009-2026-Pass1-Z1-2MU00693_20260729_005842_000;0.0;3.1;26.0;Phogri;0.71;;;;;
Car381009-2026-Pass1-Z1-2MU00693_20260729_005846_000;0.0;1.5;25.0;Phogri;0.85;;;;;
Car381009-2026-Pass1-Z1-2MU00693_20260729_005850_000;0.0;4.0;43.0;Phogri;0.15;;;;;
Car381009-2026-Pass1-Z1-2MU00693_20260729_005850_000;0.0;4.5;32.0;noise;0.2;;;;;
Car381009-2026-Pass1-Z1-2MU00693_20260729_005850_000;0.5;4.5;26.0;Barfis;0.04;Plaint, Tetvir, Rhasp, Antsp;;;;
Car381009-2026-Pass1-Z1-2MU00693_20260729_005855_000;0.0;1.9;27.0;Leppun;0.27;;;;;
Car381009-2026-Pass1-Z1-2MU00693_20260729_005855_000;0.7;1.9;26.0;Phogri;0.65;;;;;
Car381009-2026-Pass1-Z1-2MU00693_20260729_005859_000;0.0;3.8;38.0;Leppun;0.17;;;;;
Car381009-2026-Pass1-Z1-2MU00693_20260729_005859_000;0.0;3.8;26.0;Phogri;0.79;;;;;
Car381009-2026-Pass1-Z1-2MU00693_20260729_005904_000;1.8;4.5;14.0;noise;0.35;;;;;
Car381009-2026-Pass1-Z1-2MU00693_20260729_005904_000;0.0;4.6;27.0;Phogri;0.99;;;;;
Car381009-2026-Pass1-Z1-2MU00693_20260729_005912_000;0.0;4.8;27.0;noise;0.15;Phogri;;;;
Car381009-2026-Pass1-Z1-2MU00693_20260729_005912_000;2.6;5.0;47.0;Pippip;0.95;;;;;
Car381009-2026-Pass1-Z1-2MU00693_20260729_005912_000;0.0;4.6;32.0;Antsp;0.15;Phogri;;;;
Car381009-2026-Pass1-Z1-2MU00693_20260729_005948_000;1.1;4.0;41.0;Leppun;0.79;;;;;
Car381009-2026-Pass1-Z1-2MU00693_20260729_005948_000;0.0;4.7;25.0;noise;0.16;;;;;
Car381009-2026-Pass1-Z1-2MU00693_20260729_005948_000;0.2;4.6;26.0;Phogri;0.74;;;;;
Car381009-2026-Pass1-Z1-2MU00693_20260729_010001_000;0.0;5.0;40.0;Leppun;0.58;;;;;
Car381009-2026-Pass1-Z1-2MU00693_20260729_010001_000;0.0;5.0;25.0;Phogri;0.89;;;;;
Car381009-2026-Pass1-Z1-2MU00693_20260729_010007_000;0.0;4.2;38.0;Leppun;0.89;;;;;
Car381009-2026-Pass1-Z1-2MU00693_20260729_010007_000;0.1;4.8;26.0;Phogri;0.6;;;;;
Car381009-2026-Pass1-Z1-2MU00693_20260729_010007_000;1.4;4.8;47.0;Pippip;0.99;;;;;
Car381009-2026-Pass1-Z1-2MU00693_20260729_010014_000;0.0;3.7;26.0;noise;0.06;Leppun;;;;
Car381009-2026-Pass1-Z1-2MU00693_20260729_010014_000;0.0;3.7;26.0;Phogri;0.53;;;;;
Car381009-2026-Pass1-Z1-2MU00693_20260729_010019_000;0.0;5.0;41.0;Leppun;0.54;;;;;
Car381009-2026-Pass1-Z1-2MU00693_20260729_010019_000;0.4;5.0;26.0;Phogri;0.7;;;;;
Car381009-2026-Pass1-Z1-2MU00693_20260729_010025_000;1.7;4.2;37.0;Leppun;0.93;;;;;
Car381009-2026-Pass1-Z1-2MU00693_20260729_010025_000;0.0;4.8;26.0;noise;0.11;;;;;
Car381009-2026-Pass1-Z1-2MU00693_20260729_010025_000;0.8;4.8;26.0;Phogri;0.72;;;;;
Car381009-2026-Pass1-Z1-2MU00693_20260729_010036_000;0.0;1.5;30.0;Leppun;0.97;;;;;
Car381009-2026-Pass1-Z1-2MU00693_20260729_010036_000;1.2;1.4;24.0;Cyrscu;0.05;noise, Phogri, Nyclei;;;;
Car381009-2026-Pass1-Z1-2MU00693_20260729_010041_000;0.0;4.7;41.0;Phogri;0.42;;;;;
Car381009-2026-Pass1-Z1-2MU00693_20260729_010041_000;0.1;4.6;26.0;Plaint;0.05;Rhasp, noise, Antsp;;;;
Car381009-2026-Pass1-Z1-2MU00693_20260729_010054_000;0.0;4.5;26.0;Phogri;0.23;;;;;
Car381009-2026-Pass1-Z1-2MU00693_20260729_010054_000;3.3;4.5;37.0;Yerray;0.52;;;;;
Car381009-2026-Pass1-Z1-2MU00693_20260729_010113_000;0.1;4.3;44.0;Leppun;0.35;;;;;
Car381009-2026-Pass1-Z1-2MU00693_20260729_010113_000;0.2;4.8;26.0;Phogri;0.24;;;;;
Car381009-2026-Pass1-Z1-2MU00693_20260729_010113_000;0.0;4.8;32.0;Antsp;0.24;Testes;;;;
Car381009-2026-Pass1-Z1-2MU00693_20260729_010203_000;0.0;4.3;27.0;noise;0.14;;;;;
Car381009-2026-Pass1-Z1-2MU00693_20260729_010203_000;0.0;4.3;46.0;Phogri;0.63;;;;;
Car381009-2026-Pass1-Z1-2MU00693_20260729_010217_000;0.0;2.3;45.0;Leppun;0.94;;;;;
Car381009-2026-Pass1-Z1-2MU00693_20260729_010217_000;0.0;2.5;27.0;Phogri;0.62;;;;;
Car381009-2026-Pass1-Z1-2MU00693_20260729_010222_000;0.1;1.9;44.0;Lamsp.;0.98;;;;;
Car381009-2026-Pass1-Z1-2MU00693_20260729_010222_000;0.0;1.9;27.0;Phogri;0.48;;;;;
Car381009-2026-Pass1-Z1-2MU00693_20260729_010222_000;0.7;1.9;33.0;Roeroe;0.04;noise, Yposp, Tetvir;;;;
Car381009-2026-Pass1-Z1-2MU00693_20260729_010224_000;0.0;2.0;45.0;Leppun;0.81;;;;;
Car381009-2026-Pass1-Z1-2MU00693_20260729_010224_000;0.2;2.0;28.0;Phogri;0.78;;;;;
Car381009-2026-Pass1-Z1-2MU00693_20260729_010241_000;1.1;5.0;32.0;Leppun;0.96;;;;;
Car381009-2026-Pass1-Z1-2MU00693_20260729_010241_000;0.5;4.0;34.0;noise;0.14;;;;;
Car381009-2026-Pass1-Z1-2MU00693_20260729_010241_000;0.1;5.0;39.0;Pipkuh;0.98;;;;;
Car381009-2026-Pass1-Z1-2MU00693_20260729_010241_000;0.0;5.0;26.0;Phogri;0.07;;;;;
Car381009-2026-Pass1-Z1-2MU00693_20260729_010251_000;0.0;5.0;41.0;Pipkuh;0.99;;;;;
Car381009-2026-Pass1-Z1-2MU00693_20260729_010251_000;0.3;4.6;26.0;noise;0.06;Plaint, Phogri;;;;
Car381009-2026-Pass1-Z1-2MU00693_20260729_010300_000;0.0;1.8;41.0;Leppun;0.97;;;;;
Car381009-2026-Pass1-Z1-2MU00693_20260729_010300_000;0.0;0.1;13.0;noise;0.38;;;;;
Car381009-2026-Pass1-Z1-2MU00693_20260729_010300_000;0.4;1.8;25.0;Phogri;0.06;Plaint;;;;
Car381009-2026-Pass1-Z1-2MU00693_20260729_010303_000;0.0;1.6;43.0;Leppun;0.97;;;;;
Car381009-2026-Pass1-Z1-2MU00693_20260729_010303_000;0.3;1.6;25.0;Phogri;0.04;noise, Tetvir, Plaint;;;;
Car381009-2026-Pass1-Z1-2MU00693_20260729_010306_000;0.0;3.9;42.0;Leppun;0.61;;;;;
Car381009-2026-Pass1-Z1-2MU00693_20260729_010306_000;0.1;5.0;26.0;noise;0.17;;;;;
Car381009-2026-Pass1-Z1-2MU00693_20260729_010306_000;0.0;5.0;26.0;Rhasp;0.16;Phogri;;;;
Car381009-2026-Pass1-Z1-2MU00693_20260729_010317_000;0.0;1.9;28.0;Leppun;0.86;;;;;
Car381009-2026-Pass1-Z1-2MU00693_20260729_010317_000;0.6;1.9;26.0;Phogri;0.75;;;;;
Car381009-2026-Pass1-Z1-2MU00693_20260729_010322_000;0.0;1.4;37.0;Leppun;0.98;;;;;
Car381009-2026-Pass1-Z1-2MU00693_20260729_010322_000;0.1;2.0;26.0;noise;0.09;;;;;
Car381009-2026-Pass1-Z1-2MU00693_20260729_010322_000;0.4;2.0;26.0;Phogri;0.49;;;;;
Car381009-2026-Pass1-Z1-2MU00693_20260729_010326_000;0.0;2.4;33.0;Phogri;0.62;;;;;
Car381009-2026-Pass1-Z1-2MU00693_20260729_010326_000;0.2;3.1;26.0;Rhasp;0.57;;;;;
Car381009-2026-Pass1-Z1-2MU00693_20260729_010331_000;0.0;1.9;38.0;Leppun;0.98;;;;;
Car381009-2026-Pass1-Z1-2MU00693_20260729_010331_000;0.2;1.9;24.0;Phogri;0.05;noise;;;;
Car381009-2026-Pass1-Z1-2MU00693_20260729_010336_000;0.0;2.1;47.0;Leppun;0.98;;;;;
Car381009-2026-Pass1-Z1-2MU00693_20260729_010336_000;0.1;2.1;24.0;noise;0.15;;;;;
Car381009-2026-Pass1-Z1-2MU00693_20260729_010336_000;0.2;1.5;26.0;Phogri;0.63;;;;;
Car381009-2026-Pass1-Z1-2MU00693_20260729_010340_000;0.0;2.0;26.0;Phogri;0.67;;;;;
Car381009-2026-Pass1-Z1-2MU00693_20260729_010342_000;0.0;2.2;44.0;Leppun;0.66;;;;;
Car381009-2026-Pass1-Z1-2MU00693_20260729_010342_000;0.7;2.7;24.0;noise;0.06;Phanan;;;;
Car381009-2026-Pass1-Z1-2MU00693_20260729_010342_000;0.6;2.7;27.0;Phogri;0.4;;;;;
Car381009-2026-Pass1-Z1-2MU00693_20260729_010349_000;0.0;1.8;40.0;Leppun;0.96;;;;;
Car381009-2026-Pass1-Z1-2MU00693_20260729_010349_000;0.3;1.8;30.0;Phogri;0.09;;;;;
Car381009-2026-Pass1-Z1-2MU00693_20260729_010353_000;0.0;2.9;42.0;Leppun;0.85;;;;;
Car381009-2026-Pass1-Z1-2MU00693_20260729_010353_000;0.4;2.9;26.0;Phogri;0.66;;;;;
Car381009-2026-Pass1-Z1-2MU00693_20260729_010357_000;0.0;1.8;36.0;Leppun;0.19;noise;;;;
Car381009-2026-Pass1-Z1-2MU00693_20260729_010357_000;0.3;1.8;25.0;Phogri;0.05;noise;;;;
Car381009-2026-Pass1-Z1-2MU00693_20260729_010359_000;0.0;0.1;41.0;Leppun;0.97;;;;;
Car381009-2026-Pass1-Z1-2MU00693_20260729_010359_000;0.2;1.6;25.0;Phogri;0.73;;;;;
Car381009-2026-Pass1-Z1-2MU00693_20260729_010404_000;0.0;0.5;34.0;Leppun;0.98;;;;;
Car381009-2026-Pass1-Z1-2MU00693_20260729_010404_000;0.2;1.9;18.0;noise;0.1;Tetvir, Phogri;;;;
Car381009-2026-Pass1-Z1-2MU00693_20260729_010406_000;0.8;3.2;37.0;Leppun;0.82;;;;;
Car381009-2026-Pass1-Z1-2MU00693_20260729_010406_000;0.0;3.4;27.0;Phogri;0.09;;;;;
Car381009-2026-Pass1-Z1-2MU00693_20260729_010410_000;0.6;3.8;37.0;Leppun;0.93;;;;;
Car381009-2026-Pass1-Z1-2MU00693_20260729_010410_000;0.0;3.8;27.0;Phogri;0.38;;;;;
Car381009-2026-Pass1-Z1-2MU00693_20260729_010416_000;0.0;1.8;74.0;Leppun;0.29;;;;;
Car381009-2026-Pass1-Z1-2MU00693_20260729_010416_000;0.1;3.2;27.0;Rhasp;0.1;Phogri, noise;;;;
Car381009-2026-Pass1-Z1-2MU00693_20260729_010421_000;0.0;1.0;45.0;Leppun;0.64;;;;;
Car381009-2026-Pass1-Z1-2MU00693_20260729_010421_000;0.4;1.6;26.0;Phogri;0.2;;;;;
Car381009-2026-Pass1-Z1-2MU00693_20260729_010424_000;0.0;2.1;31.0;Leppun;0.97;;;;;
Car381009-2026-Pass1-Z1-2MU00693_20260729_010424_000;0.4;2.1;27.0;Rhasp;0.2;;;;;
Car381009-2026-Pass1-Z1-2MU00693_20260729_010426_000;0.0;0.9;52.0;Leppun;0.45;;;;;
Car381009-2026-Pass1-Z1-2MU00693_20260729_010426_000;0.4;1.8;26.0;Phogri;0.19;;;;;
Car381009-2026-Pass1-Z1-2MU00693_20260729_010432_000;0.0;1.5;40.0;Leppun;0.93;;;;;
Car381009-2026-Pass1-Z1-2MU00693_20260729_010432_000;0.0;1.7;27.0;Phogri;0.67;;;;;
Car381009-2026-Pass1-Z1-2MU00693_20260729_010436_000;0.0;2.5;39.0;Leppun;0.94;;;;;
Car381009-2026-Pass1-Z1-2MU00693_20260729_010436_000;0.2;2.5;26.0;Rhasp;0.12;;;;;
Car381009-2026-Pass1-Z1-2MU00693_20260729_010440_000;0.0;1.9;30.0;Leppun;0.38;;;;;
Car381009-2026-Pass1-Z1-2MU00693_20260729_010440_000;0.0;2.1;26.0;Phogri;0.71;;;;;
Car381009-2026-Pass1-Z1-2MU00693_20260729_010444_000;0.0;2.3;41.0;Leppun;0.95;;;;;
Car381009-2026-Pass1-Z1-2MU00693_20260729_010444_000;0.3;2.2;35.0;noise;0.15;;;;;
Car381009-2026-Pass1-Z1-2MU00693_20260729_010444_000;0.3;3.9;26.0;Phogri;0.04;Plaint, Tetvir, Rhasp, Metbra;;;;
Car381009-2026-Pass1-Z1-2MU00693_20260729_010448_000;0.0;1.5;39.0;Leppun;0.98;;;;;
Car381009-2026-Pass1-Z1-2MU00693_20260729_010448_000;0.0;2.3;27.0;Phogri;0.67;;;;;
Car381009-2026-Pass1-Z1-2MU00693_20260729_010452_000;0.0;2.7;42.0;Leppun;0.53;;;;;
Car381009-2026-Pass1-Z1-2MU00693_20260729_010452_000;0.6;4.1;31.0;noise;0.14;;;;;
Car381009-2026-Pass1-Z1-2MU00693_20260729_010452_000;0.3;4.7;27.0;Plaint;0.06;Phogri, Rhasp;;;;
Car381009-2026-Pass1-Z1-2MU00693_20260729_010452_000;0.1;5.0;34.0;Testes;0.52;;;;;
Car381009-2026-Pass1-Z1-2MU00693_20260729_010459_000;0.0;5.0;37.0;Leppun;0.94;;;;;
Car381009-2026-Pass1-Z1-2MU00693_20260729_010459_000;0.0;5.0;28.0;noise;0.14;;;;;
Car381009-2026-Pass1-Z1-2MU00693_20260729_010459_000;0.1;4.8;27.0;Rhasp;0.33;Antsp;;;;
Car381009-2026-Pass1-Z1-2MU00693_20260729_010515_000;0.0;3.9;39.0;Leppun;0.89;;;;;
Car381009-2026-Pass1-Z1-2MU00693_20260729_010515_000;0.2;5.0;28.0;Phogri;0.8;;;;;
Car381009-2026-Pass1-Z1-2MU00693_20260729_010515_000;0.2;3.3;33.0;Testes;0.46;;;;;
Car381009-2026-Pass1-Z1-2MU00693_20260729_010530_000;0.0;4.5;37.0;Leppun;0.78;;;;;
Car381009-2026-Pass1-Z1-2MU00693_20260729_010530_000;0.2;4.6;27.0;Phogri;0.15;noise;;;;
Car381009-2026-Pass1-Z1-2MU00693_20260729_010530_000;0.3;2.3;32.0;Testes;0.32;;;;;
Car381009-2026-Pass1-Z1-2MU00693_20260729_010537_000;0.0;2.1;30.0;Leppun;0.88;;;;;
Car381009-2026-Pass1-Z1-2MU00693_20260729_010537_000;0.1;2.1;26.0;Phogri;0.17;;;;;
Car381009-2026-Pass1-Z1-2MU00693_20260729_010541_000;0.0;2.0;34.0;Leppun;0.98;;;;;
Car381009-2026-Pass1-Z1-2MU00693_20260729_010541_000;0.2;1.4;26.0;Phogri;0.74;;;;;
Car381009-2026-Pass1-Z1-2MU00693_20260729_010546_000;0.0;1.2;50.0;Leppun;0.89;;;;;
Car381009-2026-Pass1-Z1-2MU00693_20260729_010546_000;0.0;1.8;27.0;noise;0.16;;;;;
Car381009-2026-Pass1-Z1-2MU00693_20260729_010549_000;0.0;2.2;50.0;Leppun;0.96;;;;;
Car381009-2026-Pass1-Z1-2MU00693_20260729_010549_000;1.7;1.8;25.0;Phogri;0.84;;;;;
Car381009-2026-Pass1-Z1-2MU00693_20260729_010553_000;0.3;1.7;25.0;noise;0.05;Phogri, Plaint;;;;
Car381009-2026-Pass1-Z1-2MU00693_20260729_010553_000;0.0;1.4;34.0;Testes;0.63;;;;;
Car381009-2026-Pass1-Z1-2MU00693_20260729_010556_000;0.0;1.4;37.0;Leppun;0.91;;;;;
Car381009-2026-Pass1-Z1-2MU00693_20260729_010556_000;0.0;1.5;27.0;Phogri;0.31;;;;;
Car381009-2026-Pass1-Z1-2MU00693_20260729_010600_000;0.4;2.7;28.0;Rhasp;0.38;;;;;
Car381009-2026-Pass1-Z1-2MU00693_20260729_010600_000;0.0;1.9;36.0;Testes;0.74;;;;;
Car381009-2026-Pass1-Z1-2MU00693_20260729_010604_000;0.0;2.2;48.0;Leppun;0.91;;;;;
Car381009-2026-Pass1-Z1-2MU00693_20260729_010604_000;0.2;2.2;34.0;Phogri;0.69;;;;;
Car381009-2026-Pass1-Z1-2MU00693_20260729_010604_000;0.2;2.2;27.0;Rhasp;0.06;noise, Antsp;;;;
Car381009-2026-Pass1-Z1-2MU00693_20260729_010607_000;0.1;5.0;46.0;Leppun;0.95;;;;;
Car381009-2026-Pass1-Z1-2MU00693_20260729_010607_000;0.0;5.0;28.0;Phogri;0.79;;;;;
Car381009-2026-Pass1-Z1-2MU00693_20260729_010613_000;0.0;2.1;45.0;Leppun;0.19;;;;;
Car381009-2026-Pass1-Z1-2MU00693_20260729_010613_000;0.0;2.5;28.0;Phogri;0.58;;;;;
Car381009-2026-Pass1-Z1-2MU00693_20260729_010616_000;0.0;4.9;43.0;Leppun;0.87;;;;;
Car381009-2026-Pass1-Z1-2MU00693_20260729_010616_000;0.0;4.8;29.0;noise;0.11;Phogri;;;;
Car381009-2026-Pass1-Z1-2MU00693_20260729_010616_000;0.1;4.9;27.0;Rhasp;0.89;;;;;
Car381009-2026-Pass1-Z1-2MU00693_20260729_010622_000;0.0;3.1;37.0;Leppun;0.19;;;;;
Car381009-2026-Pass1-Z1-2MU00693_20260729_010622_000;0.0;2.9;29.0;Phogri;0.53;;;;;
Car381009-2026-Pass1-Z1-2MU00693_20260729_010622_000;0.0;2.9;48.0;Pippip;0.96;;;;;
Car381009-2026-Pass1-Z1-2MU00693_20260729_010626_000;0.8;1.6;32.0;Leppun;0.19;;;;;
Car381009-2026-Pass1-Z1-2MU00693_20260729_010626_000;0.0;1.4;27.0;Phogri;0.79;;;;;
Car381009-2026-Pass1-Z1-2MU00693_20260729_010629_000;0.0;4.6;48.0;Leppun;0.47;;;;;
Car381009-2026-Pass1-Z1-2MU00693_20260729_010629_000;0.0;4.6;28.0;Phogri;0.4;;;;;
Car381009-2026-Pass1-Z1-2MU00693_20260729_010635_000;0.0;1.5;36.0;noise;0.05;Leppun, Tetvir;;;;
Car381009-2026-Pass1-Z1-2MU00693_20260729_010635_000;0.0;1.4;30.0;Phogri;0.59;;;;;
Car381009-2026-Pass1-Z1-2MU00693_20260729_010635_000;0.5;1.5;27.0;Testes;0.1;noise;;;;
Car381009-2026-Pass1-Z1-2MU00693_20260729_010638_000;0.0;4.4;37.0;Leppun;0.95;;;;;
Car381009-2026-Pass1-Z1-2MU00693_20260729_010638_000;0.8;5.0;28.0;Phogri;0.62;;;;;
Car381009-2026-Pass1-Z1-2MU00693_20260729_010645_000;0.0;0.8;27.0;Rhasp;0.05;Confus;;;;
Car381009-2026-Pass1-Z1-2MU00693_20260729_010645_000;0.2;1.1;40.0;Leppun;0.96;;;;;
Car381009-2026-Pass1-Z1-2MU00693_20260729_010645_000;0.0;1.7;29.0;noise;0.11;;;;;
Car381009-2026-Pass1-Z1-2MU00693_20260729_010650_000;0.0;1.9;29.0;Phogri;0.62;;;;;
Car381009-2026-Pass1-Z1-2MU00693_20260729_010654_000;0.0;1.9;33.0;Leppun;0.27;;;;;
Car381009-2026-Pass1-Z1-2MU00693_20260729_010654_000;0.2;2.8;26.0;noise;0.16;;;;;
Car381009-2026-Pass1-Z1-2MU00693_20260729_010657_000;0.0;3.2;38.0;Leppun;0.44;;;;;
Car381009-2026-Pass1-Z1-2MU00693_20260729_010657_000;0.0;3.2;27.0;Phogri;0.54;;;;;
Car381009-2026-Pass1-Z1-2MU00693_20260729_010702_000;0.0;4.9;43.0;Leppun;0.93;;;;;
Car381009-2026-Pass1-Z1-2MU00693_20260729_010702_000;0.0;4.9;28.0;noise;0.09;;;;;
Car381009-2026-Pass1-Z1-2MU00693_20260729_010702_000;0.2;4.9;27.0;Phogri;0.77;;;;;
Car381009-2026-Pass1-Z1-2MU00693_20260729_010710_000;0.0;2.7;35.0;Leppun;0.89;;;;;
Car381009-2026-Pass1-Z1-2MU00693_20260729_010710_000;0.4;2.4;26.0;noise;0.14;Phogri;;;;
Car381009-2026-Pass1-Z1-2MU00693_20260729_010713_000;0.0;3.0;39.0;Leppun;0.88;;;;;
Car381009-2026-Pass1-Z1-2MU00693_20260729_010713_000;0.0;3.6;28.0;Phogri;0.49;;;;;
Car381009-2026-Pass1-Z1-2MU00693_20260729_010718_000;0.0;1.6;39.0;Leppun;0.96;;;;;
Car381009-2026-Pass1-Z1-2MU00693_20260729_010718_000;0.3;1.8;29.0;noise;0.15;;;;;
Car381009-2026-Pass1-Z1-2MU00693_20260729_010720_000;0.0;2.2;36.0;Leppun;0.91;;;;;
Car381009-2026-Pass1-Z1-2MU00693_20260729_010720_000;1.0;2.7;28.0;noise;0.17;;;;;
Car381009-2026-Pass1-Z1-2MU00693_20260729_010720_000;0.6;2.7;29.0;Rhasp;0.92;;;;;
Car381009-2026-Pass1-Z1-2MU00693_20260729_010725_000;0.0;1.9;38.0;Leppun;0.95;;;;;
Car381009-2026-Pass1-Z1-2MU00693_20260729_010725_000;0.1;1.8;28.0;noise;0.22;;;;;
Car381009-2026-Pass1-Z1-2MU00693_20260729_010727_000;0.0;2.5;33.0;Leppun;0.54;;;;;
Car381009-2026-Pass1-Z1-2MU00693_20260729_010727_000;0.4;2.3;26.0;noise;0.1;;;;;
Car381009-2026-Pass1-Z1-2MU00693_20260729_010731_000;0.0;1.3;40.0;Leppun;0.86;;;;;
Car381009-2026-Pass1-Z1-2MU00693_20260729_010731_000;0.0;1.3;27.0;noise;0.1;Rhasp;;;;
Car381009-2026-Pass1-Z1-2MU00693_20260729_010731_000;0.0;2.1;27.0;Phogri;0.24;;;;;
Car381009-2026-Pass1-Z1-2MU00693_20260729_010734_000;0.0;4.4;28.0;Phogri;0.71;;;;;
Car381009-2026-Pass1-Z1-2MU00693_20260729_010739_000;0.0;4.9;36.0;Leppun;0.96;;;;;
Car381009-2026-Pass1-Z1-2MU00693_20260729_010739_000;0.3;4.9;26.0;Phogri;0.76;;;;;
Car381009-2026-Pass1-Z1-2MU00693_20260729_010749_000;0.0;4.7;35.0;Leppun;0.93;;;;;
Car381009-2026-Pass1-Z1-2MU00693_20260729_010749_000;0.0;4.8;30.0;noise;0.15;Phogri;;;;
Car381009-2026-Pass1-Z1-2MU00693_20260729_010755_000;0.0;2.3;36.0;Leppun;0.9;;;;;
Car381009-2026-Pass1-Z1-2MU00693_20260729_010755_000;0.0;2.4;27.0;noise;0.17;;;;;
Car381009-2026-Pass1-Z1-2MU00693_20260729_010755_000;0.3;2.3;26.0;Phogri;0.26;;;;;
Car381009-2026-Pass1-Z1-2MU00693_20260729_010759_000;0.0;5.0;39.0;Leppun;0.9;;;;;
Car381009-2026-Pass1-Z1-2MU00693_20260729_010759_000;0.1;4.6;27.0;noise;0.19;;;;;
Car381009-2026-Pass1-Z1-2MU00693_20260729_010759_000;0.1;5.0;27.0;Phogri;0.06;Rhasp;;;;
Car381009-2026-Pass1-Z1-2MU00693_20260729_010805_000;0.0;2.2;44.0;Leppun;0.95;;;;;
Car381009-2026-Pass1-Z1-2MU00693_20260729_010805_000;0.0;2.2;27.0;Phogri;0.28;;;;;
Car381009-2026-Pass1-Z1-2MU00693_20260729_010810_000;0.0;1.7;34.0;Leppun;0.96;;;;;
Car381009-2026-Pass1-Z1-2MU00693_20260729_010810_000;0.2;1.7;28.0;Phogri;0.78;;;;;
Car381009-2026-Pass1-Z1-2MU00693_20260729_010813_000;0.0;0.9;39.0;Leppun;0.98;;;;;
Car381009-2026-Pass1-Z1-2MU00693_20260729_010813_000;0.3;0.4;26.0;Phogri;0.26;;;;;
Car381009-2026-Pass1-Z1-2MU00693_20260729_010816_000;0.0;2.3;28.0;Leppun;0.96;;;;;
Car381009-2026-Pass1-Z1-2MU00693_20260729_010816_000;0.3;2.3;25.0;Phogri;0.23;;;;;
Car381009-2026-Pass1-Z1-2MU00693_20260729_010819_000;0.0;4.9;39.0;Leppun;0.97;;;;;
Car381009-2026-Pass1-Z1-2MU00693_20260729_010819_000;0.9;4.9;27.0;Phogri;0.55;;;;;
Car381009-2026-Pass1-Z1-2MU00693_20260729_010819_000;0.8;4.9;26.0;Rhasp;0.88;;;;;
Car381009-2026-Pass1-Z1-2MU00693_20260729_010825_000;0.9;3.5;32.0;Leppun;0.57;;;;;
Car381009-2026-Pass1-Z1-2MU00693_20260729_010825_000;0.0;3.5;28.0;Phogri;0.54;;;;;
Car381009-2026-Pass1-Z1-2MU00693_20260729_010829_000;0.0;2.4;38.0;Leppun;0.45;;;;;
Car381009-2026-Pass1-Z1-2MU00693_20260729_010829_000;0.6;2.4;27.0;Phogri;0.44;;;;;
Car381009-2026-Pass1-Z1-2MU00693_20260729_010833_000;0.0;2.1;42.0;Leppun;0.96;;;;;
Car381009-2026-Pass1-Z1-2MU00693_20260729_010833_000;0.3;2.1;30.0;noise;0.09;Phogri;;;;
Car381009-2026-Pass1-Z1-2MU00693_20260729_010837_000;0.0;1.9;29.0;Leppun;0.95;;;;;
Car381009-2026-Pass1-Z1-2MU00693_20260729_010840_000;0.0;3.2;44.0;Leppun;0.93;;;;;
Car381009-2026-Pass1-Z1-2MU00693_20260729_010840_000;0.0;3.5;27.0;Phogri;0.67;;;;;
Car381009-2026-Pass1-Z1-2MU00693_20260729_010847_000;0.0;1.8;31.0;Leppun;0.98;;;;;
Car381009-2026-Pass1-Z1-2MU00693_20260729_010847_000;0.7;1.2;25.0;noise;0.35;;;;;
Car381009-2026-Pass1-Z1-2MU00693_20260729_010849_000;0.0;2.9;34.0;Leppun;0.17;;;;;
Car381009-2026-Pass1-Z1-2MU00693_20260729_010849_000;0.1;3.0;33.0;Phogri;0.36;;;;;
Car381009-2026-Pass1-Z1-2MU00693_20260729_010854_000;0.0;1.9;35.0;Leppun;0.9;;;;;
Car381009-2026-Pass1-Z1-2MU00693_20260729_010854_000;0.7;1.6;26.0;noise;0.05;Rhasp, Phogri;;;;
Car381009-2026-Pass1-Z1-2MU00693_20260729_010854_000;0.0;2.1;33.0;Testes;0.88;;;;;
Car381009-2026-Pass1-Z1-2MU00693_20260729_010858_000;0.0;1.8;40.0;Leppun;0.66;;;;;
Car381009-2026-Pass1-Z1-2MU00693_20260729_010902_000;0.0;2.8;36.0;Leppun;0.96;;;;;
Car381009-2026-Pass1-Z1-2MU00693_20260729_010902_000;0.3;2.8;27.0;Phogri;0.74;;;;;
Car381009-2026-Pass1-Z1-2MU00693_20260729_010902_000;0.3;0.9;52.0;Pippip;0.62;;;;;
Car381009-2026-Pass1-Z1-2MU00693_20260729_010906_000;0.0;3.0;35.0;Leppun;0.91;;;;;
Car381009-2026-Pass1-Z1-2MU00693_20260729_010906_000;0.0;3.1;24.0;Phogri;0.07;noise;;;;
Car381009-2026-Pass1-Z1-2MU00693_20260729_010909_000;0.0;1.7;27.0;Leppun;0.19;;;;;
Car381009-2026-Pass1-Z1-2MU00693_20260729_010909_000;0.9;1.7;33.0;Phogri;0.38;;;;;
Car381009-2026-Pass1-Z1-2MU00693_20260729_010912_000;0.0;1.1;43.0;Leppun;0.98;;;;;
Car381009-2026-Pass1-Z1-2MU00693_20260729_010912_000;0.8;1.3;26.0;noise;0.55;;;;;
Car381009-2026-Pass1-Z1-2MU00693_20260729_010920_000;0.0;4.3;36.0;Leppun;0.13;;;;;
Car381009-2026-Pass1-Z1-2MU00693_20260729_010920_000;0.0;4.3;34.0;Testes;0.84;;;;;
Car381009-2026-Pass1-Z1-2MU00693_20260729_010926_000;0.0;1.3;41.0;Leppun;0.96;;;;;
Car381009-2026-Pass1-Z1-2MU00693_20260729_010926_000;0.3;1.7;24.0;noise;0.07;Cyrscu;;;;
Car381009-2026-Pass1-Z1-2MU00693_20260729_010929_000;0.0;0.7;32.0;Leppun;0.98;;;;;
Car381009-2026-Pass1-Z1-2MU00693_20260729_010929_000;0.8;1.0;39.0;Phogri;0.35;;;;;
Car381009-2026-Pass1-Z1-2MU00693_20260729_010933_000;0.0;0.9;41.0;Leppun;0.43;;;;;
Car381009-2026-Pass1-Z1-2MU00693_20260729_010933_000;0.4;2.3;40.0;Pipkuh;0.72;;;;;
Car381009-2026-Pass1-Z1-2MU00693_20260729_010936_000;0.0;0.1;49.0;Leppun;0.89;;;;;
Car381009-2026-Pass1-Z1-2MU00693_20260729_010936_000;0.0;1.8;28.0;noise;0.23;;;;;
Car381009-2026-Pass1-Z1-2MU00693_20260729_010936_000;1.1;1.9;38.0;Pipkuh;0.96;;;;;
Car381009-2026-Pass1-Z1-2MU00693_20260729_010939_000;0.0;3.0;39.0;Pipkuh;0.95;;;;;
Car381009-2026-Pass1-Z1-2MU00693_20260729_010939_000;0.2;2.6;26.0;Rhasp;0.06;noise, Plaint, Phogri;;;;
Car381009-2026-Pass1-Z1-2MU00693_20260729_010939_000;0.5;5.0;34.0;Testes;0.81;;;;;
Car381009-2026-Pass1-Z1-2MU00693_20260729_010939_000;1.0;4.8;24.0;Tetvir;0.33;;;;;
Car381009-2026-Pass1-Z1-2MU00693_20260729_010950_000;0.0;1.9;35.0;Leppun;0.97;;;;;
Car381009-2026-Pass1-Z1-2MU00693_20260729_010952_000;0.3;3.6;35.0;Leppun;0.85;;;;;
Car381009-2026-Pass1-Z1-2MU00693_20260729_010952_000;0.0;3.6;27.0;Phogri;0.78;;;;;
Car381009-2026-Pass1-Z1-2MU00693_20260729_010957_000;0.0;2.3;44.0;Leppun;0.96;;;;;
Car381009-2026-Pass1-Z1-2MU00693_20260729_010957_000;0.0;3.2;27.0;Phogri;0.87;;;;;
Car381009-2026-Pass1-Z1-2MU00693_20260729_011001_000;0.0;1.9;36.0;Leppun;0.91;;;;;
Car381009-2026-Pass1-Z1-2MU00693_20260729_011001_000;0.4;1.2;29.0;noise;0.09;Phogri;;;;
Car381009-2026-Pass1-Z1-2MU00693_20260729_011006_000;0.0;3.1;45.0;Leppun;0.14;;;;;
Car381009-2026-Pass1-Z1-2MU00693_20260729_011006_000;0.2;3.1;33.0;noise;0.11;Phogri;;;;
Car381009-2026-Pass1-Z1-2MU00693_20260729_011006_000;0.0;3.4;34.0;Testes;0.82;;;;;
Car381009-2026-Pass1-Z1-2MU00693_20260729_011012_000;0.0;0.9;33.0;Leppun;0.98;;;;;
Car381009-2026-Pass1-Z1-2MU00693_20260729_011012_000;0.1;1.2;25.0;noise;0.22;;;;;
Car381009-2026-Pass1-Z1-2MU00693_20260729_011016_000;0.5;1.4;25.0;Isopyr;0.15;Cyrscu;;;;
Car381009-2026-Pass1-Z1-2MU00693_20260729_011016_000;0.0;1.4;40.0;Leppun;0.98;;;;;
Car381009-2026-Pass1-Z1-2MU00693_20260729_011016_000;0.5;2.0;30.0;noise;0.06;Phogri, Tetvir;;;;
Car381009-2026-Pass1-Z1-2MU00693_20260729_011020_000;0.0;1.7;38.0;Leppun;0.95;;;;;
Car381009-2026-Pass1-Z1-2MU00693_20260729_011020_000;0.1;0.9;28.0;noise;0.09;;;;;
Car381009-2026-Pass1-Z1-2MU00693_20260729_011020_000;0.4;1.7;29.0;Phogri;0.56;;;;;
Car381009-2026-Pass1-Z1-2MU00693_20260729_011023_000;0.6;4.1;42.0;Leppun;0.17;;;;;
Car381009-2026-Pass1-Z1-2MU00693_20260729_011023_000;0.5;4.1;34.0;noise;0.07;Rhasp, Phogri;;;;
Car381009-2026-Pass1-Z1-2MU00693_20260729_011023_000;2.2;4.3;33.0;Testes;0.89;;;;;
Car381009-2026-Pass1-Z1-2MU00693_20260729_011028_000;0.8;3.1;49.0;Confus;0.41;;;;;
Car381009-2026-Pass1-Z1-2MU00693_20260729_011028_000;0.0;4.1;26.0;noise;0.16;;;;;
Car381009-2026-Pass1-Z1-2MU00693_20260729_011028_000;0.0;3.6;34.0;Testes;0.7;;;;;
Car381009-2026-Pass1-Z1-2MU00693_20260729_011033_000;0.0;2.3;35.0;Leppun;0.96;;;;;
Car381009-2026-Pass1-Z1-2MU00693_20260729_011033_000;0.3;2.4;26.0;Cyrscu;0.08;Phogri, noise;;;;
Car381009-2026-Pass1-Z1-2MU00693_20260729_011036_000;0.5;3.4;35.0;Leppun;0.95;;;;;
Car381009-2026-Pass1-Z1-2MU00693_20260729_011036_000;0.0;3.4;27.0;Phogri;0.5;;;;;
Car381009-2026-Pass1-Z1-2MU00693_20260729_011040_000;0.0;2.0;42.0;Leppun;0.96;;;;;
Car381009-2026-Pass1-Z1-2MU00693_20260729_011040_000;0.0;1.4;35.0;noise;0.05;Antsp;;;;
Car381009-2026-Pass1-Z1-2MU00693_20260729_011044_000;0.0;1.3;37.0;Leppun;0.87;;;;;
Car381009-2026-Pass1-Z1-2MU00693_20260729_011044_000;0.4;2.1;26.0;Phogri;0.73;;;;;
Car381009-2026-Pass1-Z1-2MU00693_20260729_011049_000;0.0;2.0;28.0;Phogri;0.44;;;;;
Car381009-2026-Pass1-Z1-2MU00693_20260729_011052_000;0.8;4.9;26.0;Rhasp;0.05;Phogri, noise;;;;
Car381009-2026-Pass1-Z1-2MU00693_20260729_011052_000;0.0;3.7;35.0;Testes;0.95;;;;;
Car381009-2026-Pass1-Z1-2MU00693_20260729_011103_000;0.0;2.0;30.0;Phogri;0.37;;;;;
Car381009-2026-Pass1-Z1-2MU00693_20260729_011113_000;0.4;4.7;24.0;noise;0.08;Phogri;;;;
Car381009-2026-Pass1-Z1-2MU00693_20260729_011113_000;0.8;5.0;39.0;Pipkuh;0.97;;;;;
Car381009-2026-Pass1-Z1-2MU00693_20260729_011113_000;0.0;4.6;34.0;Testes;0.81;;;;;
Car381009-2026-Pass1-Z1-2MU00693_20260729_011126_000;0.1;2.0;43.0;Leppun;0.81;;;;;
Car381009-2026-Pass1-Z1-2MU00693_20260729_011126_000;0.0;2.0;28.0;Phogri;0.8;;;;;
Car381009-2026-Pass1-Z1-2MU00693_20260729_011137_000;0.7;4.0;46.0;Tetvir;0.03;Phogri, Yposp, Pipkuh, Confus, Antsp;;;;
Car381009-2026-Pass1-Z1-2MU00693_20260729_011137_000;0.1;4.5;26.0;noise;0.09;;;;;
Car381009-2026-Pass1-Z1-2MU00693_20260729_011137_000;0.0;3.9;35.0;Testes;0.87;;;;;
Car381009-2026-Pass1-Z1-2MU00693_20260729_011142_000;0.0;2.0;41.0;noise;0.44;;;;;
Car381009-2026-Pass1-Z1-2MU00693_20260729_011142_000;0.0;2.1;54.0;Pippyg;0.82;;;;;
Car381009-2026-Pass1-Z1-2MU00693_20260729_011142_000;0.2;2.1;26.0;Rhasp;0.46;;;;;
Car381009-2026-Pass1-Z1-2MU00693_20260729_011145_000;1.0;4.5;33.0;Leppun;0.25;;;;;
Car381009-2026-Pass1-Z1-2MU00693_20260729_011145_000;0.6;4.5;25.0;noise;0.12;Phogri;;;;
Car381009-2026-Pass1-Z1-2MU00693_20260729_011145_000;0.0;4.9;50.0;Pippip;0.95;;;;;
Car381009-2026-Pass1-Z1-2MU00693_20260729_011145_000;0.9;4.5;54.0;Pippyg;0.76;;;;;
Car381009-2026-Pass1-Z1-2MU00693_20260729_011156_000;0.0;1.8;33.0;Leppun;0.89;;;;;
Car381009-2026-Pass1-Z1-2MU00693_20260729_011156_000;1.0;2.1;25.0;Phogri;0.26;;;;;
Car381009-2026-Pass1-Z1-2MU00693_20260729_011200_000;0.0;2.1;35.0;Leppun;0.97;;;;;
Car381009-2026-Pass1-Z1-2MU00693_20260729_011200_000;0.2;2.1;27.0;Phogri;0.06;noise, Tetvir;;;;
Car381009-2026-Pass1-Z1-2MU00693_20260729_011202_000;0.0;4.3;39.0;Leppun;0.34;;;;;
Car381009-2026-Pass1-Z1-2MU00693_20260729_011202_000;0.1;5.0;27.0;noise;0.09;;;;;
Car381009-2026-Pass1-Z1-2MU00693_20260729_011202_000;0.0;5.0;34.0;Testes;0.71;;;;;
Car381009-2026-Pass1-Z1-2MU00693_20260729_011210_000;0.0;4.5;40.0;Leppun;0.95;;;;;
Car381009-2026-Pass1-Z1-2MU00693_20260729_011210_000;0.1;5.0;27.0;Phogri;0.84;;;;;
Car381009-2026-Pass1-Z1-2MU00693_20260729_011216_000;0.0;1.4;30.0;Leppun;0.97;;;;;
Car381009-2026-Pass1-Z1-2MU00693_20260729_011216_000;0.3;1.0;24.0;noise;0.1;Phogri;;;;
Car381009-2026-Pass1-Z1-2MU00693_20260729_011218_000;0.0;1.1;45.0;Leppun;0.98;;;;;
Car381009-2026-Pass1-Z1-2MU00693_20260729_011218_000;0.1;1.6;26.0;Phogri;0.54;;;;;
Car381009-2026-Pass1-Z1-2MU00693_20260729_011221_000;0.0;1.9;39.0;Leppun;0.95;;;;;
Car381009-2026-Pass1-Z1-2MU00693_20260729_011221_000;0.0;2.3;26.0;Phogri;0.25;;;;;
Car381009-2026-Pass1-Z1-2MU00693_20260729_011225_000;0.0;2.1;33.0;Leppun;0.91;;;;;
Car381009-2026-Pass1-Z1-2MU00693_20260729_011225_000;0.4;1.6;26.0;Phogri;0.49;;;;;
Car381009-2026-Pass1-Z1-2MU00693_20260729_011225_000;1.2;1.4;29.0;Testes;0.14;;;;;
Car381009-2026-Pass1-Z1-2MU00693_20260729_011228_000;0.0;4.6;34.0;noise;0.14;Phogri;;;;
Car381009-2026-Pass1-Z1-2MU00693_20260729_011228_000;1.4;4.9;50.0;Pippip;0.98;;;;;
Car381009-2026-Pass1-Z1-2MU00693_20260729_011228_000;0.0;3.9;35.0;Testes;0.84;;;;;
Car381009-2026-Pass1-Z1-2MU00693_20260729_011242_000;0.0;2.6;41.0;Leppun;0.84;;;;;
Car381009-2026-Pass1-Z1-2MU00693_20260729_011242_000;0.0;3.0;28.0;Phogri;0.1;noise, Rhasp, Antsp;;;;
Car381009-2026-Pass1-Z1-2MU00693_20260729_011246_000;0.0;0.8;43.0;Leppun;0.93;;;;;
Car381009-2026-Pass1-Z1-2MU00693_20260729_011246_000;0.8;2.0;51.0;Minsch;0.65;;;;;
Car381009-2026-Pass1-Z1-2MU00693_20260729_011246_000;0.1;1.9;28.0;Phogri;0.87;;;;;
Car381009-2026-Pass1-Z1-2MU00693_20260729_011250_000;0.1;4.5;42.0;Phogri;0.36;;;;;
Car381009-2026-Pass1-Z1-2MU00693_20260729_011250_000;0.2;4.8;25.0;noise;0.07;;;;;
Car381009-2026-Pass1-Z1-2MU00693_20260729_011250_000;0.0;4.7;34.0;Testes;0.89;;;;;
Car381009-2026-Pass1-Z1-2MU00693_20260729_011257_000;0.0;1.9;30.0;Phogri;0.63;;;;;
Car381009-2026-Pass1-Z1-2MU00693_20260729_011300_000;0.2;1.6;27.0;noise;0.05;Phogri;;;;
Car381009-2026-Pass1-Z1-2MU00693_20260729_011300_000;0.0;1.7;32.0;Testes;0.47;;;;;
Car381009-2026-Pass1-Z1-2MU00693_20260729_011303_000;0.3;1.9;29.0;noise;0.37;;;;;
Car381009-2026-Pass1-Z1-2MU00693_20260729_011303_000;0.0;1.0;27.0;Phogri;0.62;;;;;
Car381009-2026-Pass1-Z1-2MU00693_20260729_011312_000;0.0;2.0;38.0;noise;0.09;Leppun;;;;
Car381009-2026-Pass1-Z1-2MU00693_20260729_011312_000;0.0;2.7;26.0;Phogri;0.19;;;;;
Car381009-2026-Pass1-Z1-2MU00693_20260729_011312_000;0.0;2.7;33.0;Testes;0.84;;;;;
Car381009-2026-Pass1-Z1-2MU00693_20260729_011315_000;0.0;4.7;28.0;noise;0.08;Isopyr, Phogri;;;;
Car381009-2026-Pass1-Z1-2MU00693_20260729_011315_000;0.0;4.7;36.0;Testes;0.8;;;;;
Car381009-2026-Pass1-Z1-2MU00693_20260729_011321_000;0.0;1.6;42.0;Leppun;0.61;;;;;
Car381009-2026-Pass1-Z1-2MU00693_20260729_011321_000;0.0;1.4;24.0;noise;0.08;Phogri;;;;
Car381009-2026-Pass1-Z1-2MU00693_20260729_011324_000;0.0;2.0;35.0;noise;0.37;;;;;
Car381009-2026-Pass1-Z1-2MU00693_20260729_011324_000;0.0;2.0;26.0;Phogri;0.73;;;;;
Car381009-2026-Pass1-Z1-2MU00693_20260729_011327_000;0.0;1.5;36.0;Leppun;0.96;;;;;
Car381009-2026-Pass1-Z1-2MU00693_20260729_011327_000;0.2;2.0;26.0;Phogri;0.12;;;;;
Car381009-2026-Pass1-Z1-2MU00693_20260729_011330_000;0.0;1.4;38.0;Leppun;0.25;;;;;
Car381009-2026-Pass1-Z1-2MU00693_20260729_011330_000;0.2;1.8;35.0;noise;0.09;;;;;
Car381009-2026-Pass1-Z1-2MU00693_20260729_011330_000;0.0;1.9;26.0;Rhasp;0.04;Phogri, Tetvir, Plaint, Metbra;;;;
Car381009-2026-Pass1-Z1-2MU00693_20260729_011334_000;0.7;2.8;47.0;Leppun;0.35;;;;;
Car381009-2026-Pass1-Z1-2MU00693_20260729_011334_000;0.0;2.7;27.0;Phogri;0.65;;;;;
Car381009-2026-Pass1-Z1-2MU00693_20260729_011339_000;0.6;4.6;25.0;Phogri;0.07;noise;;;;
Car381009-2026-Pass1-Z1-2MU00693_20260729_011339_000;0.0;4.6;35.0;Testes;0.81;;;;;
Car381009-2026-Pass1-Z1-2MU00693_20260729_011346_000;0.0;1.8;34.0;Leppun;0.91;;;;;
Car381009-2026-Pass1-Z1-2MU00693_20260729_011346_000;0.3;2.0;25.0;Phogri;0.74;;;;;
Car381009-2026-Pass1-Z1-2MU00693_20260729_011351_000;0.0;1.9;46.0;Leppun;0.55;;;;;
Car381009-2026-Pass1-Z1-2MU00693_20260729_011351_000;0.2;2.0;28.0;Phogri;0.13;noise;;;;
Car381009-2026-Pass1-Z1-2MU00693_20260729_011358_000;0.0;1.6;39.0;Leppun;0.43;;;;;
Car381009-2026-Pass1-Z1-2MU00693_20260729_011358_000;0.4;2.1;25.0;noise;0.09;Phogri;;;;
Car381009-2026-Pass1-Z1-2MU00693_20260729_011358_000;0.8;0.9;46.0;Pippip;0.85;;;;;
Car381009-2026-Pass1-Z1-2MU00693_20260729_011358_000;1.1;2.1;31.0;Testes;0.2;;;;;
Car381009-2026-Pass1-Z1-2MU00693_20260729_011400_000;0.0;5.0;28.0;noise;0.14;;;;;
Car381009-2026-Pass1-Z1-2MU00693_20260729_011400_000;0.1;5.0;35.0;Testes;0.93;;;;;
Car381009-2026-Pass1-Z1-2MU00693_20260729_011409_000;0.0;2.9;45.0;Leppun;0.87;;;;;
Car381009-2026-Pass1-Z1-2MU00693_20260729_011409_000;0.2;2.9;27.0;Phogri;0.52;;;;;
Car381009-2026-Pass1-Z1-2MU00693_20260729_011415_000;0.3;1.3;37.0;Leppun;0.59;;;;;
Car381009-2026-Pass1-Z1-2MU00693_20260729_011415_000;0.0;2.1;28.0;Phogri;0.8;;;;;
Car381009-2026-Pass1-Z1-2MU00693_20260729_011418_000;0.0;1.8;28.0;Phogri;0.76;;;;;
Car381009-2026-Pass1-Z1-2MU00693_20260729_011420_000;0.4;4.4;26.0;Phogri;0.78;;;;;
Car381009-2026-Pass1-Z1-2MU00693_20260729_011420_000;0.0;5.0;34.0;Testes;0.9;;;;;
Car381009-2026-Pass1-Z1-2MU00693_20260729_011427_000;0.3;3.0;38.0;Leppun;0.89;;;;;
Car381009-2026-Pass1-Z1-2MU00693_20260729_011427_000;0.0;3.6;28.0;Phogri;0.73;;;;;
Car381009-2026-Pass1-Z1-2MU00693_20260729_011431_000;0.0;4.6;26.0;Eptser;0.91;;;;;
Car381009-2026-Pass1-Z1-2MU00693_20260729_011431_000;0.4;4.6;41.0;Leppun;0.92;;;;;
Car381009-2026-Pass1-Z1-2MU00693_20260729_011431_000;0.0;4.2;28.0;noise;0.17;Rhasp;;;;
Car381009-2026-Pass1-Z1-2MU00693_20260729_011431_000;0.0;4.6;32.0;Phogri;0.74;;;;;
Car381009-2026-Pass1-Z1-2MU00693_20260729_011445_000;0.1;4.5;27.0;Phogri;0.8;;;;;
Car381009-2026-Pass1-Z1-2MU00693_20260729_011445_000;0.1;5.0;35.0;Testes;0.83;;;;;
Car381009-2026-Pass1-Z1-2MU00693_20260729_011454_000;0.3;2.2;38.0;Leppun;0.88;;;;;
Car381009-2026-Pass1-Z1-2MU00693_20260729_011454_000;0.0;1.9;38.0;noise;0.23;;;;;
Car381009-2026-Pass1-Z1-2MU00693_20260729_011454_000;0.0;2.0;28.0;Phogri;0.9;;;;;
Car381009-2026-Pass1-Z1-2MU00693_20260729_011456_000;0.1;3.4;46.0;Leppun;0.95;;;;;
Car381009-2026-Pass1-Z1-2MU00693_20260729_011456_000;0.0;2.7;28.0;Phogri;0.57;;;;;
Car381009-2026-Pass1-Z1-2MU00693_20260729_011456_000;0.0;3.4;27.0;Rhasp;0.71;;;;;
Car381009-2026-Pass1-Z1-2MU00693_20260729_011501_000;0.0;4.9;39.0;Leppun;0.91;;;;;
Car381009-2026-Pass1-Z1-2MU00693_20260729_011501_000;0.0;4.9;28.0;noise;0.09;;;;;
Car381009-2026-Pass1-Z1-2MU00693_20260729_011501_000;0.0;4.9;28.0;Phogri;0.53;;;;;
Car381009-2026-Pass1-Z1-2MU00693_20260729_011507_000;1.6;4.5;36.0;Barbar;0.81;;Barbar;SUR;;
Car381009-2026-Pass1-Z1-2MU00693_20260729_011507_000;0.4;4.9;30.0;noise;0.1;Phogri;;;;
Car381009-2026-Pass1-Z1-2MU00693_20260729_011507_000;0.0;5.0;35.0;Testes;0.85;;;;;
Car381009-2026-Pass1-Z1-2MU00693_20260729_011514_000;0.1;4.2;36.0;Leppun;0.3;;;;;
Car381009-2026-Pass1-Z1-2MU00693_20260729_011514_000;0.0;4.2;29.0;noise;0.14;;;;;
Car381009-2026-Pass1-Z1-2MU00693_20260729_011514_000;0.0;3.3;28.0;Phogri;0.75;;;;;
Car381009-2026-Pass1-Z1-2MU00693_20260729_011519_000;0.0;0.5;33.0;Leppun;0.6;;;;;
Car381009-2026-Pass1-Z1-2MU00693_20260729_011519_000;0.1;2.1;29.0;Phogri;0.6;;;;;
Car381009-2026-Pass1-Z1-2MU00693_20260729_011521_000;0.0;2.4;33.0;Leppun;0.95;;;;;
Car381009-2026-Pass1-Z1-2MU00693_20260729_011521_000;0.0;2.4;26.0;Phogri;0.69;;;;;
Car381009-2026-Pass1-Z1-2MU00693_20260729_011521_000;0.0;2.3;13.0;Tetvir;0.62;;;;;
Car381009-2026-Pass1-Z1-2MU00693_20260729_011524_000;0.2;4.8;42.0;Leppun;0.39;;;;;
Car381009-2026-Pass1-Z1-2MU00693_20260729_011524_000;0.0;5.0;26.0;Phogri;0.63;;;;;
Car381009-2026-Pass1-Z1-2MU00693_20260729_011530_000;0.0;2.5;35.0;Leppun;0.39;;;;;
Car381009-2026-Pass1-Z1-2MU00693_20260729_011530_000;0.5;2.5;27.0;noise;0.12;Phogri;;;;
Car381009-2026-Pass1-Z1-2MU00693_20260729_011532_000;0.0;4.5;27.0;Phogri;0.49;;;;;
Car381009-2026-Pass1-Z1-2MU00693_20260729_011532_000;0.1;1.5;55.0;Pippip;0.35;;;;;
Car381009-2026-Pass1-Z1-2MU00693_20260729_011532_000;0.0;5.0;35.0;Testes;0.95;;;;;
Car381009-2026-Pass1-Z1-2MU00693_20260729_011540_000;0.0;3.0;38.0;Leppun;0.91;;;;;
Car381009-2026-Pass1-Z1-2MU00693_20260729_011540_000;0.6;3.0;27.0;noise;0.2;;;;;
Car381009-2026-Pass1-Z1-2MU00693_20260729_011543_000;0.7;0.9;44.0;Leppun;0.29;;;;;
Car381009-2026-Pass1-Z1-2MU00693_20260729_011543_000;0.0;2.2;26.0;Phogri;0.97;;;;;
Car381009-2026-Pass1-Z1-2MU00693_20260729_011548_000;0.0;2.0;45.0;Leppun;0.94;;;;;
Car381009-2026-Pass1-Z1-2MU00693_20260729_011548_000;0.1;2.1;28.0;Phogri;0.47;;;;;
Car381009-2026-Pass1-Z1-2MU00693_20260729_011548_000;0.1;2.1;26.0;Rhasp;0.86;;;;;
Car381009-2026-Pass1-Z1-2MU00693_20260729_011551_000;0.9;5.0;45.0;Leppun;0.93;;;;;
Car381009-2026-Pass1-Z1-2MU00693_20260729_011551_000;0.0;4.5;27.0;Phogri;0.36;;;;;
Car381009-2026-Pass1-Z1-2MU00693_20260729_011600_000;0.0;4.8;36.0;noise;0.18;Phogri;;;;
Car381009-2026-Pass1-Z1-2MU00693_20260729_011600_000;0.0;4.3;34.0;Plaint;0.31;;;;;
Car381009-2026-Pass1-Z1-2MU00693_20260729_011600_000;0.0;4.8;34.0;Testes;0.87;;;;;
Car381009-2026-Pass1-Z1-2MU00693_20260729_011608_000;0.0;2.1;46.0;Leppun;0.93;;;;;
Car381009-2026-Pass1-Z1-2MU00693_20260729_011608_000;0.6;2.1;25.0;noise;0.12;;;;;
Car381009-2026-Pass1-Z1-2MU00693_20260729_011608_000;0.0;2.4;29.0;Phogri;0.78;;;;;
Car381009-2026-Pass1-Z1-2MU00693_20260729_011612_000;0.2;2.2;43.0;Leppun;0.85;;;;;
Car381009-2026-Pass1-Z1-2MU00693_20260729_011612_000;0.0;2.3;28.0;Phogri;0.49;;;;;
Car381009-2026-Pass1-Z1-2MU00693_20260729_011615_000;0.0;2.0;27.0;Phogri;0.67;;;;;
Car381009-2026-Pass1-Z1-2MU00693_20260729_011618_000;0.0;5.0;37.0;Leppun;0.8;;;;;
Car381009-2026-Pass1-Z1-2MU00693_20260729_011618_000;0.1;5.0;28.0;noise;0.52;;;;;
Car381009-2026-Pass1-Z1-2MU00693_20260729_011618_000;0.7;5.0;29.0;Phogri;0.63;;;;;
Car381009-2026-Pass1-Z1-2MU00693_20260729_011639_000;0.0;3.8;37.0;Leppun;0.49;;;;;
Car381009-2026-Pass1-Z1-2MU00693_20260729_011639_000;0.0;4.8;27.0;noise;0.21;;;;;
Car381009-2026-Pass1-Z1-2MU00693_20260729_011639_000;0.7;4.9;32.0;Phogri;0.87;;;;;
Car381009-2026-Pass1-Z1-2MU00693_20260729_011653_000;0.0;4.5;38.0;Leppun;0.95;;;;;
Car381009-2026-Pass1-Z1-2MU00693_20260729_011653_000;0.1;4.8;25.0;noise;0.27;;;;;
Car381009-2026-Pass1-Z1-2MU00693_20260729_011653_000;0.8;4.6;28.0;Phogri;0.57;;;;;
Car381009-2026-Pass1-Z1-2MU00693_20260729_011726_000;0.0;4.9;30.0;Leppun;0.51;;;;;
Car381009-2026-Pass1-Z1-2MU00693_20260729_011726_000;0.0;4.9;25.0;noise;0.19;;;;;
Car381009-2026-Pass1-Z1-2MU00693_20260729_011726_000;0.0;4.9;28.0;Phogri;0.13;;;;;
Car381009-2026-Pass1-Z1-2MU00693_20260729_011731_000;1.2;2.7;51.0;Leppun;0.45;;;;;
Car381009-2026-Pass1-Z1-2MU00693_20260729_011731_000;0.0;4.8;29.0;Phogri;0.68;;;;;
Car381009-2026-Pass1-Z1-2MU00693_20260729_011731_000;1.4;5.0;34.0;Testes;0.9;;;;;
Car381009-2026-Pass1-Z1-2MU00693_20260729_011824_000;0.0;4.4;49.0;Leppun;0.57;;;;;
Car381009-2026-Pass1-Z1-2MU00693_20260729_011824_000;0.2;4.9;28.0;Phogri;0.64;;;;;
Car381009-2026-Pass1-Z1-2MU00693_20260729_011824_000;0.0;5.0;34.0;Testes;0.84;;;;;
Car381009-2026-Pass1-Z1-2MU00693_20260729_011924_000;0.0;4.5;41.0;Leppun;0.93;;;;;
Car381009-2026-Pass1-Z1-2MU00693_20260729_011924_000;3.9;4.8;52.0;Minsch;0.67;;;;;
Car381009-2026-Pass1-Z1-2MU00693_20260729_011924_000;0.0;5.0;28.0;noise;0.09;Rhasp;;;;
Car381009-2026-Pass1-Z1-2MU00693_20260729_011924_000;0.0;5.0;38.0;Phogri;0.83;;;;;
Car381009-2026-Pass1-Z1-2MU00693_20260729_012024_000;0.0;3.7;38.0;Leppun;0.95;;;;;
Car381009-2026-Pass1-Z1-2MU00693_20260729_012024_000;0.0;4.8;33.0;Phogri;0.96;;;;;
Car381009-2026-Pass1-Z1-2MU00693_20260729_012037_000;0.9;4.8;35.0;Leppun;0.49;;;;;
Car381009-2026-Pass1-Z1-2MU00693_20260729_012037_000;0.0;4.8;40.0;Phogri;0.94;;;;;
Car381009-2026-Pass1-Z1-2MU00693_20260729_012138_000;0.0;4.8;37.0;Leppun;0.97;;;;;
Car381009-2026-Pass1-Z1-2MU00693_20260729_012138_000;0.4;4.8;37.0;Phogri;0.97;;;;;
Car381009-2026-Pass1-Z1-2MU00693_20260729_012138_000;0.8;4.8;21.0;noise;0.07;;;;;
Car381009-2026-Pass1-Z1-2MU00693_20260729_012206_000;0.3;4.7;38.0;Leppun;0.98;;;;;
Car381009-2026-Pass1-Z1-2MU00693_20260729_012206_000;0.0;5.0;28.0;Phogri;0.92;;;;;
Car381009-2026-Pass1-Z1-2MU00693_20260729_012206_000;0.5;4.4;21.0;noise;0.06;Tetvir;;;;
Car381009-2026-Pass1-Z1-2MU00693_20260729_012306_000;0.5;4.9;38.0;Leppun;0.97;;;;;
Car381009-2026-Pass1-Z1-2MU00693_20260729_012306_000;0.0;5.0;28.0;noise;0.2;;;;;
Car381009-2026-Pass1-Z1-2MU00693_20260729_012306_000;0.0;4.4;41.0;Phogri;0.83;;;;;
Car381009-2026-Pass1-Z1-2MU00693_20260729_012407_000;0.7;4.9;37.0;Leppun;0.86;;;;;
Car381009-2026-Pass1-Z1-2MU00693_20260729_012407_000;0.9;4.9;22.0;noise;0.13;;;;;
Car381009-2026-Pass1-Z1-2MU00693_20260729_012407_000;0.0;4.9;29.0;Phogri;0.98;;;;;
Car381009-2026-Pass1-Z1-2MU00693_20260729_012507_000;0.0;4.7;39.0;Leppun;0.83;;;;;
Car381009-2026-Pass1-Z1-2MU00693_20260729_012507_000;0.0;4.8;36.0;Phogri;0.52;;;;;
Car381009-2026-Pass1-Z1-2MU00693_20260729_012608_000;0.3;5.0;40.0;Leppun;0.96;;;;;
Car381009-2026-Pass1-Z1-2MU00693_20260729_012608_000;0.0;5.0;30.0;Phogri;0.86;;;;;
Car381009-2026-Pass1-Z1-2MU00693_20260729_012708_000;0.4;4.7;25.0;Eptser;0.78;;;;;
Car381009-2026-Pass1-Z1-2MU00693_20260729_012708_000;0.0;4.4;37.0;Leppun;0.96;;;;;
Car381009-2026-Pass1-Z1-2MU00693_20260729_012708_000;0.0;4.9;35.0;Phogri;0.97;;;;;
Car381009-2026-Pass1-Z1-2MU00693_20260729_012809_000;0.0;4.5;38.0;Leppun;0.96;;;;;
Car381009-2026-Pass1-Z1-2MU00693_20260729_012809_000;0.3;4.9;27.0;Tetvir;0.05;;;;;
Car381009-2026-Pass1-Z1-2MU00693_20260729_012809_000;0.5;4.0;44.0;Phogri;0.88;;;;;
Car381009-2026-Pass1-Z1-2MU00693_20260729_012809_000;0.1;3.3;26.0;Plaint;0.03;noise, Tetvir;;;;
Car381009-2026-Pass1-Z1-2MU00693_20260729_012909_000;0.0;4.7;36.0;Leppun;0.97;;;;;
Car381009-2026-Pass1-Z1-2MU00693_20260729_012909_000;0.0;4.7;25.0;Tetvir;0.29;;;;;
Car381009-2026-Pass1-Z1-2MU00693_20260729_013009_000;0.6;5.0;35.0;Leppun;0.95;;;;;
Car381009-2026-Pass1-Z1-2MU00693_20260729_013009_000;0.0;5.0;23.0;noise;0.28;;;;;
Car381009-2026-Pass1-Z1-2MU00693_20260729_013009_000;0.9;5.0;27.0;Phogri;0.95;;;;;
Car381009-2026-Pass1-Z1-2MU00693_20260729_013051_000;0.0;4.9;38.0;Leppun;0.82;;;;;
Car381009-2026-Pass1-Z1-2MU00693_20260729_013051_000;0.0;5.0;29.0;Phogri;0.8;;;;;
Car381009-2026-Pass1-Z1-2MU00693_20260729_013152_000;1.4;4.9;38.0;Leppun;0.84;;;;;
Car381009-2026-Pass1-Z1-2MU00693_20260729_013152_000;0.2;4.7;25.0;noise;0.11;;;;;
Car381009-2026-Pass1-Z1-2MU00693_20260729_013152_000;0.0;5.0;32.0;Phogri;0.88;;;;;
Car381009-2026-Pass1-Z1-2MU00693_20260729_013252_000;0.8;2.4;38.0;Leppun;0.59;;;;;
Car381009-2026-Pass1-Z1-2MU00693_20260729_013252_000;0.0;5.0;28.0;noise;0.41;;;;;
Car381009-2026-Pass1-Z1-2MU00693_20260729_013252_000;1.0;4.7;39.0;Phogri;0.76;;;;;
Car381009-2026-Pass1-Z1-2MU00693_20260729_013352_000;1.1;4.9;33.0;noise;0.13;;;;;
Car381009-2026-Pass1-Z1-2MU00693_20260729_013352_000;0.0;5.0;25.0;Tetvir;0.92;;;;;
Car381009-2026-Pass1-Z1-2MU00693_20260729_013452_000;0.0;4.8;39.0;Leppun;0.88;;;;;
Car381009-2026-Pass1-Z1-2MU00693_20260729_013452_000;0.0;4.9;26.0;Tetvir;0.44;;;;;
Car381009-2026-Pass1-Z1-2MU00693_20260729_013553_000;0.0;5.0;46.0;Leppun;0.93;;;;;
Car381009-2026-Pass1-Z1-2MU00693_20260729_013553_000;2.0;4.3;22.0;noise;0.12;;;;;
Car381009-2026-Pass1-Z1-2MU00693_20260729_013553_000;0.2;4.8;27.0;Phogri;0.94;;;;;
Car381009-2026-Pass1-Z1-2MU00693_20260729_013553_000;0.3;5.0;48.0;Pippip;0.96;;;;;
Car381009-2026-Pass1-Z1-2MU00693_20260729_013654_000;0.4;5.0;39.0;Leppun;0.6;;;;;
Car381009-2026-Pass1-Z1-2MU00693_20260729_013654_000;0.0;4.9;29.0;noise;0.13;Phogri;;;;
Car381009-2026-Pass1-Z1-2MU00693_20260729_013654_000;0.0;4.9;26.0;Tetvir;0.8;;;;;
Car381009-2026-Pass1-Z1-2MU00693_20260729_013754_000;0.7;4.7;36.0;Leppun;0.96;;;;;
Car381009-2026-Pass1-Z1-2MU00693_20260729_013754_000;0.0;4.7;36.0;Phogri;0.97;;;;;
Car381009-2026-Pass1-Z1-2MU00693_20260729_013754_000;0.0;4.9;22.0;Tetvir;0.92;;;;;
Car381009-2026-Pass1-Z1-2MU00693_20260729_013855_000;0.3;5.0;35.0;Leppun;0.93;;;;;
Car381009-2026-Pass1-Z1-2MU00693_20260729_013855_000;0.0;5.0;27.0;Phogri;0.78;;;;;
Car381009-2026-Pass1-Z1-2MU00693_20260729_013855_000;0.5;1.9;38.0;Pipkuh;0.63;;;;;
Car381009-2026-Pass1-Z1-2MU00693_20260729_013855_000;0.0;5.0;37.0;Tetvir;0.85;;;;;
Car381009-2026-Pass1-Z1-2MU00693_20260729_014002_000;0.1;5.0;37.0;Leppun;0.9;;;;;
Car381009-2026-Pass1-Z1-2MU00693_20260729_014002_000;0.4;4.9;27.0;Phogri;0.07;Plaint, noise;;;;
Car381009-2026-Pass1-Z1-2MU00693_20260729_014002_000;0.0;5.0;27.0;Tetvir;0.59;;;;;
Car381009-2026-Pass1-Z1-2MU00693_20260729_014103_000;0.1;4.4;40.0;Leppun;0.97;;;;;
Car381009-2026-Pass1-Z1-2MU00693_20260729_014103_000;0.2;4.6;29.0;Phogri;0.05;Plaint, noise, Barfis;;;;
Car381009-2026-Pass1-Z1-2MU00693_20260729_014103_000;0.0;5.0;11.0;Tetvir;0.97;;;;;
Car381009-2026-Pass1-Z1-2MU00693_20260729_014203_000;0.4;1.6;47.0;Confus;0.35;;;;;
Car381009-2026-Pass1-Z1-2MU00693_20260729_014203_000;0.0;2.7;38.0;Leppun;0.97;;;;;
Car381009-2026-Pass1-Z1-2MU00693_20260729_014203_000;0.2;3.5;26.0;noise;0.2;;;;;
Car381009-2026-Pass1-Z1-2MU00693_20260729_014203_000;0.0;3.3;27.0;Phogri;0.04;Plaint, Tetvir, Rhasp, Metbra;;;;
Car381009-2026-Pass1-Z1-2MU00693_20260729_014207_000;0.1;4.7;36.0;Leppun;0.93;;;;;
Car381009-2026-Pass1-Z1-2MU00693_20260729_014207_000;0.7;4.4;31.0;noise;0.15;;;;;
Car381009-2026-Pass1-Z1-2MU00693_20260729_014207_000;0.0;4.5;26.0;Plaint;0.08;Phogri;;;;
Car381009-2026-Pass1-Z1-2MU00693_20260729_014307_000;0.8;4.1;33.0;Leppun;0.62;;;;;
Car381009-2026-Pass1-Z1-2MU00693_20260729_014307_000;0.0;5.0;25.0;noise;0.12;Phogri;;;;
Car381009-2026-Pass1-Z1-2MU00693_20260729_014307_000;4.3;4.9;48.0;Pippip;0.99;;;;;
Car381009-2026-Pass1-Z1-2MU00693_20260729_014307_000;0.3;5.0;30.0;Rhasp;0.12;Phogri;;;;
Car381009-2026-Pass1-Z1-2MU00693_20260729_014313_000;0.0;5.0;34.0;Leppun;0.95;;;;;
Car381009-2026-Pass1-Z1-2MU00693_20260729_014313_000;0.5;5.0;29.0;noise;0.09;;;;;
Car381009-2026-Pass1-Z1-2MU00693_20260729_014313_000;0.6;4.7;30.0;Phogri;0.2;;;;;
Car381009-2026-Pass1-Z1-2MU00693_20260729_014323_000;0.1;2.9;37.0;Barbar;0.99;;;;;
Car381009-2026-Pass1-Z1-2MU00693_20260729_014323_000;0.0;1.6;36.0;Leppun;0.44;;;;;
Car381009-2026-Pass1-Z1-2MU00693_20260729_014323_000;0.0;2.9;28.0;noise;0.35;;;;;
Car381009-2026-Pass1-Z1-2MU00693_20260729_014323_000;0.7;3.2;26.0;Phogri;0.07;Rhasp, Plaint;;;;
Car381009-2026-Pass1-Z1-2MU00693_20260729_014323_000;0.5;1.7;26.0;Tetvir;0.31;;;;;
Car381009-2026-Pass1-Z1-2MU00693_20260729_014327_000;0.0;4.5;38.0;Leppun;0.95;;;;;
Car381009-2026-Pass1-Z1-2MU00693_20260729_014327_000;1.8;4.9;30.0;Phogri;0.45;;;;;
Car381009-2026-Pass1-Z1-2MU00693_20260729_014327_000;0.7;5.0;26.0;Rhasp;0.1;noise;;;;
Car381009-2026-Pass1-Z1-2MU00693_20260729_014352_000;0.1;4.9;37.0;Leppun;0.95;;;;;
Car381009-2026-Pass1-Z1-2MU00693_20260729_014352_000;0.3;4.6;20.0;Phanan;0.81;;;;;
Car381009-2026-Pass1-Z1-2MU00693_20260729_014352_000;0.3;4.9;29.0;Phogri;0.95;;;;;
Car381009-2026-Pass1-Z1-2MU00693_20260729_014410_000;0.0;4.9;39.0;Leppun;0.98;;;;;
Car381009-2026-Pass1-Z1-2MU00693_20260729_014410_000;0.0;4.6;19.0;Phanan;0.88;;;;;
Car381009-2026-Pass1-Z1-2MU00693_20260729_014410_000;0.0;4.9;26.0;noise;0.08;Plaint, Phogri, Eptser;;;;
Car381009-2026-Pass1-Z1-2MU00693_20260729_014446_000;0.5;4.6;37.0;Leppun;0.96;;;;;
Car381009-2026-Pass1-Z1-2MU00693_20260729_014446_000;0.0;4.4;27.0;Phogri;0.63;;;;;
Car381009-2026-Pass1-Z1-2MU00693_20260729_014446_000;4.8;4.9;44.0;Pippip;0.63;;;;;
Car381009-2026-Pass1-Z1-2MU00693_20260729_014446_000;0.2;4.1;22.0;Tetvir;0.55;;;;;
Car381009-2026-Pass1-Z1-2MU00693_20260729_014457_000;0.0;2.0;33.0;Leppun;0.64;;;;;
Car381009-2026-Pass1-Z1-2MU00693_20260729_014457_000;0.1;2.0;22.0;Phanan;0.62;;;;;
Car381009-2026-Pass1-Z1-2MU00693_20260729_014457_000;0.0;2.1;28.0;Phogri;0.74;;;;;
Car381009-2026-Pass1-Z1-2MU00693_20260729_014500_000;0.0;1.8;34.0;Leppun;0.97;;;;;
Car381009-2026-Pass1-Z1-2MU00693_20260729_014500_000;1.0;1.2;19.0;noise;0.05;Phanan;;;;
Car381009-2026-Pass1-Z1-2MU00693_20260729_014500_000;0.2;2.0;26.0;Phogri;0.87;;;;;
Car381009-2026-Pass1-Z1-2MU00693_20260729_014503_000;0.0;3.2;28.0;Leppun;0.78;;;;;
Car381009-2026-Pass1-Z1-2MU00693_20260729_014503_000;0.2;2.8;21.0;Phanan;0.86;;;;;
Car381009-2026-Pass1-Z1-2MU00693_20260729_014503_000;0.3;3.0;27.0;Phogri;0.69;;;;;
Car381009-2026-Pass1-Z1-2MU00693_20260729_014507_000;0.0;1.4;30.0;Leppun;0.98;;;;;
Car381009-2026-Pass1-Z1-2MU00693_20260729_014507_000;0.1;1.9;22.0;noise;0.08;Phogri, Tetvir;;;;
Car381009-2026-Pass1-Z1-2MU00693_20260729_014509_000;0.0;4.8;30.0;Leppun;0.87;;;;;
Car381009-2026-Pass1-Z1-2MU00693_20260729_014509_000;0.4;4.9;26.0;noise;0.22;;;;;
Car381009-2026-Pass1-Z1-2MU00693_20260729_014509_000;0.1;4.5;20.0;Phanan;0.95;;;;;
Car381009-2026-Pass1-Z1-2MU00693_20260729_014509_000;0.6;4.9;30.0;Phogri;0.1;;;;;
Car381009-2026-Pass1-Z1-2MU00693_20260729_014518_000;0.0;5.0;31.0;Leppun;0.94;;;;;
Car381009-2026-Pass1-Z1-2MU00693_20260729_014518_000;0.0;5.0;20.0;Phanan;0.83;;;;;
Car381009-2026-Pass1-Z1-2MU00693_20260729_014518_000;0.5;4.6;26.0;Phogri;0.08;Antsp, noise;;;;
Car381009-2026-Pass1-Z1-2MU00693_20260729_014618_000;0.5;4.7;35.0;Leppun;0.95;;;;;
Car381009-2026-Pass1-Z1-2MU00693_20260729_014618_000;0.1;5.0;19.0;noise;0.1;Phanan;;;;
Car381009-2026-Pass1-Z1-2MU00693_20260729_014618_000;0.0;4.7;31.0;Phogri;0.53;;;;;
Car381009-2026-Pass1-Z1-2MU00693_20260729_014618_000;0.1;5.0;28.0;Rhasp;0.8;;;;;
Car381009-2026-Pass1-Z1-2MU00693_20260729_014706_000;0.0;4.7;39.0;Leppun;0.95;;;;;
Car381009-2026-Pass1-Z1-2MU00693_20260729_014706_000;0.0;4.9;44.0;noise;0.12;Phogri;;;;
Car381009-2026-Pass1-Z1-2MU00693_20260729_014706_000;0.3;4.6;20.0;Phanan;0.56;;;;;
Car381009-2026-Pass1-Z1-2MU00693_20260729_014706_000;0.2;5.0;26.0;Phogri;0.08;Antsp;;;;
Car381009-2026-Pass1-Z1-2MU00693_20260729_014807_000;0.0;1.4;36.0;Leppun;0.53;;;;;
Car381009-2026-Pass1-Z1-2MU00693_20260729_014807_000;0.1;1.5;26.0;Rhasp;0.18;;;;;
Car381009-2026-Pass1-Z1-2MU00693_20260729_014810_000;1.0;3.7;35.0;Leppun;0.93;;;;;
Car381009-2026-Pass1-Z1-2MU00693_20260729_014810_000;0.4;5.0;26.0;noise;0.12;Phogri;;;;
Car381009-2026-Pass1-Z1-2MU00693_20260729_014810_000;0.5;4.0;22.0;Isopyr;0.05;Phanan;;;;
Car381009-2026-Pass1-Z1-2MU00693_20260729_014810_000;0.0;5.0;27.0;Antsp;0.25;Rhasp;;;;
Car381009-2026-Pass1-Z1-2MU00693_20260729_014833_000;1.4;4.7;45.0;Leppun;0.87;;;;;
Car381009-2026-Pass1-Z1-2MU00693_20260729_014833_000;0.0;5.0;22.0;noise;0.17;Phogri;;;;
Car381009-2026-Pass1-Z1-2MU00693_20260729_014833_000;0.2;5.0;20.0;Phanan;0.04;Rhasp, Phogri, Cyrscu, Tetvir;;;;
Car381009-2026-Pass1-Z1-2MU00693_20260729_014851_000;0.0;4.6;36.0;Leppun;0.96;;;;;
Car381009-2026-Pass1-Z1-2MU00693_20260729_014851_000;0.3;5.0;26.0;Phogri;0.08;Rhasp, noise;;;;
Car381009-2026-Pass1-Z1-2MU00693_20260729_014851_000;0.0;4.9;10.0;Tetvir;0.98;;;;;
Car381009-2026-Pass1-Z1-2MU00693_20260729_014929_000;0.0;4.6;37.0;Leppun;0.97;;;;;
Car381009-2026-Pass1-Z1-2MU00693_20260729_014929_000;0.1;5.0;26.0;noise;0.2;;;;;
Car381009-2026-Pass1-Z1-2MU00693_20260729_014929_000;0.5;5.0;26.0;Phogri;0.05;Tetvir, Plaint;;;;
Car381009-2026-Pass1-Z1-2MU00693_20260729_014937_000;0.0;4.9;38.0;Leppun;0.96;;;;;
Car381009-2026-Pass1-Z1-2MU00693_20260729_014937_000;0.0;5.0;26.0;Plaint;0.06;Phogri, noise;;;;
Car381009-2026-Pass1-Z1-2MU00693_20260729_014937_000;0.0;4.5;24.0;Tetvir;0.57;;;;;
Car381009-2026-Pass1-Z1-2MU00693_20260729_014949_000;0.0;5.0;38.0;Leppun;0.97;;;;;
Car381009-2026-Pass1-Z1-2MU00693_20260729_014949_000;0.4;5.0;26.0;Phogri;0.06;noise, Tetvir, Cyrscu;;;;
Car381009-2026-Pass1-Z1-2MU00693_20260729_014955_000;0.0;3.1;32.0;Leppun;0.94;;;;;
Car381009-2026-Pass1-Z1-2MU00693_20260729_014955_000;0.6;3.5;40.0;Phogri;0.63;;;;;
Car381009-2026-Pass1-Z1-2MU00693_20260729_014955_000;0.6;4.0;26.0;Rhasp;0.07;;;;;
Car381009-2026-Pass1-Z1-2MU00693_20260729_015001_000;0.0;4.8;36.0;Leppun;0.92;;;;;
Car381009-2026-Pass1-Z1-2MU00693_20260729_015001_000;0.7;3.4;31.0;noise;0.07;;;;;
Car381009-2026-Pass1-Z1-2MU00693_20260729_015001_000;0.0;5.0;26.0;Phogri;0.58;;;;;
Car381009-2026-Pass1-Z1-2MU00693_20260729_015012_000;0.8;5.0;37.0;Leppun;0.96;;;;;
Car381009-2026-Pass1-Z1-2MU00693_20260729_015012_000;0.0;4.8;13.0;noise;0.17;;;;;
Car381009-2026-Pass1-Z1-2MU00693_20260729_015012_000;0.3;4.9;26.0;Plaint;0.06;Phogri, Tetvir;;;;
Car381009-2026-Pass1-Z1-2MU00693_20260729_015026_000;1.4;1.9;39.0;Leppun;0.94;;;;;
Car381009-2026-Pass1-Z1-2MU00693_20260729_015026_000;0.0;5.0;27.0;Phogri;0.68;;;;;
Car381009-2026-Pass1-Z1-2MU00693_20260729_015026_000;0.0;4.8;31.0;Testes;0.78;;;;;
Car381009-2026-Pass1-Z1-2MU00693_20260729_015035_000;0.0;4.9;40.0;Leppun;0.52;;;;;
Car381009-2026-Pass1-Z1-2MU00693_20260729_015035_000;0.4;4.7;30.0;noise;0.11;Phogri;;;;
Car381009-2026-Pass1-Z1-2MU00693_20260729_015035_000;0.4;5.0;38.0;Pipkuh;0.98;;;;;
Car381009-2026-Pass1-Z1-2MU00693_20260729_015035_000;0.8;4.7;28.0;Phogri;0.04;Rhasp, Antsp, Tetvir, Plaint;;;;
Car381009-2026-Pass1-Z1-2MU00693_20260729_015049_000;0.0;5.0;29.0;Leppun;0.83;;;;;
Car381009-2026-Pass1-Z1-2MU00693_20260729_015049_000;0.5;4.9;28.0;Phogri;0.74;;;;;
Car381009-2026-Pass1-Z1-2MU00693_20260729_015049_000;0.0;4.6;38.0;Pipkuh;0.98;;;;;
Car381009-2026-Pass1-Z1-2MU00693_20260729_015049_000;0.5;5.0;26.0;Isopyr;0.6;Rhasp;;;;
Car381009-2026-Pass1-Z1-2MU00693_20260729_015049_000;0.2;4.2;32.0;Testes;0.69;;;;;
Car381009-2026-Pass1-Z1-2MU00693_20260729_015057_000;0.0;4.9;37.0;Leppun;0.95;;;;;
Car381009-2026-Pass1-Z1-2MU00693_20260729_015057_000;0.3;4.6;26.0;Phogri;0.11;Rhasp;;;;
Car381009-2026-Pass1-Z1-2MU00693_20260729_015119_000;0.0;4.4;37.0;Leppun;0.97;;;;;
Car381009-2026-Pass1-Z1-2MU00693_20260729_015119_000;1.2;4.9;38.0;Phogri;0.36;;;;;
Car381009-2026-Pass1-Z1-2MU00693_20260729_015119_000;0.4;4.9;28.0;Rhasp;0.17;;;;;
Car381009-2026-Pass1-Z1-2MU00693_20260729_015128_000;0.0;5.0;37.0;Leppun;0.95;;;;;
Car381009-2026-Pass1-Z1-2MU00693_20260729_015128_000;0.2;4.8;28.0;Phogri;0.06;Plaint, noise;;;;
Car381009-2026-Pass1-Z1-2MU00693_20260729_015141_000;0.6;1.8;35.0;Leppun;0.97;;;;;
Car381009-2026-Pass1-Z1-2MU00693_20260729_015141_000;0.1;2.7;25.0;Rhasp;0.11;Phogri;;;;
Car381009-2026-Pass1-Z1-2MU00693_20260729_015141_000;0.1;2.0;27.0;Tetvir;0.33;;;;;
Car381009-2026-Pass1-Z1-2MU00693_20260729_015144_000;0.5;1.7;32.0;Leppun;0.96;;;;;
Car381009-2026-Pass1-Z1-2MU00693_20260729_015144_000;0.0;1.6;40.0;Phogri;0.65;;;;;
Car381009-2026-Pass1-Z1-2MU00693_20260729_015144_000;0.4;2.0;26.0;Rhasp;0.35;;;;;
Car381009-2026-Pass1-Z1-2MU00693_20260729_015146_000;0.0;3.4;35.0;Leppun;0.98;;;;;
Car381009-2026-Pass1-Z1-2MU00693_20260729_015146_000;0.5;4.9;42.0;Phogri;0.57;;;;;
Car381009-2026-Pass1-Z1-2MU00693_20260729_015146_000;0.5;5.0;26.0;noise;0.06;Plaint;;;;
Car381009-2026-Pass1-Z1-2MU00693_20260729_015217_000;0.0;4.2;34.0;Leppun;0.98;;;;;
Car381009-2026-Pass1-Z1-2MU00693_20260729_015217_000;0.0;2.4;30.0;noise;0.28;;;;;
Car381009-2026-Pass1-Z1-2MU00693_20260729_015217_000;0.1;4.8;27.0;Eptser;0.07;Plaint, Phogri;;;;
Car381009-2026-Pass1-Z1-2MU00693_20260729_015224_000;1.0;2.5;39.0;Leppun;0.95;;;;;
Car381009-2026-Pass1-Z1-2MU00693_20260729_015224_000;0.0;5.0;26.0;Rhasp;0.32;;;;;
Car381009-2026-Pass1-Z1-2MU00693_20260729_015238_000;0.0;2.1;30.0;Leppun;0.97;;;;;
Car381009-2026-Pass1-Z1-2MU00693_20260729_015238_000;0.1;2.1;26.0;Phogri;0.09;;;;;
Car381009-2026-Pass1-Z1-2MU00693_20260729_015241_000;0.0;0.8;37.0;Leppun;0.94;;;;;
Car381009-2026-Pass1-Z1-2MU00693_20260729_015241_000;0.3;2.6;33.0;noise;0.21;;;;;
Car381009-2026-Pass1-Z1-2MU00693_20260729_015241_000;0.3;2.6;26.0;Phogri;0.07;;;;;
Car381009-2026-Pass1-Z1-2MU00693_20260729_015241_000;0.5;1.9;32.0;Testes;0.64;;;;;
Car381009-2026-Pass1-Z1-2MU00693_20260729_015246_000;0.0;4.2;37.0;Leppun;0.91;;;;;
Car381009-2026-Pass1-Z1-2MU00693_20260729_015246_000;0.3;4.3;26.0;Phogri;0.66;;;;;
Car381009-2026-Pass1-Z1-2MU00693_20260729_015246_000;0.6;2.3;19.0;Tetvir;0.38;;;;;
Car381009-2026-Pass1-Z1-2MU00693_20260729_015251_000;0.0;3.7;38.0;Leppun;0.97;;;;;
Car381009-2026-Pass1-Z1-2MU00693_20260729_015251_000;0.5;4.6;39.0;Phogri;0.62;;;;;
Car381009-2026-Pass1-Z1-2MU00693_20260729_015251_000;0.2;4.6;25.0;Rhasp;0.04;noise, Tetvir, Plaint;;;;
Car381009-2026-Pass1-Z1-2MU00693_20260729_015256_000;0.0;2.7;35.0;Leppun;0.92;;;;;
Car381009-2026-Pass1-Z1-2MU00693_20260729_015256_000;0.1;2.7;25.0;noise;0.04;Plaint, Phogri, Tetvir, Cyrscu;;;;
Car381009-2026-Pass1-Z1-2MU00693_20260729_015300_000;0.3;3.6;34.0;Leppun;0.94;;;;;
Car381009-2026-Pass1-Z1-2MU00693_20260729_015300_000;0.0;4.9;26.0;Phogri;0.07;noise;;;;
Car381009-2026-Pass1-Z1-2MU00693_20260729_015300_000;0.7;4.3;33.0;Testes;0.08;noise;;;;
Car381009-2026-Pass1-Z1-2MU00693_20260729_015306_000;0.0;5.0;34.0;Leppun;0.96;;;;;
Car381009-2026-Pass1-Z1-2MU00693_20260729_015306_000;0.5;5.0;13.0;noise;0.23;;;;;
Car381009-2026-Pass1-Z1-2MU00693_20260729_015306_000;0.2;4.7;26.0;Plaint;0.35;;;;;
Car381009-2026-Pass1-Z1-2MU00693_20260729_015315_000;0.0;4.4;34.0;Leppun;0.88;;;;;
Car381009-2026-Pass1-Z1-2MU00693_20260729_015315_000;0.4;4.8;26.0;Phogri;0.15;;;;;
Car381009-2026-Pass1-Z1-2MU00693_20260729_015315_000;0.0;4.8;13.0;Tetvir;0.48;;;;;
Car381009-2026-Pass1-Z1-2MU00693_20260729_015325_000;0.0;5.0;38.0;Leppun;0.9;;;;;
Car381009-2026-Pass1-Z1-2MU00693_20260729_015325_000;0.6;2.5;21.0;Nyclei;0.31;;;;;
Car381009-2026-Pass1-Z1-2MU00693_20260729_015325_000;0.3;5.0;26.0;Phogri;0.94;;;;;
Car381009-2026-Pass1-Z1-2MU00693_20260729_015325_000;0.5;1.9;30.0;Testes;0.74;;;;;
Car381009-2026-Pass1-Z1-2MU00693_20260729_015333_000;0.0;1.7;41.0;Leppun;0.98;;;;;
Car381009-2026-Pass1-Z1-2MU00693_20260729_015333_000;0.3;1.3;12.0;noise;0.18;;;;;
Car381009-2026-Pass1-Z1-2MU00693_20260729_015333_000;0.4;2.1;26.0;Phogri;0.09;;;;;
Car381009-2026-Pass1-Z1-2MU00693_20260729_015336_000;0.0;5.0;34.0;Leppun;0.59;;;;;
Car381009-2026-Pass1-Z1-2MU00693_20260729_015336_000;0.3;3.5;24.0;noise;0.15;Phogri;;;;
Car381009-2026-Pass1-Z1-2MU00693_20260729_015336_000;0.4;4.9;26.0;Plaint;0.22;;;;;
Car381009-2026-Pass1-Z1-2MU00693_20260729_015347_000;0.0;1.9;38.0;Leppun;0.75;;;;;
Car381009-2026-Pass1-Z1-2MU00693_20260729_015347_000;0.0;4.2;25.0;noise;0.13;;;;;
Car381009-2026-Pass1-Z1-2MU00693_20260729_015347_000;0.4;4.3;27.0;Phogri;0.9;;;;;
Car381009-2026-Pass1-Z1-2MU00693_20260729_015347_000;0.0;4.2;32.0;Testes;0.64;;;;;
Car381009-2026-Pass1-Z1-2MU00693_20260729_015352_000;0.0;4.0;36.0;Leppun;0.96;;;;;
Car381009-2026-Pass1-Z1-2MU00693_20260729_015352_000;0.5;4.6;32.0;noise;0.18;;;;;
Car381009-2026-Pass1-Z1-2MU00693_20260729_015352_000;3.0;4.8;48.0;Pippip;0.98;;;;;
Car381009-2026-Pass1-Z1-2MU00693_20260729_015352_000;0.4;5.0;26.0;Phogri;0.06;Tetvir, Plaint;;;;
Car381009-2026-Pass1-Z1-2MU00693_20260729_015358_000;0.0;3.5;34.0;Leppun;0.61;;;;;
Car381009-2026-Pass1-Z1-2MU00693_20260729_015358_000;0.5;4.9;27.0;Phogri;0.54;;;;;
Car381009-2026-Pass1-Z1-2MU00693_20260729_015358_000;1.5;1.9;39.0;Pipnat;0.31;;;;;
Car381009-2026-Pass1-Z1-2MU00693_20260729_015358_000;0.0;5.0;46.0;Pippip;0.99;;;;;
Car381009-2026-Pass1-Z1-2MU00693_20260729_015358_000;0.1;4.9;26.0;Rhasp;0.04;noise, Tetvir, Plaint, Antsp;;;;
Car381009-2026-Pass1-Z1-2MU00693_20260729_015358_000;0.0;4.8;30.0;Testes;0.73;;;;;
Car381009-2026-Pass1-Z1-2MU00693_20260729_015415_000;0.0;4.9;36.0;Leppun;0.81;;;;;
Car381009-2026-Pass1-Z1-2MU00693_20260729_015415_000;2.8;5.0;51.0;Pippip;0.99;;;;;
Car381009-2026-Pass1-Z1-2MU00693_20260729_015415_000;0.4;5.0;27.0;Rhasp;0.18;;;;;
Car381009-2026-Pass1-Z1-2MU00693_20260729_015415_000;0.1;5.0;26.0;Tetvir;0.44;;;;;
Car381009-2026-Pass1-Z1-2MU00693_20260729_015433_000;0.0;2.0;40.0;Leppun;0.59;;;;;
Car381009-2026-Pass1-Z1-2MU00693_20260729_015433_000;0.2;2.0;27.0;Rhasp;0.95;;;;;
Car381009-2026-Pass1-Z1-2MU00693_20260729_015433_000;0.5;2.0;32.0;Tetvir;0.28;;;;;
Car381009-2026-Pass1-Z1-2MU00693_20260729_015435_000;0.0;4.7;44.0;Leppun;0.95;;;;;
Car381009-2026-Pass1-Z1-2MU00693_20260729_015435_000;0.0;4.8;28.0;Phogri;0.96;;;;;
Car381009-2026-Pass1-Z1-2MU00693_20260729_015435_000;1.0;4.0;25.0;noise;0.05;Plaint;;;;
Car381009-2026-Pass1-Z1-2MU00693_20260729_015452_000;0.7;2.8;39.0;Leppun;0.94;;;;;
Car381009-2026-Pass1-Z1-2MU00693_20260729_015452_000;0.0;4.7;26.0;Phogri;0.13;;;;;
Car381009-2026-Pass1-Z1-2MU00693_20260729_015452_000;0.3;4.7;27.0;Rhasp;0.53;;;;;
Car381009-2026-Pass1-Z1-2MU00693_20260729_015512_000;0.0;4.6;37.0;Leppun;0.96;;;;;
Car381009-2026-Pass1-Z1-2MU00693_20260729_015512_000;0.1;5.0;26.0;noise;0.14;;;;;
Car381009-2026-Pass1-Z1-2MU00693_20260729_015512_000;0.2;5.0;26.0;Phogri;0.8;;;;;
Car381009-2026-Pass1-Z1-2MU00693_20260729_015613_000;0.0;5.0;41.0;Leppun;0.97;;;;;
Car381009-2026-Pass1-Z1-2MU00693_20260729_015613_000;0.3;5.0;23.0;noise;0.26;;;;;
Car381009-2026-Pass1-Z1-2MU00693_20260729_015613_000;0.5;5.0;27.0;Antsp;0.18;;;;;
Car381009-2026-Pass1-Z1-2MU00693_20260729_015701_000;0.3;3.5;38.0;Leppun;0.49;;;;;
Car381009-2026-Pass1-Z1-2MU00693_20260729_015701_000;0.0;5.0;26.0;Phogri;0.67;;;;;
Car381009-2026-Pass1-Z1-2MU00693_20260729_015701_000;0.2;5.0;27.0;Rhasp;0.99;;;;;
Car381009-2026-Pass1-Z1-2MU00693_20260729_015707_000;0.0;5.0;36.0;Leppun;0.93;;;;;
Car381009-2026-Pass1-Z1-2MU00693_20260729_015707_000;0.0;4.6;27.0;Phogri;0.99;;;;;
Car381009-2026-Pass1-Z1-2MU00693_20260729_015707_000;0.4;4.2;24.0;Plaint;0.06;noise;;;;
Car381009-2026-Pass1-Z1-2MU00693_20260729_015725_000;0.7;4.6;39.0;Leppun;0.96;;;;;
Car381009-2026-Pass1-Z1-2MU00693_20260729_015725_000;0.0;4.9;28.0;Phogri;0.65;;;;;
Car381009-2026-Pass1-Z1-2MU00693_20260729_015725_000;0.3;4.7;47.0;Pippip;0.95;;;;;
Car381009-2026-Pass1-Z1-2MU00693_20260729_015756_000;0.0;3.6;32.0;Leppun;0.44;;;;;
Car381009-2026-Pass1-Z1-2MU00693_20260729_015756_000;1.9;2.0;176.0;noise;0.1;;;;;
Car381009-2026-Pass1-Z1-2MU00693_20260729_015756_000;0.1;4.5;23.0;Phanan;0.09;;;;;
Car381009-2026-Pass1-Z1-2MU00693_20260729_015756_000;0.3;4.3;40.0;Phogri;0.84;;;;;
Car381009-2026-Pass1-Z1-2MU00693_20260729_015756_000;0.0;4.8;27.0;Plaint;0.05;Rhasp;;;;
Car381009-2026-Pass1-Z1-2MU00693_20260729_015804_000;0.5;2.8;36.0;Leppun;0.97;;;;;
Car381009-2026-Pass1-Z1-2MU00693_20260729_015804_000;0.0;4.7;39.0;noise;0.32;;;;;
Car381009-2026-Pass1-Z1-2MU00693_20260729_015804_000;0.2;5.0;26.0;Plaint;0.18;;;;;
Car381009-2026-Pass1-Z1-2MU00693_20260729_015813_000;0.0;3.9;38.0;Leppun;0.95;;;;;
Car381009-2026-Pass1-Z1-2MU00693_20260729_015813_000;0.1;4.8;28.0;noise;0.14;;;;;
Car381009-2026-Pass1-Z1-2MU00693_20260729_015813_000;1.2;4.9;27.0;Phogri;0.9;;;;;
Car381009-2026-Pass1-Z1-2MU00693_20260729_015827_000;0.5;4.1;32.0;Leppun;0.97;;;;;
Car381009-2026-Pass1-Z1-2MU00693_20260729_015827_000;0.0;4.1;38.0;Phogri;0.4;;;;;
Car381009-2026-Pass1-Z1-2MU00693_20260729_015827_000;0.3;4.4;26.0;noise;0.06;Rhasp;;;;
Car381009-2026-Pass1-Z1-2MU00693_20260729_015832_000;0.9;3.5;36.0;Leppun;0.95;;;;;
Car381009-2026-Pass1-Z1-2MU00693_20260729_015832_000;0.0;2.5;28.0;noise;0.12;;;;;
Car381009-2026-Pass1-Z1-2MU00693_20260729_015832_000;0.1;2.1;20.0;Phanan;0.11;;;;;
Car381009-2026-Pass1-Z1-2MU00693_20260729_015832_000;0.5;3.5;38.0;Pipnat;0.41;Pipkuh;;;;
Car381009-2026-Pass1-Z1-2MU00693_20260729_015832_000;0.0;2.9;27.0;Phogri;0.48;;;;;
Car381009-2026-Pass1-Z1-2MU00693_20260729_015837_000;0.0;4.9;35.0;Leppun;0.96;;;;;
Car381009-2026-Pass1-Z1-2MU00693_20260729_015837_000;0.0;4.8;26.0;noise;0.25;;;;;
Car381009-2026-Pass1-Z1-2MU00693_20260729_015837_000;0.3;4.7;26.0;Phogri;0.87;;;;;
Car381009-2026-Pass1-Z1-2MU00693_20260729_015837_000;0.0;4.9;38.0;Pipkuh;0.98;;;;;
Car381009-2026-Pass1-Z1-2MU00693_20260729_015845_000;0.0;1.4;34.0;Leppun;0.98;;;;;
Car381009-2026-Pass1-Z1-2MU00693_20260729_015845_000;0.0;1.8;24.0;noise;0.18;;;;;
Car381009-2026-Pass1-Z1-2MU00693_20260729_015845_000;0.4;1.8;21.0;Phanan;0.05;Phogri;;;;
Car381009-2026-Pass1-Z1-2MU00693_20260729_015847_000;0.0;5.0;49.0;Leppun;0.96;;;;;
Car381009-2026-Pass1-Z1-2MU00693_20260729_015847_000;0.6;4.1;20.0;Phanan;0.14;;;;;
Car381009-2026-Pass1-Z1-2MU00693_20260729_015847_000;4.7;4.8;10.0;Tetvir;0.08;noise;;;;
Car381009-2026-Pass1-Z1-2MU00693_20260729_015847_000;0.3;5.0;39.0;Pipkuh;0.8;;;;;
Car381009-2026-Pass1-Z1-2MU00693_20260729_015847_000;0.1;5.0;27.0;Phogri;0.11;Barfis;;;;
Car381009-2026-Pass1-Z1-2MU00693_20260729_015945_000;0.0;5.0;39.0;Leppun;0.98;;;;;
Car381009-2026-Pass1-Z1-2MU00693_20260729_015945_000;0.0;4.9;35.0;noise;0.11;;;;;
Car381009-2026-Pass1-Z1-2MU00693_20260729_015945_000;0.0;5.0;26.0;Phogri;0.42;;;;;
Car381009-2026-Pass1-Z1-2MU00693_20260729_020046_000;2.1;2.7;38.0;Leppun;0.96;;;;;
Car381009-2026-Pass1-Z1-2MU00693_20260729_020046_000;0.4;5.0;28.0;noise;0.17;;;;;
Car381009-2026-Pass1-Z1-2MU00693_20260729_020046_000;0.8;4.3;20.0;Phanan;0.92;;;;;
Car381009-2026-Pass1-Z1-2MU00693_20260729_020046_000;0.0;5.0;29.0;Phogri;0.94;;;;;
Car381009-2026-Pass1-Z1-2MU00693_20260729_020146_000;0.4;4.7;33.0;Leppun;0.92;;;;;
Car381009-2026-Pass1-Z1-2MU00693_20260729_020146_000;0.0;5.0;32.0;Phogri;0.98;;;;;
Car381009-2026-Pass1-Z1-2MU00693_20260729_020146_000;0.7;5.0;26.0;noise;0.07;;;;;
Car381009-2026-Pass1-Z1-2MU00693_20260729_020213_000;0.0;4.2;35.0;Leppun;0.98;;;;;
Car381009-2026-Pass1-Z1-2MU00693_20260729_020213_000;0.2;4.7;28.0;noise;0.25;;;;;
Car381009-2026-Pass1-Z1-2MU00693_20260729_020213_000;1.6;1.9;20.0;Phanan;0.95;;;;;
Car381009-2026-Pass1-Z1-2MU00693_20260729_020213_000;0.0;4.8;41.0;Phogri;0.79;;;;;
Car381009-2026-Pass1-Z1-2MU00693_20260729_020313_000;0.0;5.0;37.0;Leppun;0.95;;;;;
Car381009-2026-Pass1-Z1-2MU00693_20260729_020313_000;0.7;4.7;29.0;noise;0.3;;;;;
Car381009-2026-Pass1-Z1-2MU00693_20260729_020313_000;0.1;2.9;49.0;Phogri;0.91;;;;;
Car381009-2026-Pass1-Z1-2MU00693_20260729_020313_000;0.1;4.8;27.0;Plaint;0.17;;;;;
Car381009-2026-Pass1-Z1-2MU00693_20260729_020414_000;0.0;5.0;32.0;Leppun;0.96;;;;;
Car381009-2026-Pass1-Z1-2MU00693_20260729_020414_000;0.1;5.0;29.0;Phogri;0.96;;;;;
Car381009-2026-Pass1-Z1-2MU00693_20260729_020414_000;0.1;4.5;39.0;Pipkuh;0.96;;;;;
Car381009-2026-Pass1-Z1-2MU00693_20260729_020429_000;0.3;5.0;37.0;Leppun;0.97;;;;;
Car381009-2026-Pass1-Z1-2MU00693_20260729_020429_000;2.2;3.6;102.0;noise;0.24;;;;;
Car381009-2026-Pass1-Z1-2MU00693_20260729_020429_000;0.0;4.7;28.0;Phogri;0.98;;;;;
Car381009-2026-Pass1-Z1-2MU00693_20260729_020530_000;0.0;4.6;38.0;Leppun;0.93;;;;;
Car381009-2026-Pass1-Z1-2MU00693_20260729_020530_000;0.0;5.0;28.0;Phogri;0.44;;;;;
Car381009-2026-Pass1-Z1-2MU00693_20260729_020530_000;0.0;5.0;27.0;Tetvir;0.86;;;;;
Car381009-2026-Pass1-Z1-2MU00693_20260729_020630_000;0.2;4.8;43.0;Leppun;0.95;;;;;
Car381009-2026-Pass1-Z1-2MU00693_20260729_020630_000;0.2;4.7;26.0;noise;0.15;;;;;
Car381009-2026-Pass1-Z1-2MU00693_20260729_020630_000;0.0;5.0;37.0;Phogri;0.98;;;;;
Car381009-2026-Pass1-Z1-2MU00693_20260729_020731_000;0.0;5.0;36.0;Leppun;0.96;;;;;
Car381009-2026-Pass1-Z1-2MU00693_20260729_020731_000;0.0;5.0;30.0;Phogri;0.95;;;;;
Car381009-2026-Pass1-Z1-2MU00693_20260729_020831_000;0.7;4.1;34.0;Leppun;0.98;;;;;
Car381009-2026-Pass1-Z1-2MU00693_20260729_020831_000;0.0;4.9;40.0;Phogri;0.99;;;;;
Car381009-2026-Pass1-Z1-2MU00693_20260729_020831_000;0.2;4.8;26.0;noise;0.05;;;;;
Car381009-2026-Pass1-Z1-2MU00693_20260729_020932_000;0.2;4.7;40.0;Leppun;0.96;;;;;
Car381009-2026-Pass1-Z1-2MU00693_20260729_020932_000;0.0;5.0;28.0;Phogri;0.97;;;;;
Car381009-2026-Pass1-Z1-2MU00693_20260729_020932_000;0.4;4.5;26.0;noise;0.04;Tetvir, Plaint, Pipkuh, Eptser;;;;
Car381009-2026-Pass1-Z1-2MU00693_20260729_021032_000;0.9;5.0;37.0;Leppun;0.94;;;;;
Car381009-2026-Pass1-Z1-2MU00693_20260729_021032_000;0.3;4.3;26.0;noise;0.13;;;;;
Car381009-2026-Pass1-Z1-2MU00693_20260729_021032_000;0.0;5.0;29.0;Phogri;0.98;;;;;
Car381009-2026-Pass1-Z1-2MU00693_20260729_021132_000;0.5;4.5;36.0;Leppun;0.92;;;;;
Car381009-2026-Pass1-Z1-2MU00693_20260729_021132_000;0.8;5.0;41.0;Phogri;0.82;;;;;
Car381009-2026-Pass1-Z1-2MU00693_20260729_021132_000;0.0;5.0;29.0;Plaint;0.54;;;;;
Car381009-2026-Pass1-Z1-2MU00693_20260729_021232_000;0.0;5.0;42.0;Leppun;0.95;;;;;
Car381009-2026-Pass1-Z1-2MU00693_20260729_021232_000;0.4;4.6;45.0;noise;0.13;;;;;
Car381009-2026-Pass1-Z1-2MU00693_20260729_021232_000;0.0;4.7;26.0;Phogri;0.23;;;;;
Car381009-2026-Pass1-Z1-2MU00693_20260729_021333_000;0.0;4.6;39.0;Leppun;0.91;;;;;
Car381009-2026-Pass1-Z1-2MU00693_20260729_021333_000;0.3;4.5;39.0;Phogri;0.43;;;;;
Car381009-2026-Pass1-Z1-2MU00693_20260729_021333_000;0.0;4.8;28.0;Rhasp;0.26;;;;;
Car381009-2026-Pass1-Z1-2MU00693_20260729_021434_000;0.5;5.0;39.0;Leppun;0.96;;;;;
Car381009-2026-Pass1-Z1-2MU00693_20260729_021434_000;0.0;4.8;26.0;Phogri;0.83;;;;;
Car381009-2026-Pass1-Z1-2MU00693_20260729_021434_000;0.2;4.9;27.0;Tetvir;0.5;;;;;
Car381009-2026-Pass1-Z1-2MU00693_20260729_021534_000;0.6;3.4;44.0;Leppun;0.97;;;;;
Car381009-2026-Pass1-Z1-2MU00693_20260729_021534_000;0.0;4.5;28.0;Phogri;0.66;;;;;
Car381009-2026-Pass1-Z1-2MU00693_20260729_021534_000;0.1;1.5;37.0;Pipkuh;0.91;;;;;
Car381009-2026-Pass1-Z1-2MU00693_20260729_021534_000;0.0;5.0;27.0;noise;0.04;Rhasp, Tetvir, Plaint, Metbra, Antsp;;;;
Car381009-2026-Pass1-Z1-2MU00693_20260729_021634_000;0.5;1.8;41.0;Leppun;0.15;;;;;
Car381009-2026-Pass1-Z1-2MU00693_20260729_021634_000;0.2;4.8;26.0;Plaint;0.39;;;;;
Car381009-2026-Pass1-Z1-2MU00693_20260729_021634_000;0.0;5.0;27.0;Tetvir;0.88;;;;;
Car381009-2026-Pass1-Z1-2MU00693_20260729_021734_000;0.7;5.0;37.0;Leppun;0.38;;;;;
Car381009-2026-Pass1-Z1-2MU00693_20260729_021734_000;0.1;5.0;20.0;Phanan;0.94;;;;;
Car381009-2026-Pass1-Z1-2MU00693_20260729_021734_000;0.2;5.0;30.0;Phogri;0.63;;;;;
Car381009-2026-Pass1-Z1-2MU00693_20260729_021734_000;0.0;5.0;31.0;Tetvir;0.45;;;;;
Car381009-2026-Pass1-Z1-2MU00693_20260729_021835_000;0.0;5.0;38.0;noise;0.25;;;;;
Car381009-2026-Pass1-Z1-2MU00693_20260729_021835_000;0.0;5.0;28.0;Plaint;0.08;Phogri;;;;
Car381009-2026-Pass1-Z1-2MU00693_20260729_021935_000;4.9;5.0;48.0;Leppun;0.2;;;;;
Car381009-2026-Pass1-Z1-2MU00693_20260729_021935_000;0.0;5.0;39.0;Phogri;0.98;;;;;
Car381009-2026-Pass1-Z1-2MU00693_20260729_021935_000;0.0;4.6;30.0;Tetvir;0.87;;;;;
Car381009-2026-Pass1-Z1-2MU00693_20260729_022035_000;0.1;4.9;37.0;Leppun;0.96;;;;;
Car381009-2026-Pass1-Z1-2MU00693_20260729_022035_000;2.0;5.0;26.0;noise;0.19;;;;;
Car381009-2026-Pass1-Z1-2MU00693_20260729_022035_000;0.0;5.0;28.0;Phogri;0.98;;;;;
Car381009-2026-Pass1-Z1-2MU00693_20260729_022136_000;1.3;5.0;36.0;Leppun;0.33;;;;;
Car381009-2026-Pass1-Z1-2MU00693_20260729_022136_000;0.0;4.7;32.0;Phogri;0.99;;;;;
Car381009-2026-Pass1-Z1-2MU00693_20260729_022136_000;0.1;4.9;30.0;Tetvir;0.82;;;;;
Car381009-2026-Pass1-Z1-2MU00693_20260729_022232_000;0.2;5.0;34.0;Leppun;0.98;;;;;
Car381009-2026-Pass1-Z1-2MU00693_20260729_022232_000;0.0;5.0;32.0;Phogri;0.99;;;;;
Car381009-2026-Pass1-Z1-2MU00693_20260729_022232_000;1.3;5.0;50.0;Pippip;0.98;;;;;
Car381009-2026-Pass1-Z1-2MU00693_20260729_022232_000;4.0;4.2;17.0;Tetvir;0.76;;;;;
Car381009-2026-Pass1-Z1-2MU00693_20260729_022332_000;0.0;4.7;38.0;Leppun;0.97;;;;;
Car381009-2026-Pass1-Z1-2MU00693_20260729_022332_000;0.5;4.8;27.0;Phogri;0.97;;;;;
Car381009-2026-Pass1-Z1-2MU00693_20260729_022332_000;0.4;5.0;32.0;Tetvir;0.78;;;;;
Car381009-2026-Pass1-Z1-2MU00693_20260729_022432_000;0.0;4.0;39.0;Leppun;0.88;;;;;
Car381009-2026-Pass1-Z1-2MU00693_20260729_022432_000;0.0;5.0;26.0;Phogri;0.98;;;;;
Car381009-2026-Pass1-Z1-2MU00693_20260729_022432_000;0.1;5.0;46.0;Pippip;0.99;;;;;
Car381009-2026-Pass1-Z1-2MU00693_20260729_022533_000;0.1;4.9;45.0;Leppun;0.86;;;;;
Car381009-2026-Pass1-Z1-2MU00693_20260729_022533_000;2.4;2.5;11.0;noise;0.33;;;;;
Car381009-2026-Pass1-Z1-2MU00693_20260729_022533_000;0.0;5.0;30.0;Phogri;0.99;;;;;
Car381009-2026-Pass1-Z1-2MU00693_20260729_022533_000;0.3;4.3;44.0;Pippip;0.95;;;;;
Car381009-2026-Pass1-Z1-2MU00693_20260729_022533_000;0.4;4.9;23.0;Plaint;0.05;;;;;
Car381009-2026-Pass1-Z1-2MU00693_20260729_022633_000;0.0;5.0;40.0;Leppun;0.88;;;;;
Car381009-2026-Pass1-Z1-2MU00693_20260729_022633_000;0.0;5.0;29.0;Phogri;0.99;;;;;
Car381009-2026-Pass1-Z1-2MU00693_20260729_022633_000;1.3;2.0;25.0;Tetvir;0.55;;;;;
Car381009-2026-Pass1-Z1-2MU00693_20260729_022733_000;0.0;4.5;38.0;Leppun;0.9;;;;;
Car381009-2026-Pass1-Z1-2MU00693_20260729_022733_000;0.0;4.8;32.0;Phogri;0.96;;;;;
Car381009-2026-Pass1-Z1-2MU00693_20260729_022834_000;0.0;4.6;37.0;Leppun;0.97;;;;;
Car381009-2026-Pass1-Z1-2MU00693_20260729_022834_000;0.0;4.9;26.0;Phogri;0.13;;;;;
Car381009-2026-Pass1-Z1-2MU00693_20260729_022834_000;0.0;5.0;9.0;Tetvir;0.95;;;;;
Car381009-2026-Pass1-Z1-2MU00693_20260729_022934_000;0.0;3.2;35.0;Leppun;0.88;;;;;
Car381009-2026-Pass1-Z1-2MU00693_20260729_022934_000;0.4;4.8;28.0;noise;0.21;;;;;
Car381009-2026-Pass1-Z1-2MU00693_20260729_022934_000;0.8;5.0;39.0;Pipkuh;0.98;;;;;
Car381009-2026-Pass1-Z1-2MU00693_20260729_022934_000;0.7;4.4;26.0;Plaint;0.23;;;;;
Car381009-2026-Pass1-Z1-2MU00693_20260729_022934_000;0.0;5.0;10.0;Tetvir;0.95;;;;;
Car381009-2026-Pass1-Z1-2MU00693_20260729_023034_000;0.0;3.9;38.0;Pipkuh;0.98;;;;;
Car381009-2026-Pass1-Z1-2MU00693_20260729_023034_000;0.6;5.0;28.0;Phogri;0.06;Metbra, noise;;;;
Car381009-2026-Pass1-Z1-2MU00693_20260729_023034_000;0.0;5.0;10.0;Tetvir;0.95;;;;;
Car381009-2026-Pass1-Z1-2MU00693_20260729_023135_000;0.3;5.0;19.0;Phanan;0.06;noise;;;;
Car381009-2026-Pass1-Z1-2MU00693_20260729_023135_000;0.0;5.0;39.0;Pipkuh;0.92;;;;;
Car381009-2026-Pass1-Z1-2MU00693_20260729_023135_000;0.3;4.9;26.0;Phogri;0.11;;;;;
Car381009-2026-Pass1-Z1-2MU00693_20260729_023135_000;0.0;4.8;10.0;Tetvir;0.94;;;;;
Car381009-2026-Pass1-Z1-2MU00693_20260729_023236_000;0.0;3.6;42.0;Leppun;0.97;;;;;
Car381009-2026-Pass1-Z1-2MU00693_20260729_023236_000;0.1;5.0;27.0;Phogri;0.07;Plaint, noise;;;;
Car381009-2026-Pass1-Z1-2MU00693_20260729_023236_000;0.0;5.0;9.0;Tetvir;0.98;;;;;
Car381009-2026-Pass1-Z1-2MU00693_20260729_023336_000;0.2;2.4;33.0;Leppun;0.45;;;;;
Car381009-2026-Pass1-Z1-2MU00693_20260729_023336_000;0.0;5.0;28.0;Phogri;0.12;;;;;
Car381009-2026-Pass1-Z1-2MU00693_20260729_023437_000;0.0;4.8;37.0;Leppun;0.96;;;;;
Car381009-2026-Pass1-Z1-2MU00693_20260729_023437_000;0.3;4.9;30.0;Phogri;0.84;;;;;
Car381009-2026-Pass1-Z1-2MU00693_20260729_023437_000;0.0;4.6;9.0;Tetvir;0.96;;;;;
Car381009-2026-Pass1-Z1-2MU00693_20260729_023529_000;0.0;2.7;32.0;Leppun;0.79;;;;;
Car381009-2026-Pass1-Z1-2MU00693_20260729_023529_000;0.3;4.7;28.0;Phogri;0.51;;;;;
Car381009-2026-Pass1-Z1-2MU00693_20260729_023529_000;0.3;2.6;31.0;Testes;0.14;noise, Antsp;;;;
Car381009-2026-Pass1-Z1-2MU00693_20260729_023529_000;0.7;5.0;10.0;Tetvir;0.97;;;;;
Car381009-2026-Pass1-Z1-2MU00693_20260729_023552_000;0.0;5.0;38.0;Leppun;0.97;;;;;
Car381009-2026-Pass1-Z1-2MU00693_20260729_023552_000;0.1;4.9;27.0;noise;0.14;;;;;
Car381009-2026-Pass1-Z1-2MU00693_20260729_023552_000;0.4;5.0;30.0;Testes;0.75;;;;;
Car381009-2026-Pass1-Z1-2MU00693_20260729_023552_000;0.0;5.0;10.0;Tetvir;0.94;;;;;
Car381009-2026-Pass1-Z1-2MU00693_20260729_023559_000;0.0;1.7;39.0;Leppun;0.97;;;;;
Car381009-2026-Pass1-Z1-2MU00693_20260729_023559_000;0.3;2.1;21.0;noise;0.37;;;;;
Car381009-2026-Pass1-Z1-2MU00693_20260729_023559_000;0.3;2.2;27.0;Phogri;0.94;;;;;
Car381009-2026-Pass1-Z1-2MU00693_20260729_023601_000;0.8;5.0;37.0;Leppun;0.99;;;;;
Car381009-2026-Pass1-Z1-2MU00693_20260729_023601_000;0.0;4.9;26.0;Phogri;0.17;noise;;;;
Car381009-2026-Pass1-Z1-2MU00693_20260729_023601_000;0.0;4.7;28.0;noise;0.03;Barfis, Tetvir, Rhasp, Plaint, Metbra;;;;
Car381009-2026-Pass1-Z1-2MU00693_20260729_023615_000;0.0;4.3;36.0;Leppun;0.94;;;;;
Car381009-2026-Pass1-Z1-2MU00693_20260729_023615_000;0.7;5.0;28.0;Phogri;0.05;Plaint, noise;;;;
Car381009-2026-Pass1-Z1-2MU00693_20260729_023615_000;0.8;5.0;31.0;Testes;0.88;;;;;
Car381009-2026-Pass1-Z1-2MU00693_20260729_023615_000;0.4;5.0;14.0;Tetvir;0.88;;;;;
Car381009-2026-Pass1-Z1-2MU00693_20260729_023634_000;0.2;3.8;37.0;Leppun;0.9;;;;;
Car381009-2026-Pass1-Z1-2MU00693_20260729_023634_000;0.0;4.1;28.0;Phogri;0.12;noise;;;;
Car381009-2026-Pass1-Z1-2MU00693_20260729_023634_000;0.0;5.0;10.0;Tetvir;0.95;;;;;
Car381009-2026-Pass1-Z1-2MU00693_20260729_023640_000;0.8;5.0;34.0;Leppun;0.48;;;;;
Car381009-2026-Pass1-Z1-2MU00693_20260729_023640_000;0.4;4.5;26.0;noise;0.07;Phogri;;;;
Car381009-2026-Pass1-Z1-2MU00693_20260729_023640_000;3.7;5.0;30.0;Testes;0.15;noise;;;;
Car381009-2026-Pass1-Z1-2MU00693_20260729_023640_000;0.0;5.0;11.0;Tetvir;0.96;;;;;
Car381009-2026-Pass1-Z1-2MU00693_20260729_023712_000;0.3;1.7;33.0;Leppun;0.8;;;;;
Car381009-2026-Pass1-Z1-2MU00693_20260729_023712_000;0.0;3.9;27.0;Phogri;0.08;noise;;;;
Car381009-2026-Pass1-Z1-2MU00693_20260729_023712_000;0.0;4.8;46.0;Pippip;0.98;;;;;
Car381009-2026-Pass1-Z1-2MU00693_20260729_023712_000;0.0;4.8;36.0;Testes;0.91;;;;;
Car381009-2026-Pass1-Z1-2MU00693_20260729_023712_000;0.4;4.9;25.0;Tetvir;0.38;;;;;
Car381009-2026-Pass1-Z1-2MU00693_20260729_023751_000;1.5;1.6;27.0;Leppun;0.26;;;;;
Car381009-2026-Pass1-Z1-2MU00693_20260729_023751_000;0.5;4.8;28.0;Phogri;0.57;;;;;
Car381009-2026-Pass1-Z1-2MU00693_20260729_023751_000;0.0;4.7;10.0;Tetvir;0.98;;;;;
Car381009-2026-Pass1-Z1-2MU00693_20260729_023802_000;0.6;2.1;29.0;Rhasp;0.1;Phogri;;;;
Car381009-2026-Pass1-Z1-2MU00693_20260729_023802_000;0.0;2.1;10.0;Tetvir;0.96;;;;;
Car381009-2026-Pass1-Z1-2MU00693_20260729_023805_000;0.0;4.8;35.0;Leppun;0.98;;;;;
Car381009-2026-Pass1-Z1-2MU00693_20260729_023805_000;0.0;5.0;26.0;Plaint;0.06;noise, Phogri;;;;
Car381009-2026-Pass1-Z1-2MU00693_20260729_023805_000;0.1;5.0;10.0;Tetvir;0.96;;;;;
Car381009-2026-Pass1-Z1-2MU00693_20260729_023813_000;1.3;4.7;37.0;Leppun;0.98;;;;;
Car381009-2026-Pass1-Z1-2MU00693_20260729_023813_000;1.1;4.6;31.0;Phogri;0.07;noise;;;;
Car381009-2026-Pass1-Z1-2MU00693_20260729_023813_000;0.0;5.0;9.0;Tetvir;0.97;;;;;
Car381009-2026-Pass1-Z1-2MU00693_20260729_023913_000;2.6;2.7;33.0;Leppun;0.39;;;;;
Car381009-2026-Pass1-Z1-2MU00693_20260729_023913_000;0.0;4.3;31.0;noise;0.21;;;;;
Car381009-2026-Pass1-Z1-2MU00693_20260729_023913_000;0.3;5.0;26.0;Metbra;0.04;Plaint, Phogri, Rhasp;;;;
Car381009-2026-Pass1-Z1-2MU00693_20260729_023913_000;0.2;4.6;10.0;Tetvir;0.98;;;;;
Car381009-2026-Pass1-Z1-2MU00693_20260729_023921_000;0.8;4.7;27.0;noise;0.1;Phogri;;;;
Car381009-2026-Pass1-Z1-2MU00693_20260729_023921_000;0.0;4.8;27.0;Rhasp;0.07;Phogri;;;;
Car381009-2026-Pass1-Z1-2MU00693_20260729_023921_000;0.0;4.9;10.0;Tetvir;0.97;;;;;
Car381009-2026-Pass1-Z1-2MU00693_20260729_024003_000;0.0;5.0;33.0;Leppun;0.95;;;;;
Car381009-2026-Pass1-Z1-2MU00693_20260729_024003_000;0.1;4.8;28.0;Phogri;0.49;;;;;
Car381009-2026-Pass1-Z1-2MU00693_20260729_024003_000;0.2;5.0;32.0;Testes;0.7;;;;;
Car381009-2026-Pass1-Z1-2MU00693_20260729_024003_000;0.1;4.9;10.0;Tetvir;0.92;;;;;
Car381009-2026-Pass1-Z1-2MU00693_20260729_024010_000;0.0;4.8;22.0;noise;0.34;;;;;
Car381009-2026-Pass1-Z1-2MU00693_20260729_024010_000;0.1;3.7;21.0;Nyclei;0.75;;;;;
Car381009-2026-Pass1-Z1-2MU00693_20260729_024010_000;0.0;5.0;25.0;Phogri;0.08;Rhasp;;;;
Car381009-2026-Pass1-Z1-2MU00693_20260729_024038_000;0.2;4.8;32.0;Leppun;0.72;;;;;
Car381009-2026-Pass1-Z1-2MU00693_20260729_024038_000;1.8;4.4;50.0;Pippip;0.97;;;;;
Car381009-2026-Pass1-Z1-2MU00693_20260729_024038_000;0.3;4.7;27.0;Phogri;0.1;;;;;
Car381009-2026-Pass1-Z1-2MU00693_20260729_024038_000;0.0;5.0;11.0;Tetvir;0.96;;;;;
Car381009-2026-Pass1-Z1-2MU00693_20260729_024138_000;0.0;4.2;34.0;Leppun;0.86;;;;;
Car381009-2026-Pass1-Z1-2MU00693_20260729_024138_000;0.1;4.9;28.0;noise;0.18;;;;;
Car381009-2026-Pass1-Z1-2MU00693_20260729_024138_000;0.0;5.0;28.0;Antsp;0.14;Rhasp, Phogri;;;;
Car381009-2026-Pass1-Z1-2MU00693_20260729_024138_000;0.2;5.0;10.0;Tetvir;0.96;;;;;
Car381009-2026-Pass1-Z1-2MU00693_20260729_024153_000;0.7;3.7;34.0;Leppun;0.84;;;;;
Car381009-2026-Pass1-Z1-2MU00693_20260729_024153_000;0.0;4.8;26.0;Rhasp;0.3;Antsp;;;;
Car381009-2026-Pass1-Z1-2MU00693_20260729_024153_000;0.0;4.4;10.0;Tetvir;0.97;;;;;
Car381009-2026-Pass1-Z1-2MU00693_20260729_024211_000;0.9;4.9;38.0;Leppun;0.98;;;;;
Car381009-2026-Pass1-Z1-2MU00693_20260729_024211_000;0.0;4.6;26.0;Antsp;0.15;Rhasp;;;;
Car381009-2026-Pass1-Z1-2MU00693_20260729_024211_000;0.0;4.7;10.0;Tetvir;0.98;;;;;
Car381009-2026-Pass1-Z1-2MU00693_20260729_024218_000;0.2;5.0;32.0;Testes;0.18;Antsp;;;;
Car381009-2026-Pass1-Z1-2MU00693_20260729_024218_000;0.0;5.0;10.0;Tetvir;0.98;;;;;
Car381009-2026-Pass1-Z1-2MU00693_20260729_024237_000;1.8;4.9;34.0;Leppun;0.91;;;;;
Car381009-2026-Pass1-Z1-2MU00693_20260729_024237_000;0.5;4.8;28.0;noise;0.06;Phogri, Plaint;;;;
Car381009-2026-Pass1-Z1-2MU00693_20260729_024237_000;0.0;4.8;10.0;Tetvir;0.98;;;;;
Car381009-2026-Pass1-Z1-2MU00693_20260729_024325_000;0.0;3.4;41.0;Leppun;0.63;;;;;
Car381009-2026-Pass1-Z1-2MU00693_20260729_024325_000;0.0;5.0;28.0;Plaint;0.48;;;;;
Car381009-2026-Pass1-Z1-2MU00693_20260729_024325_000;0.0;5.0;19.0;Tetvir;0.95;;;;;
Car381009-2026-Pass1-Z1-2MU00693_20260729_024332_000;0.0;3.6;35.0;Leppun;0.94;;;;;
Car381009-2026-Pass1-Z1-2MU00693_20260729_024332_000;0.3;4.8;50.0;Pippip;0.99;;;;;
Car381009-2026-Pass1-Z1-2MU00693_20260729_024332_000;0.0;5.0;18.0;Tetvir;0.95;;;;;
Car381009-2026-Pass1-Z1-2MU00693_20260729_024421_000;1.4;2.7;38.0;Leppun;0.97;;;;;
Car381009-2026-Pass1-Z1-2MU00693_20260729_024421_000;0.0;4.0;25.0;Phogri;0.12;;;;;
Car381009-2026-Pass1-Z1-2MU00693_20260729_024421_000;0.0;3.5;12.0;Tetvir;0.95;;;;;
Car381009-2026-Pass1-Z1-2MU00693_20260729_024425_000;0.4;4.0;40.0;Leppun;0.7;;;;;
Car381009-2026-Pass1-Z1-2MU00693_20260729_024425_000;0.0;4.2;26.0;Plaint;0.08;noise, Phogri;;;;
Car381009-2026-Pass1-Z1-2MU00693_20260729_024425_000;0.0;5.0;10.0;Tetvir;0.95;;;;;
Car381009-2026-Pass1-Z1-2MU00693_20260729_024456_000;0.2;3.9;38.0;Leppun;0.96;;;;;
Car381009-2026-Pass1-Z1-2MU00693_20260729_024456_000;0.2;4.3;26.0;Phogri;0.1;noise;;;;
Car381009-2026-Pass1-Z1-2MU00693_20260729_024456_000;0.5;5.0;10.0;Tetvir;0.98;;;;;
Car381009-2026-Pass1-Z1-2MU00693_20260729_024502_000;0.1;4.6;41.0;Leppun;0.97;;;;;
Car381009-2026-Pass1-Z1-2MU00693_20260729_024502_000;0.0;4.8;26.0;Phogri;0.22;;;;;
Car381009-2026-Pass1-Z1-2MU00693_20260729_024502_000;0.0;4.9;13.0;Tetvir;0.97;;;;;
Car381009-2026-Pass1-Z1-2MU00693_20260729_024544_000;0.0;3.8;30.0;Leppun;0.97;;;;;
Car381009-2026-Pass1-Z1-2MU00693_20260729_024544_000;0.0;5.0;25.0;Phogri;0.14;noise;;;;
Car381009-2026-Pass1-Z1-2MU00693_20260729_024544_000;4.4;4.9;51.0;Pippip;0.54;;;;;
Car381009-2026-Pass1-Z1-2MU00693_20260729_024544_000;0.5;5.0;10.0;Tetvir;0.97;;;;;
Car381009-2026-Pass1-Z1-2MU00693_20260729_024642_000;0.0;4.2;37.0;Leppun;0.97;;;;;
Car381009-2026-Pass1-Z1-2MU00693_20260729_024642_000;0.3;4.6;27.0;noise;0.24;;;;;
Car381009-2026-Pass1-Z1-2MU00693_20260729_024642_000;0.0;5.0;10.0;Tetvir;0.96;;;;;
Car381009-2026-Pass1-Z1-2MU00693_20260729_024742_000;0.5;5.0;28.0;Phogri;0.78;;;;;
Car381009-2026-Pass1-Z1-2MU00693_20260729_024742_000;0.0;5.0;31.0;Testes;0.82;;;;;
Car381009-2026-Pass1-Z1-2MU00693_20260729_024742_000;0.0;4.9;9.0;Tetvir;0.97;;;;;
Car381009-2026-Pass1-Z1-2MU00693_20260729_024843_000;0.0;5.0;38.0;Leppun;0.9;;;;;
Car381009-2026-Pass1-Z1-2MU00693_20260729_024843_000;0.0;4.9;30.0;noise;0.2;Tetvir;;;;
Car381009-2026-Pass1-Z1-2MU00693_20260729_024843_000;0.0;4.8;22.0;Phogri;0.13;;;;;
Car381009-2026-Pass1-Z1-2MU00693_20260729_024944_000;0.2;4.0;37.0;Leppun;0.93;;;;;
Car381009-2026-Pass1-Z1-2MU00693_20260729_024944_000;1.5;4.6;25.0;Phogri;0.09;noise;;;;
Car381009-2026-Pass1-Z1-2MU00693_20260729_024944_000;0.0;4.9;13.0;Tetvir;0.92;;;;;
Car381009-2026-Pass1-Z1-2MU00693_20260729_025012_000;0.1;4.2;36.0;Leppun;0.98;;;;;
Car381009-2026-Pass1-Z1-2MU00693_20260729_025012_000;0.0;4.7;28.0;Phogri;0.86;;;;;
Car381009-2026-Pass1-Z1-2MU00693_20260729_025026_000;0.0;4.6;34.0;Leppun;0.97;;;;;
Car381009-2026-Pass1-Z1-2MU00693_20260729_025026_000;0.0;4.5;26.0;Phogri;0.16;Antsp;;;;
Car381009-2026-Pass1-Z1-2MU00693_20260729_025026_000;0.3;4.8;13.0;Tetvir;0.91;;;;;
Car381009-2026-Pass1-Z1-2MU00693_20260729_025055_000;0.2;4.8;40.0;Leppun;0.9;;;;;
Car381009-2026-Pass1-Z1-2MU00693_20260729_025055_000;0.0;4.6;25.0;Phogri;0.71;;;;;
Car381009-2026-Pass1-Z1-2MU00693_20260729_025055_000;0.0;4.4;32.0;Testes;0.87;;;;;
Car381009-2026-Pass1-Z1-2MU00693_20260729_025055_000;0.0;4.9;12.0;Tetvir;0.88;;;;;
Car381009-2026-Pass1-Z1-2MU00693_20260729_025107_000;0.0;2.1;35.0;Leppun;0.97;;;;;
Car381009-2026-Pass1-Z1-2MU00693_20260729_025107_000;0.4;1.9;28.0;Phogri;0.69;;;;;
Car381009-2026-Pass1-Z1-2MU00693_20260729_025111_000;0.0;4.0;35.0;Leppun;0.91;;;;;
Car381009-2026-Pass1-Z1-2MU00693_20260729_025111_000;0.0;4.5;25.0;noise;0.11;Phogri;;;;
Car381009-2026-Pass1-Z1-2MU00693_20260729_025129_000;0.8;4.7;40.0;Leppun;0.96;;;;;
Car381009-2026-Pass1-Z1-2MU00693_20260729_025129_000;0.5;5.0;26.0;Phogri;0.81;;;;;
Car381009-2026-Pass1-Z1-2MU00693_20260729_025129_000;0.0;4.7;28.0;Tetvir;0.49;;;;;
Car381009-2026-Pass1-Z1-2MU00693_20260729_025230_000;0.1;5.0;39.0;Leppun;0.98;;;;;
Car381009-2026-Pass1-Z1-2MU00693_20260729_025230_000;0.6;4.6;27.0;Phogri;0.27;;;;;
Car381009-2026-Pass1-Z1-2MU00693_20260729_025230_000;0.0;5.0;10.0;Tetvir;0.98;;;;;
Car381009-2026-Pass1-Z1-2MU00693_20260729_025314_000;0.5;4.8;35.0;Leppun;0.87;;;;;
Car381009-2026-Pass1-Z1-2MU00693_20260729_025314_000;0.0;4.9;28.0;Phogri;0.39;;;;;
Car381009-2026-Pass1-Z1-2MU00693_20260729_025314_000;0.6;4.9;22.0;Tetvir;0.9;;;;;
Car381009-2026-Pass1-Z1-2MU00693_20260729_025415_000;1.3;5.0;35.0;Leppun;0.93;;;;;
Car381009-2026-Pass1-Z1-2MU00693_20260729_025415_000;0.0;5.0;28.0;Rhasp;0.13;Antsp;;;;
Car381009-2026-Pass1-Z1-2MU00693_20260729_025415_000;1.5;5.0;28.0;Testes;0.05;noise;;;;
Car381009-2026-Pass1-Z1-2MU00693_20260729_025415_000;0.0;4.2;11.0;Tetvir;0.92;;;;;
Car381009-2026-Pass1-Z1-2MU00693_20260729_025426_000;0.0;3.9;35.0;Leppun;0.98;;;;;
Car381009-2026-Pass1-Z1-2MU00693_20260729_025426_000;0.2;4.7;26.0;Phogri;0.18;;;;;
Car381009-2026-Pass1-Z1-2MU00693_20260729_025426_000;0.1;4.3;23.0;Tetvir;0.64;;;;;
Car381009-2026-Pass1-Z1-2MU00693_20260729_025508_000;0.0;5.0;36.0;Leppun;0.49;;;;;
Car381009-2026-Pass1-Z1-2MU00693_20260729_025508_000;1.2;4.5;25.0;Pleaus;0.07;noise, Phogri;;;;
Car381009-2026-Pass1-Z1-2MU00693_20260729_025508_000;0.0;4.8;21.0;Tetvir;0.88;;;;;
Car381009-2026-Pass1-Z1-2MU00693_20260729_025603_000;0.8;4.8;37.0;Leppun;0.94;;;;;
Car381009-2026-Pass1-Z1-2MU00693_20260729_025603_000;0.1;4.7;24.0;noise;0.36;;;;;
Car381009-2026-Pass1-Z1-2MU00693_20260729_025603_000;0.0;4.7;28.0;Phogri;0.21;;;;;
Car381009-2026-Pass1-Z1-2MU00693_20260729_025636_000;1.0;3.4;34.0;Leppun;0.98;;;;;
Car381009-2026-Pass1-Z1-2MU00693_20260729_025636_000;0.2;4.0;28.0;noise;0.24;;;;;
Car381009-2026-Pass1-Z1-2MU00693_20260729_025636_000;0.0;5.0;25.0;Tetvir;0.91;;;;;
Car381009-2026-Pass1-Z1-2MU00693_20260729_025643_000;0.0;2.3;33.0;Leppun;0.61;;;;;
Car381009-2026-Pass1-Z1-2MU00693_20260729_025643_000;3.7;4.4;46.0;Pippip;0.97;;;;;
Car381009-2026-Pass1-Z1-2MU00693_20260729_025643_000;0.0;4.1;26.0;noise;0.06;Phogri, Antsp;;;;
Car381009-2026-Pass1-Z1-2MU00693_20260729_025643_000;0.6;5.0;26.0;Tetvir;0.89;;;;;
Car381009-2026-Pass1-Z1-2MU00693_20260729_025744_000;1.2;1.3;41.0;Leppun;0.63;;;;;
Car381009-2026-Pass1-Z1-2MU00693_20260729_025744_000;1.0;4.8;27.0;noise;0.19;Phogri;;;;
Car381009-2026-Pass1-Z1-2MU00693_20260729_025744_000;0.0;4.5;12.0;Tetvir;0.94;;;;;
Car381009-2026-Pass1-Z1-2MU00693_20260729_025845_000;0.0;3.8;40.0;Leppun;0.98;;;;;
Car381009-2026-Pass1-Z1-2MU00693_20260729_025845_000;0.5;4.5;25.0;Phogri;0.14;;;;;
Car381009-2026-Pass1-Z1-2MU00693_20260729_025845_000;0.0;5.0;13.0;Tetvir;0.91;;;;;
Car381009-2026-Pass1-Z1-2MU00693_20260729_025930_000;0.8;4.2;31.0;Leppun;0.96;;;;;
Car381009-2026-Pass1-Z1-2MU00693_20260729_025930_000;0.0;5.0;27.0;Phogri;0.12;noise;;;;
Car381009-2026-Pass1-Z1-2MU00693_20260729_025930_000;0.4;4.9;30.0;Testes;0.35;;;;;
Car381009-2026-Pass1-Z1-2MU00693_20260729_025930_000;0.0;4.7;24.0;Tetvir;0.88;;;;;
Car381009-2026-Pass1-Z1-2MU00693_20260729_030007_000;0.0;5.0;40.0;Leppun;0.97;;;;;
Car381009-2026-Pass1-Z1-2MU00693_20260729_030007_000;0.4;4.8;26.0;Phogri;0.06;noise, Plaint;;;;
Car381009-2026-Pass1-Z1-2MU00693_20260729_030007_000;0.0;4.5;27.0;Tetvir;0.79;;;;;
Car381009-2026-Pass1-Z1-2MU00693_20260729_030021_000;0.4;2.6;26.0;Eptser;0.3;;;;;
Car381009-2026-Pass1-Z1-2MU00693_20260729_030021_000;0.0;1.6;32.0;Leppun;0.98;;;;;
Car381009-2026-Pass1-Z1-2MU00693_20260729_030021_000;0.0;2.7;24.0;Tetvir;0.9;;;;;
Car381009-2026-Pass1-Z1-2MU00693_20260729_030024_000;0.3;4.9;32.0;Leppun;0.82;;;;;
Car381009-2026-Pass1-Z1-2MU00693_20260729_030024_000;1.5;4.9;29.0;noise;0.2;;;;;
Car381009-2026-Pass1-Z1-2MU00693_20260729_030024_000;1.4;4.9;27.0;Plaint;0.04;Phogri;;;;
Car381009-2026-Pass1-Z1-2MU00693_20260729_030024_000;0.0;4.9;24.0;Tetvir;0.93;;;;;
Car381009-2026-Pass1-Z1-2MU00693_20260729_030103_000;0.3;4.9;37.0;Leppun;0.98;;;;;
Car381009-2026-Pass1-Z1-2MU00693_20260729_030103_000;0.0;5.0;24.0;Tetvir;0.9;;;;;
Car381009-2026-Pass1-Z1-2MU00693_20260729_030131_000;0.0;4.9;35.0;Leppun;0.97;;;;;
Car381009-2026-Pass1-Z1-2MU00693_20260729_030131_000;0.4;4.9;15.0;Phogri;0.1;noise;;;;
Car381009-2026-Pass1-Z1-2MU00693_20260729_030131_000;0.4;4.7;24.0;Plaint;0.04;noise, Tetvir, Tetpyg, Sepsep, Rhasp, Plaalb;;;;
Car381009-2026-Pass1-Z1-2MU00693_20260729_030131_000;0.0;3.7;28.0;Testes;0.79;;;;;
Car381009-2026-Pass1-Z1-2MU00693_20260729_030147_000;0.3;4.4;37.0;Leppun;0.98;;;;;
Car381009-2026-Pass1-Z1-2MU00693_20260729_030147_000;0.0;4.9;27.0;noise;0.17;;;;;
Car381009-2026-Pass1-Z1-2MU00693_20260729_030147_000;0.6;4.9;25.0;Phogri;0.78;;;;;
Car381009-2026-Pass1-Z1-2MU00693_20260729_030222_000;0.0;1.8;29.0;noise;0.26;;;;;
Car381009-2026-Pass1-Z1-2MU00693_20260729_030222_000;0.0;2.1;25.0;Phogri;0.08;;;;;
Car381009-2026-Pass1-Z1-2MU00693_20260729_030229_000;0.2;3.6;30.0;Leppun;0.14;noise;;;;
Car381009-2026-Pass1-Z1-2MU00693_20260729_030229_000;0.6;5.0;26.0;Phogri;0.11;noise;;;;
Car381009-2026-Pass1-Z1-2MU00693_20260729_030229_000;0.0;4.2;56.0;Pippip;0.99;;;;;
Car381009-2026-Pass1-Z1-2MU00693_20260729_030238_000;0.5;4.9;27.0;noise;0.22;;;;;
Car381009-2026-Pass1-Z1-2MU00693_20260729_030238_000;0.1;5.0;54.0;Pippip;0.98;;;;;
Car381009-2026-Pass1-Z1-2MU00693_20260729_030238_000;0.0;4.5;26.0;Phogri;0.03;Tetvir, Rhasp, Isopyr, Eptser, Cyrscu, Barfis;;;;
Car381009-2026-Pass1-Z1-2MU00693_20260729_030339_000;0.0;4.1;39.0;Leppun;0.97;;;;;
Car381009-2026-Pass1-Z1-2MU00693_20260729_030339_000;0.7;3.5;15.0;noise;0.22;;;;;
Car381009-2026-Pass1-Z1-2MU00693_20260729_030339_000;0.6;4.0;47.0;Pippip;0.99;;;;;
Car381009-2026-Pass1-Z1-2MU00693_20260729_030339_000;0.3;5.0;25.0;Plaint;0.1;Phogri;;;;
Car381009-2026-Pass1-Z1-2MU00693_20260729_030440_000;0.6;4.6;39.0;Leppun;0.9;;;;;
Car381009-2026-Pass1-Z1-2MU00693_20260729_030440_000;0.1;3.6;20.0;noise;0.19;;;;;
Car381009-2026-Pass1-Z1-2MU00693_20260729_030440_000;0.0;5.0;25.0;Plaint;0.09;Rhasp;;;;
Car381009-2026-Pass1-Z1-2MU00693_20260729_030540_000;0.0;4.5;32.0;Leppun;0.62;;;;;
Car381009-2026-Pass1-Z1-2MU00693_20260729_030540_000;0.0;5.0;51.0;Pippyg;0.47;Pippip;;;;
Car381009-2026-Pass1-Z1-2MU00693_20260729_030540_000;0.3;4.4;25.0;Phogri;0.05;noise, Rhasp, Antsp;;;;
Car381009-2026-Pass1-Z1-2MU00693_20260729_030540_000;0.0;4.8;25.0;Tetvir;0.86;;;;;
Car381009-2026-Pass1-Z1-2MU00693_20260729_030619_000;0.5;3.4;37.0;Leppun;0.96;;;;;
Car381009-2026-Pass1-Z1-2MU00693_20260729_030619_000;4.8;4.9;41.0;Pipkuh;0.66;;;;;
Car381009-2026-Pass1-Z1-2MU00693_20260729_030619_000;0.2;5.0;45.0;Pippip;0.99;;;;;
Car381009-2026-Pass1-Z1-2MU00693_20260729_030619_000;0.1;4.6;25.0;Plaint;0.38;;;;;
Car381009-2026-Pass1-Z1-2MU00693_20260729_030619_000;0.0;4.7;24.0;Tetvir;0.91;;;;;
Car381009-2026-Pass1-Z1-2MU00693_20260729_030642_000;0.0;5.0;39.0;Leppun;0.95;;;;;
Car381009-2026-Pass1-Z1-2MU00693_20260729_030642_000;0.1;5.0;25.0;Plaint;0.18;;;;;
Car381009-2026-Pass1-Z1-2MU00693_20260729_030657_000;0.0;5.0;55.0;Leppun;0.89;;;;;
Car381009-2026-Pass1-Z1-2MU00693_20260729_030657_000;0.3;4.8;26.0;Phogri;0.21;;;;;
Car381009-2026-Pass1-Z1-2MU00693_20260729_030657_000;1.9;4.5;12.0;Tetvir;0.55;;;;;
Car381009-2026-Pass1-Z1-2MU00693_20260729_030722_000;0.0;5.0;39.0;Leppun;0.91;;;;;
Car381009-2026-Pass1-Z1-2MU00693_20260729_030722_000;0.4;4.9;27.0;Phogri;0.04;noise, Plaint, Rhasp, Eptser;;;;
Car381009-2026-Pass1-Z1-2MU00693_20260729_030722_000;0.0;5.0;24.0;Tetvir;0.83;;;;;
Car381009-2026-Pass1-Z1-2MU00693_20260729_030759_000;1.3;1.8;33.0;Leppun;0.96;;;;;
Car381009-2026-Pass1-Z1-2MU00693_20260729_030759_000;0.0;1.7;38.0;Phogri;0.62;;;;;
Car381009-2026-Pass1-Z1-2MU00693_20260729_030759_000;0.0;2.8;25.0;noise;0.03;Tetvir, Plaint;;;;
Car381009-2026-Pass1-Z1-2MU00693_20260729_030803_000;0.0;0.9;26.0;Leppun;0.95;;;;;
Car381009-2026-Pass1-Z1-2MU00693_20260729_030803_000;0.1;4.9;26.0;Phogri;0.45;;;;;
Car381009-2026-Pass1-Z1-2MU00693_20260729_030803_000;0.5;4.5;11.0;Tetvir;0.94;;;;;
Car381009-2026-Pass1-Z1-2MU00693_20260729_030831_000;0.0;5.0;39.0;Leppun;0.5;;;;;
Car381009-2026-Pass1-Z1-2MU00693_20260729_030831_000;0.6;5.0;25.0;Phogri;0.07;Plaint, noise;;;;
Car381009-2026-Pass1-Z1-2MU00693_20260729_030831_000;0.3;5.0;12.0;Tetvir;0.64;;;;;
Car381009-2026-Pass1-Z1-2MU00693_20260729_030838_000;0.1;3.1;50.0;Leppun;0.96;;;;;
Car381009-2026-Pass1-Z1-2MU00693_20260729_030838_000;0.2;4.7;25.0;Phogri;0.15;noise;;;;
Car381009-2026-Pass1-Z1-2MU00693_20260729_030838_000;0.0;4.8;23.0;Tetvir;0.91;;;;;
Car381009-2026-Pass1-Z1-2MU00693_20260729_030922_000;1.6;2.2;42.0;Leppun;0.92;;;;;
Car381009-2026-Pass1-Z1-2MU00693_20260729_030922_000;0.0;5.0;25.0;Phogri;0.18;noise;;;;
Car381009-2026-Pass1-Z1-2MU00693_20260729_030922_000;0.8;5.0;20.0;Phanan;0.07;noise;;;;
Car381009-2026-Pass1-Z1-2MU00693_20260729_030922_000;0.6;5.0;25.0;Rhasp;0.03;noise, Antsp, Tetvir, Plaint, Metbra;;;;
Car381009-2026-Pass1-Z1-2MU00693_20260729_030933_000;0.0;1.8;35.0;Leppun;0.79;;;;;
Car381009-2026-Pass1-Z1-2MU00693_20260729_030933_000;0.3;1.9;24.0;Phogri;0.06;noise, Plaint;;;;
Car381009-2026-Pass1-Z1-2MU00693_20260729_030933_000;0.0;1.8;26.0;Tetvir;0.63;;;;;
Car381009-2026-Pass1-Z1-2MU00693_20260729_030935_000;0.0;0.1;47.0;Leppun;0.14;;;;;
Car381009-2026-Pass1-Z1-2MU00693_20260729_030935_000;0.4;1.6;26.0;Phogri;0.64;;;;;
Car381009-2026-Pass1-Z1-2MU00693_20260729_030935_000;1.0;1.5;24.0;Tetvir;0.49;;;;;
Car381009-2026-Pass1-Z1-2MU00693_20260729_030938_000;0.3;1.1;39.0;Leppun;0.98;;;;;
Car381009-2026-Pass1-Z1-2MU00693_20260729_030938_000;0.0;2.3;24.0;noise;0.16;Phogri;;;;
Car381009-2026-Pass1-Z1-2MU00693_20260729_030938_000;0.6;2.0;23.0;Phogri;0.06;;;;;
Car381009-2026-Pass1-Z1-2MU00693_20260729_030941_000;1.7;4.8;44.0;Leppun;0.79;;;;;
Car381009-2026-Pass1-Z1-2MU00693_20260729_030941_000;0.0;5.0;25.0;noise;0.11;Phogri;;;;
Car381009-2026-Pass1-Z1-2MU00693_20260729_030941_000;3.0;5.0;50.0;Pippip;0.99;;;;;
Car381009-2026-Pass1-Z1-2MU00693_20260729_031041_000;1.4;3.6;41.0;Leppun;0.7;;;;;
Car381009-2026-Pass1-Z1-2MU00693_20260729_031041_000;0.2;4.8;22.0;Phanan;0.39;;;;;
Car381009-2026-Pass1-Z1-2MU00693_20260729_031041_000;0.0;5.0;27.0;Phogri;0.82;;;;;
Car381009-2026-Pass1-Z1-2MU00693_20260729_031041_000;0.0;4.9;22.0;Tetvir;0.88;;;;;
Car381009-2026-Pass1-Z1-2MU00693_20260729_031102_000;0.0;3.2;41.0;Leppun;0.58;;;;;
Car381009-2026-Pass1-Z1-2MU00693_20260729_031102_000;1.3;4.4;65.0;noise;0.23;;;;;
Car381009-2026-Pass1-Z1-2MU00693_20260729_031102_000;3.5;4.9;49.0;Pippip;0.99;;;;;
Car381009-2026-Pass1-Z1-2MU00693_20260729_031102_000;0.3;5.0;23.0;Plaint;0.15;;;;;
Car381009-2026-Pass1-Z1-2MU00693_20260729_031102_000;0.3;5.0;23.0;Tetvir;0.92;;;;;
Car381009-2026-Pass1-Z1-2MU00693_20260729_031139_000;0.0;2.1;31.0;Phogri;0.76;;;;;
Car381009-2026-Pass1-Z1-2MU00693_20260729_031139_000;0.0;2.6;25.0;Plaint;0.05;noise;;;;
Car381009-2026-Pass1-Z1-2MU00693_20260729_031139_000;0.7;1.8;10.0;Tetvir;0.73;;;;;
Car381009-2026-Pass1-Z1-2MU00693_20260729_031142_000;0.0;2.7;38.0;Leppun;0.13;;;;;
Car381009-2026-Pass1-Z1-2MU00693_20260729_031142_000;0.1;5.0;24.0;Plaint;0.13;noise;;;;
Car381009-2026-Pass1-Z1-2MU00693_20260729_031142_000;0.0;5.0;24.0;Tetvir;0.93;;;;;
Car381009-2026-Pass1-Z1-2MU00693_20260729_031213_000;0.0;5.0;41.0;Leppun;0.95;;;;;
Car381009-2026-Pass1-Z1-2MU00693_20260729_031213_000;0.8;5.0;21.0;Phanan;0.66;;;;;
Car381009-2026-Pass1-Z1-2MU00693_20260729_031213_000;0.7;5.0;26.0;Phogri;0.1;Plaint;;;;
Car381009-2026-Pass1-Z1-2MU00693_20260729_031213_000;0.0;4.9;22.0;Tetvir;0.73;;;;;
Car381009-2026-Pass1-Z1-2MU00693_20260729_031259_000;0.0;4.9;37.0;Leppun;0.79;;;;;
Car381009-2026-Pass1-Z1-2MU00693_20260729_031259_000;0.3;4.9;22.0;noise;0.18;;;;;
Car381009-2026-Pass1-Z1-2MU00693_20260729_031259_000;0.4;5.0;26.0;Phogri;0.27;;;;;
Car381009-2026-Pass1-Z1-2MU00693_20260729_031320_000;0.0;2.7;33.0;Leppun;0.2;;;;;
Car381009-2026-Pass1-Z1-2MU00693_20260729_031320_000;0.3;4.9;24.0;noise;0.05;Phogri;;;;
Car381009-2026-Pass1-Z1-2MU00693_20260729_031320_000;0.0;5.0;25.0;Tetvir;0.81;;;;;
Car381009-2026-Pass1-Z1-2MU00693_20260729_031421_000;1.5;3.1;39.0;Leppun;0.96;;;;;
Car381009-2026-Pass1-Z1-2MU00693_20260729_031421_000;0.0;5.0;26.0;Phogri;0.81;;;;;
Car381009-2026-Pass1-Z1-2MU00693_20260729_031421_000;0.0;4.9;24.0;Tetvir;0.5;;;;;
Car381009-2026-Pass1-Z1-2MU00693_20260729_031429_000;1.0;5.0;39.0;Leppun;0.93;;;;;
Car381009-2026-Pass1-Z1-2MU00693_20260729_031429_000;0.0;5.0;26.0;Phogri;0.83;;;;;
Car381009-2026-Pass1-Z1-2MU00693_20260729_031507_000;0.0;4.3;41.0;Leppun;0.97;;;;;
Car381009-2026-Pass1-Z1-2MU00693_20260729_031507_000;0.0;4.6;26.0;noise;0.09;;;;;
Car381009-2026-Pass1-Z1-2MU00693_20260729_031507_000;0.0;4.7;26.0;Tetvir;0.64;;;;;
Car381009-2026-Pass1-Z1-2MU00693_20260729_031607_000;0.0;4.7;38.0;Leppun;0.96;;;;;
Car381009-2026-Pass1-Z1-2MU00693_20260729_031607_000;0.1;4.8;26.0;Phogri;0.1;noise;;;;
Car381009-2026-Pass1-Z1-2MU00693_20260729_031607_000;0.0;4.9;21.0;Tetvir;0.92;;;;;
Car381009-2026-Pass1-Z1-2MU00693_20260729_031616_000;0.0;5.0;40.0;Leppun;0.97;;;;;
Car381009-2026-Pass1-Z1-2MU00693_20260729_031616_000;0.5;4.0;25.0;Phogri;0.15;;;;;
Car381009-2026-Pass1-Z1-2MU00693_20260729_031616_000;0.0;4.7;23.0;Tetvir;0.52;;;;;
Car381009-2026-Pass1-Z1-2MU00693_20260729_031632_000;0.3;2.6;41.0;Leppun;0.92;;;;;
Car381009-2026-Pass1-Z1-2MU00693_20260729_031632_000;1.1;2.6;12.0;noise;0.25;;;;;
Car381009-2026-Pass1-Z1-2MU00693_20260729_031632_000;0.0;2.0;27.0;Phogri;0.14;;;;;
Car381009-2026-Pass1-Z1-2MU00693_20260729_031636_000;0.0;2.8;44.0;Leppun;0.96;;;;;
Car381009-2026-Pass1-Z1-2MU00693_20260729_031636_000;0.1;5.0;25.0;Phogri;0.18;noise;;;;
Car381009-2026-Pass1-Z1-2MU00693_20260729_031636_000;0.2;5.0;44.0;Pipkuh;0.92;;;;;
Car381009-2026-Pass1-Z1-2MU00693_20260729_031736_000;0.4;3.9;33.0;Leppun;0.32;;;;;
Car381009-2026-Pass1-Z1-2MU00693_20260729_031736_000;0.0;4.9;39.0;Pipkuh;0.6;Pipnat;;;;
Car381009-2026-Pass1-Z1-2MU00693_20260729_031736_000;0.2;5.0;24.0;Tetvir;0.42;;;;;
Car381009-2026-Pass1-Z1-2MU00693_20260729_031836_000;0.0;2.9;40.0;Leppun;0.96;;;;;
Car381009-2026-Pass1-Z1-2MU00693_20260729_031836_000;0.0;2.9;28.0;Phogri;0.5;;;;;
Car381009-2026-Pass1-Z1-2MU00693_20260729_031840_000;0.0;4.0;36.0;Leppun;0.88;;;;;
Car381009-2026-Pass1-Z1-2MU00693_20260729_031840_000;0.4;4.4;27.0;noise;0.15;;;;;
Car381009-2026-Pass1-Z1-2MU00693_20260729_031840_000;0.1;4.4;33.0;Phogri;0.87;;;;;
Car381009-2026-Pass1-Z1-2MU00693_20260729_031840_000;0.0;4.9;25.0;Tetvir;0.65;;;;;
Car381009-2026-Pass1-Z1-2MU00693_20260729_031917_000;0.0;4.8;37.0;Leppun;0.96;;;;;
Car381009-2026-Pass1-Z1-2MU00693_20260729_031917_000;0.2;4.9;28.0;Rhasp;0.38;;;;;
Car381009-2026-Pass1-Z1-2MU00693_20260729_031917_000;0.8;4.8;26.0;Tetvir;0.67;;;;;
Car381009-2026-Pass1-Z1-2MU00693_20260729_031926_000;0.4;4.9;40.0;Leppun;0.93;;;;;
Car381009-2026-Pass1-Z1-2MU00693_20260729_031926_000;0.6;5.0;27.0;Phogri;0.83;;;;;
Car381009-2026-Pass1-Z1-2MU00693_20260729_031926_000;0.0;4.0;26.0;Testes;0.81;;;;;
Car381009-2026-Pass1-Z1-2MU00693_20260729_031926_000;0.0;5.0;26.0;Tetvir;0.89;;;;;
Car381009-2026-Pass1-Z1-2MU00693_20260729_031948_000;0.3;4.7;39.0;Leppun;0.94;;;;;
Car381009-2026-Pass1-Z1-2MU00693_20260729_031948_000;1.7;4.9;29.0;Phogri;0.67;;;;;
Car381009-2026-Pass1-Z1-2MU00693_20260729_031948_000;0.3;4.9;48.0;Pippip;0.98;;;;;
Car381009-2026-Pass1-Z1-2MU00693_20260729_031948_000;0.0;4.9;27.0;Tetvir;0.9;;;;;
Car381009-2026-Pass1-Z1-2MU00693_20260729_032049_000;0.0;4.4;27.0;noise;0.21;;;;;
Car381009-2026-Pass1-Z1-2MU00693_20260729_032049_000;0.1;4.9;48.0;Pippip;0.99;;;;;
Car381009-2026-Pass1-Z1-2MU00693_20260729_032049_000;0.0;4.8;21.0;Tetvir;0.87;;;;;
Car381009-2026-Pass1-Z1-2MU00693_20260729_032055_000;0.3;4.9;39.0;Leppun;0.99;;;;;
Car381009-2026-Pass1-Z1-2MU00693_20260729_032055_000;0.0;5.0;12.0;Tetvir;0.94;;;;;
Car381009-2026-Pass1-Z1-2MU00693_20260729_032126_000;1.6;5.0;38.0;Leppun;0.86;;;;;
Car381009-2026-Pass1-Z1-2MU00693_20260729_032126_000;0.0;5.0;27.0;Phogri;0.79;;;;;
Car381009-2026-Pass1-Z1-2MU00693_20260729_032126_000;0.0;5.0;23.0;Tetvir;0.92;;;;;
Car381009-2026-Pass1-Z1-2MU00693_20260729_032227_000;1.9;4.2;36.0;Leppun;0.98;;;;;
Car381009-2026-Pass1-Z1-2MU00693_20260729_032227_000;2.2;4.0;24.0;noise;0.08;Phogri, Antsp;;;;
Car381009-2026-Pass1-Z1-2MU00693_20260729_032227_000;0.0;5.0;11.0;Tetvir;0.98;;;;;
Car381009-2026-Pass1-Z1-2MU00693_20260729_032328_000;0.0;4.8;35.0;Leppun;0.98;;;;;
Car381009-2026-Pass1-Z1-2MU00693_20260729_032328_000;0.0;4.4;29.0;Phogri;0.83;;;;;
Car381009-2026-Pass1-Z1-2MU00693_20260729_032328_000;0.1;5.0;11.0;Tetvir;0.95;;;;;
Car381009-2026-Pass1-Z1-2MU00693_20260729_032428_000;0.0;4.1;42.0;Leppun;0.96;;;;;
Car381009-2026-Pass1-Z1-2MU00693_20260729_032428_000;2.3;3.7;37.0;noise;0.07;Phogri;;;;
Car381009-2026-Pass1-Z1-2MU00693_20260729_032428_000;0.0;4.9;26.0;Tetvir;0.83;;;;;
Car381009-2026-Pass1-Z1-2MU00693_20260729_032444_000;4.4;4.8;36.0;Leppun;0.98;;;;;
Car381009-2026-Pass1-Z1-2MU00693_20260729_032444_000;0.3;5.0;26.0;noise;0.07;Plaint;;;;
Car381009-2026-Pass1-Z1-2MU00693_20260729_032444_000;0.0;4.6;11.0;Tetvir;0.96;;;;;
Car381009-2026-Pass1-Z1-2MU00693_20260729_032545_000;0.2;4.3;34.0;Leppun;0.95;;;;;
Car381009-2026-Pass1-Z1-2MU00693_20260729_032545_000;0.0;4.9;32.0;Phogri;0.62;;;;;
Car381009-2026-Pass1-Z1-2MU00693_20260729_032545_000;0.0;5.0;15.0;Tetvir;0.85;;;;;
Car381009-2026-Pass1-Z1-2MU00693_20260729_032635_000;0.5;4.4;35.0;Leppun;0.85;;;;;
Car381009-2026-Pass1-Z1-2MU00693_20260729_032635_000;0.0;3.7;28.0;Phogri;0.83;;;;;
Car381009-2026-Pass1-Z1-2MU00693_20260729_032635_000;0.3;4.6;11.0;Tetvir;0.94;;;;;
Car381009-2026-Pass1-Z1-2MU00693_20260729_032736_000;0.0;3.9;39.0;Leppun;0.93;;;;;
Car381009-2026-Pass1-Z1-2MU00693_20260729_032736_000;0.4;5.0;26.0;Phogri;0.48;;;;;
Car381009-2026-Pass1-Z1-2MU00693_20260729_032736_000;3.6;4.9;41.0;Pipkuh;0.96;;;;;
Car381009-2026-Pass1-Z1-2MU00693_20260729_032736_000;0.0;5.0;10.0;Tetvir;0.98;;;;;
Car381009-2026-Pass1-Z1-2MU00693_20260729_032836_000;0.3;2.7;34.0;Leppun;0.95;;;;;
Car381009-2026-Pass1-Z1-2MU00693_20260729_032836_000;0.0;4.7;11.0;Tetvir;0.97;;;;;
Car381009-2026-Pass1-Z1-2MU00693_20260729_032937_000;0.1;5.0;39.0;Leppun;0.92;;;;;
Car381009-2026-Pass1-Z1-2MU00693_20260729_032937_000;0.0;4.8;27.0;Phogri;0.84;;;;;
Car381009-2026-Pass1-Z1-2MU00693_20260729_033037_000;0.0;4.8;35.0;Leppun;0.98;;;;;
Car381009-2026-Pass1-Z1-2MU00693_20260729_033037_000;0.8;1.8;32.0;Phogri;0.66;;;;;
Car381009-2026-Pass1-Z1-2MU00693_20260729_033037_000;0.1;4.8;21.0;Tetvir;0.98;;;;;
Car381009-2026-Pass1-Z1-2MU00693_20260729_033138_000;1.1;4.1;36.0;Leppun;0.36;;;;;
Car381009-2026-Pass1-Z1-2MU00693_20260729_033138_000;0.3;3.6;13.0;noise;0.06;Phanan;;;;
Car381009-2026-Pass1-Z1-2MU00693_20260729_033138_000;0.0;5.0;39.0;Pipkuh;0.22;Pipnat;;;;
Car381009-2026-Pass1-Z1-2MU00693_20260729_033138_000;0.0;4.7;27.0;Phogri;0.17;;;;;
Car381009-2026-Pass1-Z1-2MU00693_20260729_033138_000;1.3;4.7;33.0;Testes;0.21;;;;;
Car381009-2026-Pass1-Z1-2MU00693_20260729_033239_000;0.0;4.0;35.0;Leppun;0.97;;;;;
Car381009-2026-Pass1-Z1-2MU00693_20260729_033239_000;0.0;4.7;27.0;noise;0.1;Phogri;;;;
Car381009-2026-Pass1-Z1-2MU00693_20260729_033239_000;0.0;4.7;27.0;Antsp;0.12;Phogri;;;;
Car381009-2026-Pass1-Z1-2MU00693_20260729_033340_000;3.0;4.3;18.0;Phogri;0.06;noise, Phanan;;;;
Car381009-2026-Pass1-Z1-2MU00693_20260729_033340_000;1.2;4.3;28.0;Testes;0.44;;;;;
Car381009-2026-Pass1-Z1-2MU00693_20260729_033340_000;0.0;4.9;21.0;Tetvir;0.95;;;;;
Car381009-2026-Pass1-Z1-2MU00693_20260729_033441_000;0.0;4.6;35.0;Leppun;0.44;;;;;
Car381009-2026-Pass1-Z1-2MU00693_20260729_033441_000;0.5;4.6;14.0;noise;0.06;;;;;
Car381009-2026-Pass1-Z1-2MU00693_20260729_033441_000;0.0;4.8;27.0;Plaint;0.07;Phogri, noise;;;;
Car381009-2026-Pass1-Z1-2MU00693_20260729_033542_000;0.5;4.1;40.0;Leppun;0.97;;;;;
Car381009-2026-Pass1-Z1-2MU00693_20260729_033542_000;0.0;5.0;23.0;Phogri;0.89;;;;;
Car381009-2026-Pass1-Z1-2MU00693_20260729_033542_000;0.0;5.0;26.0;Tetvir;0.54;;;;;
Car381009-2026-Pass1-Z1-2MU00693_20260729_033643_000;3.7;4.7;39.0;Pipnat;0.44;;;;;
Car381009-2026-Pass1-Z1-2MU00693_20260729_033643_000;0.2;3.2;45.0;Pippip;0.98;;;;;
Car381009-2026-Pass1-Z1-2MU00693_20260729_033643_000;0.0;5.0;26.0;Phogri;0.1;noise;;;;
Car381009-2026-Pass1-Z1-2MU00693_20260729_033643_000;0.0;4.5;14.0;Tetvir;0.97;;;;;
Car381009-2026-Pass1-Z1-2MU00693_20260729_033743_000;0.0;3.9;41.0;Leppun;0.31;;;;;
Car381009-2026-Pass1-Z1-2MU00693_20260729_033743_000;0.0;4.8;25.0;Phogri;0.23;;;;;
Car381009-2026-Pass1-Z1-2MU00693_20260729_033844_000;1.4;4.8;39.0;Leppun;0.68;;;;;
Car381009-2026-Pass1-Z1-2MU00693_20260729_033844_000;0.0;4.9;26.0;Phogri;0.88;;;;;
Car381009-2026-Pass1-Z1-2MU00693_20260729_034002_000;0.9;4.9;38.0;Leppun;0.63;;;;;
Car381009-2026-Pass1-Z1-2MU00693_20260729_034002_000;0.2;4.8;25.0;noise;0.17;;;;;
Car381009-2026-Pass1-Z1-2MU00693_20260729_034002_000;0.0;4.3;26.0;Phogri;0.21;;;;;
Car381009-2026-Pass1-Z1-2MU00693_20260729_034044_000;0.0;5.0;38.0;Leppun;0.97;;;;;
Car381009-2026-Pass1-Z1-2MU00693_20260729_034044_000;0.0;3.6;26.0;Phogri;0.83;;;;;
Car381009-2026-Pass1-Z1-2MU00693_20260729_034044_000;0.1;4.8;25.0;Plaint;0.09;noise;;;;
Car381009-2026-Pass1-Z1-2MU00693_20260729_034145_000;0.0;5.0;29.0;Phogri;0.18;noise;;;;
Car381009-2026-Pass1-Z1-2MU00693_20260729_034145_000;0.2;4.9;18.0;Phanan;0.41;;;;;
Car381009-2026-Pass1-Z1-2MU00693_20260729_034145_000;0.4;4.9;24.0;noise;0.06;Plaint, Sepsep, Rhasp;;;;
Car381009-2026-Pass1-Z1-2MU00693_20260729_034145_000;0.2;4.9;32.0;Testes;0.63;;;;;
Car381009-2026-Pass1-Z1-2MU00693_20260729_034230_000;0.3;5.0;33.0;Leppun;0.75;;;;;
Car381009-2026-Pass1-Z1-2MU00693_20260729_034230_000;0.0;4.8;25.0;noise;0.13;;;;;
Car381009-2026-Pass1-Z1-2MU00693_20260729_034230_000;0.0;4.4;41.0;Phogri;0.13;Antsp;;;;
Car381009-2026-Pass1-Z1-2MU00693_20260729_034253_000;0.3;4.9;25.0;Phogri;0.41;;;;;
Car381009-2026-Pass1-Z1-2MU00693_20260729_034253_000;0.1;3.2;34.0;Testes;0.93;;;;;
Car381009-2026-Pass1-Z1-2MU00693_20260729_034354_000;0.6;5.0;19.0;Phanan;0.23;;;;;
Car381009-2026-Pass1-Z1-2MU00693_20260729_034354_000;0.0;4.8;26.0;Phogri;0.17;;;;;
Car381009-2026-Pass1-Z1-2MU00693_20260729_034354_000;0.3;4.9;17.0;Tetvir;0.95;;;;;
Car381009-2026-Pass1-Z1-2MU00693_20260729_034455_000;0.4;2.3;36.0;Leppun;0.08;noise;;;;
Car381009-2026-Pass1-Z1-2MU00693_20260729_034455_000;0.0;4.0;25.0;Phogri;0.23;;;;;
Car381009-2026-Pass1-Z1-2MU00693_20260729_034455_000;1.0;3.0;12.0;Tetvir;0.32;;;;;
Car381009-2026-Pass1-Z1-2MU00693_20260729_034459_000;1.2;4.5;38.0;Leppun;0.36;;;;;
Car381009-2026-Pass1-Z1-2MU00693_20260729_034459_000;1.4;4.8;28.0;noise;0.12;;;;;
Car381009-2026-Pass1-Z1-2MU00693_20260729_034459_000;0.0;5.0;24.0;Phogri;0.61;;;;;
Car381009-2026-Pass1-Z1-2MU00693_20260729_034559_000;0.0;5.0;25.0;noise;0.42;;;;;
Car381009-2026-Pass1-Z1-2MU00693_20260729_034559_000;0.2;4.8;24.0;Phogri;0.12;;;;;
Car381009-2026-Pass1-Z1-2MU00693_20260729_034559_000;2.2;3.0;28.0;Testes;0.15;;;;;
Car381009-2026-Pass1-Z1-2MU00693_20260729_034659_000;0.4;4.9;28.0;Eptser;0.63;;;;;
Car381009-2026-Pass1-Z1-2MU00693_20260729_034659_000;1.1;4.7;33.0;Leppun;0.92;;;;;
Car381009-2026-Pass1-Z1-2MU00693_20260729_034659_000;0.7;5.0;25.0;noise;0.11;;;;;
Car381009-2026-Pass1-Z1-2MU00693_20260729_034659_000;0.5;4.1;19.0;Phanan;0.06;Tetvir;;;;
Car381009-2026-Pass1-Z1-2MU00693_20260729_034659_000;0.0;4.6;39.0;Phogri;0.82;;;;;
Car381009-2026-Pass1-Z1-2MU00693_20260729_034800_000;0.2;3.0;39.0;Leppun;0.98;;;;;
Car381009-2026-Pass1-Z1-2MU00693_20260729_034800_000;0.2;4.8;20.0;Phogri;0.63;;;;;
Car381009-2026-Pass1-Z1-2MU00693_20260729_034800_000;1.0;5.0;44.0;Pipkuh;0.98;;;;;
Car381009-2026-Pass1-Z1-2MU00693_20260729_034800_000;0.0;4.9;21.0;Tetvir;0.42;;;;;
Car381009-2026-Pass1-Z1-2MU00693_20260729_034900_000;0.0;5.0;26.0;Phogri;0.62;;;;;
Car381009-2026-Pass1-Z1-2MU00693_20260729_034900_000;0.5;5.0;22.0;Tetvir;0.72;;;;;
Car381009-2026-Pass1-Z1-2MU00693_20260729_034925_000;1.0;5.0;36.0;Leppun;0.95;;;;;
Car381009-2026-Pass1-Z1-2MU00693_20260729_034925_000;0.6;4.8;19.0;noise;0.07;Phanan;;;;
Car381009-2026-Pass1-Z1-2MU00693_20260729_034925_000;0.0;5.0;26.0;Phogri;0.75;;;;;
Car381009-2026-Pass1-Z1-2MU00693_20260729_034925_000;0.0;5.0;22.0;Tetvir;0.82;;;;;
Car381009-2026-Pass1-Z1-2MU00693_20260729_035011_000;0.0;5.0;38.0;Leppun;0.96;;;;;
Car381009-2026-Pass1-Z1-2MU00693_20260729_035011_000;0.0;5.0;25.0;Phogri;0.69;;;;;
Car381009-2026-Pass1-Z1-2MU00693_20260729_035112_000;0.0;4.8;34.0;Leppun;0.9;;;;;
Car381009-2026-Pass1-Z1-2MU00693_20260729_035112_000;0.0;4.8;24.0;noise;0.15;Phogri;;;;
Car381009-2026-Pass1-Z1-2MU00693_20260729_035112_000;0.1;4.8;25.0;Isopyr;0.26;;;;;
Car381009-2026-Pass1-Z1-2MU00693_20260729_035130_000;0.0;4.9;31.0;Leppun;0.69;;;;;
Car381009-2026-Pass1-Z1-2MU00693_20260729_035130_000;0.0;4.8;24.0;noise;0.24;;;;;
Car381009-2026-Pass1-Z1-2MU00693_20260729_035130_000;0.0;4.9;27.0;Phogri;0.13;;;;;
Car381009-2026-Pass1-Z1-2MU00693_20260729_035138_000;0.0;2.5;35.0;Leppun;0.91;;;;;
Car381009-2026-Pass1-Z1-2MU00693_20260729_035138_000;0.0;2.6;26.0;Phogri;0.34;;;;;
Car381009-2026-Pass1-Z1-2MU00693_20260729_035138_000;1.1;2.3;25.0;Tetvir;0.47;;;;;
Car381009-2026-Pass1-Z1-2MU00693_20260729_035142_000;0.4;1.5;36.0;Leppun;0.94;;;;;
Car381009-2026-Pass1-Z1-2MU00693_20260729_035142_000;0.0;2.9;25.0;Phogri;0.83;;;;;
Car381009-2026-Pass1-Z1-2MU00693_20260729_035146_000;0.5;3.8;31.0;Leppun;0.55;;;;;
Car381009-2026-Pass1-Z1-2MU00693_20260729_035146_000;0.0;4.7;28.0;Phogri;0.53;;;;;
Car381009-2026-Pass1-Z1-2MU00693_20260729_035146_000;0.0;4.7;20.0;Tetvir;0.41;;;;;
Car381009-2026-Pass1-Z1-2MU00693_20260729_035217_000;0.0;4.7;28.0;Leppun;0.93;;;;;
Car381009-2026-Pass1-Z1-2MU00693_20260729_035217_000;0.3;4.7;25.0;Phogri;0.76;;;;;
Car381009-2026-Pass1-Z1-2MU00693_20260729_035236_000;0.7;3.7;36.0;Leppun;0.98;;;;;
Car381009-2026-Pass1-Z1-2MU00693_20260729_035236_000;0.0;4.9;25.0;Phogri;0.69;;;;;
Car381009-2026-Pass1-Z1-2MU00693_20260729_035236_000;1.2;3.1;22.0;Tetvir;0.68;;;;;
Car381009-2026-Pass1-Z1-2MU00693_20260729_035336_000;0.0;4.6;27.0;Eptser;0.52;;;;;
Car381009-2026-Pass1-Z1-2MU00693_20260729_035336_000;0.6;3.2;33.0;Leppun;0.95;;;;;
Car381009-2026-Pass1-Z1-2MU00693_20260729_035336_000;0.0;4.7;24.0;Phogri;0.12;noise;;;;
Car381009-2026-Pass1-Z1-2MU00693_20260729_035336_000;0.5;1.5;12.0;Tetvir;0.42;;;;;
Car381009-2026-Pass1-Z1-2MU00693_20260729_035437_000;0.0;4.0;34.0;Leppun;0.76;;;;;
Car381009-2026-Pass1-Z1-2MU00693_20260729_035437_000;0.0;4.8;24.0;Phogri;0.94;;;;;
Car381009-2026-Pass1-Z1-2MU00693_20260729_035504_000;0.0;2.6;32.0;Leppun;0.39;;;;;
Car381009-2026-Pass1-Z1-2MU00693_20260729_035504_000;0.3;4.4;24.0;Phogri;0.14;;;;;
Car381009-2026-Pass1-Z1-2MU00693_20260729_035508_000;0.0;4.6;35.0;Leppun;0.96;;;;;
Car381009-2026-Pass1-Z1-2MU00693_20260729_035508_000;0.1;5.0;26.0;Phogri;0.16;;;;;
Car381009-2026-Pass1-Z1-2MU00693_20260729_035517_000;0.0;4.4;38.0;Leppun;0.98;;;;;
Car381009-2026-Pass1-Z1-2MU00693_20260729_035517_000;0.5;5.0;23.0;noise;0.32;;;;;
Car381009-2026-Pass1-Z1-2MU00693_20260729_035517_000;0.5;5.0;25.0;Plaint;0.13;Phogri;;;;
Car381009-2026-Pass1-Z1-2MU00693_20260729_035531_000;1.1;5.0;24.0;noise;0.19;;;;;
Car381009-2026-Pass1-Z1-2MU00693_20260729_035531_000;0.0;5.0;25.0;Phogri;0.53;;;;;
Car381009-2026-Pass1-Z1-2MU00693_20260729_035531_000;0.2;4.8;42.0;Pipkuh;0.98;;;;;
Car381009-2026-Pass1-Z1-2MU00693_20260729_035540_000;0.0;3.2;33.0;Leppun;0.97;;;;;
Car381009-2026-Pass1-Z1-2MU00693_20260729_035540_000;0.1;4.7;39.0;Pipnat;0.91;;Pipnat;SUR;;
Car381009-2026-Pass1-Z1-2MU00693_20260729_035540_000;0.0;5.0;24.0;Phogri;0.16;;;;;
Car381009-2026-Pass1-Z1-2MU00693_20260729_035540_000;1.9;4.2;28.0;Tetvir;0.4;;;;;
Car381009-2026-Pass1-Z1-2MU00693_20260729_035548_000;0.0;1.1;27.0;Phogri;0.68;;;;;
Car381009-2026-Pass1-Z1-2MU00693_20260729_035548_000;0.1;1.8;26.0;Plaint;0.06;noise;;;;
Car381009-2026-Pass1-Z1-2MU00693_20260729_035550_000;2.6;4.9;33.0;Barbar;0.39;;;;;
Car381009-2026-Pass1-Z1-2MU00693_20260729_035550_000;0.5;4.9;26.0;noise;0.12;Phogri;;;;
Car381009-2026-Pass1-Z1-2MU00693_20260729_035550_000;0.0;4.8;22.0;Tetvir;0.88;;;;;
Car381009-2026-Pass1-Z1-2MU00693_20260729_035603_000;4.4;4.8;17.0;Phanan;0.1;noise;;;;
Car381009-2026-Pass1-Z1-2MU00693_20260729_035603_000;0.0;4.9;24.0;Plaint;0.28;;;;;
Car381009-2026-Pass1-Z1-2MU00693_20260729_035603_000;0.5;4.4;11.0;Tetvir;0.63;;;;;
Car381009-2026-Pass1-Z1-2MU00693_20260729_035633_000;0.0;3.3;24.0;noise;0.1;Phogri;;;;
Car381009-2026-Pass1-Z1-2MU00693_20260729_035633_000;0.0;1.3;31.0;Testes;0.84;;;;;
Car381009-2026-Pass1-Z1-2MU00693_20260729_035638_000;0.6;5.0;33.0;Leppun;0.94;;;;;
Car381009-2026-Pass1-Z1-2MU00693_20260729_035638_000;0.4;4.6;17.0;noise;0.31;;;;;
Car381009-2026-Pass1-Z1-2MU00693_20260729_035638_000;0.0;5.0;24.0;Phogri;0.82;;;;;
Car381009-2026-Pass1-Z1-2MU00693_20260729_035647_000;0.7;4.0;33.0;Leppun;0.98;;;;;
Car381009-2026-Pass1-Z1-2MU00693_20260729_035647_000;0.0;4.9;24.0;Phogri;0.13;;;;;
Car381009-2026-Pass1-Z1-2MU00693_20260729_035647_000;0.9;3.4;13.0;Tetvir;0.49;;;;;
Car381009-2026-Pass1-Z1-2MU00693_20260729_035747_000;1.4;4.9;32.0;Hypsav;0.97;;;;;
Car381009-2026-Pass1-Z1-2MU00693_20260729_035747_000;1.2;3.7;37.0;Leppun;0.98;;;;;
Car381009-2026-Pass1-Z1-2MU00693_20260729_035747_000;0.1;4.8;25.0;noise;0.19;;;;;
Car381009-2026-Pass1-Z1-2MU00693_20260729_035747_000;0.0;3.9;24.0;Phogri;0.8;;;;;
Car381009-2026-Pass1-Z1-2MU00693_20260729_035747_000;0.0;4.8;20.0;Tetvir;0.87;;;;;
Car381009-2026-Pass1-Z1-2MU00693_20260729_035832_000;0.0;4.5;31.0;Leppun;0.94;;;;;
Car381009-2026-Pass1-Z1-2MU00693_20260729_035832_000;0.1;5.0;25.0;noise;0.16;;;;;
Car381009-2026-Pass1-Z1-2MU00693_20260729_035832_000;0.1;5.0;26.0;Antsp;0.09;Phogri, Sepsep;;;;
Car381009-2026-Pass1-Z1-2MU00693_20260729_035908_000;0.0;4.4;28.0;Leppun;0.55;;;;;
Car381009-2026-Pass1-Z1-2MU00693_20260729_035908_000;0.6;4.1;35.0;Pipkuh;0.41;;;;;
Car381009-2026-Pass1-Z1-2MU00693_20260729_035908_000;0.0;4.5;25.0;Phogri;0.19;;;;;
Car381009-2026-Pass1-Z1-2MU00693_20260729_035908_000;0.7;4.8;12.0;Tetvir;0.84;;;;;
Car381009-2026-Pass1-Z1-2MU00693_20260729_035932_000;0.0;3.9;25.0;Phogri;0.09;noise;;;;
Car381009-2026-Pass1-Z1-2MU00693_20260729_035938_000;0.5;2.0;13.0;Phogri;0.05;noise, Tetvir;;;;
Car381009-2026-Pass1-Z1-2MU00693_20260729_035938_000;0.0;2.0;25.0;Plaint;0.07;Phogri, noise;;;;
Car381009-2026-Pass1-Z1-2MU00693_20260729_035938_000;0.2;1.9;30.0;Testes;0.52;;;;;
Car381009-2026-Pass1-Z1-2MU00693_20260729_035940_000;0.0;4.7;25.0;Antsp;0.19;noise;;;;
Car381009-2026-Pass1-Z1-2MU00693_20260729_035940_000;0.4;1.6;29.0;Testes;0.12;;;;;
Car381009-2026-Pass1-Z1-2MU00693_20260729_035958_000;0.0;5.0;25.0;Phogri;0.92;;;;;
Car381009-2026-Pass1-Z1-2MU00693_20260729_040059_000;0.0;5.0;40.0;Myodau;0.79;;;;;
Car381009-2026-Pass1-Z1-2MU00693_20260729_040059_000;0.0;5.0;24.0;noise;0.18;;;;;
Car381009-2026-Pass1-Z1-2MU00693_20260729_040059_000;0.0;5.0;26.0;Phogri;0.35;;;;;
Car381009-2026-Pass1-Z1-2MU00693_20260729_040144_000;0.1;4.7;21.0;Phanan;0.46;;;;;
Car381009-2026-Pass1-Z1-2MU00693_20260729_040144_000;0.2;4.7;28.0;Testes;0.86;;;;;
Car381009-2026-Pass1-Z1-2MU00693_20260729_040144_000;0.6;4.3;24.0;Tetvir;0.57;;;;;
Car381009-2026-Pass1-Z1-2MU00693_20260729_040211_000;0.0;2.3;31.0;Leppun;0.97;;;;;
Car381009-2026-Pass1-Z1-2MU00693_20260729_040211_000;0.1;2.3;27.0;noise;0.12;;;;;
Car381009-2026-Pass1-Z1-2MU00693_20260729_040211_000;0.1;2.2;25.0;Phogri;0.06;;;;;
Car381009-2026-Pass1-Z1-2MU00693_20260729_040214_000;0.0;4.8;27.0;Testes;0.22;;;;;
Car381009-2026-Pass1-Z1-2MU00693_20260729_040214_000;0.2;4.8;23.0;Tetvir;0.88;;;;;
Car381009-2026-Pass1-Z1-2MU00693_20260729_040235_000;0.0;5.0;27.0;Leppun;0.88;;;;;
Car381009-2026-Pass1-Z1-2MU00693_20260729_040235_000;1.1;5.0;25.0;noise;0.14;;;;;
Car381009-2026-Pass1-Z1-2MU00693_20260729_040235_000;0.0;4.0;25.0;Phogri;0.14;;;;;
Car381009-2026-Pass1-Z1-2MU00693_20260729_040235_000;0.1;4.8;21.0;Tetvir;0.91;;;;;
Car381009-2026-Pass1-Z1-2MU00693_20260729_040257_000;0.0;4.9;24.0;noise;0.24;;;;;
Car381009-2026-Pass1-Z1-2MU00693_20260729_040257_000;0.4;3.9;25.0;Phogri;0.1;;;;;
Car381009-2026-Pass1-Z1-2MU00693_20260729_040319_000;0.0;5.0;28.0;Leppun;0.96;;;;;
Car381009-2026-Pass1-Z1-2MU00693_20260729_040319_000;0.3;4.8;27.0;Plaint;0.21;;;;;
Car381009-2026-Pass1-Z1-2MU00693_20260729_040319_000;0.3;4.7;22.0;Tetvir;0.88;;;;;
Car381009-2026-Pass1-Z1-2MU00693_20260729_040327_000;0.0;1.3;32.0;Leppun;0.54;;;;;
Car381009-2026-Pass1-Z1-2MU00693_20260729_040327_000;0.0;1.3;22.0;Phogri;0.11;noise;;;;
Car381009-2026-Pass1-Z1-2MU00693_20260729_040327_000;0.0;1.4;13.0;Tetvir;0.73;;;;;
Car381009-2026-Pass1-Z1-2MU00693_20260729_040329_000;1.1;1.7;34.0;Leppun;0.97;;;;;
Car381009-2026-Pass1-Z1-2MU00693_20260729_040329_000;0.0;3.7;26.0;Phogri;0.79;;;;;
Car381009-2026-Pass1-Z1-2MU00693_20260729_040329_000;1.3;1.4;9.0;Tetvir;0.43;;;;;
Car381009-2026-Pass1-Z1-2MU00693_20260729_040333_000;0.5;1.5;28.0;Leppun;0.23;;;;;
Car381009-2026-Pass1-Z1-2MU00693_20260729_040333_000;0.7;1.9;24.0;Phogri;0.06;Plaint, noise;;;;
Car381009-2026-Pass1-Z1-2MU00693_20260729_040333_000;0.0;2.1;21.0;Tetvir;0.91;;;;;
Car381009-2026-Pass1-Z1-2MU00693_20260729_040335_000;0.8;4.8;30.0;Leppun;0.8;;;;;
Car381009-2026-Pass1-Z1-2MU00693_20260729_040335_000;0.0;4.9;24.0;Phogri;0.27;;;;;
Car381009-2026-Pass1-Z1-2MU00693_20260729_040335_000;0.7;4.8;20.0;Tetvir;0.85;;;;;
Car381009-2026-Pass1-Z1-2MU00693_20260729_040340_000;0.6;1.7;29.0;Leppun;0.21;;;;;
Car381009-2026-Pass1-Z1-2MU00693_20260729_040340_000;0.0;2.0;25.0;Phogri;0.79;;;;;
Car381009-2026-Pass1-Z1-2MU00693_20260729_040340_000;0.1;2.1;10.0;Tetvir;0.98;;;;;
Car381009-2026-Pass1-Z1-2MU00693_20260729_040343_000;0.2;4.4;31.0;Leppun;0.98;;;;;
Car381009-2026-Pass1-Z1-2MU00693_20260729_040343_000;0.0;4.7;26.0;Phogri;0.23;;;;;
Car381009-2026-Pass1-Z1-2MU00693_20260729_040343_000;0.2;4.4;27.0;Antsp;0.22;;;;;
Car381009-2026-Pass1-Z1-2MU00693_20260729_040343_000;0.0;4.6;10.0;Tetvir;0.97;;;;;
Car381009-2026-Pass1-Z1-2MU00693_20260729_040349_000;0.0;3.6;30.0;Leppun;0.98;;;;;
Car381009-2026-Pass1-Z1-2MU00693_20260729_040349_000;0.5;3.6;23.0;noise;0.05;Tetvir, Phanan;;;;
Car381009-2026-Pass1-Z1-2MU00693_20260729_040349_000;0.0;3.6;25.0;Phogri;0.16;Antsp;;;;
Car381009-2026-Pass1-Z1-2MU00693_20260729_040354_000;0.0;3.5;29.0;Leppun;0.94;;;;;
Car381009-2026-Pass1-Z1-2MU00693_20260729_040354_000;0.0;3.6;24.0;Phogri;0.78;;;;;
Car381009-2026-Pass1-Z1-2MU00693_20260729_040354_000;0.0;1.1;9.0;Tetvir;0.67;;;;;
Car381009-2026-Pass1-Z1-2MU00693_20260729_040359_000;0.0;1.5;36.0;Leppun;0.95;;;;;
Car381009-2026-Pass1-Z1-2MU00693_20260729_040359_000;0.0;2.0;24.0;Phogri;0.1;noise;;;;
Car381009-2026-Pass1-Z1-2MU00693_20260729_040403_000;0.0;1.4;28.0;Leppun;0.37;;;;;
Car381009-2026-Pass1-Z1-2MU00693_20260729_040403_000;0.0;1.6;24.0;Phogri;0.81;;;;;
Car381009-2026-Pass1-Z1-2MU00693_20260729_040403_000;0.0;2.1;10.0;Tetvir;0.98;;;;;
Car381009-2026-Pass1-Z1-2MU00693_20260729_040408_000;0.0;3.8;28.0;Leppun;0.48;;;;;
Car381009-2026-Pass1-Z1-2MU00693_20260729_040408_000;0.2;2.6;50.0;Pippip;0.98;;;;;
Car381009-2026-Pass1-Z1-2MU00693_20260729_040408_000;0.0;3.8;25.0;Phogri;0.12;;;;;
Car381009-2026-Pass1-Z1-2MU00693_20260729_040408_000;0.0;4.1;10.0;Tetvir;0.96;;;;;
Car381009-2026-Pass1-Z1-2MU00693_20260729_040413_000;0.0;1.9;38.0;Leppun;0.32;;;;;
Car381009-2026-Pass1-Z1-2MU00693_20260729_040413_000;0.3;1.6;20.0;noise;0.05;Phogri, Phanan;;;;
Car381009-2026-Pass1-Z1-2MU00693_20260729_040413_000;0.1;0.8;48.0;Pippip;0.98;;;;;
Car381009-2026-Pass1-Z1-2MU00693_20260729_040413_000;0.5;1.6;27.0;Plaalb;0.14;Confus;;;;
Car381009-2026-Pass1-Z1-2MU00693_20260729_040413_000;0.0;2.1;11.0;Tetvir;0.96;;;;;
Car381009-2026-Pass1-Z1-2MU00693_20260729_040415_000;1.0;2.6;36.0;Leppun;0.96;;;;;
Car381009-2026-Pass1-Z1-2MU00693_20260729_040415_000;0.0;4.0;26.0;Phogri;0.08;noise;;;;
Car381009-2026-Pass1-Z1-2MU00693_20260729_040415_000;0.1;4.0;10.0;Tetvir;0.97;;;;;
Car381009-2026-Pass1-Z1-2MU00693_20260729_040419_000;0.0;1.1;37.0;Leppun;0.53;;;;;
Car381009-2026-Pass1-Z1-2MU00693_20260729_040419_000;0.0;2.1;10.0;Tetvir;0.97;;;;;
Car381009-2026-Pass1-Z1-2MU00693_20260729_040421_000;0.0;2.8;36.0;Leppun;0.26;;;;;
Car381009-2026-Pass1-Z1-2MU00693_20260729_040421_000;0.2;3.5;22.0;noise;0.07;Plaint;;;;
Car381009-2026-Pass1-Z1-2MU00693_20260729_040421_000;0.0;3.6;10.0;Tetvir;0.98;;;;;
Car381009-2026-Pass1-Z1-2MU00693_20260729_040426_000;0.8;2.2;32.0;Leppun;0.94;;;;;
Car381009-2026-Pass1-Z1-2MU00693_20260729_040426_000;1.1;3.9;31.0;noise;0.18;Phogri;;;;
Car381009-2026-Pass1-Z1-2MU00693_20260729_040426_000;0.0;4.6;26.0;Phogri;0.13;;;;;
Car381009-2026-Pass1-Z1-2MU00693_20260729_040426_000;0.1;5.0;10.0;Tetvir;0.97;;;;;
Car381009-2026-Pass1-Z1-2MU00693_20260729_040448_000;0.0;4.9;28.0;Leppun;0.78;;;;;
Car381009-2026-Pass1-Z1-2MU00693_20260729_040448_000;0.0;5.0;25.0;Phogri;0.43;;;;;
Car381009-2026-Pass1-Z1-2MU00693_20260729_040448_000;0.1;4.9;10.0;Tetvir;0.96;;;;;
Car381009-2026-Pass1-Z1-2MU00693_20260729_040501_000;0.0;4.5;28.0;Leppun;0.91;;;;;
Car381009-2026-Pass1-Z1-2MU00693_20260729_040501_000;1.6;4.1;34.0;Phogri;0.98;;;;;
Car381009-2026-Pass1-Z1-2MU00693_20260729_040501_000;0.0;3.7;25.0;Plaint;0.56;;;;;
Car381009-2026-Pass1-Z1-2MU00693_20260729_040501_000;0.1;5.0;10.0;Tetvir;0.97;;;;;
Car381009-2026-Pass1-Z1-2MU00693_20260729_040513_000;0.0;4.3;29.0;Leppun;0.95;;;;;
Car381009-2026-Pass1-Z1-2MU00693_20260729_040513_000;0.0;4.4;27.0;Phogri;0.75;;;;;
Car381009-2026-Pass1-Z1-2MU00693_20260729_040513_000;0.0;3.7;27.0;Testes;0.17;;;;;
Car381009-2026-Pass1-Z1-2MU00693_20260729_040513_000;0.1;5.0;10.0;Tetvir;0.98;;;;;
Car381009-2026-Pass1-Z1-2MU00693_20260729_040535_000;0.8;1.7;39.0;Pipkuh;0.68;;;;;
Car381009-2026-Pass1-Z1-2MU00693_20260729_040535_000;0.0;1.3;27.0;noise;0.07;;;;;
Car381009-2026-Pass1-Z1-2MU00693_20260729_040535_000;0.1;2.1;10.0;Tetvir;0.98;;;;;
Car381009-2026-Pass1-Z1-2MU00693_20260729_040538_000;0.0;4.9;29.0;Leppun;0.83;;;;;
Car381009-2026-Pass1-Z1-2MU00693_20260729_040538_000;0.0;4.5;26.0;noise;0.12;;;;;
Car381009-2026-Pass1-Z1-2MU00693_20260729_040538_000;0.0;4.8;27.0;Phogri;0.8;;;;;
Car381009-2026-Pass1-Z1-2MU00693_20260729_040538_000;1.8;1.9;40.0;Pipkuh;0.84;;;;;
Car381009-2026-Pass1-Z1-2MU00693_20260729_040538_000;0.1;5.0;10.0;Tetvir;0.97;;;;;
Car381009-2026-Pass1-Z1-2MU00693_20260729_040544_000;1.5;4.0;36.0;Leppun;0.97;;;;;
Car381009-2026-Pass1-Z1-2MU00693_20260729_040544_000;0.0;4.7;26.0;Phogri;0.42;;;;;
Car381009-2026-Pass1-Z1-2MU00693_20260729_040544_000;0.0;5.0;10.0;Tetvir;0.98;;;;;
Car381009-2026-Pass1-Z1-2MU00693_20260729_040645_000;0.0;4.9;36.0;Barbar;0.99;;;;;
Car381009-2026-Pass1-Z1-2MU00693_20260729_040645_000;0.1;4.4;28.0;Leppun;0.83;;;;;
Car381009-2026-Pass1-Z1-2MU00693_20260729_040645_000;0.0;5.0;22.0;noise;0.12;Phogri;;;;
Car381009-2026-Pass1-Z1-2MU00693_20260729_040645_000;0.0;5.0;43.0;Pipkuh;0.99;;;;;
Car381009-2026-Pass1-Z1-2MU00693_20260729_040645_000;0.0;1.2;48.0;Pippip;0.88;;;;;
Car381009-2026-Pass1-Z1-2MU00693_20260729_040736_000;0.0;5.0;21.0;noise;0.13;Phogri;;;;
Car381009-2026-Pass1-Z1-2MU00693_20260729_040736_000;3.7;4.0;42.0;Pipkuh;0.95;;;;;
Car381009-2026-Pass1-Z1-2MU00693_20260729_040736_000;0.0;4.9;22.0;Phogri;0.1;;;;;
Car381009-2026-Pass1-Z1-2MU00693_20260729_040736_000;0.0;4.6;19.0;Tetvir;0.78;;;;;
Car381009-2026-Pass1-Z1-2MU00693_20260729_040741_000;0.0;5.0;36.0;Leppun;0.39;;;;;
Car381009-2026-Pass1-Z1-2MU00693_20260729_040741_000;2.1;3.6;26.0;Phogri;0.83;;;;;
Car381009-2026-Pass1-Z1-2MU00693_20260729_040741_000;0.4;2.0;41.0;Pipkuh;0.99;;;;;
Car381009-2026-Pass1-Z1-2MU00693_20260729_040741_000;0.0;5.0;22.0;Plaint;0.08;noise;;;;
Car381009-2026-Pass1-Z1-2MU00693_20260729_040841_000;0.0;4.2;36.0;Leppun;0.96;;;;;
Car381009-2026-Pass1-Z1-2MU00693_20260729_040841_000;0.2;5.0;24.0;Phogri;0.85;;;;;
Car381009-2026-Pass1-Z1-2MU00693_20260729_040841_000;0.0;4.2;40.0;Pipkuh;0.99;;;;;
Car381009-2026-Pass1-Z1-2MU00693_20260729_040942_000;0.0;4.6;25.0;Phogri;0.94;;;;;
Car381009-2026-Pass1-Z1-2MU00693_20260729_040942_000;3.2;5.0;40.0;Pipkuh;0.98;;;;;
Car381009-2026-Pass1-Z1-2MU00693_20260729_040942_000;0.0;4.6;21.0;Tetvir;0.81;;;;;
Car381009-2026-Pass1-Z1-2MU00693_20260729_041003_000;0.0;4.6;36.0;Leppun;0.69;;;;;
Car381009-2026-Pass1-Z1-2MU00693_20260729_041003_000;0.3;4.6;22.0;Phanan;0.49;;;;;
Car381009-2026-Pass1-Z1-2MU00693_20260729_041003_000;0.5;3.0;30.0;Phogri;0.87;;;;;
Car381009-2026-Pass1-Z1-2MU00693_20260729_041003_000;0.0;4.6;26.0;Plaint;0.32;;;;;
Car381009-2026-Pass1-Z1-2MU00693_20260729_041003_000;0.7;1.1;30.0;Testes;0.12;noise;;;;
Car381009-2026-Pass1-Z1-2MU00693_20260729_041008_000;0.0;3.5;39.0;Leppun;0.94;;;;;
Car381009-2026-Pass1-Z1-2MU00693_20260729_041008_000;0.4;2.7;25.0;Phogri;0.41;;;;;
Car381009-2026-Pass1-Z1-2MU00693_20260729_041008_000;0.0;3.1;24.0;noise;0.06;Plaint;;;;
Car381009-2026-Pass1-Z1-2MU00693_20260729_041011_000;0.0;4.9;24.0;Plaint;0.23;;;;;
Car381009-2026-Pass1-Z1-2MU00693_20260729_041011_000;0.6;4.2;11.0;Tetvir;0.8;;;;;
Car381009-2026-Pass1-Z1-2MU00693_20260729_041023_000;0.0;5.0;38.0;Leppun;0.91;;;;;
Car381009-2026-Pass1-Z1-2MU00693_20260729_041023_000;0.4;5.0;24.0;Phogri;0.79;;;;;
Car381009-2026-Pass1-Z1-2MU00693_20260729_041023_000;0.3;5.0;12.0;Tetvir;0.89;;;;;
Car381009-2026-Pass1-Z1-2MU00693_20260729_041034_000;0.0;3.9;24.0;Plaint;0.06;Phogri, noise;;;;
Car381009-2026-Pass1-Z1-2MU00693_20260729_041034_000;1.5;2.4;29.0;Testes;0.77;;;;;
Car381009-2026-Pass1-Z1-2MU00693_20260729_041034_000;0.0;4.1;13.0;Tetvir;0.87;;;;;
Car381009-2026-Pass1-Z1-2MU00693_20260729_041038_000;0.0;0.8;35.0;Leppun;0.82;;;;;
Car381009-2026-Pass1-Z1-2MU00693_20260729_041038_000;0.2;2.1;12.0;Tetvir;0.86;;;;;
Car381009-2026-Pass1-Z1-2MU00693_20260729_041041_000;0.0;2.8;24.0;Phogri;0.06;noise, Plaint;;;;
Car381009-2026-Pass1-Z1-2MU00693_20260729_041041_000;0.4;3.0;12.0;Tetvir;0.91;;;;;
Car381009-2026-Pass1-Z1-2MU00693_20260729_041044_000;0.3;4.4;38.0;Leppun;0.97;;;;;
Car381009-2026-Pass1-Z1-2MU00693_20260729_041044_000;0.0;5.0;23.0;Phogri;0.12;Antsp;;;;
Car381009-2026-Pass1-Z1-2MU00693_20260729_041044_000;0.1;5.0;12.0;Tetvir;0.93;;;;;
Car381009-2026-Pass1-Z1-2MU00693_20260729_041052_000;0.0;2.9;40.0;Leppun;0.97;;;;;
Car381009-2026-Pass1-Z1-2MU00693_20260729_041052_000;0.0;3.8;24.0;Phogri;0.05;noise, Plaint, Metbra;;;;
Car381009-2026-Pass1-Z1-2MU00693_20260729_041052_000;0.4;4.1;13.0;Tetvir;0.84;;;;;
Car381009-2026-Pass1-Z1-2MU00693_20260729_041058_000;1.7;5.0;48.0;Leppun;0.96;;;;;
Car381009-2026-Pass1-Z1-2MU00693_20260729_041058_000;0.3;5.0;25.0;Phogri;0.11;;;;;
Car381009-2026-Pass1-Z1-2MU00693_20260729_041058_000;0.0;5.0;13.0;Tetvir;0.81;;;;;
Car381009-2026-Pass1-Z1-2MU00693_20260729_041107_000;0.0;4.5;35.0;Leppun;0.95;;;;;
Car381009-2026-Pass1-Z1-2MU00693_20260729_041107_000;0.0;4.8;24.0;Phogri;0.93;;;;;
Car381009-2026-Pass1-Z1-2MU00693_20260729_041107_000;0.0;4.8;13.0;Tetvir;0.93;;;;;
Car381009-2026-Pass1-Z1-2MU00693_20260729_041151_000;0.0;1.2;38.0;Leppun;0.12;noise;;;;
Car381009-2026-Pass1-Z1-2MU00693_20260729_041151_000;0.9;2.0;20.0;Phanan;0.05;noise;;;;
Car381009-2026-Pass1-Z1-2MU00693_20260729_041151_000;0.0;1.3;24.0;Phogri;0.05;;;;;
Car381009-2026-Pass1-Z1-2MU00693_20260729_041151_000;0.0;2.1;10.0;Tetvir;0.98;;;;;
Car381009-2026-Pass1-Z1-2MU00693_20260729_041154_000;0.5;5.0;37.0;Leppun;0.97;;;;;
Car381009-2026-Pass1-Z1-2MU00693_20260729_041154_000;2.4;5.0;45.0;Myomys;0.67;Myodau;;;;
Car381009-2026-Pass1-Z1-2MU00693_20260729_041154_000;0.0;4.4;24.0;Phogri;0.07;Plaint, noise;;;;
Car381009-2026-Pass1-Z1-2MU00693_20260729_041154_000;0.3;5.0;12.0;Tetvir;0.95;;;;;
Car381009-2026-Pass1-Z1-2MU00693_20260729_041241_000;0.0;3.1;39.0;Leppun;0.95;;;;;
Car381009-2026-Pass1-Z1-2MU00693_20260729_041241_000;0.0;5.0;24.0;Phogri;0.14;noise;;;;
Car381009-2026-Pass1-Z1-2MU00693_20260729_041241_000;0.1;4.2;26.0;Plaint;0.04;noise;;;;
Car381009-2026-Pass1-Z1-2MU00693_20260729_041241_000;0.0;4.9;12.0;Tetvir;0.97;;;;;
Car381009-2026-Pass1-Z1-2MU00693_20260729_041302_000;0.5;3.0;41.0;Leppun;0.94;;;;;
Car381009-2026-Pass1-Z1-2MU00693_20260729_041302_000;0.2;5.0;27.0;Phogri;0.89;;;;;
Car381009-2026-Pass1-Z1-2MU00693_20260729_041302_000;0.0;5.0;12.0;Tetvir;0.93;;;;;
Car381009-2026-Pass1-Z1-2MU00693_20260729_041320_000;0.9;3.9;39.0;Leppun;0.97;;;;;
Car381009-2026-Pass1-Z1-2MU00693_20260729_041320_000;0.4;4.1;24.0;Antsp;0.11;;;;;
Car381009-2026-Pass1-Z1-2MU00693_20260729_041320_000;0.0;5.0;12.0;Tetvir;0.95;;;;;
Car381009-2026-Pass1-Z1-2MU00693_20260729_041347_000;0.0;3.6;40.0;Leppun;0.95;;;;;
Car381009-2026-Pass1-Z1-2MU00693_20260729_041347_000;0.2;4.1;26.0;Plaint;0.42;;;;;
Car381009-2026-Pass1-Z1-2MU00693_20260729_041347_000;0.0;4.2;12.0;Tetvir;0.87;;;;;
Car381009-2026-Pass1-Z1-2MU00693_20260729_041353_000;1.2;4.9;37.0;Leppun;0.65;;;;;
Car381009-2026-Pass1-Z1-2MU00693_20260729_041353_000;1.2;2.6;48.0;Pippip;0.59;;;;;
Car381009-2026-Pass1-Z1-2MU00693_20260729_041353_000;0.0;4.7;24.0;Phogri;0.07;Plaint, noise;;;;
Car381009-2026-Pass1-Z1-2MU00693_20260729_041353_000;0.0;5.0;12.0;Tetvir;0.96;;;;;
Car381009-2026-Pass1-Z1-2MU00693_20260729_041400_000;0.0;3.3;39.0;Leppun;0.9;;;;;
Car381009-2026-Pass1-Z1-2MU00693_20260729_041400_000;0.3;5.0;25.0;Phogri;0.15;;;;;
Car381009-2026-Pass1-Z1-2MU00693_20260729_041400_000;0.0;4.8;12.0;Tetvir;0.96;;;;;
Car381009-2026-Pass1-Z1-2MU00693_20260729_041412_000;0.1;2.5;38.0;Leppun;0.97;;;;;
Car381009-2026-Pass1-Z1-2MU00693_20260729_041412_000;0.2;4.1;23.0;Phogri;0.22;noise;;;;
Car381009-2026-Pass1-Z1-2MU00693_20260729_041412_000;0.3;4.1;24.0;Rhasp;0.03;Plaint, noise;;;;
Car381009-2026-Pass1-Z1-2MU00693_20260729_041412_000;0.0;4.3;13.0;Tetvir;0.86;;;;;
Car381009-2026-Pass1-Z1-2MU00693_20260729_041417_000;0.0;1.4;31.0;Leppun;0.16;;;;;
Car381009-2026-Pass1-Z1-2MU00693_20260729_041417_000;0.7;2.1;24.0;Phogri;0.07;noise;;;;
Car381009-2026-Pass1-Z1-2MU00693_20260729_041417_000;0.2;1.9;12.0;Tetvir;0.45;;;;;
Car381009-2026-Pass1-Z1-2MU00693_20260729_041419_000;0.0;3.7;36.0;Leppun;0.94;;;;;
Car381009-2026-Pass1-Z1-2MU00693_20260729_041419_000;0.2;5.0;23.0;noise;0.18;Tetvir;;;;
Car381009-2026-Pass1-Z1-2MU00693_20260729_041419_000;1.4;4.0;28.0;Phogri;0.88;;;;;
Car381009-2026-Pass1-Z1-2MU00693_20260729_041419_000;3.0;5.0;46.0;Pippip;0.98;;;;;
Car381009-2026-Pass1-Z1-2MU00693_20260729_041419_000;0.0;4.4;24.0;Plaint;0.09;;;;;
Car381009-2026-Pass1-Z1-2MU00693_20260729_041428_000;0.0;2.8;35.0;Leppun;0.97;;;;;
Car381009-2026-Pass1-Z1-2MU00693_20260729_041428_000;0.6;5.0;24.0;Phogri;0.05;noise;;;;
Car381009-2026-Pass1-Z1-2MU00693_20260729_041428_000;0.0;5.0;14.0;Tetvir;0.53;;;;;
Car381009-2026-Pass1-Z1-2MU00693_20260729_041436_000;1.0;4.3;37.0;Leppun;0.97;;;;;
Car381009-2026-Pass1-Z1-2MU00693_20260729_041436_000;0.2;5.0;25.0;Phogri;0.66;;;;;
Car381009-2026-Pass1-Z1-2MU00693_20260729_041436_000;0.0;5.0;13.0;Tetvir;0.85;;;;;
Car381009-2026-Pass1-Z1-2MU00693_20260729_041500_000;0.0;2.0;36.0;Leppun;0.93;;;;;
Car381009-2026-Pass1-Z1-2MU00693_20260729_041500_000;0.4;2.0;27.0;Phogri;0.73;;;;;
Car381009-2026-Pass1-Z1-2MU00693_20260729_041500_000;0.0;1.9;12.0;Tetvir;0.94;;;;;
Car381009-2026-Pass1-Z1-2MU00693_20260729_041504_000;0.6;2.0;21.0;noise;0.09;Phogri;;;;
Car381009-2026-Pass1-Z1-2MU00693_20260729_041504_000;0.1;2.1;20.0;Tetvir;0.61;;;;;
Car381009-2026-Pass1-Z1-2MU00693_20260729_041507_000;0.0;4.9;26.0;Phogri;0.95;;;;;
Car381009-2026-Pass1-Z1-2MU00693_20260729_041507_000;0.3;5.0;12.0;Tetvir;0.9;;;;;
Car381009-2026-Pass1-Z1-2MU00693_20260729_041515_000;0.0;2.0;31.0;Phogri;0.55;;;;;
Car381009-2026-Pass1-Z1-2MU00693_20260729_041515_000;0.0;2.0;12.0;Tetvir;0.8;;;;;
Car381009-2026-Pass1-Z1-2MU00693_20260729_041519_000;3.7;4.8;38.0;Leppun;0.32;;;;;
Car381009-2026-Pass1-Z1-2MU00693_20260729_041519_000;0.9;5.0;25.0;Plaint;0.15;;;;;
Car381009-2026-Pass1-Z1-2MU00693_20260729_041519_000;0.0;4.9;13.0;Tetvir;0.89;;;;;
Car381009-2026-Pass1-Z1-2MU00693_20260729_041529_000;0.0;0.1;34.0;Leppun;0.91;;;;;
Car381009-2026-Pass1-Z1-2MU00693_20260729_041529_000;0.0;3.1;24.0;Phogri;0.75;;;;;
Car381009-2026-Pass1-Z1-2MU00693_20260729_041529_000;0.0;3.0;12.0;Tetvir;0.85;;;;;
Car381009-2026-Pass1-Z1-2MU00693_20260729_041533_000;0.0;3.2;37.0;Leppun;0.86;;;;;
Car381009-2026-Pass1-Z1-2MU00693_20260729_041533_000;0.6;3.3;24.0;Phogri;0.63;;;;;
Car381009-2026-Pass1-Z1-2MU00693_20260729_041533_000;0.0;3.1;49.0;Pippip;0.99;;;;;
Car381009-2026-Pass1-Z1-2MU00693_20260729_041533_000;0.0;3.2;13.0;Tetvir;0.73;;;;;
Car381009-2026-Pass1-Z1-2MU00693_20260729_041539_000;0.6;2.1;18.0;noise;0.12;;;;;
Car381009-2026-Pass1-Z1-2MU00693_20260729_041539_000;0.0;2.1;24.0;Phogri;0.75;;;;;
Car381009-2026-Pass1-Z1-2MU00693_20260729_041539_000;0.0;1.2;50.0;Pippip;0.99;;;;;
Car381009-2026-Pass1-Z1-2MU00693_20260729_041545_000;0.0;1.9;15.0;noise;0.33;Tetvir;;;;
Car381009-2026-Pass1-Z1-2MU00693_20260729_041545_000;0.0;1.9;25.0;Phogri;0.08;Tetvir;;;;
Car381009-2026-Pass1-Z1-2MU00693_20260729_041552_000;0.0;2.1;33.0;noise;0.12;;;;;
Car381009-2026-Pass1-Z1-2MU00693_20260729_041552_000;0.1;2.1;13.0;Tetvir;0.87;;;;;
Car381009-2026-Pass1-Z1-2MU00693_20260729_041555_000;0.0;1.8;58.0;Leppun;0.96;;;;;
Car381009-2026-Pass1-Z1-2MU00693_20260729_041555_000;0.0;1.6;24.0;Phogri;0.87;;;;;
Car381009-2026-Pass1-Z1-2MU00693_20260729_041555_000;0.0;1.9;12.0;Tetvir;0.9;;;;;
Car381009-2026-Pass1-Z1-2MU00693_20260729_041558_000;0.0;3.7;25.0;Phogri;0.84;;;;;
Car381009-2026-Pass1-Z1-2MU00693_20260729_041558_000;0.1;3.9;12.0;Tetvir;0.85;;;;;
Car381009-2026-Pass1-Z1-2MU00693_20260729_041602_000;2.5;5.0;39.0;Leppun;0.33;;;;;
Car381009-2026-Pass1-Z1-2MU00693_20260729_041602_000;0.4;5.0;25.0;Phogri;0.1;Plaint, Rhasp;;;;
Car381009-2026-Pass1-Z1-2MU00693_20260729_041602_000;0.0;5.0;13.0;Tetvir;0.85;;;;;
Car381009-2026-Pass1-Z1-2MU00693_20260729_041610_000;0.2;1.8;27.0;noise;0.15;;;;;
Car381009-2026-Pass1-Z1-2MU00693_20260729_041610_000;0.0;2.0;25.0;Phogri;0.07;;;;;
Car381009-2026-Pass1-Z1-2MU00693_20260729_041610_000;0.0;2.1;10.0;Tetvir;0.97;;;;;
Car381009-2026-Pass1-Z1-2MU00693_20260729_041612_000;0.2;0.3;34.0;Leppun;0.87;;;;;
Car381009-2026-Pass1-Z1-2MU00693_20260729_041612_000;0.0;4.5;24.0;Plaint;0.16;;;;;
Car381009-2026-Pass1-Z1-2MU00693_20260729_041612_000;0.0;5.0;10.0;Tetvir;0.97;;;;;
Car381009-2026-Pass1-Z1-2MU00693_20260729_041620_000;0.0;1.3;28.0;Phogri;0.41;;;;;
Car381009-2026-Pass1-Z1-2MU00693_20260729_041620_000;0.0;1.8;11.0;Tetvir;0.97;;;;;
Car381009-2026-Pass1-Z1-2MU00693_20260729_041626_000;0.0;2.1;26.0;Phogri;0.72;;;;;
Car381009-2026-Pass1-Z1-2MU00693_20260729_041626_000;1.8;2.0;41.0;Pipkuh;0.51;;;;;
Car381009-2026-Pass1-Z1-2MU00693_20260729_041626_000;0.0;2.1;10.0;Tetvir;0.94;;;;;
Car381009-2026-Pass1-Z1-2MU00693_20260729_041630_000;0.1;5.0;40.0;Pipkuh;0.99;;;;;
Car381009-2026-Pass1-Z1-2MU00693_20260729_041630_000;0.0;4.8;25.0;Plaint;0.09;noise;;;;
Car381009-2026-Pass1-Z1-2MU00693_20260729_041630_000;0.0;5.0;10.0;Tetvir;0.97;;;;;
Car381009-2026-Pass1-Z1-2MU00693_20260729_041650_000;0.0;4.8;40.0;Leppun;0.95;;;;;
Car381009-2026-Pass1-Z1-2MU00693_20260729_041650_000;0.3;4.7;25.0;Phogri;0.53;;;;;
Car381009-2026-Pass1-Z1-2MU00693_20260729_041650_000;0.0;5.0;10.0;Tetvir;0.98;;;;;
Car381009-2026-Pass1-Z1-2MU00693_20260729_041656_000;2.9;3.3;35.0;Leppun;0.98;;;;;
Car381009-2026-Pass1-Z1-2MU00693_20260729_041656_000;0.0;4.0;34.0;Phogri;0.11;noise;;;;
Car381009-2026-Pass1-Z1-2MU00693_20260729_041656_000;0.0;4.9;25.0;Plaint;0.26;;;;;
Car381009-2026-Pass1-Z1-2MU00693_20260729_041656_000;0.0;5.0;11.0;Tetvir;0.97;;;;;
Car381009-2026-Pass1-Z1-2MU00693_20260729_041706_000;0.0;1.4;74.0;Leppun;0.97;;;;;
Car381009-2026-Pass1-Z1-2MU00693_20260729_041706_000;0.0;2.1;26.0;Phogri;0.76;;;;;
Car381009-2026-Pass1-Z1-2MU00693_20260729_041706_000;0.1;2.1;10.0;Tetvir;0.97;;;;;
Car381009-2026-Pass1-Z1-2MU00693_20260729_041709_000;0.0;4.6;49.0;noise;0.1;;;;;
Car381009-2026-Pass1-Z1-2MU00693_20260729_041709_000;0.4;4.6;27.0;Plaint;0.17;;;;;
Car381009-2026-Pass1-Z1-2MU00693_20260729_041709_000;0.0;5.0;10.0;Tetvir;0.97;;;;;
Car381009-2026-Pass1-Z1-2MU00693_20260729_041809_000;0.0;4.6;51.0;Leppun;0.93;;;;;
Car381009-2026-Pass1-Z1-2MU00693_20260729_041809_000;0.0;3.7;25.0;Phogri;0.95;;;;;
Car381009-2026-Pass1-Z1-2MU00693_20260729_041809_000;0.1;4.3;39.0;Pipkuh;0.98;;;;;
Car381009-2026-Pass1-Z1-2MU00693_20260729_041809_000;0.0;5.0;10.0;Tetvir;0.95;;;;;
Car381009-2026-Pass1-Z1-2MU00693_20260729_041837_000;4.8;5.0;34.0;Leppun;0.36;;;;;
Car381009-2026-Pass1-Z1-2MU00693_20260729_041837_000;0.0;4.7;26.0;noise;0.14;Phogri;;;;
Car381009-2026-Pass1-Z1-2MU00693_20260729_041837_000;0.0;4.7;30.0;Testes;0.82;;;;;
Car381009-2026-Pass1-Z1-2MU00693_20260729_041837_000;0.0;5.0;10.0;Tetvir;0.97;;;;;
Car381009-2026-Pass1-Z1-2MU00693_20260729_041935_000;0.0;3.8;34.0;Leppun;0.61;;;;;
Car381009-2026-Pass1-Z1-2MU00693_20260729_041935_000;1.6;3.5;27.0;Phogri;0.05;noise, Plaint;;;;
Car381009-2026-Pass1-Z1-2MU00693_20260729_041935_000;0.0;3.8;10.0;Tetvir;0.97;;;;;
Car381009-2026-Pass1-Z1-2MU00693_20260729_041940_000;0.0;0.3;36.0;Leppun;0.1;noise, Phogri;;;;
Car381009-2026-Pass1-Z1-2MU00693_20260729_041940_000;0.1;2.1;54.0;Minsch;0.88;;Minsch;PROBABLE;;
Car381009-2026-Pass1-Z1-2MU00693_20260729_041940_000;0.1;2.1;26.0;Rhasp;0.06;noise, Plaint, Phogri;;;;
Car381009-2026-Pass1-Z1-2MU00693_20260729_041940_000;0.0;2.1;10.0;Tetvir;0.97;;;;;
Car381009-2026-Pass1-Z1-2MU00693_20260729_041943_000;0.0;2.7;52.0;Minsch;0.96;;Minsch;PROBABLE;;
Car381009-2026-Pass1-Z1-2MU00693_20260729_041943_000;0.0;2.0;33.0;Phogri;0.49;;;;;
Car381009-2026-Pass1-Z1-2MU00693_20260729_041943_000;0.1;2.7;10.0;Tetvir;0.97;;;;;
Car381009-2026-Pass1-Z1-2MU00693_20260729_041946_000;0.0;4.7;65.0;Rhasp;0.1;noise;;;;
Car381009-2026-Pass1-Z1-2MU00693_20260729_041946_000;0.0;5.0;26.0;Phogri;0.41;;;;;
Car381009-2026-Pass1-Z1-2MU00693_20260729_041946_000;0.0;5.0;10.0;Tetvir;0.95;;;;;
Car381009-2026-Pass1-Z1-2MU00693_20260729_041955_000;0.0;3.7;27.0;Phogri;0.57;;;;;
Car381009-2026-Pass1-Z1-2MU00693_20260729_041955_000;0.1;3.9;11.0;Tetvir;0.96;;;;;
Car381009-2026-Pass1-Z1-2MU00693_20260729_042001_000;0.0;3.8;27.0;noise;0.21;;;;;
Car381009-2026-Pass1-Z1-2MU00693_20260729_042001_000;0.0;3.6;24.0;Phogri;0.97;;;;;
Car381009-2026-Pass1-Z1-2MU00693_20260729_042001_000;0.1;3.8;10.0;Tetvir;0.97;;;;;
Car381009-2026-Pass1-Z1-2MU00693_20260729_042007_000;0.0;3.6;47.0;noise;0.08;Phogri;;;;
Car381009-2026-Pass1-Z1-2MU00693_20260729_042007_000;0.3;5.0;26.0;Plaint;0.37;;;;;
Car381009-2026-Pass1-Z1-2MU00693_20260729_042007_000;0.0;5.0;10.0;Tetvir;0.97;;;;;
Car381009-2026-Pass1-Z1-2MU00693_20260729_042108_000;0.0;5.0;26.0;Phogri;0.1;noise, Rhasp;;;;
Car381009-2026-Pass1-Z1-2MU00693_20260729_042108_000;0.0;5.0;10.0;Tetvir;0.98;;;;;
Car381009-2026-Pass1-Z1-2MU00693_20260729_042116_000;0.5;2.5;31.0;Leppun;0.5;;;;;
Car381009-2026-Pass1-Z1-2MU00693_20260729_042116_000;0.0;2.5;23.0;Isopyr;0.08;Phogri, noise;;;;
Car381009-2026-Pass1-Z1-2MU00693_20260729_042116_000;0.0;2.6;11.0;Tetvir;0.97;;;;;
Car381009-2026-Pass1-Z1-2MU00693_20260729_042123_000;0.0;4.3;56.0;noise;0.12;Phogri;;;;
Car381009-2026-Pass1-Z1-2MU00693_20260729_042123_000;0.0;4.2;25.0;Phogri;0.11;;;;;
Car381009-2026-Pass1-Z1-2MU00693_20260729_042123_000;0.0;5.0;10.0;Tetvir;0.95;;;;;
Car381009-2026-Pass1-Z1-2MU00693_20260729_042142_000;0.0;4.8;66.0;noise;0.18;;;;;
Car381009-2026-Pass1-Z1-2MU00693_20260729_042142_000;0.2;4.7;25.0;Plaint;0.33;;;;;
Car381009-2026-Pass1-Z1-2MU00693_20260729_042142_000;0.0;4.8;10.0;Tetvir;0.95;;;;;
Car381009-2026-Pass1-Z1-2MU00693_20260729_042225_000;0.9;1.8;34.0;Leppun;0.63;;;;;
Car381009-2026-Pass1-Z1-2MU00693_20260729_042225_000;0.0;5.0;27.0;noise;0.15;Phogri;;;;
Car381009-2026-Pass1-Z1-2MU00693_20260729_042225_000;0.0;5.0;11.0;Tetvir;0.96;;;;;
Car381009-2026-Pass1-Z1-2MU00693_20260729_042236_000;0.0;2.2;75.0;Leppun;0.55;;;;;
Car381009-2026-Pass1-Z1-2MU00693_20260729_042236_000;0.5;4.3;20.0;Phanan;0.25;;;;;
Car381009-2026-Pass1-Z1-2MU00693_20260729_042236_000;0.2;5.0;26.0;Phogri;0.1;noise;;;;
Car381009-2026-Pass1-Z1-2MU00693_20260729_042236_000;0.0;5.0;10.0;Tetvir;0.94;;;;;
Car381009-2026-Pass1-Z1-2MU00693_20260729_042243_000;0.0;4.5;36.0;Leppun;0.93;;;;;
Car381009-2026-Pass1-Z1-2MU00693_20260729_042243_000;0.2;0.3;22.0;Phanan;0.1;noise;;;;
Car381009-2026-Pass1-Z1-2MU00693_20260729_042243_000;0.0;5.0;25.0;Plaint;0.33;;;;;
Car381009-2026-Pass1-Z1-2MU00693_20260729_042243_000;0.0;5.0;10.0;Tetvir;0.97;;;;;
Car381009-2026-Pass1-Z1-2MU00693_20260729_042248_000;0.1;3.9;22.0;Phanan;0.04;noise;;;;
Car381009-2026-Pass1-Z1-2MU00693_20260729_042248_000;0.0;4.9;30.0;Phogri;0.31;;;;;
Car381009-2026-Pass1-Z1-2MU00693_20260729_042248_000;0.0;5.0;10.0;Tetvir;0.94;;;;;
Car381009-2026-Pass1-Z1-2MU00693_20260729_042351_000;1.1;1.2;20.0;noise;0.19;;;;;
Car381009-2026-Pass1-Z1-2MU00693_20260729_042351_000;0.0;2.0;24.0;Phogri;0.37;;;;;
Car381009-2026-Pass1-Z1-2MU00693_20260729_042351_000;0.2;2.1;10.0;Tetvir;0.97;;;;;
Car381009-2026-Pass1-Z1-2MU00693_20260729_042355_000;1.1;3.7;22.0;noise;0.22;;;;;
Car381009-2026-Pass1-Z1-2MU00693_20260729_042355_000;0.0;3.4;61.0;Phogri;0.98;;;;;
Car381009-2026-Pass1-Z1-2MU00693_20260729_042355_000;0.0;5.0;25.0;Plaint;0.07;;;;;
Car381009-2026-Pass1-Z1-2MU00693_20260729_042355_000;0.0;5.0;10.0;Tetvir;0.97;;;;;
Car381009-2026-Pass1-Z1-2MU00693_20260729_042408_000;0.0;4.5;59.0;noise;0.15;;;;;
Car381009-2026-Pass1-Z1-2MU00693_20260729_042408_000;0.0;4.6;25.0;Plaint;0.28;;;;;
Car381009-2026-Pass1-Z1-2MU00693_20260729_042408_000;0.0;5.0;10.0;Tetvir;0.97;;;;;
Car381009-2026-Pass1-Z1-2MU00693_20260729_042419_000;0.0;4.0;25.0;Phogri;0.46;;;;;
Car381009-2026-Pass1-Z1-2MU00693_20260729_042419_000;0.0;4.1;10.0;Tetvir;0.96;;;;;
Car381009-2026-Pass1-Z1-2MU00693_20260729_042423_000;0.0;4.9;45.0;noise;0.13;;;;;
Car381009-2026-Pass1-Z1-2MU00693_20260729_042423_000;0.0;4.9;25.0;Plaint;0.07;Phogri;;;;
Car381009-2026-Pass1-Z1-2MU00693_20260729_042423_000;0.1;4.1;32.0;Testes;0.86;;;;;
Car381009-2026-Pass1-Z1-2MU00693_20260729_042423_000;0.0;5.0;10.0;Tetvir;0.97;;;;;
Car381009-2026-Pass1-Z1-2MU00693_20260729_042439_000;0.0;4.9;26.0;Phogri;0.82;;;;;
Car381009-2026-Pass1-Z1-2MU00693_20260729_042439_000;0.0;4.9;10.0;Tetvir;0.97;;;;;
Car381009-2026-Pass1-Z1-2MU00693_20260729_042445_000;1.5;4.7;29.0;noise;0.2;;;;;
Car381009-2026-Pass1-Z1-2MU00693_20260729_042445_000;0.1;4.9;25.0;Plaint;0.15;Phogri;;;;
Car381009-2026-Pass1-Z1-2MU00693_20260729_042445_000;0.0;5.0;10.0;Tetvir;0.96;;;;;
Car381009-2026-Pass1-Z1-2MU00693_20260729_042458_000;0.0;3.6;28.0;Phogri;0.74;;;;;
Car381009-2026-Pass1-Z1-2MU00693_20260729_042458_000;0.2;3.9;24.0;noise;0.03;Rhasp, Plaint, Plaalb;;;;
Car381009-2026-Pass1-Z1-2MU00693_20260729_042458_000;0.0;3.9;10.0;Tetvir;0.96;;;;;
Car381009-2026-Pass1-Z1-2MU00693_20260729_042503_000;0.0;1.6;27.0;Phogri;0.75;;;;;
Car381009-2026-Pass1-Z1-2MU00693_20260729_042503_000;0.1;2.1;10.0;Tetvir;0.98;;;;;
Car381009-2026-Pass1-Z1-2MU00693_20260729_042506_000;0.6;1.7;27.0;Plaint;0.07;noise;;;;
Car381009-2026-Pass1-Z1-2MU00693_20260729_042506_000;0.0;2.1;11.0;Tetvir;0.95;;;;;
Car381009-2026-Pass1-Z1-2MU00693_20260729_042509_000;1.2;5.0;51.0;Pippip;0.99;;;;;
Car381009-2026-Pass1-Z1-2MU00693_20260729_042509_000;0.4;4.9;26.0;noise;0.05;Rhasp, Phogri, Antsp;;;;
Car381009-2026-Pass1-Z1-2MU00693_20260729_042509_000;1.2;5.0;32.0;Testes;0.76;;;;;
Car381009-2026-Pass1-Z1-2MU00693_20260729_042509_000;0.0;5.0;10.0;Tetvir;0.96;;;;;
Car381009-2026-Pass1-Z1-2MU00693_20260729_042526_000;0.0;2.3;36.0;Leppun;0.37;;;;;
Car381009-2026-Pass1-Z1-2MU00693_20260729_042526_000;0.0;4.5;28.0;Plaint;0.24;;;;;
Car381009-2026-Pass1-Z1-2MU00693_20260729_042526_000;0.0;5.0;10.0;Tetvir;0.97;;;;;
Car381009-2026-Pass1-Z1-2MU00693_20260729_042537_000;0.5;4.3;33.0;Leppun;0.88;;;;;
Car381009-2026-Pass1-Z1-2MU00693_20260729_042537_000;0.0;4.6;26.0;noise;0.29;;;;;
Car381009-2026-Pass1-Z1-2MU00693_20260729_042537_000;0.0;5.0;10.0;Tetvir;0.97;;;;;
Car381009-2026-Pass1-Z1-2MU00693_20260729_042612_000;0.0;4.8;25.0;Plaint;0.09;Phogri;;;;
Car381009-2026-Pass1-Z1-2MU00693_20260729_042612_000;0.0;5.0;10.0;Tetvir;0.98;;;;;
Car381009-2026-Pass1-Z1-2MU00693_20260729_042620_000;0.0;4.8;24.0;Isopyr;0.11;Phogri, noise;;;;
Car381009-2026-Pass1-Z1-2MU00693_20260729_042620_000;0.0;5.0;10.0;Tetvir;0.95;;;;;
Car381009-2026-Pass1-Z1-2MU00693_20260729_042631_000;0.7;2.0;24.0;Phogri;0.09;;;;;
Car381009-2026-Pass1-Z1-2MU00693_20260729_042631_000;0.0;2.1;10.0;Tetvir;0.98;;;;;
Car381009-2026-Pass1-Z1-2MU00693_20260729_042633_000;1.3;3.5;41.0;Pipkuh;0.9;;;;;
Car381009-2026-Pass1-Z1-2MU00693_20260729_042633_000;0.0;3.4;24.0;Phogri;0.08;noise;;;;
Car381009-2026-Pass1-Z1-2MU00693_20260729_042633_000;0.0;3.4;10.0;Tetvir;0.97;;;;;
Car381009-2026-Pass1-Z1-2MU00693_20260729_042637_000;0.1;4.3;45.0;Myomys;0.89;;Myomys;PROBABLE;;
Car381009-2026-Pass1-Z1-2MU00693_20260729_042637_000;0.0;4.9;42.0;noise;0.24;;;;;
Car381009-2026-Pass1-Z1-2MU00693_20260729_042637_000;0.0;5.0;10.0;Tetvir;0.96;;;;;
Car381009-2026-Pass1-Z1-2MU00693_20260729_042647_000;0.0;1.0;36.0;Leppun;0.12;noise;;;;
Car381009-2026-Pass1-Z1-2MU00693_20260729_042647_000;0.0;2.1;24.0;Phogri;0.83;;;;;
Car381009-2026-Pass1-Z1-2MU00693_20260729_042647_000;0.0;2.1;10.0;Tetvir;0.98;;;;;
Car381009-2026-Pass1-Z1-2MU00693_20260729_042649_000;0.5;4.9;57.0;noise;0.1;;;;;
Car381009-2026-Pass1-Z1-2MU00693_20260729_042649_000;0.5;5.0;24.0;Phogri;0.1;;;;;
Car381009-2026-Pass1-Z1-2MU00693_20260729_042649_000;0.0;5.0;10.0;Tetvir;0.98;;;;;
Car381009-2026-Pass1-Z1-2MU00693_20260729_042658_000;0.0;3.3;30.0;noise;0.11;;;;;
Car381009-2026-Pass1-Z1-2MU00693_20260729_042658_000;0.3;4.8;24.0;Phogri;0.15;;;;;
Car381009-2026-Pass1-Z1-2MU00693_20260729_042658_000;0.0;4.8;11.0;Tetvir;0.95;;;;;
Car381009-2026-Pass1-Z1-2MU00693_20260729_042713_000;0.0;1.8;26.0;Phogri;0.69;;;;;
Car381009-2026-Pass1-Z1-2MU00693_20260729_042713_000;0.1;2.1;10.0;Tetvir;0.97;;;;;
Car381009-2026-Pass1-Z1-2MU00693_20260729_042717_000;0.0;1.8;25.0;noise;0.07;Phogri;;;;
Car381009-2026-Pass1-Z1-2MU00693_20260729_042717_000;0.0;1.9;12.0;Tetvir;0.96;;;;;
Car381009-2026-Pass1-Z1-2MU00693_20260729_042736_000;0.3;1.4;23.0;noise;0.06;Phogri;;;;
Car381009-2026-Pass1-Z1-2MU00693_20260729_042736_000;0.0;2.1;10.0;Tetvir;0.97;;;;;
Car381009-2026-Pass1-Z1-2MU00693_20260729_042738_000;0.0;5.0;26.0;noise;0.17;;;;;
Car381009-2026-Pass1-Z1-2MU00693_20260729_042738_000;0.3;5.0;26.0;Phogri;0.13;;;;;
Car381009-2026-Pass1-Z1-2MU00693_20260729_042738_000;0.0;4.6;11.0;Tetvir;0.96;;;;;
Car381009-2026-Pass1-Z1-2MU00693_20260729_042744_000;0.0;3.5;27.0;Phogri;0.95;;;;;
Car381009-2026-Pass1-Z1-2MU00693_20260729_042744_000;0.0;3.5;10.0;Tetvir;0.96;;;;;
Car381009-2026-Pass1-Z1-2MU00693_20260729_042749_000;0.1;2.1;26.0;Phogri;0.62;;;;;
Car381009-2026-Pass1-Z1-2MU00693_20260729_042749_000;0.0;2.0;10.0;Tetvir;0.97;;;;;
Car381009-2026-Pass1-Z1-2MU00693_20260729_042751_000;0.3;5.0;28.0;noise;0.1;;;;;
Car381009-2026-Pass1-Z1-2MU00693_20260729_042751_000;0.4;4.9;25.0;Phogri;0.66;;;;;
Car381009-2026-Pass1-Z1-2MU00693_20260729_042751_000;0.0;5.0;10.0;Tetvir;0.96;;;;;
Car381009-2026-Pass1-Z1-2MU00693_20260729_042804_000;0.4;4.1;37.0;noise;0.08;Antsp;;;;
Car381009-2026-Pass1-Z1-2MU00693_20260729_042804_000;0.3;4.9;26.0;Phogri;0.12;noise;;;;
Car381009-2026-Pass1-Z1-2MU00693_20260729_042804_000;0.0;5.0;10.0;Tetvir;0.96;;;;;
Car381009-2026-Pass1-Z1-2MU00693_20260729_042817_000;0.2;5.0;27.0;noise;0.16;;;;;
Car381009-2026-Pass1-Z1-2MU00693_20260729_042817_000;0.7;4.9;27.0;Phogri;0.28;;;;;
Car381009-2026-Pass1-Z1-2MU00693_20260729_042817_000;0.0;5.0;10.0;Tetvir;0.97;;;;;
Car381009-2026-Pass1-Z1-2MU00693_20260729_042823_000;0.0;2.1;24.0;Phogri;0.86;;;;;
Car381009-2026-Pass1-Z1-2MU00693_20260729_042823_000;0.0;2.0;10.0;Tetvir;0.98;;;;;
Car381009-2026-Pass1-Z1-2MU00693_20260729_042826_000;1.7;4.3;48.0;noise;0.15;;;;;
Car381009-2026-Pass1-Z1-2MU00693_20260729_042826_000;0.4;4.5;24.0;Plaint;0.07;Phogri;;;;
Car381009-2026-Pass1-Z1-2MU00693_20260729_042826_000;0.0;3.1;31.0;Testes;0.26;;;;;
Car381009-2026-Pass1-Z1-2MU00693_20260729_042826_000;0.0;5.0;10.0;Tetvir;0.94;;;;;
Car381009-2026-Pass1-Z1-2MU00693_20260729_042833_000;0.0;4.2;27.0;noise;0.12;;;;;
Car381009-2026-Pass1-Z1-2MU00693_20260729_042833_000;0.0;4.8;30.0;Phogri;0.87;;;;;
Car381009-2026-Pass1-Z1-2MU00693_20260729_042833_000;0.0;5.0;10.0;Tetvir;0.93;;;;;
Car381009-2026-Pass1-Z1-2MU00693_20260729_042842_000;0.0;4.4;32.0;Leppun;0.22;;;;;
Car381009-2026-Pass1-Z1-2MU00693_20260729_042842_000;0.3;4.9;28.0;noise;0.14;;;;;
Car381009-2026-Pass1-Z1-2MU00693_20260729_042842_000;0.2;4.9;25.0;Rhasp;0.04;Phogri, Plaint, Plaalb, Phanan;;;;
Car381009-2026-Pass1-Z1-2MU00693_20260729_042842_000;0.0;5.0;10.0;Tetvir;0.97;;;;;
Car381009-2026-Pass1-Z1-2MU00693_20260729_042848_000;0.0;1.6;29.0;Phogri;0.93;;;;;
Car381009-2026-Pass1-Z1-2MU00693_20260729_042848_000;0.1;1.8;11.0;Tetvir;0.95;;;;;
Car381009-2026-Pass1-Z1-2MU00693_20260729_042851_000;4.7;4.9;89.0;noise;0.44;;;;;
Car381009-2026-Pass1-Z1-2MU00693_20260729_042851_000;0.0;5.0;28.0;Phogri;0.91;;;;;
Car381009-2026-Pass1-Z1-2MU00693_20260729_042851_000;0.0;5.0;10.0;Tetvir;0.94;;;;;
Car381009-2026-Pass1-Z1-2MU00693_20260729_042903_000;0.9;1.4;29.0;noise;0.15;;;;;
Car381009-2026-Pass1-Z1-2MU00693_20260729_042903_000;0.0;3.9;27.0;Phogri;0.9;;;;;
Car381009-2026-Pass1-Z1-2MU00693_20260729_042903_000;0.0;3.8;10.0;Tetvir;0.95;;;;;
Car381009-2026-Pass1-Z1-2MU00693_20260729_042912_000;0.2;1.8;26.0;Plaint;0.16;;;;;
Car381009-2026-Pass1-Z1-2MU00693_20260729_042912_000;0.0;2.0;10.0;Tetvir;0.97;;;;;
Car381009-2026-Pass1-Z1-2MU00693_20260729_042919_000;0.0;1.8;26.0;Phogri;0.82;;;;;
Car381009-2026-Pass1-Z1-2MU00693_20260729_042919_000;0.0;2.1;10.0;Tetvir;0.98;;;;;
Car381009-2026-Pass1-Z1-2MU00693_20260729_042922_000;0.4;1.1;26.0;noise;0.14;;;;;
Car381009-2026-Pass1-Z1-2MU00693_20260729_042922_000;0.8;1.3;26.0;Phogri;0.05;Nyclei;;;;
Car381009-2026-Pass1-Z1-2MU00693_20260729_042922_000;0.0;2.1;10.0;Tetvir;0.98;;;;;
Car381009-2026-Pass1-Z1-2MU00693_20260729_042924_000;0.0;1.8;28.0;Phogri;0.89;;;;;
Car381009-2026-Pass1-Z1-2MU00693_20260729_042924_000;0.0;2.0;10.0;Tetvir;0.9;;;;;
Car381009-2026-Pass1-Z1-2MU00693_20260729_042927_000;0.0;5.0;37.0;Leppun;0.96;;;;;
Car381009-2026-Pass1-Z1-2MU00693_20260729_042927_000;0.1;2.5;49.0;Pippip;0.99;;;;;
Car381009-2026-Pass1-Z1-2MU00693_20260729_042927_000;0.1;5.0;25.0;Phogri;0.41;;;;;
Car381009-2026-Pass1-Z1-2MU00693_20260729_042927_000;2.0;5.0;27.0;Testes;0.09;noise;;;;
Car381009-2026-Pass1-Z1-2MU00693_20260729_042927_000;0.0;5.0;10.0;Tetvir;0.97;;;;;
Car381009-2026-Pass1-Z1-2MU00693_20260729_042935_000;2.3;2.4;185.0;noise;0.36;;;;;
Car381009-2026-Pass1-Z1-2MU00693_20260729_042935_000;0.5;4.9;25.0;Phogri;0.94;;;;;
Car381009-2026-Pass1-Z1-2MU00693_20260729_042935_000;0.0;5.0;63.0;Pippip;0.99;;;;;
Car381009-2026-Pass1-Z1-2MU00693_20260729_042935_000;0.0;5.0;10.0;Tetvir;0.96;;;;;
Car381009-2026-Pass1-Z1-2MU00693_20260729_042955_000;0.0;2.0;28.0;Leppun;0.96;;;;;
Car381009-2026-Pass1-Z1-2MU00693_20260729_042955_000;0.3;2.1;24.0;Phogri;0.77;;;;;
Car381009-2026-Pass1-Z1-2MU00693_20260729_042955_000;0.0;2.0;10.0;Tetvir;0.92;;;;;
Car381009-2026-Pass1-Z1-2MU00693_20260729_042957_000;0.0;4.0;40.0;Leppun;0.65;;;;;
Car381009-2026-Pass1-Z1-2MU00693_20260729_042957_000;3.8;4.0;49.0;Phogri;0.85;;;;;
Car381009-2026-Pass1-Z1-2MU00693_20260729_042957_000;0.0;5.0;25.0;Plaint;0.06;noise;;;;
Car381009-2026-Pass1-Z1-2MU00693_20260729_042957_000;0.0;5.0;10.0;Tetvir;0.98;;;;;
Car381009-2026-Pass1-Z1-2MU00693_20260729_043005_000;0.0;2.0;26.0;noise;0.16;;;;;
Car381009-2026-Pass1-Z1-2MU00693_20260729_043005_000;0.2;1.9;25.0;Sepsep;0.35;;;;;
Car381009-2026-Pass1-Z1-2MU00693_20260729_043005_000;0.0;2.1;10.0;Tetvir;0.95;;;;;
Car381009-2026-Pass1-Z1-2MU00693_20260729_043008_000;0.0;1.5;28.0;Phogri;0.75;;;;;
Car381009-2026-Pass1-Z1-2MU00693_20260729_043008_000;0.7;2.1;23.0;Plaint;0.03;noise, Rhasp;;;;
Car381009-2026-Pass1-Z1-2MU00693_20260729_043008_000;0.1;2.0;10.0;Tetvir;0.98;;;;;
Car381009-2026-Pass1-Z1-2MU00693_20260729_043011_000;0.4;1.8;25.0;Plaint;0.04;Phogri, noise, Metbra;;;;
Car381009-2026-Pass1-Z1-2MU00693_20260729_043011_000;0.0;1.9;10.0;Tetvir;0.96;;;;;
Car381009-2026-Pass1-Z1-2MU00693_20260729_043016_000;0.0;2.2;24.0;Phogri;0.09;;;;;
Car381009-2026-Pass1-Z1-2MU00693_20260729_043016_000;0.0;3.0;10.0;Tetvir;0.97;;;;;
Car381009-2026-Pass1-Z1-2MU00693_20260729_043019_000;0.0;4.7;26.0;Phogri;0.93;;;;;
Car381009-2026-Pass1-Z1-2MU00693_20260729_043019_000;0.1;5.0;10.0;Tetvir;0.97;;;;;
Car381009-2026-Pass1-Z1-2MU00693_20260729_043027_000;0.0;0.6;44.0;noise;0.11;;;;;
Car381009-2026-Pass1-Z1-2MU00693_20260729_043027_000;0.4;2.0;27.0;Phogri;0.05;Plaint;;;;
Car381009-2026-Pass1-Z1-2MU00693_20260729_043027_000;0.0;2.1;10.0;Tetvir;0.97;;;;;
Car381009-2026-Pass1-Z1-2MU00693_20260729_043029_000;0.6;2.0;21.0;noise;0.04;Phogri, Isopyr, Cyrscu, Phanan;;;;
Car381009-2026-Pass1-Z1-2MU00693_20260729_043029_000;0.0;2.1;10.0;Tetvir;0.96;;;;;
Car381009-2026-Pass1-Z1-2MU00693_20260729_043031_000;0.1;3.7;25.0;Isopyr;0.07;noise, Phogri;;;;
Car381009-2026-Pass1-Z1-2MU00693_20260729_043031_000;0.0;4.0;10.0;Tetvir;0.97;;;;;
Car381009-2026-Pass1-Z1-2MU00693_20260729_043039_000;0.0;4.9;53.0;Pippip;0.99;;;;;
Car381009-2026-Pass1-Z1-2MU00693_20260729_043039_000;0.2;4.7;24.0;Plaint;0.21;;;;;
Car381009-2026-Pass1-Z1-2MU00693_20260729_043039_000;0.0;5.0;10.0;Tetvir;0.97;;;;;
Car381009-2026-Pass1-Z1-2MU00693_20260729_043111_000;0.0;4.9;31.0;Leppun;0.97;;;;;
Car381009-2026-Pass1-Z1-2MU00693_20260729_043111_000;0.0;5.0;27.0;Phogri;0.65;;;;;
Car381009-2026-Pass1-Z1-2MU00693_20260729_043111_000;0.0;5.0;10.0;Tetvir;0.98;;;;;
Car381009-2026-Pass1-Z1-2MU00693_20260729_043138_000;1.1;4.7;58.0;noise;0.16;;;;;
Car381009-2026-Pass1-Z1-2MU00693_20260729_043138_000;0.1;4.7;26.0;Phogri;0.07;Rhasp;;;;
Car381009-2026-Pass1-Z1-2MU00693_20260729_043138_000;0.0;5.0;10.0;Tetvir;0.97;;;;;
Car381009-2026-Pass1-Z1-2MU00693_20260729_043159_000;0.0;4.8;47.0;Leppun;0.35;;;;;
Car381009-2026-Pass1-Z1-2MU00693_20260729_043159_000;0.1;5.0;49.0;Pippip;0.99;;;;;
Car381009-2026-Pass1-Z1-2MU00693_20260729_043159_000;0.1;5.0;25.0;Plaint;0.3;;;;;
Car381009-2026-Pass1-Z1-2MU00693_20260729_043159_000;0.0;5.0;10.0;Tetvir;0.95;;;;;
Car381009-2026-Pass1-Z1-2MU00693_20260729_043248_000;0.0;4.7;35.0;Leppun;0.88;;;;;
Car381009-2026-Pass1-Z1-2MU00693_20260729_043248_000;0.0;5.0;26.0;Phogri;0.18;;;;;
Car381009-2026-Pass1-Z1-2MU00693_20260729_043248_000;0.0;5.0;10.0;Tetvir;0.96;;;;;
Car381009-2026-Pass1-Z1-2MU00693_20260729_043312_000;0.1;0.2;33.0;Hypsav;0.17;;;;;
Car381009-2026-Pass1-Z1-2MU00693_20260729_043312_000;0.5;4.8;24.0;noise;0.15;;;;;
Car381009-2026-Pass1-Z1-2MU00693_20260729_043312_000;0.0;4.9;26.0;Phogri;0.91;;;;;
Car381009-2026-Pass1-Z1-2MU00693_20260729_043312_000;0.0;5.0;10.0;Tetvir;0.97;;;;;
Car381009-2026-Pass1-Z1-2MU00693_20260729_043318_000;0.0;0.1;34.0;Leppun;0.98;;;;;
Car381009-2026-Pass1-Z1-2MU00693_20260729_043318_000;0.4;1.8;26.0;Plaint;0.05;Phogri, noise;;;;
Car381009-2026-Pass1-Z1-2MU00693_20260729_043318_000;0.0;2.1;10.0;Tetvir;0.96;;;;;
Car381009-2026-Pass1-Z1-2MU00693_20260729_043321_000;0.0;1.6;46.0;Leppun;0.95;;;;;
Car381009-2026-Pass1-Z1-2MU00693_20260729_043321_000;0.4;3.3;26.0;Phogri;0.1;;;;;
Car381009-2026-Pass1-Z1-2MU00693_20260729_043321_000;0.0;3.3;10.0;Tetvir;0.98;;;;;
Car381009-2026-Pass1-Z1-2MU00693_20260729_043324_000;0.0;5.0;56.0;Leppun;0.58;;;;;
Car381009-2026-Pass1-Z1-2MU00693_20260729_043324_000;0.0;4.7;24.0;noise;0.09;Phogri;;;;
Car381009-2026-Pass1-Z1-2MU00693_20260729_043324_000;0.0;5.0;10.0;Tetvir;0.97;;;;;
Car381009-2026-Pass1-Z1-2MU00693_20260729_043332_000;0.2;4.8;23.0;Plaint;0.06;Phogri, noise, Eupsp;;;;
Car381009-2026-Pass1-Z1-2MU00693_20260729_043332_000;1.5;4.9;39.0;Pleaur;0.55;;Pleaur;PROBABLE;;
Car381009-2026-Pass1-Z1-2MU00693_20260729_043332_000;0.0;4.7;10.0;Tetvir;0.96;;;;;
Car381009-2026-Pass1-Z1-2MU00693_20260729_043345_000;0.0;3.6;24.0;Phogri;0.29;;;;;
Car381009-2026-Pass1-Z1-2MU00693_20260729_043345_000;1.9;3.6;11.0;Tetvir;0.6;;;;;
Car381009-2026-Pass1-Z1-2MU00693_20260729_043349_000;0.0;2.1;24.0;noise;0.13;;;;;
Car381009-2026-Pass1-Z1-2MU00693_20260729_043349_000;0.0;1.6;27.0;Phogri;0.44;;;;;
Car381009-2026-Pass1-Z1-2MU00693_20260729_043353_000;0.0;4.0;49.0;Leppun;0.96;;;;;
Car381009-2026-Pass1-Z1-2MU00693_20260729_043353_000;0.0;4.5;26.0;noise;0.11;Phogri;;;;
Car381009-2026-Pass1-Z1-2MU00693_20260729_043353_000;1.9;4.9;36.0;Pipkuh;0.11;Pipnat;;;;
Car381009-2026-Pass1-Z1-2MU00693_20260729_043353_000;0.0;4.9;25.0;Plaint;0.46;;;;;
Car381009-2026-Pass1-Z1-2MU00693_20260729_043402_000;1.3;4.1;30.0;noise;0.11;;;;;
Car381009-2026-Pass1-Z1-2MU00693_20260729_043402_000;0.0;4.1;26.0;Phogri;0.74;;;;;
Car381009-2026-Pass1-Z1-2MU00693_20260729_043407_000;0.0;0.6;28.0;noise;0.08;;;;;
Car381009-2026-Pass1-Z1-2MU00693_20260729_043407_000;0.1;2.1;25.0;Nyclei;0.59;;;;;
Car381009-2026-Pass1-Z1-2MU00693_20260729_043407_000;0.0;2.1;25.0;Phogri;0.26;;;;;
Car381009-2026-Pass1-Z1-2MU00693_20260729_043411_000;0.0;2.1;24.0;noise;0.17;;;;;
Car381009-2026-Pass1-Z1-2MU00693_20260729_043411_000;0.0;1.9;26.0;Phogri;0.29;;;;;
Car381009-2026-Pass1-Z1-2MU00693_20260729_043413_000;0.7;0.9;21.0;noise;0.08;;;;;
Car381009-2026-Pass1-Z1-2MU00693_20260729_043413_000;0.0;2.0;25.0;Phogri;0.67;;;;;
Car381009-2026-Pass1-Z1-2MU00693_20260729_043415_000;0.0;5.0;26.0;noise;0.25;;;;;
Car381009-2026-Pass1-Z1-2MU00693_20260729_043415_000;0.0;5.0;27.0;Phogri;0.08;Antsp;;;;
Car381009-2026-Pass1-Z1-2MU00693_20260729_043426_000;0.0;1.4;25.0;noise;0.06;Phogri;;;;
Car381009-2026-Pass1-Z1-2MU00693_20260729_043426_000;0.0;2.0;23.0;Plaint;0.12;;;;;
Car381009-2026-Pass1-Z1-2MU00693_20260729_043428_000;0.0;2.1;24.0;Phogri;0.37;;;;;
Car381009-2026-Pass1-Z1-2MU00693_20260729_043430_000;0.7;4.9;35.0;Leppun;0.98;;;;;
Car381009-2026-Pass1-Z1-2MU00693_20260729_043430_000;0.0;5.0;26.0;Phogri;0.98;;;;;
Car381009-2026-Pass1-Z1-2MU00693_20260729_043430_000;0.5;4.7;25.0;noise;0.05;;;;;
Car381009-2026-Pass1-Z1-2MU00693_20260729_043439_000;0.4;4.9;37.0;Leppun;0.63;;;;;
Car381009-2026-Pass1-Z1-2MU00693_20260729_043439_000;0.3;4.3;30.0;noise;0.13;;;;;
Car381009-2026-Pass1-Z1-2MU00693_20260729_043439_000;0.0;2.0;27.0;Plaint;0.06;Phogri;;;;
Car381009-2026-Pass1-Z1-2MU00693_20260729_043439_000;0.0;5.0;17.0;Tetvir;0.96;;;;;
Car381009-2026-Pass1-Z1-2MU00693_20260729_043508_000;0.0;4.7;27.0;Phogri;0.72;;;;;
Car381009-2026-Pass1-Z1-2MU00693_20260729_043508_000;0.1;4.9;51.0;Pippip;0.98;;;;;
Car381009-2026-Pass1-Z1-2MU00693_20260729_043508_000;0.1;4.7;10.0;Tetvir;0.95;;;;;
Car381009-2026-Pass1-Z1-2MU00693_20260729_043529_000;0.0;1.3;50.0;Pippip;0.99;;;;;
Car381009-2026-Pass1-Z1-2MU00693_20260729_043529_000;0.9;1.3;26.0;Plaint;0.17;;;;;
Car381009-2026-Pass1-Z1-2MU00693_20260729_043529_000;0.1;2.0;14.0;Tetvir;0.96;;;;;
Car381009-2026-Pass1-Z1-2MU00693_20260729_043531_000;0.0;4.0;34.0;Leppun;0.77;;;;;
Car381009-2026-Pass1-Z1-2MU00693_20260729_043531_000;0.4;4.8;27.0;Antsp;0.14;Phogri;;;;
Car381009-2026-Pass1-Z1-2MU00693_20260729_043531_000;0.0;4.9;11.0;Tetvir;0.94;;;;;
Car381009-2026-Pass1-Z1-2MU00693_20260729_043540_000;0.0;4.5;33.0;Hypsav;0.98;;Hypsav;SUR;;
Car381009-2026-Pass1-Z1-2MU00693_20260729_043540_000;0.1;5.0;26.0;Phogri;0.07;noise;;;;
Car381009-2026-Pass1-Z1-2MU00693_20260729_043540_000;0.2;5.0;12.0;Tetvir;0.95;;;;;
Car381009-2026-Pass1-Z1-2MU00693_20260729_043601_000;0.0;5.0;25.0;Phogri;0.08;noise;;;;
Car381009-2026-Pass1-Z1-2MU00693_20260729_043601_000;0.0;4.9;21.0;Tetvir;0.94;;;;;
Car381009-2026-Pass1-Z1-2MU00693_20260729_043608_000;0.0;4.7;28.0;Phogri;0.07;Plaint, noise;;;;
Car381009-2026-Pass1-Z1-2MU00693_20260729_043608_000;0.0;4.7;21.0;Tetvir;0.95;;;;;
Car381009-2026-Pass1-Z1-2MU00693_20260729_043616_000;1.3;1.5;38.0;Leppun;0.96;;;;;
Car381009-2026-Pass1-Z1-2MU00693_20260729_043616_000;0.0;4.6;27.0;Phogri;0.62;;;;;
Car381009-2026-Pass1-Z1-2MU00693_20260729_043616_000;0.0;5.0;12.0;Tetvir;0.97;;;;;
Car381009-2026-Pass1-Z1-2MU00693_20260729_043626_000;0.0;3.6;50.0;Leppun;0.75;;;;;
Car381009-2026-Pass1-Z1-2MU00693_20260729_043626_000;0.1;5.0;26.0;Phogri;0.14;noise;;;;
Car381009-2026-Pass1-Z1-2MU00693_20260729_043626_000;0.1;4.2;25.0;Nyclei;0.03;noise, Rhasp, Plaint, Eptser, Cyrscu;;;;
Car381009-2026-Pass1-Z1-2MU00693_20260729_043626_000;0.0;5.0;14.0;Tetvir;0.96;;;;;
Car381009-2026-Pass1-Z1-2MU00693_20260729_043642_000;0.0;5.0;26.0;Phogri;0.63;;;;;
Car381009-2026-Pass1-Z1-2MU00693_20260729_043642_000;0.0;5.0;12.0;Tetvir;0.96;;;;;
Car381009-2026-Pass1-Z1-2MU00693_20260729_043658_000;1.8;4.6;38.0;Leppun;0.89;;;;;
Car381009-2026-Pass1-Z1-2MU00693_20260729_043658_000;0.0;5.0;26.0;Phogri;0.1;noise, Antsp;;;;
Car381009-2026-Pass1-Z1-2MU00693_20260729_043658_000;0.3;4.9;23.0;Tetvir;0.92;;;;;
Car381009-2026-Pass1-Z1-2MU00693_20260729_043705_000;0.0;4.9;26.0;Phogri;0.07;noise, Plaint;;;;
Car381009-2026-Pass1-Z1-2MU00693_20260729_043705_000;0.0;4.9;20.0;Tetvir;0.93;;;;;
Car381009-2026-Pass1-Z1-2MU00693_20260729_043715_000;0.0;4.1;40.0;Leppun;0.98;;;;;
Car381009-2026-Pass1-Z1-2MU00693_20260729_043715_000;0.3;4.6;27.0;Phogri;0.31;;;;;
Car381009-2026-Pass1-Z1-2MU00693_20260729_043715_000;0.0;5.0;11.0;Tetvir;0.96;;;;;
Car381009-2026-Pass1-Z1-2MU00693_20260729_043720_000;0.0;2.7;38.0;Leppun;0.96;;;;;
Car381009-2026-Pass1-Z1-2MU00693_20260729_043720_000;0.6;3.5;15.0;Phogri;0.04;noise, Phanan, Eptser, Nyclei;;;;
Car381009-2026-Pass1-Z1-2MU00693_20260729_043720_000;0.7;5.0;27.0;Plaint;0.13;;;;;
Car381009-2026-Pass1-Z1-2MU00693_20260729_043720_000;0.0;5.0;20.0;Tetvir;0.94;;;;;
Car381009-2026-Pass1-Z1-2MU00693_20260729_043729_000;0.0;1.6;31.0;Leppun;0.98;;;;;
Car381009-2026-Pass1-Z1-2MU00693_20260729_043729_000;0.2;2.6;25.0;Phogri;0.05;noise;;;;
Car381009-2026-Pass1-Z1-2MU00693_20260729_043729_000;0.2;2.8;11.0;Tetvir;0.95;;;;;
Car381009-2026-Pass1-Z1-2MU00693_20260729_043732_000;0.0;4.9;28.0;Phogri;0.06;Plaint, noise;;;;
Car381009-2026-Pass1-Z1-2MU00693_20260729_043732_000;0.0;4.7;21.0;Tetvir;0.95;;;;;
Car381009-2026-Pass1-Z1-2MU00693_20260729_043737_000;0.0;1.8;25.0;Phogri;0.86;;;;;
Car381009-2026-Pass1-Z1-2MU00693_20260729_043737_000;0.1;1.8;11.0;Tetvir;0.97;;;;;
Car381009-2026-Pass1-Z1-2MU00693_20260729_043739_000;0.0;3.4;40.0;noise;0.12;;;;;
Car381009-2026-Pass1-Z1-2MU00693_20260729_043739_000;0.0;3.6;26.0;Phogri;0.14;;;;;
Car381009-2026-Pass1-Z1-2MU00693_20260729_043739_000;0.2;3.6;11.0;Tetvir;0.93;;;;;
Car381009-2026-Pass1-Z1-2MU00693_20260729_043744_000;3.8;3.9;32.0;Leppun;0.25;;;;;
Car381009-2026-Pass1-Z1-2MU00693_20260729_043744_000;0.0;4.9;26.0;noise;0.15;;;;;
Car381009-2026-Pass1-Z1-2MU00693_20260729_043744_000;0.4;3.1;26.0;Phogri;0.91;;;;;
Car381009-2026-Pass1-Z1-2MU00693_20260729_043744_000;0.0;5.0;11.0;Tetvir;0.97;;;;;
Car381009-2026-Pass1-Z1-2MU00693_20260729_043758_000;0.0;2.1;28.0;Phogri;0.64;;;;;
Car381009-2026-Pass1-Z1-2MU00693_20260729_043758_000;0.1;2.1;11.0;Tetvir;0.96;;;;;
Car381009-2026-Pass1-Z1-2MU00693_20260729_043802_000;0.0;3.7;26.0;Phogri;0.85;;;;;
Car381009-2026-Pass1-Z1-2MU00693_20260729_043802_000;0.1;3.6;12.0;Tetvir;0.95;;;;;
Car381009-2026-Pass1-Z1-2MU00693_20260729_043806_000;0.0;2.0;42.0;Leppun;0.29;;;;;
Car381009-2026-Pass1-Z1-2MU00693_20260729_043806_000;0.4;2.0;23.0;Phogri;0.17;noise;;;;
Car381009-2026-Pass1-Z1-2MU00693_20260729_043806_000;0.4;2.0;22.0;Tetvir;0.88;;;;;
Car381009-2026-Pass1-Z1-2MU00693_20260729_043808_000;0.1;3.1;39.0;Leppun;0.53;;;;;
Car381009-2026-Pass1-Z1-2MU00693_20260729_043808_000;0.1;4.8;26.0;Phogri;0.35;;;;;
Car381009-2026-Pass1-Z1-2MU00693_20260729_043808_000;0.1;5.0;23.0;Tetvir;0.94;;;;;
Car381009-2026-Pass1-Z1-2MU00693_20260729_043815_000;0.0;4.0;26.0;Phogri;0.76;;;;;
Car381009-2026-Pass1-Z1-2MU00693_20260729_043815_000;0.0;4.0;10.0;Tetvir;0.97;;;;;
Car381009-2026-Pass1-Z1-2MU00693_20260729_043819_000;0.4;4.8;27.0;noise;0.18;;;;;
Car381009-2026-Pass1-Z1-2MU00693_20260729_043819_000;0.0;5.0;11.0;Tetvir;0.97;;;;;
Car381009-2026-Pass1-Z1-2MU00693_20260729_043825_000;0.1;5.0;40.0;Pipkuh;0.98;;;;;
Car381009-2026-Pass1-Z1-2MU00693_20260729_043825_000;0.0;4.6;27.0;Phogri;0.07;Plaint;;;;
Car381009-2026-Pass1-Z1-2MU00693_20260729_043825_000;0.0;4.6;19.0;Tetvir;0.94;;;;;
Car381009-2026-Pass1-Z1-2MU00693_20260729_043843_000;0.0;3.8;39.0;Leppun;0.8;;;;;
Car381009-2026-Pass1-Z1-2MU00693_20260729_043843_000;0.4;4.9;26.0;noise;0.17;;;;;
Car381009-2026-Pass1-Z1-2MU00693_20260729_043843_000;0.7;4.2;45.0;Phogri;0.94;;;;;
Car381009-2026-Pass1-Z1-2MU00693_20260729_043843_000;0.0;5.0;12.0;Tetvir;0.97;;;;;
Car381009-2026-Pass1-Z1-2MU00693_20260729_043916_000;0.0;1.9;27.0;Phogri;0.93;;;;;
Car381009-2026-Pass1-Z1-2MU00693_20260729_043916_000;0.1;2.1;11.0;Tetvir;0.81;;;;;
Car381009-2026-Pass1-Z1-2MU00693_20260729_043920_000;0.2;1.4;40.0;Leppun;0.98;;;;;
Car381009-2026-Pass1-Z1-2MU00693_20260729_043920_000;0.0;3.6;26.0;Phogri;0.7;;;;;
Car381009-2026-Pass1-Z1-2MU00693_20260729_043920_000;0.0;3.9;11.0;Tetvir;0.96;;;;;
Car381009-2026-Pass1-Z1-2MU00693_20260729_043924_000;0.0;2.1;27.0;Phogri;0.79;;;;;
Car381009-2026-Pass1-Z1-2MU00693_20260729_043924_000;0.1;2.1;20.0;Tetvir;0.66;;;;;
Car381009-2026-Pass1-Z1-2MU00693_20260729_043926_000;0.0;1.8;28.0;noise;0.14;;;;;
Car381009-2026-Pass1-Z1-2MU00693_20260729_043926_000;0.2;1.8;27.0;Phogri;0.04;Plaint, Metbra;;;;
Car381009-2026-Pass1-Z1-2MU00693_20260729_043926_000;0.0;2.0;10.0;Tetvir;0.94;;;;;
Car381009-2026-Pass1-Z1-2MU00693_20260729_043928_000;0.4;4.6;30.0;Phogri;0.81;;;;;
Car381009-2026-Pass1-Z1-2MU00693_20260729_043928_000;0.0;4.7;11.0;Tetvir;0.97;;;;;
Car381009-2026-Pass1-Z1-2MU00693_20260729_043934_000;0.0;5.0;27.0;Phogri;0.95;;;;;
Car381009-2026-Pass1-Z1-2MU00693_20260729_043934_000;0.1;5.0;10.0;Tetvir;0.98;;;;;
Car381009-2026-Pass1-Z1-2MU00693_20260729_043945_000;0.0;3.9;27.0;Phogri;0.41;;;;;
Car381009-2026-Pass1-Z1-2MU00693_20260729_043945_000;0.1;3.9;11.0;Tetvir;0.96;;;;;
Car381009-2026-Pass1-Z1-2MU00693_20260729_043949_000;0.0;1.9;26.0;Phogri;0.67;;;;;
Car381009-2026-Pass1-Z1-2MU00693_20260729_043949_000;0.1;2.0;11.0;Tetvir;0.94;;;;;
Car381009-2026-Pass1-Z1-2MU00693_20260729_044004_000;0.0;2.0;25.0;Phogri;0.82;;;;;
Car381009-2026-Pass1-Z1-2MU00693_20260729_044004_000;0.0;2.1;10.0;Tetvir;0.97;;;;;
Car381009-2026-Pass1-Z1-2MU00693_20260729_044007_000;1.8;2.0;35.0;Leppun;0.26;;;;;
Car381009-2026-Pass1-Z1-2MU00693_20260729_044007_000;0.0;3.9;26.0;Phogri;0.08;noise, Rhasp;;;;
Car381009-2026-Pass1-Z1-2MU00693_20260729_044007_000;0.1;3.9;12.0;Tetvir;0.93;;;;;
Car381009-2026-Pass1-Z1-2MU00693_20260729_044012_000;0.0;5.0;27.0;Phogri;0.95;;;;;
Car381009-2026-Pass1-Z1-2MU00693_20260729_044012_000;0.0;5.0;10.0;Tetvir;0.95;;;;;
Car381009-2026-Pass1-Z1-2MU00693_20260729_044023_000;0.0;1.7;39.0;Leppun;0.85;;;;;
Car381009-2026-Pass1-Z1-2MU00693_20260729_044023_000;0.0;2.1;24.0;Phogri;0.74;;;;;
Car381009-2026-Pass1-Z1-2MU00693_20260729_044023_000;0.4;1.4;10.0;Tetvir;0.93;;;;;
Car381009-2026-Pass1-Z1-2MU00693_20260729_044026_000;0.0;3.7;24.0;Phogri;0.77;;;;;
Car381009-2026-Pass1-Z1-2MU00693_20260729_044026_000;0.2;3.8;10.0;Tetvir;0.93;;;;;
Car381009-2026-Pass1-Z1-2MU00693_20260729_044030_000;0.0;2.4;29.0;Leppun;0.87;;;;;
Car381009-2026-Pass1-Z1-2MU00693_20260729_044030_000;0.0;2.8;25.0;Phogri;0.8;;;;;
Car381009-2026-Pass1-Z1-2MU00693_20260729_044030_000;0.0;2.8;10.0;Tetvir;0.94;;;;;
Car381009-2026-Pass1-Z1-2MU00693_20260729_044035_000;0.0;2.1;27.0;Phogri;0.95;;;;;
Car381009-2026-Pass1-Z1-2MU00693_20260729_044035_000;0.0;2.1;53.0;Pippip;0.99;;;;;
Car381009-2026-Pass1-Z1-2MU00693_20260729_044035_000;0.0;1.9;10.0;Tetvir;0.96;;;;;
Car381009-2026-Pass1-Z1-2MU00693_20260729_044038_000;1.4;4.2;34.0;Leppun;0.38;;;;;
Car381009-2026-Pass1-Z1-2MU00693_20260729_044038_000;0.0;5.0;58.0;Pippip;0.99;;;;;
Car381009-2026-Pass1-Z1-2MU00693_20260729_044038_000;0.2;5.0;24.0;Phogri;0.09;Plaint;;;;
Car381009-2026-Pass1-Z1-2MU00693_20260729_044038_000;0.2;4.8;12.0;Tetvir;0.96;;;;;
Car381009-2026-Pass1-Z1-2MU00693_20260729_044046_000;0.4;4.4;41.0;Leppun;0.92;;;;;
Car381009-2026-Pass1-Z1-2MU00693_20260729_044046_000;0.3;4.9;26.0;noise;0.16;;;;;
Car381009-2026-Pass1-Z1-2MU00693_20260729_044046_000;0.9;5.0;30.0;Phogri;0.89;;;;;
Car381009-2026-Pass1-Z1-2MU00693_20260729_044046_000;0.0;4.8;10.0;Tetvir;0.97;;;;;
Car381009-2026-Pass1-Z1-2MU00693_20260729_044054_000;0.1;2.1;37.0;Leppun;0.97;;;;;
Car381009-2026-Pass1-Z1-2MU00693_20260729_044054_000;0.0;1.9;11.0;noise;0.27;;;;;
Car381009-2026-Pass1-Z1-2MU00693_20260729_044054_000;0.2;2.0;25.0;Phogri;0.06;Plaint;;;;
Car381009-2026-Pass1-Z1-2MU00693_20260729_044058_000;1.4;1.5;40.0;noise;0.1;Leppun;;;;
Car381009-2026-Pass1-Z1-2MU00693_20260729_044058_000;0.0;2.0;24.0;Phogri;0.73;;;;;
Car381009-2026-Pass1-Z1-2MU00693_20260729_044100_000;0.0;4.1;42.0;Leppun;0.95;;;;;
Car381009-2026-Pass1-Z1-2MU00693_20260729_044100_000;0.1;4.1;24.0;Phogri;0.1;noise;;;;
Car381009-2026-Pass1-Z1-2MU00693_20260729_044100_000;0.0;4.4;21.0;Tetvir;0.6;;;;;
Car381009-2026-Pass1-Z1-2MU00693_20260729_044106_000;0.0;1.7;24.0;Phogri;0.56;;;;;
Car381009-2026-Pass1-Z1-2MU00693_20260729_044106_000;0.0;2.0;11.0;Tetvir;0.82;;;;;
Car381009-2026-Pass1-Z1-2MU00693_20260729_044110_000;0.0;2.0;24.0;Phogri;0.79;;;;;
Car381009-2026-Pass1-Z1-2MU00693_20260729_044114_000;0.0;4.4;26.0;Phogri;0.35;;;;;
Car381009-2026-Pass1-Z1-2MU00693_20260729_044114_000;0.0;4.5;26.0;noise;0.03;Rhasp, Plaint, Metbra;;;;
Car381009-2026-Pass1-Z1-2MU00693_20260729_044114_000;0.1;4.6;17.0;Tetvir;0.56;;;;;
Car381009-2026-Pass1-Z1-2MU00693_20260729_044120_000;0.0;2.1;24.0;noise;0.15;;;;;
Car381009-2026-Pass1-Z1-2MU00693_20260729_044120_000;0.0;2.1;22.0;Phogri;0.39;;;;;
Car381009-2026-Pass1-Z1-2MU00693_20260729_044126_000;0.0;2.5;25.0;Phogri;0.07;Antsp;;;;
Car381009-2026-Pass1-Z1-2MU00693_20260729_044126_000;0.0;2.4;23.0;Tetvir;0.68;;;;;
Car381009-2026-Pass1-Z1-2MU00693_20260729_044130_000;0.0;1.8;28.0;Phogri;0.72;;;;;
Car381009-2026-Pass1-Z1-2MU00693_20260729_044130_000;0.0;1.8;18.0;Tetvir;0.91;;;;;
Car381009-2026-Pass1-Z1-2MU00693_20260729_044133_000;0.0;1.8;25.0;Phogri;0.07;noise;;;;
Car381009-2026-Pass1-Z1-2MU00693_20260729_044133_000;0.0;1.9;22.0;Tetvir;0.91;;;;;
Car381009-2026-Pass1-Z1-2MU00693_20260729_044135_000;0.0;1.9;25.0;Phogri;0.07;Plaint, noise;;;;
Car381009-2026-Pass1-Z1-2MU00693_20260729_044135_000;0.2;1.7;10.0;Tetvir;0.67;;;;;
Car381009-2026-Pass1-Z1-2MU00693_20260729_044139_000;0.0;2.1;26.0;Phogri;0.72;;;;;
Car381009-2026-Pass1-Z1-2MU00693_20260729_044139_000;0.0;2.1;11.0;Tetvir;0.92;;;;;
Car381009-2026-Pass1-Z1-2MU00693_20260729_044144_000;0.0;2.0;25.0;Phogri;0.1;noise;;;;
Car381009-2026-Pass1-Z1-2MU00693_20260729_044144_000;0.1;2.0;20.0;Tetvir;0.76;;;;;
Car381009-2026-Pass1-Z1-2MU00693_20260729_044147_000;0.4;1.3;13.0;noise;0.17;;;;;
Car381009-2026-Pass1-Z1-2MU00693_20260729_044147_000;0.0;1.9;23.0;Phogri;0.11;;;;;
Car381009-2026-Pass1-Z1-2MU00693_20260729_044149_000;0.2;3.6;25.0;noise;0.24;;;;;
Car381009-2026-Pass1-Z1-2MU00693_20260729_044149_000;0.0;3.7;22.0;Tetvir;0.89;;;;;
Car381009-2026-Pass1-Z1-2MU00693_20260729_044154_000;0.0;1.6;27.0;noise;0.12;Phogri;;;;
Car381009-2026-Pass1-Z1-2MU00693_20260729_044154_000;0.8;2.9;27.0;Phogri;0.12;;;;;
Car381009-2026-Pass1-Z1-2MU00693_20260729_044154_000;0.1;2.8;21.0;Tetvir;0.57;;;;;
Car381009-2026-Pass1-Z1-2MU00693_20260729_044200_000;0.0;1.9;22.0;Phogri;0.19;noise;;;;
Car381009-2026-Pass1-Z1-2MU00693_20260729_044200_000;0.2;1.6;24.0;Rhasp;0.25;;;;;
Car381009-2026-Pass1-Z1-2MU00693_20260729_044203_000;0.0;4.6;20.0;noise;0.14;Phogri;;;;
Car381009-2026-Pass1-Z1-2MU00693_20260729_044203_000;0.0;4.4;25.0;Phogri;0.14;;;;;
Car381009-2026-Pass1-Z1-2MU00693_20260729_044210_000;0.1;2.6;21.0;noise;0.09;Phanan;;;;
Car381009-2026-Pass1-Z1-2MU00693_20260729_044210_000;0.0;2.6;25.0;Phogri;0.59;;;;;
Car381009-2026-Pass1-Z1-2MU00693_20260729_044215_000;0.0;1.8;23.0;noise;0.09;;;;;
Car381009-2026-Pass1-Z1-2MU00693_20260729_044215_000;0.5;1.8;24.0;Phogri;0.77;;;;;
Car381009-2026-Pass1-Z1-2MU00693_20260729_044215_000;0.5;1.9;18.0;Tetvir;0.7;;;;;
Car381009-2026-Pass1-Z1-2MU00693_20260729_044220_000;0.0;2.9;24.0;Phogri;0.91;;;;;
Car381009-2026-Pass1-Z1-2MU00693_20260729_044220_000;0.3;3.0;18.0;Tetvir;0.71;;;;;
Car381009-2026-Pass1-Z1-2MU00693_20260729_044224_000;0.0;4.9;22.0;noise;0.15;;;;;
Car381009-2026-Pass1-Z1-2MU00693_20260729_044224_000;0.4;4.5;26.0;Phogri;0.78;;;;;
Car381009-2026-Pass1-Z1-2MU00693_20260729_044224_000;0.7;5.0;59.0;Pippip;0.99;;;;;
Car381009-2026-Pass1-Z1-2MU00693_20260729_044236_000;1.6;2.5;21.0;noise;0.12;;;;;
Car381009-2026-Pass1-Z1-2MU00693_20260729_044236_000;0.0;3.1;24.0;Phogri;0.82;;;;;
Car381009-2026-Pass1-Z1-2MU00693_20260729_044241_000;1.4;2.1;34.0;Leppun;0.96;;;;;
Car381009-2026-Pass1-Z1-2MU00693_20260729_044241_000;0.0;4.9;23.0;noise;0.27;;;;;
Car381009-2026-Pass1-Z1-2MU00693_20260729_044241_000;0.0;4.5;26.0;Phogri;0.29;;;;;
Car381009-2026-Pass1-Z1-2MU00693_20260729_044248_000;0.0;1.7;25.0;Phogri;0.53;;;;;
Car381009-2026-Pass1-Z1-2MU00693_20260729_044248_000;0.4;0.9;29.0;Testes;0.52;;;;;
Car381009-2026-Pass1-Z1-2MU00693_20260729_044252_000;0.1;4.9;22.0;noise;0.16;;;;;
Car381009-2026-Pass1-Z1-2MU00693_20260729_044252_000;0.1;4.7;25.0;Phogri;0.92;;;;;
Car381009-2026-Pass1-Z1-2MU00693_20260729_044252_000;0.0;5.0;44.0;Pipkuh;0.97;;;;;
Car381009-2026-Pass1-Z1-2MU00693_20260729_044309_000;0.0;4.1;35.0;Leppun;0.98;;;;;
Car381009-2026-Pass1-Z1-2MU00693_20260729_044309_000;0.3;4.6;14.0;noise;0.14;;;;;
Car381009-2026-Pass1-Z1-2MU00693_20260729_044309_000;0.0;5.0;24.0;Phogri;0.29;;;;;
Car381009-2026-Pass1-Z1-2MU00693_20260729_044319_000;0.0;2.0;24.0;Phogri;0.72;;;;;
Car381009-2026-Pass1-Z1-2MU00693_20260729_044325_000;0.0;4.8;20.0;Phanan;0.29;;;;;
Car381009-2026-Pass1-Z1-2MU00693_20260729_044325_000;0.0;4.8;26.0;Phogri;0.78;;;;;
Car381009-2026-Pass1-Z1-2MU00693_20260729_044325_000;0.2;4.5;24.0;Tetvir;0.65;;;;;
Car381009-2026-Pass1-Z1-2MU00693_20260729_044336_000;0.0;1.8;25.0;noise;0.28;;;;;
Car381009-2026-Pass1-Z1-2MU00693_20260729_044336_000;0.4;1.6;27.0;Phogri;0.52;;;;;
Car381009-2026-Pass1-Z1-2MU00693_20260729_044339_000;0.2;1.8;27.0;noise;0.18;;;;;
Car381009-2026-Pass1-Z1-2MU00693_20260729_044339_000;0.0;1.8;25.0;Plaint;0.53;;;;;
Car381009-2026-Pass1-Z1-2MU00693_20260729_044342_000;0.0;2.7;22.0;noise;0.19;;;;;
Car381009-2026-Pass1-Z1-2MU00693_20260729_044342_000;0.0;2.6;27.0;Phogri;0.93;;;;;
Car381009-2026-Pass1-Z1-2MU00693_20260729_044346_000;0.0;4.9;25.0;Phogri;0.96;;;;;
Car381009-2026-Pass1-Z1-2MU00693_20260729_044346_000;0.0;4.9;20.0;Tetvir;0.72;;;;;
Car381009-2026-Pass1-Z1-2MU00693_20260729_044355_000;0.0;1.9;23.0;noise;0.21;;;;;
Car381009-2026-Pass1-Z1-2MU00693_20260729_044355_000;0.0;2.0;26.0;Phogri;0.56;;;;;
Car381009-2026-Pass1-Z1-2MU00693_20260729_044359_000;0.0;4.1;24.0;noise;0.21;;;;;
Car381009-2026-Pass1-Z1-2MU00693_20260729_044359_000;0.2;4.1;25.0;Phogri;0.74;;;;;
Car381009-2026-Pass1-Z1-2MU00693_20260729_044406_000;0.1;1.9;20.0;noise;0.16;Phogri;;;;
Car381009-2026-Pass1-Z1-2MU00693_20260729_044406_000;0.0;2.0;26.0;Phogri;0.08;;;;;
Car381009-2026-Pass1-Z1-2MU00693_20260729_044410_000;1.5;4.9;13.0;noise;0.12;;;;;
Car381009-2026-Pass1-Z1-2MU00693_20260729_044410_000;0.0;4.9;25.0;Phogri;0.61;;;;;
Car381009-2026-Pass1-Z1-2MU00693_20260729_044418_000;0.0;2.8;26.0;noise;0.11;Phogri;;;;
Car381009-2026-Pass1-Z1-2MU00693_20260729_044418_000;0.0;2.5;18.0;Phanan;0.33;;;;;
Car381009-2026-Pass1-Z1-2MU00693_20260729_044422_000;0.0;4.7;24.0;Plaint;0.12;Phogri, noise;;;;
Car381009-2026-Pass1-Z1-2MU00693_20260729_044422_000;0.2;4.6;27.0;Tetvir;0.46;;;;;
Car381009-2026-Pass1-Z1-2MU00693_20260729_044439_000;0.2;1.9;37.0;noise;0.09;Leppun;;;;
Car381009-2026-Pass1-Z1-2MU00693_20260729_044439_000;0.0;2.0;22.0;Phogri;0.05;Plaint, Tetvir;;;;
Car381009-2026-Pass1-Z1-2MU00693_20260729_044444_000;0.0;2.1;24.0;Phogri;0.76;;;;;
Car381009-2026-Pass1-Z1-2MU00693_20260729_044444_000;1.0;1.1;11.0;Tetvir;0.4;;;;;
Car381009-2026-Pass1-Z1-2MU00693_20260729_044447_000;0.5;1.8;17.0;noise;0.13;;;;;
Car381009-2026-Pass1-Z1-2MU00693_20260729_044447_000;0.0;1.8;24.0;Phogri;0.05;Plaint;;;;
Car381009-2026-Pass1-Z1-2MU00693_20260729_044447_000;0.5;0.6;10.0;Tetvir;0.44;;;;;
Car381009-2026-Pass1-Z1-2MU00693_20260729_044452_000;0.0;2.1;24.0;Phogri;0.83;;;;;
Car381009-2026-Pass1-Z1-2MU00693_20260729_044458_000;0.0;3.6;25.0;Phogri;0.08;noise;;;;
Car381009-2026-Pass1-Z1-2MU00693_20260729_044458_000;0.9;3.5;21.0;Tetvir;0.35;;;;;
Car381009-2026-Pass1-Z1-2MU00693_20260729_044503_000;0.0;5.0;24.0;noise;0.25;;;;;
Car381009-2026-Pass1-Z1-2MU00693_20260729_044503_000;0.6;5.0;25.0;Phogri;0.91;;;;;
Car381009-2026-Pass1-Z1-2MU00693_20260729_044513_000;0.0;3.0;24.0;Phogri;0.22;noise;;;;
Car381009-2026-Pass1-Z1-2MU00693_20260729_044513_000;0.3;3.1;25.0;noise;0.03;Tetvir, Plaint, Metbra;;;;
Car381009-2026-Pass1-Z1-2MU00693_20260729_044518_000;0.7;1.3;24.0;noise;0.18;;;;;
Car381009-2026-Pass1-Z1-2MU00693_20260729_044518_000;0.0;2.0;25.0;Phogri;0.89;;;;;
Car381009-2026-Pass1-Z1-2MU00693_20260729_044521_000;1.6;1.7;21.0;Phanan;0.06;noise;;;;
Car381009-2026-Pass1-Z1-2MU00693_20260729_044521_000;0.0;1.9;25.0;Phogri;0.09;;;;;
Car381009-2026-Pass1-Z1-2MU00693_20260729_044521_000;0.2;2.1;23.0;Tetvir;0.8;;;;;
Car381009-2026-Pass1-Z1-2MU00693_20260729_044524_000;0.0;5.0;24.0;noise;0.3;Phogri;;;;
Car381009-2026-Pass1-Z1-2MU00693_20260729_044524_000;0.9;4.9;26.0;Phogri;0.05;Plaint;;;;
Car381009-2026-Pass1-Z1-2MU00693_20260729_044535_000;0.8;4.7;19.0;noise;0.2;Phogri;;;;
Car381009-2026-Pass1-Z1-2MU00693_20260729_044535_000;0.0;4.9;24.0;Plaint;0.13;;;;;
Car381009-2026-Pass1-Z1-2MU00693_20260729_044542_000;0.0;4.8;24.0;noise;0.13;Phogri;;;;
Car381009-2026-Pass1-Z1-2MU00693_20260729_044542_000;0.0;4.8;26.0;Phogri;0.05;Plaint;;;;
Car381009-2026-Pass1-Z1-2MU00693_20260729_044600_000;0.0;2.5;23.0;noise;0.33;;;;;
Car381009-2026-Pass1-Z1-2MU00693_20260729_044600_000;0.0;2.4;25.0;Phogri;0.05;;;;;
Car381009-2026-Pass1-Z1-2MU00693_20260729_044603_000;0.0;4.7;32.0;Phogri;0.45;;;;;
Car381009-2026-Pass1-Z1-2MU00693_20260729_044603_000;0.0;4.8;25.0;Plaint;0.27;;;;;
Car381009-2026-Pass1-Z1-2MU00693_20260729_044603_000;0.0;4.8;21.0;Tetvir;0.77;;;;;
Car381009-2026-Pass1-Z1-2MU00693_20260729_044610_000;0.0;4.6;24.0;noise;0.28;;;;;
Car381009-2026-Pass1-Z1-2MU00693_20260729_044610_000;0.1;4.7;26.0;Phogri;0.08;;;;;
Car381009-2026-Pass1-Z1-2MU00693_20260729_044620_000;0.0;3.9;21.0;noise;0.33;;;;;
Car381009-2026-Pass1-Z1-2MU00693_20260729_044620_000;0.1;4.2;25.0;Phogri;0.09;Plaint;;;;
Car381009-2026-Pass1-Z1-2MU00693_20260729_044628_000;0.0;5.0;24.0;noise;0.27;;;;;
Car381009-2026-Pass1-Z1-2MU00693_20260729_044628_000;0.4;5.0;26.0;Plaint;0.04;Phogri, Tetvir, Sepsep, Plaalb;;;;
Car381009-2026-Pass1-Z1-2MU00693_20260729_044635_000;0.0;4.8;25.0;Plaint;0.24;;;;;
Car381009-2026-Pass1-Z1-2MU00693_20260729_044635_000;0.4;4.7;13.0;Tetvir;0.69;;;;;
Car381009-2026-Pass1-Z1-2MU00693_20260729_044641_000;0.0;3.4;21.0;noise;0.13;;;;;
Car381009-2026-Pass1-Z1-2MU00693_20260729_044641_000;0.4;3.4;26.0;Phogri;0.78;;;;;
Car381009-2026-Pass1-Z1-2MU00693_20260729_044645_000;0.0;2.0;26.0;Phogri;0.64;;;;;
Car381009-2026-Pass1-Z1-2MU00693_20260729_044645_000;0.0;1.9;25.0;Tetvir;0.35;;;;;
Car381009-2026-Pass1-Z1-2MU00693_20260729_044648_000;2.8;3.0;18.0;noise;0.22;;;;;
Car381009-2026-Pass1-Z1-2MU00693_20260729_044648_000;0.0;3.4;24.0;Phogri;0.11;;;;;
Car381009-2026-Pass1-Z1-2MU00693_20260729_044654_000;0.0;5.0;24.0;noise;0.33;;;;;
Car381009-2026-Pass1-Z1-2MU00693_20260729_044654_000;0.0;4.0;26.0;Sepsep;0.07;Plaint;;;;
Car381009-2026-Pass1-Z1-2MU00693_20260729_044700_000;0.0;5.0;23.0;noise;0.4;;;;;
Car381009-2026-Pass1-Z1-2MU00693_20260729_044700_000;0.7;4.0;26.0;Plaint;0.53;;;;;
Car381009-2026-Pass1-Z1-2MU00693_20260729_044707_000;0.4;5.0;24.0;noise;0.33;;;;;
Car381009-2026-Pass1-Z1-2MU00693_20260729_044707_000;0.0;4.8;25.0;Eptser;0.08;Phogri;;;;
Car381009-2026-Pass1-Z1-2MU00693_20260729_044720_000;0.0;2.1;24.0;noise;0.1;Phogri;;;;
Car381009-2026-Pass1-Z1-2MU00693_20260729_044720_000;0.0;2.0;21.0;Tetvir;0.68;;;;;
Car381009-2026-Pass1-Z1-2MU00693_20260729_044724_000;1.8;2.9;12.0;noise;0.31;;;;;
Car381009-2026-Pass1-Z1-2MU00693_20260729_044724_000;0.0;3.1;25.0;Phogri;0.08;Plaint;;;;
Car381009-2026-Pass1-Z1-2MU00693_20260729_044733_000;0.6;2.0;14.0;Phogri;0.73;;;;;
Car381009-2026-Pass1-Z1-2MU00693_20260729_044733_000;0.0;2.1;24.0;Plaint;0.04;noise, Tetvir, Phanan;;;;
Car381009-2026-Pass1-Z1-2MU00693_20260729_044740_000;0.1;1.6;19.0;noise;0.12;;;;;
Car381009-2026-Pass1-Z1-2MU00693_20260729_044740_000;0.0;2.0;24.0;Phogri;0.1;;;;;
Car381009-2026-Pass1-Z1-2MU00693_20260729_044743_000;0.1;4.9;13.0;noise;0.24;;;;;
Car381009-2026-Pass1-Z1-2MU00693_20260729_044743_000;0.0;4.9;23.0;Plaint;0.08;Phogri;;;;
Car381009-2026-Pass1-Z1-2MU00693_20260729_044749_000;0.0;4.5;24.0;noise;0.17;;;;;
Car381009-2026-Pass1-Z1-2MU00693_20260729_044749_000;0.0;5.0;24.0;Plaint;0.12;Phogri;;;;
Car381009-2026-Pass1-Z1-2MU00693_20260729_044756_000;0.0;5.0;24.0;noise;0.26;;;;;
Car381009-2026-Pass1-Z1-2MU00693_20260729_044756_000;0.0;4.9;39.0;Pipkuh;0.98;;;;;
Car381009-2026-Pass1-Z1-2MU00693_20260729_044756_000;0.0;4.7;25.0;Phogri;0.06;Plaint;;;;
Car381009-2026-Pass1-Z1-2MU00693_20260729_044807_000;0.0;1.9;23.0;noise;0.26;;;;;
Car381009-2026-Pass1-Z1-2MU00693_20260729_044807_000;0.3;1.8;24.0;Plaint;0.05;Phogri;;;;
Car381009-2026-Pass1-Z1-2MU00693_20260729_044810_000;0.0;5.0;24.0;noise;0.4;;;;;
Car381009-2026-Pass1-Z1-2MU00693_20260729_044810_000;0.4;5.0;26.0;Sepsep;0.09;;;;;
Car381009-2026-Pass1-Z1-2MU00693_20260729_044810_000;0.1;4.9;32.0;Testes;0.77;;;;;
Car381009-2026-Pass1-Z1-2MU00693_20260729_044817_000;0.0;1.9;24.0;noise;0.27;;;;;
Car381009-2026-Pass1-Z1-2MU00693_20260729_044817_000;0.1;2.0;25.0;Antsp;0.08;Phogri;;;;
Car381009-2026-Pass1-Z1-2MU00693_20260729_044820_000;2.2;3.4;39.0;Leppun;0.87;;;;;
Car381009-2026-Pass1-Z1-2MU00693_20260729_044820_000;0.0;4.3;24.0;Plaint;0.18;;;;;
Car381009-2026-Pass1-Z1-2MU00693_20260729_044820_000;0.2;4.3;12.0;Tetvir;0.48;;;;;
Car381009-2026-Pass1-Z1-2MU00693_20260729_044825_000;1.9;4.5;24.0;noise;0.21;;;;;
Car381009-2026-Pass1-Z1-2MU00693_20260729_044825_000;0.0;4.8;31.0;Phogri;0.97;;;;;
Car381009-2026-Pass1-Z1-2MU00693_20260729_044825_000;0.0;4.8;25.0;Plaint;0.04;Tetvir, Sepsep, Metbra;;;;
Car381009-2026-Pass1-Z1-2MU00693_20260729_044825_000;0.4;4.5;30.0;Testes;0.32;;;;;
Car381009-2026-Pass1-Z1-2MU00693_20260729_044829_000;0.0;0.1;38.0;Leppun;0.98;;;;;
Car381009-2026-Pass1-Z1-2MU00693_20260729_044829_000;0.2;2.1;25.0;Phogri;0.07;noise;;;;
Car381009-2026-Pass1-Z1-2MU00693_20260729_044829_000;0.9;2.1;12.0;Tetvir;0.7;;;;;
Car381009-2026-Pass1-Z1-2MU00693_20260729_044834_000;0.0;3.8;24.0;Phogri;0.1;noise;;;;
Car381009-2026-Pass1-Z1-2MU00693_20260729_044834_000;0.1;3.6;13.0;Tetvir;0.53;;;;;
Car381009-2026-Pass1-Z1-2MU00693_20260729_044839_000;0.0;4.2;26.0;Phogri;0.3;noise;;;;
Car381009-2026-Pass1-Z1-2MU00693_20260729_044839_000;0.2;4.0;26.0;Sepsep;0.03;Plaint, noise, Tetvir, Metbra;;;;
Car381009-2026-Pass1-Z1-2MU00693_20260729_044846_000;1.6;2.7;29.0;Leppun;0.18;;;;;
Car381009-2026-Pass1-Z1-2MU00693_20260729_044846_000;0.0;3.7;25.0;noise;0.27;;;;;
Car381009-2026-Pass1-Z1-2MU00693_20260729_044846_000;0.0;3.7;27.0;Phogri;0.6;;;;;
Car381009-2026-Pass1-Z1-2MU00693_20260729_044850_000;0.0;2.0;21.0;noise;0.16;Phogri;;;;
Car381009-2026-Pass1-Z1-2MU00693_20260729_044853_000;0.0;4.9;26.0;noise;0.45;;;;;
Car381009-2026-Pass1-Z1-2MU00693_20260729_044853_000;0.0;5.0;26.0;Phogri;0.55;;;;;
Car381009-2026-Pass1-Z1-2MU00693_20260729_044900_000;0.2;4.1;33.0;noise;0.12;;;;;
Car381009-2026-Pass1-Z1-2MU00693_20260729_044900_000;0.0;5.0;24.0;Plaint;0.13;;;;;
Car381009-2026-Pass1-Z1-2MU00693_20260729_044911_000;0.0;5.0;24.0;noise;0.21;;;;;
Car381009-2026-Pass1-Z1-2MU00693_20260729_044911_000;0.1;4.9;26.0;Plaint;0.16;;;;;
Car381009-2026-Pass1-Z1-2MU00693_20260729_044919_000;0.0;2.0;26.0;noise;0.15;;;;;
Car381009-2026-Pass1-Z1-2MU00693_20260729_044919_000;0.6;2.0;26.0;Phogri;0.29;;;;;
Car381009-2026-Pass1-Z1-2MU00693_20260729_044922_000;0.0;3.0;26.0;noise;0.14;;;;;
Car381009-2026-Pass1-Z1-2MU00693_20260729_044922_000;0.0;3.3;24.0;Phogri;0.19;;;;;
Car381009-2026-Pass1-Z1-2MU00693_20260729_044927_000;0.0;5.0;24.0;Phogri;0.17;noise;;;;
Car381009-2026-Pass1-Z1-2MU00693_20260729_044927_000;0.0;4.8;27.0;Rhasp;0.03;noise, Tetvir, Plaint, Pipkuh, Antsp;;;;
Car381009-2026-Pass1-Z1-2MU00693_20260729_044934_000;0.0;3.8;25.0;noise;0.12;Phogri;;;;
Car381009-2026-Pass1-Z1-2MU00693_20260729_044934_000;0.3;3.8;26.0;Phogri;0.08;;;;;
Car381009-2026-Pass1-Z1-2MU00693_20260729_044940_000;0.0;2.3;26.0;Phogri;0.67;;;;;
Car381009-2026-Pass1-Z1-2MU00693_20260729_044944_000;0.0;5.0;24.0;Phogri;0.64;;;;;
Car381009-2026-Pass1-Z1-2MU00693_20260729_044944_000;1.5;4.0;17.0;Tetvir;0.1;Nyclei;;;;
Car381009-2026-Pass1-Z1-2MU00693_20260729_044952_000;0.0;5.0;53.0;Myomys;0.98;;;;;
Car381009-2026-Pass1-Z1-2MU00693_20260729_044952_000;0.1;5.0;22.0;noise;0.21;;;;;
Car381009-2026-Pass1-Z1-2MU00693_20260729_044952_000;0.2;5.0;25.0;Phogri;0.87;;;;;
Car381009-2026-Pass1-Z1-2MU00693_20260729_044952_000;1.4;4.3;48.0;Pipkuh;0.9;;;;;
Car381009-2026-Pass1-Z1-2MU00693_20260729_045018_000;0.0;3.0;21.0;noise;0.42;;;;;
Car381009-2026-Pass1-Z1-2MU00693_20260729_045018_000;0.0;2.9;25.0;Phogri;0.86;;;;;
Car381009-2026-Pass1-Z1-2MU00693_20260729_045022_000;0.2;3.6;24.0;noise;0.21;;;;;
Car381009-2026-Pass1-Z1-2MU00693_20260729_045022_000;0.0;3.5;26.0;Phogri;0.05;Metbra, Sepsep, Plaint;;;;
Car381009-2026-Pass1-Z1-2MU00693_20260729_045028_000;0.1;4.6;19.0;Phanan;0.77;;;;;
Car381009-2026-Pass1-Z1-2MU00693_20260729_045028_000;0.0;4.9;27.0;Phogri;0.08;noise;;;;
Car381009-2026-Pass1-Z1-2MU00693_20260729_045028_000;0.0;4.9;24.0;Tetvir;0.85;;;;;
Car381009-2026-Pass1-Z1-2MU00693_20260729_045036_000;0.0;5.0;23.0;noise;0.25;Phogri;;;;
Car381009-2026-Pass1-Z1-2MU00693_20260729_045036_000;0.1;4.8;27.0;Phogri;0.07;Plaint;;;;
Car381009-2026-Pass1-Z1-2MU00693_20260729_045049_000;0.2;4.7;24.0;Phogri;0.38;noise;;;;
Car381009-2026-Pass1-Z1-2MU00693_20260729_045049_000;0.0;4.7;26.0;Plaint;0.03;noise, Metbra, Tetvir, Sepsep, Plaalb;;;;
Car381009-2026-Pass1-Z1-2MU00693_20260729_045056_000;0.4;5.0;26.0;Plaint;0.13;;;;;
Car381009-2026-Pass1-Z1-2MU00693_20260729_045056_000;0.0;5.0;13.0;Tetvir;0.79;;;;;
Car381009-2026-Pass1-Z1-2MU00693_20260729_045109_000;0.0;2.0;23.0;noise;0.34;;;;;
Car381009-2026-Pass1-Z1-2MU00693_20260729_045109_000;0.0;2.0;26.0;Rhasp;0.03;Phogri, Tetvir, Plaint;;;;
Car381009-2026-Pass1-Z1-2MU00693_20260729_045111_000;0.0;2.1;26.0;Phogri;0.78;;;;;
Car381009-2026-Pass1-Z1-2MU00693_20260729_045111_000;0.0;2.0;13.0;Tetvir;0.9;;;;;
Car381009-2026-Pass1-Z1-2MU00693_20260729_045114_000;0.0;4.9;26.0;noise;0.21;;;;;
Car381009-2026-Pass1-Z1-2MU00693_20260729_045114_000;0.3;4.6;26.0;Phogri;0.08;Plaint;;;;
Car381009-2026-Pass1-Z1-2MU00693_20260729_045114_000;0.0;5.0;17.0;Tetvir;0.93;;;;;
Car381009-2026-Pass1-Z1-2MU00693_20260729_045120_000;0.0;4.5;26.0;Phogri;0.97;;;;;
Car381009-2026-Pass1-Z1-2MU00693_20260729_045120_000;0.0;5.0;21.0;Tetvir;0.85;;;;;
Car381009-2026-Pass1-Z1-2MU00693_20260729_045133_000;0.0;4.6;24.0;Plaint;0.42;;;;;
Car381009-2026-Pass1-Z1-2MU00693_20260729_045133_000;0.0;4.4;12.0;Tetvir;0.83;;;;;
Car381009-2026-Pass1-Z1-2MU00693_20260729_045142_000;0.3;2.5;25.0;noise;0.27;;;;;
Car381009-2026-Pass1-Z1-2MU00693_20260729_045142_000;0.0;2.5;24.0;Eptser;0.04;Phogri, Tetvir, Plaint, Metbra;;;;
Car381009-2026-Pass1-Z1-2MU00693_20260729_045148_000;0.0;3.8;25.0;noise;0.13;Phogri;;;;
Car381009-2026-Pass1-Z1-2MU00693_20260729_045148_000;0.2;3.6;25.0;Phogri;0.05;Plaint;;;;
Car381009-2026-Pass1-Z1-2MU00693_20260729_045152_000;0.0;2.0;27.0;Phogri;0.79;;;;;
Car381009-2026-Pass1-Z1-2MU00693_20260729_045154_000;0.0;1.6;50.0;Pippip;0.99;;;;;
Car381009-2026-Pass1-Z1-2MU00693_20260729_045154_000;0.0;1.8;21.0;Tetvir;0.33;;;;;
Car381009-2026-Pass1-Z1-2MU00693_20260729_045156_000;0.0;3.5;23.0;Phogri;0.27;noise;;;;
Car381009-2026-Pass1-Z1-2MU00693_20260729_045156_000;0.0;2.9;27.0;Plaint;0.04;noise, Tetvir, Sepsep, Metbra;;;;
Car381009-2026-Pass1-Z1-2MU00693_20260729_045201_000;0.0;4.4;24.0;noise;0.22;;;;;
Car381009-2026-Pass1-Z1-2MU00693_20260729_045201_000;0.0;4.5;26.0;Phogri;0.09;;;;;
Car381009-2026-Pass1-Z1-2MU00693_20260729_045207_000;0.0;4.9;26.0;Phogri;0.06;noise, Plaint;;;;
Car381009-2026-Pass1-Z1-2MU00693_20260729_045207_000;0.0;4.7;23.0;Tetvir;0.86;;;;;
Car381009-2026-Pass1-Z1-2MU00693_20260729_045212_000;0.0;1.9;24.0;Phogri;0.86;;;;;
Car381009-2026-Pass1-Z1-2MU00693_20260729_045216_000;0.4;3.1;24.0;Phogri;0.7;;;;;
Car381009-2026-Pass1-Z1-2MU00693_20260729_045216_000;0.0;3.7;26.0;Metbra;0.05;Plaint, noise;;;;
Car381009-2026-Pass1-Z1-2MU00693_20260729_045216_000;0.3;3.7;20.0;Tetvir;0.87;;;;;
Car381009-2026-Pass1-Z1-2MU00693_20260729_045221_000;0.0;4.6;28.0;Phogri;0.16;noise;;;;
Car381009-2026-Pass1-Z1-2MU00693_20260729_045221_000;0.0;4.2;26.0;noise;0.03;Sepsep, Rhasp, Plaint;;;;
Car381009-2026-Pass1-Z1-2MU00693_20260729_045221_000;0.0;4.6;17.0;Tetvir;0.89;;;;;
Car381009-2026-Pass1-Z1-2MU00693_20260729_045226_000;1.2;1.3;21.0;noise;0.17;;;;;
Car381009-2026-Pass1-Z1-2MU00693_20260729_045226_000;0.0;2.9;24.0;Phogri;0.95;;;;;
Car381009-2026-Pass1-Z1-2MU00693_20260729_045230_000;0.0;1.7;24.0;Phogri;0.08;noise;;;;
Car381009-2026-Pass1-Z1-2MU00693_20260729_045230_000;1.2;1.9;12.0;Tetvir;0.19;;;;;
Car381009-2026-Pass1-Z1-2MU00693_20260729_045234_000;0.0;1.8;25.0;Phogri;0.9;;;;;
Car381009-2026-Pass1-Z1-2MU00693_20260729_045234_000;0.0;1.7;12.0;Tetvir;0.9;;;;;
Car381009-2026-Pass1-Z1-2MU00693_20260729_045238_000;0.0;2.0;25.0;Phogri;0.96;;;;;
Car381009-2026-Pass1-Z1-2MU00693_20260729_045238_000;0.0;1.9;19.0;Tetvir;0.66;;;;;
Car381009-2026-Pass1-Z1-2MU00693_20260729_045248_000;0.3;2.1;23.0;noise;0.13;Phogri;;;;
Car381009-2026-Pass1-Z1-2MU00693_20260729_045248_000;0.0;1.8;25.0;Phogri;0.11;;;;;
Car381009-2026-Pass1-Z1-2MU00693_20260729_045252_000;1.6;1.7;38.0;Leppun;0.09;noise;;;;
Car381009-2026-Pass1-Z1-2MU00693_20260729_045252_000;0.0;2.6;24.0;Phogri;0.78;;;;;
Car381009-2026-Pass1-Z1-2MU00693_20260729_045256_000;1.6;1.7;35.0;Leppun;0.72;;;;;
Car381009-2026-Pass1-Z1-2MU00693_20260729_045256_000;1.2;1.9;25.0;noise;0.15;;;;;
Car381009-2026-Pass1-Z1-2MU00693_20260729_045256_000;0.0;1.3;24.0;Phogri;0.07;Plaint;;;;
Car381009-2026-Pass1-Z1-2MU00693_20260729_045256_000;0.4;1.9;20.0;Tetvir;0.66;;;;;
Car381009-2026-Pass1-Z1-2MU00693_20260729_045304_000;0.0;1.8;24.0;Phogri;0.76;;;;;
Car381009-2026-Pass1-Z1-2MU00693_20260729_045310_000;0.0;2.1;26.0;Phogri;0.65;;;;;
Car381009-2026-Pass1-Z1-2MU00693_20260729_045310_000;0.5;1.8;22.0;Plaint;0.05;noise;;;;
Car381009-2026-Pass1-Z1-2MU00693_20260729_045310_000;0.8;0.9;11.0;Tetvir;0.62;;;;;
Car381009-2026-Pass1-Z1-2MU00693_20260729_045315_000;0.0;2.2;25.0;Phogri;0.06;noise, Plaint;;;;
Car381009-2026-Pass1-Z1-2MU00693_20260729_045315_000;0.2;2.2;15.0;Tetvir;0.44;;;;;
Car381009-2026-Pass1-Z1-2MU00693_20260729_045320_000;0.0;2.1;26.0;Phogri;0.04;noise, Metbra, Rhasp, Plaint;;;;
Car381009-2026-Pass1-Z1-2MU00693_20260729_045320_000;0.0;2.0;18.0;Tetvir;0.88;;;;;
Car381009-2026-Pass1-Z1-2MU00693_20260729_045324_000;2.3;3.4;27.0;Phogri;0.56;;;;;
Car381009-2026-Pass1-Z1-2MU00693_20260729_045324_000;0.2;3.4;26.0;Metbra;0.07;Plaint, noise;;;;
Car381009-2026-Pass1-Z1-2MU00693_20260729_045324_000;0.0;3.3;14.0;Tetvir;0.58;;;;;
Car381009-2026-Pass1-Z1-2MU00693_20260729_045329_000;0.0;2.6;26.0;Phogri;0.65;;;;;
Car381009-2026-Pass1-Z1-2MU00693_20260729_045329_000;0.0;3.1;22.0;Tetvir;0.78;;;;;
Car381009-2026-Pass1-Z1-2MU00693_20260729_045335_000;0.0;3.9;22.0;noise;0.23;Phogri;;;;
Car381009-2026-Pass1-Z1-2MU00693_20260729_045335_000;0.4;3.9;26.0;Phogri;0.12;;;;;
Car381009-2026-Pass1-Z1-2MU00693_20260729_045339_000;0.0;1.3;28.0;Phogri;0.72;;;;;
Car381009-2026-Pass1-Z1-2MU00693_20260729_045339_000;0.0;2.1;21.0;noise;0.05;Plaint, Tetvir;;;;
Car381009-2026-Pass1-Z1-2MU00693_20260729_045343_000;0.9;1.0;13.0;noise;0.17;;;;;
Car381009-2026-Pass1-Z1-2MU00693_20260729_045343_000;0.0;2.1;24.0;Phogri;0.84;;;;;
Car381009-2026-Pass1-Z1-2MU00693_20260729_045347_000;0.0;2.7;24.0;Phogri;0.12;;;;;
Car381009-2026-Pass1-Z1-2MU00693_20260729_045347_000;0.0;3.0;12.0;Tetvir;0.96;;;;;
Car381009-2026-Pass1-Z1-2MU00693_20260729_045351_000;0.0;4.6;34.0;noise;0.16;;;;;
Car381009-2026-Pass1-Z1-2MU00693_20260729_045351_000;0.0;4.6;25.0;Phogri;0.37;;;;;
Car381009-2026-Pass1-Z1-2MU00693_20260729_045351_000;0.0;4.6;12.0;Tetvir;0.69;;;;;
Car381009-2026-Pass1-Z1-2MU00693_20260729_045356_000;0.0;2.0;25.0;Phogri;0.55;;;;;
Car381009-2026-Pass1-Z1-2MU00693_20260729_045359_000;0.0;1.9;26.0;Phogri;0.72;;;;;
Car381009-2026-Pass1-Z1-2MU00693_20260729_045359_000;0.0;2.0;13.0;Tetvir;0.93;;;;;
Car381009-2026-Pass1-Z1-2MU00693_20260729_045402_000;2.5;2.6;19.0;Phanan;0.05;noise;;;;
Car381009-2026-Pass1-Z1-2MU00693_20260729_045402_000;0.0;4.3;26.0;Phogri;0.09;noise;;;;
Car381009-2026-Pass1-Z1-2MU00693_20260729_045402_000;0.0;4.5;13.0;Tetvir;0.92;;;;;
Car381009-2026-Pass1-Z1-2MU00693_20260729_045410_000;1.4;2.1;22.0;Phanan;0.11;;;;;
Car381009-2026-Pass1-Z1-2MU00693_20260729_045410_000;0.0;2.0;25.0;Phogri;0.64;;;;;
Car381009-2026-Pass1-Z1-2MU00693_20260729_045410_000;1.3;1.9;39.0;Pipkuh;0.98;;;;;
Car381009-2026-Pass1-Z1-2MU00693_20260729_045410_000;0.7;2.1;45.0;Pippip;0.98;;;;;
Car381009-2026-Pass1-Z1-2MU00693_20260729_045410_000;0.0;2.0;13.0;Tetvir;0.81;;;;;
Car381009-2026-Pass1-Z1-2MU00693_20260729_045417_000;0.0;4.0;22.0;noise;0.37;Phogri;;;;
Car381009-2026-Pass1-Z1-2MU00693_20260729_045417_000;0.3;4.0;26.0;Plaint;0.09;Phogri;;;;
Car381009-2026-Pass1-Z1-2MU00693_20260729_045423_000;0.0;5.0;24.0;noise;0.19;;;;;
Car381009-2026-Pass1-Z1-2MU00693_20260729_045423_000;0.8;4.7;24.0;Plaint;0.14;;;;;
Car381009-2026-Pass1-Z1-2MU00693_20260729_045432_000;0.0;2.0;25.0;Phogri;0.5;;;;;
Car381009-2026-Pass1-Z1-2MU00693_20260729_045432_000;0.0;1.9;45.0;Pippip;0.97;;;;;
Car381009-2026-Pass1-Z1-2MU00693_20260729_045435_000;0.0;5.0;24.0;Phogri;0.97;;;;;
Car381009-2026-Pass1-Z1-2MU00693_20260729_045435_000;0.4;5.0;13.0;Tetvir;0.57;;;;;
Car381009-2026-Pass1-Z1-2MU00693_20260729_045442_000;1.4;2.1;25.0;Nyclei;0.12;;;;;
Car381009-2026-Pass1-Z1-2MU00693_20260729_045442_000;0.0;3.5;26.0;Phogri;0.27;;;;;
Car381009-2026-Pass1-Z1-2MU00693_20260729_045442_000;0.3;3.8;14.0;Tetvir;0.74;;;;;
Car381009-2026-Pass1-Z1-2MU00693_20260729_045450_000;0.0;2.0;22.0;noise;0.23;Phogri;;;;
Car381009-2026-Pass1-Z1-2MU00693_20260729_045450_000;0.9;2.1;25.0;Phogri;0.1;;;;;
Car381009-2026-Pass1-Z1-2MU00693_20260729_045453_000;0.0;2.0;27.0;Phogri;0.65;;;;;
Car381009-2026-Pass1-Z1-2MU00693_20260729_045453_000;0.1;2.0;12.0;Tetvir;0.82;;;;;
Car381009-2026-Pass1-Z1-2MU00693_20260729_045457_000;0.0;4.3;24.0;noise;0.08;;;;;
Car381009-2026-Pass1-Z1-2MU00693_20260729_045457_000;0.4;4.7;26.0;Phogri;0.71;;;;;
Car381009-2026-Pass1-Z1-2MU00693_20260729_045457_000;0.1;4.6;22.0;Tetvir;0.56;;;;;
Car381009-2026-Pass1-Z1-2MU00693_20260729_045506_000;0.0;1.9;21.0;noise;0.26;;;;;
Car381009-2026-Pass1-Z1-2MU00693_20260729_045506_000;0.0;1.9;25.0;Phogri;0.36;;;;;
Car381009-2026-Pass1-Z1-2MU00693_20260729_045511_000;0.0;2.0;20.0;noise;0.04;Phanan;;;;
Car381009-2026-Pass1-Z1-2MU00693_20260729_045511_000;0.4;1.8;26.0;Phogri;0.74;;;;;
Car381009-2026-Pass1-Z1-2MU00693_20260729_045511_000;0.2;1.9;11.0;Tetvir;0.88;;;;;
Car381009-2026-Pass1-Z1-2MU00693_20260729_045514_000;0.0;2.9;25.0;noise;0.23;;;;;
Car381009-2026-Pass1-Z1-2MU00693_20260729_045519_000;0.0;2.7;26.0;Phogri;0.92;;;;;
Car381009-2026-Pass1-Z1-2MU00693_20260729_045519_000;0.0;2.8;12.0;Tetvir;0.74;;;;;
Car381009-2026-Pass1-Z1-2MU00693_20260729_045526_000;0.3;2.0;21.0;noise;0.46;;;;;
Car381009-2026-Pass1-Z1-2MU00693_20260729_045526_000;0.0;2.0;25.0;Phogri;0.05;Rhasp;;;;
Car381009-2026-Pass1-Z1-2MU00693_20260729_045529_000;0.0;1.4;28.0;noise;0.13;;;;;
Car381009-2026-Pass1-Z1-2MU00693_20260729_045529_000;0.0;1.9;14.0;Tetvir;0.67;;;;;
Car381009-2026-Pass1-Z1-2MU00693_20260729_045534_000;0.0;4.5;26.0;Phogri;0.68;;;;;
Car381009-2026-Pass1-Z1-2MU00693_20260729_045534_000;0.0;4.5;14.0;Tetvir;0.79;;;;;
Car381009-2026-Pass1-Z1-2MU00693_20260729_045543_000;0.0;4.5;26.0;Phogri;0.15;noise;;;;
Car381009-2026-Pass1-Z1-2MU00693_20260729_045543_000;0.2;4.6;15.0;Tetvir;0.88;;;;;
Car381009-2026-Pass1-Z1-2MU00693_20260729_045551_000;0.0;2.0;19.0;noise;0.22;Tetvir;;;;
Car381009-2026-Pass1-Z1-2MU00693_20260729_045551_000;0.2;1.8;27.0;Phogri;0.67;;;;;
Car381009-2026-Pass1-Z1-2MU00693_20260729_045554_000;0.0;4.9;24.0;Phogri;0.11;noise;;;;
Car381009-2026-Pass1-Z1-2MU00693_20260729_045554_000;0.0;4.9;22.0;Tetvir;0.81;;;;;
Car381009-2026-Pass1-Z1-2MU00693_20260729_045605_000;0.6;0.7;31.0;Leppun;0.14;;;;;
Car381009-2026-Pass1-Z1-2MU00693_20260729_045605_000;0.0;3.3;26.0;Phogri;0.77;;;;;
Car381009-2026-Pass1-Z1-2MU00693_20260729_045605_000;0.3;3.3;21.0;Tetvir;0.72;;;;;
Car381009-2026-Pass1-Z1-2MU00693_20260729_045610_000;0.0;4.8;19.0;noise;0.37;;;;;
Car381009-2026-Pass1-Z1-2MU00693_20260729_045610_000;0.0;4.9;26.0;Phogri;0.81;;;;;
Car381009-2026-Pass1-Z1-2MU00693_20260729_045617_000;0.0;3.4;24.0;Phogri;0.71;;;;;
Car381009-2026-Pass1-Z1-2MU00693_20260729_045617_000;0.0;2.8;47.0;Pippip;0.99;;;;;
Car381009-2026-Pass1-Z1-2MU00693_20260729_045617_000;0.0;3.4;15.0;Tetvir;0.82;;;;;
Car381009-2026-Pass1-Z1-2MU00693_20260729_045623_000;0.0;2.0;26.0;Phogri;0.84;;;;;
Car381009-2026-Pass1-Z1-2MU00693_20260729_045623_000;1.4;2.0;48.0;Pippip;0.97;;;;;
Car381009-2026-Pass1-Z1-2MU00693_20260729_045623_000;0.1;2.0;12.0;Tetvir;0.91;;;;;
Car381009-2026-Pass1-Z1-2MU00693_20260729_045632_000;0.0;4.3;23.0;noise;0.19;;;;;
Car381009-2026-Pass1-Z1-2MU00693_20260729_045632_000;0.2;4.5;24.0;Phogri;0.79;;;;;
Car381009-2026-Pass1-Z1-2MU00693_20260729_045632_000;0.2;5.0;17.0;Tetvir;0.94;;;;;
Car381009-2026-Pass1-Z1-2MU00693_20260729_045641_000;0.0;4.6;26.0;noise;0.11;;;;;
Car381009-2026-Pass1-Z1-2MU00693_20260729_045641_000;0.7;4.7;27.0;Phogri;0.42;;;;;
Car381009-2026-Pass1-Z1-2MU00693_20260729_045641_000;0.1;4.5;19.0;Tetvir;0.83;;;;;
Car381009-2026-Pass1-Z1-2MU00693_20260729_045648_000;0.0;2.0;22.0;noise;0.42;;;;;
Car381009-2026-Pass1-Z1-2MU00693_20260729_045648_000;0.2;1.7;26.0;Phogri;0.53;;;;;
Car381009-2026-Pass1-Z1-2MU00693_20260729_045655_000;0.1;3.4;25.0;noise;0.19;;;;;
Car381009-2026-Pass1-Z1-2MU00693_20260729_045655_000;0.0;3.5;26.0;Phogri;0.56;;;;;
Car381009-2026-Pass1-Z1-2MU00693_20260729_045659_000;0.0;4.8;23.0;noise;0.46;;;;;
Car381009-2026-Pass1-Z1-2MU00693_20260729_045659_000;0.3;4.2;24.0;Phogri;0.05;Plaint;;;;
Car381009-2026-Pass1-Z1-2MU00693_20260729_045707_000;0.0;3.3;18.0;noise;0.54;;;;;
Car381009-2026-Pass1-Z1-2MU00693_20260729_045707_000;0.9;3.4;27.0;Phogri;0.26;;;;;
Car381009-2026-Pass1-Z1-2MU00693_20260729_045712_000;0.0;1.9;21.0;noise;0.27;;;;;
Car381009-2026-Pass1-Z1-2MU00693_20260729_045712_000;0.0;2.0;26.0;Phogri;0.12;;;;;
Car381009-2026-Pass1-Z1-2MU00693_20260729_045716_000;0.0;3.8;26.0;noise;0.13;Phogri;;;;
Car381009-2026-Pass1-Z1-2MU00693_20260729_045716_000;0.0;5.0;22.0;Phogri;0.1;Plaint;;;;
Car381009-2026-Pass1-Z1-2MU00693_20260729_045723_000;0.0;5.0;49.0;Pippip;0.99;;;;;
Car381009-2026-Pass1-Z1-2MU00693_20260729_045723_000;0.1;4.9;24.0;Plaint;0.13;noise;;;;
Car381009-2026-Pass1-Z1-2MU00693_20260729_045723_000;0.3;4.8;12.0;Tetvir;0.77;;;;;
Car381009-2026-Pass1-Z1-2MU00693_20260729_045732_000;0.0;2.0;20.0;noise;0.22;Phogri;;;;
Car381009-2026-Pass1-Z1-2MU00693_20260729_045732_000;0.3;1.9;22.0;Phogri;0.07;Plaint;;;;
Car381009-2026-Pass1-Z1-2MU00693_20260729_045740_000;0.2;1.6;18.0;noise;0.07;Phanan, Phogri;;;;
Car381009-2026-Pass1-Z1-2MU00693_20260729_045740_000;0.0;1.9;26.0;Phogri;0.06;Tetvir, Rhasp;;;;
Car381009-2026-Pass1-Z1-2MU00693_20260729_045745_000;0.0;3.0;24.0;noise;0.43;;;;;
Car381009-2026-Pass1-Z1-2MU00693_20260729_045745_000;0.1;3.0;20.0;Phogri;0.49;;;;;
Car381009-2026-Pass1-Z1-2MU00693_20260729_045751_000;0.8;2.9;16.0;noise;0.17;;;;;
Car381009-2026-Pass1-Z1-2MU00693_20260729_045751_000;0.0;3.4;24.0;Phogri;0.72;;;;;
Car381009-2026-Pass1-Z1-2MU00693_20260729_045759_000;0.0;1.8;26.0;Phogri;0.19;;;;;
Car381009-2026-Pass1-Z1-2MU00693_20260729_045759_000;0.0;1.9;17.0;Tetvir;0.55;;;;;
Car381009-2026-Pass1-Z1-2MU00693_20260729_045802_000;0.0;3.7;24.0;noise;0.17;;;;;
Car381009-2026-Pass1-Z1-2MU00693_20260729_045802_000;0.1;3.7;22.0;Phogri;0.81;;;;;
Car381009-2026-Pass1-Z1-2MU00693_20260729_045807_000;0.3;1.1;20.0;Phanan;0.16;;;;;
Car381009-2026-Pass1-Z1-2MU00693_20260729_045807_000;0.0;1.5;25.0;Phogri;0.72;;;;;
Car381009-2026-Pass1-Z1-2MU00693_20260729_045807_000;0.1;2.1;16.0;Tetvir;0.85;;;;;
Car381009-2026-Pass1-Z1-2MU00693_20260729_045809_000;0.0;2.6;25.0;Phogri;0.13;noise;;;;
Car381009-2026-Pass1-Z1-2MU00693_20260729_045809_000;0.0;2.5;19.0;noise;0.06;Phanan, Tetvir;;;;
Car381009-2026-Pass1-Z1-2MU00693_20260729_045816_000;0.0;5.0;45.0;Pipkuh;0.77;;;;;
Car381009-2026-Pass1-Z1-2MU00693_20260729_045816_000;0.6;5.0;20.0;Phogri;0.05;Plaint, noise;;;;
Car381009-2026-Pass1-Z1-2MU00693_20260729_045816_000;0.2;5.0;22.0;Tetvir;0.45;;;;;
Car381009-2026-Pass1-Z1-2MU00693_20260729_045823_000;0.3;1.5;19.0;noise;0.09;Phanan;;;;
Car381009-2026-Pass1-Z1-2MU00693_20260729_045823_000;0.0;1.6;23.0;Phogri;0.51;;;;;
Car381009-2026-Pass1-Z1-2MU00693_20260729_045828_000;0.6;3.4;26.0;noise;0.12;;;;;
Car381009-2026-Pass1-Z1-2MU00693_20260729_045828_000;0.0;3.1;25.0;Phogri;0.08;;;;;
Car381009-2026-Pass1-Z1-2MU00693_20260729_045828_000;0.0;3.3;21.0;Tetvir;0.89;;;;;
Car381009-2026-Pass1-Z1-2MU00693_20260729_045836_000;0.0;5.0;20.0;noise;0.32;;;;;
Car381009-2026-Pass1-Z1-2MU00693_20260729_045836_000;0.0;5.0;43.0;Pipkuh;0.34;Myodau;;;;
Car381009-2026-Pass1-Z1-2MU00693_20260729_045836_000;0.0;4.8;20.0;Phogri;0.05;Plaint;;;;
Car381009-2026-Pass1-Z1-2MU00693_20260729_045845_000;0.6;3.4;21.0;Phanan;0.05;noise;;;;
Car381009-2026-Pass1-Z1-2MU00693_20260729_045845_000;0.0;4.3;27.0;Phogri;0.52;;;;;
Car381009-2026-Pass1-Z1-2MU00693_20260729_045845_000;0.0;4.4;19.0;Tetvir;0.46;;;;;
Car381009-2026-Pass1-Z1-2MU00693_20260729_045849_000;0.0;4.6;24.0;Phogri;0.8;;;;;
Car381009-2026-Pass1-Z1-2MU00693_20260729_045849_000;0.0;4.8;13.0;Tetvir;0.89;;;;;
Car381009-2026-Pass1-Z1-2MU00693_20260729_045855_000;0.0;2.0;11.0;noise;0.27;;;;;
Car381009-2026-Pass1-Z1-2MU00693_20260729_045855_000;0.3;1.8;25.0;Phogri;0.16;;;;;
Car381009-2026-Pass1-Z1-2MU00693_20260729_045857_000;0.0;4.8;23.0;Phogri;0.94;;;;;
Car381009-2026-Pass1-Z1-2MU00693_20260729_045857_000;0.0;4.9;13.0;Tetvir;0.87;;;;;
Car381009-2026-Pass1-Z1-2MU00693_20260729_045904_000;0.0;2.0;23.0;Phogri;0.6;;;;;
Car381009-2026-Pass1-Z1-2MU00693_20260729_045913_000;0.1;2.5;22.0;noise;0.47;;;;;
Car381009-2026-Pass1-Z1-2MU00693_20260729_045913_000;0.0;2.4;24.0;Phogri;0.81;;;;;
Car381009-2026-Pass1-Z1-2MU00693_20260729_045917_000;0.0;4.9;21.0;noise;0.14;;;;;
Car381009-2026-Pass1-Z1-2MU00693_20260729_045917_000;0.4;4.5;20.0;Tetvir;0.02;Pippip, Phanan, Yposp, Yerray, Yerbey, Vesmur, Urosp, Tyllil, Thycor, Tetpyg, Tetarg, Testes, Tadten, Sepsep, Rusnit, Roeroe, Rhihip, Rhifer, Rhieur, Rhasp, Ratnor, Plemac, Pleaus, Pleaur, Plasab, Plaint, Plafal, Plaalb, Plaaff, Pippyg, Pipnat, Pipkuh, piaf, Phofem, Phafal, Nycnoc, Nyclei, Nyclas, Myonat, Myomys, MyoGT, Myoema, Myodau, Myogla, Myocap, Myobec, Myoalc, Mussp, Minsch, Mimasp, Micagr, Metbra, mamm, Leppun, Lepbos, Lepalb, Lamsp., Isopyr, Inssp8, Inssp7, Inssp5, Insp12, Insp11, Insp10, Hypsav, gril, Eupsp, Eptser, Eptnil, Epheph, Decalb, Cyrscu, Cympud, criq, Confus, Tetarg, Barfis, Barbar, Antsp, amph;;;;
Car381009-2026-Pass1-Z1-2MU00693_20260729_045917_000;0.0;4.9;25.0;Phogri;0.96;;;;;
Car381009-2026-Pass1-Z1-2MU00693_20260729_045926_000;0.2;2.5;28.0;noise;0.07;Tetvir;;;;
Car381009-2026-Pass1-Z1-2MU00693_20260729_045926_000;0.0;2.7;21.0;Phogri;0.11;noise;;;;
Car381009-2026-Pass1-Z1-2MU00693_20260729_045932_000;0.0;3.2;24.0;noise;0.36;Phogri;;;;
Car381009-2026-Pass1-Z1-2MU00693_20260729_045932_000;0.2;3.2;25.0;Phogri;0.05;Sepsep;;;;
Car381009-2026-Pass1-Z1-2MU00693_20260729_045932_000;0.2;2.8;25.0;Tetvir;0.69;;;;;
Car381009-2026-Pass1-Z1-2MU00693_20260729_045936_000;0.0;2.8;26.0;Phogri;0.7;;;;;
Car381009-2026-Pass1-Z1-2MU00693_20260729_045936_000;0.1;2.9;19.0;Tetvir;0.79;;;;;
Car381009-2026-Pass1-Z1-2MU00693_20260729_045941_000;0.1;2.8;17.0;noise;0.51;;;;;
Car381009-2026-Pass1-Z1-2MU00693_20260729_045941_000;0.0;2.6;25.0;Phogri;0.53;;;;;
Car381009-2026-Pass1-Z1-2MU00693_20260729_045949_000;0.9;1.9;24.0;Phogri;0.9;;;;;
Car381009-2026-Pass1-Z1-2MU00693_20260729_045949_000;0.0;4.9;26.0;Plaint;0.04;noise, Sepsep, Phanan;;;;
Car381009-2026-Pass1-Z1-2MU00693_20260729_045949_000;0.0;4.9;13.0;Tetvir;0.9;;;;;
Car381009-2026-Pass1-Z1-2MU00693_20260729_050006_000;0.4;5.0;24.0;noise;0.2;Phogri;;;;
Car381009-2026-Pass1-Z1-2MU00693_20260729_050006_000;0.0;5.0;21.0;Phogri;0.19;;;;;
Car381009-2026-Pass1-Z1-2MU00693_20260729_050014_000;0.0;5.0;23.0;Phogri;0.79;;;;;
Car381009-2026-Pass1-Z1-2MU00693_20260729_050014_000;0.0;5.0;14.0;Tetvir;0.91;;;;;
Car381009-2026-Pass1-Z1-2MU00693_20260729_050026_000;0.0;5.0;20.0;noise;0.32;;;;;
Car381009-2026-Pass1-Z1-2MU00693_20260729_050026_000;0.2;5.0;22.0;Phogri;0.18;;;;;
Car381009-2026-Pass1-Z1-2MU00693_20260729_050040_000;0.0;4.5;20.0;Phanan;0.58;;;;;
Car381009-2026-Pass1-Z1-2MU00693_20260729_050040_000;0.5;4.8;26.0;Phogri;0.97;;;;;
Car381009-2026-Pass1-Z1-2MU00693_20260729_050040_000;0.0;5.0;19.0;Tetvir;0.65;;;;;
Car381009-2026-Pass1-Z1-2MU00693_20260729_050049_000;0.0;3.1;24.0;Phogri;0.76;;;;;
Car381009-2026-Pass1-Z1-2MU00693_20260729_050049_000;0.0;3.1;12.0;Tetvir;0.95;;;;;
Car381009-2026-Pass1-Z1-2MU00693_20260729_050053_000;0.0;1.8;22.0;Phogri;0.94;;;;;
Car381009-2026-Pass1-Z1-2MU00693_20260729_050053_000;0.0;1.8;13.0;Tetvir;0.71;;;;;
Car381009-2026-Pass1-Z1-2MU00693_20260729_050056_000;0.0;4.9;25.0;Phogri;0.88;;;;;
Car381009-2026-Pass1-Z1-2MU00693_20260729_050056_000;0.0;4.9;13.0;Tetvir;0.79;;;;;
Car381009-2026-Pass1-Z1-2MU00693_20260729_050109_000;0.0;2.0;26.0;Phogri;0.91;;;;;
Car381009-2026-Pass1-Z1-2MU00693_20260729_050109_000;0.0;2.0;12.0;Tetvir;0.92;;;;;
Car381009-2026-Pass1-Z1-2MU00693_20260729_050112_000;0.0;5.0;16.0;noise;0.45;;;;;
Car381009-2026-Pass1-Z1-2MU00693_20260729_050112_000;0.4;4.8;20.0;Phogri;0.06;Phanan;;;;
Car381009-2026-Pass1-Z1-2MU00693_20260729_050112_000;0.2;4.5;19.0;Tetvir;0.57;;;;;
Car381009-2026-Pass1-Z1-2MU00693_20260729_050120_000;0.0;4.8;23.0;Phogri;0.81;;;;;
Car381009-2026-Pass1-Z1-2MU00693_20260729_050120_000;0.4;1.0;44.0;Pippip;0.95;;;;;
Car381009-2026-Pass1-Z1-2MU00693_20260729_050120_000;0.0;4.8;12.0;Tetvir;0.94;;;;;
Car381009-2026-Pass1-Z1-2MU00693_20260729_050129_000;0.0;4.9;25.0;Phogri;0.98;;;;;
Car381009-2026-Pass1-Z1-2MU00693_20260729_050129_000;0.8;5.0;13.0;Tetvir;0.76;;;;;
Car381009-2026-Pass1-Z1-2MU00693_20260729_050142_000;0.3;5.0;26.0;Phogri;0.87;;;;;
Car381009-2026-Pass1-Z1-2MU00693_20260729_050142_000;0.0;5.0;12.0;Tetvir;0.94;;;;;
Car381009-2026-Pass1-Z1-2MU00693_20260729_050151_000;0.2;4.8;22.0;Phanan;0.07;noise;;;;
Car381009-2026-Pass1-Z1-2MU00693_20260729_050151_000;0.0;4.9;26.0;Phogri;0.77;;;;;
Car381009-2026-Pass1-Z1-2MU00693_20260729_050151_000;0.0;5.0;12.0;Tetvir;0.86;;;;;
Car381009-2026-Pass1-Z1-2MU00693_20260729_050209_000;0.0;5.0;20.0;noise;0.37;;;;;
Car381009-2026-Pass1-Z1-2MU00693_20260729_050209_000;0.4;5.0;22.0;Phogri;0.15;;;;;
Car381009-2026-Pass1-Z1-2MU00693_20260729_050209_000;0.6;4.6;18.0;Tetvir;0.63;;;;;
Car381009-2026-Pass1-Z1-2MU00693_20260729_050229_000;0.0;5.0;20.0;noise;0.29;Tetvir;;;;
Car381009-2026-Pass1-Z1-2MU00693_20260729_050229_000;0.5;4.6;20.0;Phanan;0.05;;;;;
Car381009-2026-Pass1-Z1-2MU00693_20260729_050229_000;0.8;4.5;26.0;Phogri;0.09;;;;;
Car381009-2026-Pass1-Z1-2MU00693_20260729_050236_000;1.4;3.6;24.0;noise;0.17;;;;;
Car381009-2026-Pass1-Z1-2MU00693_20260729_050236_000;0.0;4.9;26.0;Phogri;0.88;;;;;
Car381009-2026-Pass1-Z1-2MU00693_20260729_050236_000;0.0;4.9;12.0;Tetvir;0.95;;;;;
Car381009-2026-Pass1-Z1-2MU00693_20260729_050244_000;1.5;4.8;26.0;Phogri;0.83;;;;;
Car381009-2026-Pass1-Z1-2MU00693_20260729_050244_000;0.0;5.0;26.0;noise;0.04;Plaint;;;;
Car381009-2026-Pass1-Z1-2MU00693_20260729_050244_000;0.0;5.0;18.0;Tetvir;0.87;;;;;
Car381009-2026-Pass1-Z1-2MU00693_20260729_050252_000;0.0;4.0;25.0;Phogri;0.91;;;;;
Car381009-2026-Pass1-Z1-2MU00693_20260729_050252_000;0.2;4.0;16.0;Tetvir;0.76;;;;;
Car381009-2026-Pass1-Z1-2MU00693_20260729_050257_000;0.0;1.9;26.0;Phogri;0.07;noise;;;;
Car381009-2026-Pass1-Z1-2MU00693_20260729_050257_000;0.0;2.0;12.0;Tetvir;0.59;;;;;
Car381009-2026-Pass1-Z1-2MU00693_20260729_050301_000;0.5;2.7;33.0;noise;0.17;;;;;
Car381009-2026-Pass1-Z1-2MU00693_20260729_050301_000;0.0;2.9;23.0;Isopyr;0.61;;;;;
Car381009-2026-Pass1-Z1-2MU00693_20260729_050301_000;0.0;3.0;12.0;Tetvir;0.95;;;;;
Car381009-2026-Pass1-Z1-2MU00693_20260729_050307_000;0.0;1.8;26.0;Phogri;0.82;;;;;
Car381009-2026-Pass1-Z1-2MU00693_20260729_050307_000;0.0;1.8;12.0;Tetvir;0.78;;;;;
Car381009-2026-Pass1-Z1-2MU00693_20260729_050309_000;0.0;1.8;25.0;Phogri;0.97;;;;;
Car381009-2026-Pass1-Z1-2MU00693_20260729_050309_000;0.0;2.0;12.0;Tetvir;0.96;;;;;
Car381009-2026-Pass1-Z1-2MU00693_20260729_050311_000;0.0;4.2;26.0;Phogri;0.82;;;;;
Car381009-2026-Pass1-Z1-2MU00693_20260729_050311_000;0.0;4.4;12.0;Tetvir;0.96;;;;;
Car381009-2026-Pass1-Z1-2MU00693_20260729_050317_000;0.0;4.9;24.0;Phogri;0.96;;;;;
Car381009-2026-Pass1-Z1-2MU00693_20260729_050317_000;0.0;5.0;12.0;Tetvir;0.91;;;;;
Car381009-2026-Pass1-Z1-2MU00693_20260729_050328_000;0.0;4.1;27.0;Phogri;0.77;;;;;
Car381009-2026-Pass1-Z1-2MU00693_20260729_050328_000;0.0;4.1;23.0;noise;0.04;Plaint, Tetvir;;;;
Car381009-2026-Pass1-Z1-2MU00693_20260729_050332_000;0.0;4.0;20.0;Phanan;0.27;;;;;
Car381009-2026-Pass1-Z1-2MU00693_20260729_050332_000;0.0;4.0;25.0;Phogri;0.9;;;;;
Car381009-2026-Pass1-Z1-2MU00693_20260729_050337_000;1.6;1.7;12.0;noise;0.4;;;;;
Car381009-2026-Pass1-Z1-2MU00693_20260729_050337_000;0.0;3.7;24.0;Phogri;0.93;;;;;
Car381009-2026-Pass1-Z1-2MU00693_20260729_050342_000;0.0;3.5;23.0;Phogri;0.97;;;;;
Car381009-2026-Pass1-Z1-2MU00693_20260729_050347_000;0.0;2.1;23.0;Phogri;0.84;;;;;
Car381009-2026-Pass1-Z1-2MU00693_20260729_050350_000;0.0;4.9;23.0;noise;0.21;Phogri;;;;
Car381009-2026-Pass1-Z1-2MU00693_20260729_050350_000;0.0;5.0;24.0;Plaint;0.18;;;;;
Car381009-2026-Pass1-Z1-2MU00693_20260729_050359_000;0.0;1.7;22.0;Phogri;0.49;;;;;
Car381009-2026-Pass1-Z1-2MU00693_20260729_050401_000;0.0;2.6;24.0;Phogri;0.89;;;;;
Car381009-2026-Pass1-Z1-2MU00693_20260729_050406_000;0.1;4.6;24.0;Phogri;0.13;noise;;;;
Car381009-2026-Pass1-Z1-2MU00693_20260729_050406_000;0.9;4.7;20.0;noise;0.06;Phanan, Tetvir;;;;
Car381009-2026-Pass1-Z1-2MU00693_20260729_050406_000;4.1;4.7;51.0;Pippip;0.87;;;;;
Car381009-2026-Pass1-Z1-2MU00693_20260729_050406_000;0.0;4.7;24.0;Plaint;0.03;noise, Metbra, Tetvir;;;;
Car381009-2026-Pass1-Z1-2MU00693_20260729_050411_000;0.0;1.9;23.0;Phogri;0.15;noise;;;;
Car381009-2026-Pass1-Z1-2MU00693_20260729_050411_000;0.8;1.9;21.0;Tetvir;0.03;Phanan, noise;;;;
Car381009-2026-Pass1-Z1-2MU00693_20260729_050411_000;0.2;0.3;50.0;Pippip;0.66;;;;;
Car381009-2026-Pass1-Z1-2MU00693_20260729_050415_000;0.0;1.6;22.0;noise;0.19;;;;;
Car381009-2026-Pass1-Z1-2MU00693_20260729_050415_000;0.3;1.9;23.0;Phogri;0.66;;;;;
Car381009-2026-Pass1-Z1-2MU00693_20260729_050417_000;0.2;2.0;22.0;noise;0.27;;;;;
Car381009-2026-Pass1-Z1-2MU00693_20260729_050417_000;0.0;2.1;24.0;Phogri;0.9;;;;;
Car381009-2026-Pass1-Z1-2MU00693_20260729_050424_000;0.0;2.5;22.0;Phogri;0.64;;;;;
Car381009-2026-Pass1-Z1-2MU00693_20260729_050429_000;0.0;2.5;24.0;Phogri;0.93;;;;;
Car381009-2026-Pass1-Z1-2MU00693_20260729_050436_000;0.2;1.9;23.0;noise;0.2;Phogri;;;;
Car381009-2026-Pass1-Z1-2MU00693_20260729_050436_000;0.9;1.9;24.0;Plaint;0.04;Phogri, Tetvir, Leppun;;;;
Car381009-2026-Pass1-Z1-2MU00693_20260729_050439_000;0.0;1.7;25.0;noise;0.12;Phogri;;;;
Car381009-2026-Pass1-Z1-2MU00693_20260729_050439_000;0.3;1.6;22.0;Phogri;0.09;;;;;
Car381009-2026-Pass1-Z1-2MU00693_20260729_050446_000;0.0;1.6;19.0;Phanan;0.55;;;;;
Car381009-2026-Pass1-Z1-2MU00693_20260729_050446_000;0.0;1.7;25.0;Phogri;0.74;;;;;
Car381009-2026-Pass1-Z1-2MU00693_20260729_050451_000;0.0;2.0;25.0;noise;0.21;;;;;
Car381009-2026-Pass1-Z1-2MU00693_20260729_050451_000;0.3;1.8;23.0;Phogri;0.14;;;;;
Car381009-2026-Pass1-Z1-2MU00693_20260729_050509_000;0.2;1.9;18.0;Phanan;0.12;noise;;;;
Car381009-2026-Pass1-Z1-2MU00693_20260729_050509_000;0.0;2.0;27.0;Phogri;0.75;;;;;
Car381009-2026-Pass1-Z1-2MU00693_20260729_050512_000;0.0;1.8;23.0;Phogri;0.84;;;;;
Car381009-2026-Pass1-Z1-2MU00693_20260729_050516_000;0.0;5.0;50.0;Myomys;0.95;;;;;
Car381009-2026-Pass1-Z1-2MU00693_20260729_050516_000;0.0;5.0;23.0;noise;0.16;Phogri;;;;
Car381009-2026-Pass1-Z1-2MU00693_20260729_050516_000;0.1;5.0;24.0;Phogri;0.09;;;;;
Car381009-2026-Pass1-Z1-2MU00693_20260729_050528_000;0.5;4.9;23.0;Phogri;0.86;;;;;
Car381009-2026-Pass1-Z1-2MU00693_20260729_050528_000;0.0;4.9;22.0;noise;0.08;Plaint;;;;
Car381009-2026-Pass1-Z1-2MU00693_20260729_050537_000;0.0;2.0;24.0;Phogri;0.55;;;;;
Car381009-2026-Pass1-Z1-2MU00693_20260729_050539_000;1.3;1.4;19.0;noise;0.25;;;;;
Car381009-2026-Pass1-Z1-2MU00693_20260729_050539_000;0.0;1.9;24.0;Phogri;0.89;;;;;
Car381009-2026-Pass1-Z1-2MU00693_20260729_050555_000;0.0;2.0;22.0;noise;0.25;;;;;
Car381009-2026-Pass1-Z1-2MU00693_20260729_050555_000;0.5;2.1;25.0;Phogri;0.85;;;;;
Car381009-2026-Pass1-Z1-2MU00693_20260729_050559_000;0.0;3.8;23.0;Phogri;0.7;;;;;
Car381009-2026-Pass1-Z1-2MU00693_20260729_050607_000;0.1;5.0;22.0;noise;0.37;;;;;
Car381009-2026-Pass1-Z1-2MU00693_20260729_050607_000;0.0;4.9;46.0;Pipkuh;0.98;;;;;
Car381009-2026-Pass1-Z1-2MU00693_20260729_050607_000;1.1;5.0;24.0;Phogri;0.12;;;;;
Car381009-2026-Pass1-Z1-2MU00693_20260729_050620_000;1.2;4.4;47.0;Pippip;0.98;;;;;
Car381009-2026-Pass1-Z1-2MU00693_20260729_050620_000;0.0;4.5;22.0;Phogri;0.1;;;;;
Car381009-2026-Pass1-Z1-2MU00693_20260729_050620_000;0.0;4.9;22.0;Tetvir;0.82;;;;;
Car381009-2026-Pass1-Z1-2MU00693_20260729_050626_000;0.2;3.6;19.0;Phanan;0.12;noise;;;;
Car381009-2026-Pass1-Z1-2MU00693_20260729_050626_000;0.0;3.8;25.0;Phogri;0.64;;;;;
Car381009-2026-Pass1-Z1-2MU00693_20260729_050626_000;2.0;3.9;46.0;Pippip;0.98;;;;;
Car381009-2026-Pass1-Z1-2MU00693_20260729_050631_000;0.0;2.7;24.0;Phogri;0.85;;;;;
Car381009-2026-Pass1-Z1-2MU00693_20260729_050631_000;0.0;2.7;48.0;Pippip;0.99;;;;;
Car381009-2026-Pass1-Z1-2MU00693_20260729_050636_000;0.0;4.8;21.0;noise;0.19;;;;;
Car381009-2026-Pass1-Z1-2MU00693_20260729_050636_000;0.0;4.6;23.0;Phogri;0.9;;;;;
Car381009-2026-Pass1-Z1-2MU00693_20260729_050636_000;0.0;3.4;48.0;Pippip;0.99;;;;;
Car381009-2026-Pass1-Z1-2MU00693_20260729_050647_000;0.0;3.2;21.0;noise;0.33;;;;;
Car381009-2026-Pass1-Z1-2MU00693_20260729_050647_000;0.6;3.2;23.0;Phogri;0.76;;;;;
Car381009-2026-Pass1-Z1-2MU00693_20260729_050647_000;0.0;3.6;46.0;Pippip;0.98;;;;;
Car381009-2026-Pass1-Z1-2MU00693_20260729_050652_000;0.9;1.7;24.0;Phogri;0.09;;;;;
Car381009-2026-Pass1-Z1-2MU00693_20260729_050652_000;0.0;1.9;24.0;noise;0.2;Phogri;;;;
Car381009-2026-Pass1-Z1-2MU00693_20260729_050654_000;0.0;2.0;24.0;noise;0.25;;;;;
Car381009-2026-Pass1-Z1-2MU00693_20260729_050654_000;0.0;1.8;26.0;Phogri;0.88;;;;;
Car381009-2026-Pass1-Z1-2MU00693_20260729_050654_000;0.1;2.0;46.0;Rhihip;0.03;Yposp, Pippip;;;;
Car381009-2026-Pass1-Z1-2MU00693_20260729_050700_000;0.0;4.8;22.0;noise;0.19;;;;;
Car381009-2026-Pass1-Z1-2MU00693_20260729_050700_000;0.0;4.8;26.0;Phogri;0.92;;;;;
Car381009-2026-Pass1-Z1-2MU00693_20260729_050700_000;0.7;1.7;48.0;Pippip;0.97;;;;;
Car381009-2026-Pass1-Z1-2MU00693_20260729_050717_000;0.0;2.0;22.0;noise;0.24;;;;;
Car381009-2026-Pass1-Z1-2MU00693_20260729_050717_000;0.0;1.3;24.0;Phogri;0.79;;;;;
Car381009-2026-Pass1-Z1-2MU00693_20260729_050720_000;0.2;3.5;23.0;noise;0.12;;;;;
Car381009-2026-Pass1-Z1-2MU00693_20260729_050720_000;0.0;3.2;24.0;Phogri;0.67;;;;;
Car381009-2026-Pass1-Z1-2MU00693_20260729_050725_000;0.0;1.9;20.0;noise;0.1;;;;;
Car381009-2026-Pass1-Z1-2MU00693_20260729_050725_000;0.0;1.9;25.0;Phogri;0.24;;;;;
Car381009-2026-Pass1-Z1-2MU00693_20260729_050730_000;0.4;1.8;26.0;noise;0.11;;;;;
Car381009-2026-Pass1-Z1-2MU00693_20260729_050730_000;0.0;1.8;22.0;Phogri;0.82;;;;;
Car381009-2026-Pass1-Z1-2MU00693_20260729_050733_000;0.2;3.9;22.0;Phogri;0.88;;;;;
Car381009-2026-Pass1-Z1-2MU00693_20260729_050733_000;0.0;3.9;51.0;Pippip;0.99;;;;;
Car381009-2026-Pass1-Z1-2MU00693_20260729_050741_000;0.0;3.6;24.0;Phogri;0.76;;;;;
Car381009-2026-Pass1-Z1-2MU00693_20260729_050741_000;0.7;3.6;50.0;Pippip;0.99;;;;;
Car381009-2026-Pass1-Z1-2MU00693_20260729_050746_000;0.0;2.4;25.0;Phogri;0.53;;;;;
Car381009-2026-Pass1-Z1-2MU00693_20260729_050746_000;0.5;2.8;48.0;Pippip;0.94;;;;;
Car381009-2026-Pass1-Z1-2MU00693_20260729_050749_000;0.0;4.5;23.0;noise;0.12;;;;;
Car381009-2026-Pass1-Z1-2MU00693_20260729_050749_000;0.0;4.7;50.0;Pippip;0.84;;;;;
Car381009-2026-Pass1-Z1-2MU00693_20260729_050749_000;0.4;4.5;24.0;Phogri;0.29;;;;;
Car381009-2026-Pass1-Z1-2MU00693_20260729_050756_000;0.0;2.0;24.0;Phogri;0.84;;;;;
Car381009-2026-Pass1-Z1-2MU00693_20260729_050805_000;0.0;5.0;26.0;Phogri;0.32;noise;;;;
Car381009-2026-Pass1-Z1-2MU00693_20260729_050805_000;2.1;2.9;31.0;Testes;0.17;;;;;
Car381009-2026-Pass1-Z1-2MU00693_20260729_050814_000;0.2;2.7;22.0;noise;0.23;;;;;
Car381009-2026-Pass1-Z1-2MU00693_20260729_050814_000;0.0;1.7;24.0;Phogri;0.92;;;;;
Car381009-2026-Pass1-Z1-2MU00693_20260729_050814_000;1.7;2.7;55.0;Pippip;0.96;;;;;
Car381009-2026-Pass1-Z1-2MU00693_20260729_050817_000;0.0;1.8;24.0;noise;0.12;Phogri;;;;
Car381009-2026-Pass1-Z1-2MU00693_20260729_050817_000;0.0;2.0;51.0;Pippip;0.98;;;;;
Car381009-2026-Pass1-Z1-2MU00693_20260729_050817_000;0.2;1.8;24.0;Phogri;0.07;;;;;
Car381009-2026-Pass1-Z1-2MU00693_20260729_050821_000;0.1;2.1;21.0;Phogri;0.91;;;;;
Car381009-2026-Pass1-Z1-2MU00693_20260729_050826_000;1.1;1.9;34.0;Leppun;0.06;noise;;;;
Car381009-2026-Pass1-Z1-2MU00693_20260729_050826_000;0.0;2.7;24.0;Phogri;0.75;;;;;
Car381009-2026-Pass1-Z1-2MU00693_20260729_050833_000;0.0;2.9;24.0;Phogri;0.94;;;;;
Car381009-2026-Pass1-Z1-2MU00693_20260729_050833_000;2.3;2.9;46.0;Pippip;0.99;;;;;
Car381009-2026-Pass1-Z1-2MU00693_20260729_050836_000;0.0;5.0;23.0;noise;0.19;Phogri;;;;
Car381009-2026-Pass1-Z1-2MU00693_20260729_050836_000;0.2;5.0;56.0;Pippip;0.99;;;;;
Car381009-2026-Pass1-Z1-2MU00693_20260729_050836_000;0.3;4.5;24.0;Phogri;0.11;;;;;
Car381009-2026-Pass1-Z1-2MU00693_20260729_050851_000;0.0;2.0;22.0;Phogri;0.99;;;;;
Car381009-2026-Pass1-Z1-2MU00693_20260729_050854_000;0.5;3.4;22.0;noise;0.16;Phogri;;;;
Car381009-2026-Pass1-Z1-2MU00693_20260729_050854_000;0.0;3.4;24.0;Phogri;0.1;;;;;
Car381009-2026-Pass1-Z1-2MU00693_20260729_050858_000;0.6;2.2;12.0;Phogri;0.49;;;;;
Car381009-2026-Pass1-Z1-2MU00693_20260729_050858_000;0.0;2.8;23.0;noise;0.04;Tetvir, Plaint, Metbra;;;;
Car381009-2026-Pass1-Z1-2MU00693_20260729_050903_000;0.0;4.3;24.0;Phogri;0.62;;;;;
Car381009-2026-Pass1-Z1-2MU00693_20260729_050903_000;0.5;1.1;35.0;Testes;0.32;;;;;
Car381009-2026-Pass1-Z1-2MU00693_20260729_050912_000;0.0;2.7;23.0;noise;0.07;;;;;
Car381009-2026-Pass1-Z1-2MU00693_20260729_050912_000;0.0;2.8;24.0;Phogri;0.08;noise;;;;
Car381009-2026-Pass1-Z1-2MU00693_20260729_050915_000;0.0;1.9;23.0;Phogri;0.68;;;;;
Car381009-2026-Pass1-Z1-2MU00693_20260729_050921_000;0.0;2.9;24.0;Phogri;0.87;;;;;
Car381009-2026-Pass1-Z1-2MU00693_20260729_050925_000;0.0;3.4;22.0;Phogri;0.81;;;;;
Car381009-2026-Pass1-Z1-2MU00693_20260729_050935_000;0.0;3.4;25.0;Phogri;0.66;;;;;
Car381009-2026-Pass1-Z1-2MU00693_20260729_050943_000;0.0;2.7;23.0;Phogri;0.8;;;;;
Car381009-2026-Pass1-Z1-2MU00693_20260729_050947_000;0.5;3.4;25.0;Phogri;0.56;;;;;
Car381009-2026-Pass1-Z1-2MU00693_20260729_050947_000;0.0;3.4;24.0;noise;0.03;Tetvir, Plaint;;;;
Car381009-2026-Pass1-Z1-2MU00693_20260729_050956_000;0.0;5.0;22.0;Phogri;0.88;;;;;
Car381009-2026-Pass1-Z1-2MU00693_20260729_050956_000;0.0;4.6;39.0;Pipnat;0.81;;;;;
Car381009-2026-Pass1-Z1-2MU00693_20260729_051004_000;0.0;1.9;19.0;Phogri;0.99;;;;;
Car381009-2026-Pass1-Z1-2MU00693_20260729_051004_000;1.5;2.0;40.0;Pipkuh;0.98;;;;;
Car381009-2026-Pass1-Z1-2MU00693_20260729_051007_000;0.0;4.4;21.0;Phogri;0.94;;;;;
Car381009-2026-Pass1-Z1-2MU00693_20260729_051007_000;0.0;4.2;40.0;Pipkuh;0.99;;;;;
Car381009-2026-Pass1-Z1-2MU00693_20260729_051013_000;0.0;4.0;23.0;noise;0.2;;;;;
Car381009-2026-Pass1-Z1-2MU00693_20260729_051013_000;0.0;3.9;25.0;Phogri;0.78;;;;;
Car381009-2026-Pass1-Z1-2MU00693_20260729_051019_000;0.0;1.7;23.0;Phogri;0.79;;;;;
Car381009-2026-Pass1-Z1-2MU00693_20260729_051021_000;0.0;2.0;20.0;noise;0.49;;;;;
Car381009-2026-Pass1-Z1-2MU00693_20260729_051021_000;0.5;2.0;25.0;Phogri;0.76;;;;;
Car381009-2026-Pass1-Z1-2MU00693_20260729_051025_000;0.7;4.7;24.0;noise;0.16;;;;;
Car381009-2026-Pass1-Z1-2MU00693_20260729_051025_000;0.0;4.5;24.0;Phogri;0.93;;;;;
Car381009-2026-Pass1-Z1-2MU00693_20260729_051025_000;1.5;5.0;41.0;Pipkuh;0.99;;;;;
Car381009-2026-Pass1-Z1-2MU00693_20260729_051040_000;1.7;4.3;21.0;noise;0.14;;;;;
Car381009-2026-Pass1-Z1-2MU00693_20260729_051040_000;0.0;4.7;21.0;Phogri;0.91;;;;;
Car381009-2026-Pass1-Z1-2MU00693_20260729_051052_000;1.6;3.7;11.0;noise;0.28;Phogri;;;;
Car381009-2026-Pass1-Z1-2MU00693_20260729_051052_000;1.2;5.0;45.0;Pippip;0.99;;;;;
Car381009-2026-Pass1-Z1-2MU00693_20260729_051052_000;0.0;4.8;24.0;Phogri;0.12;Plaint;;;;
Car381009-2026-Pass1-Z1-2MU00693_20260729_051052_000;2.2;3.7;12.0;Tadten;0.04;Tetvir, Pipkuh;;;;
Car381009-2026-Pass1-Z1-2MU00693_20260729_051106_000;0.0;2.0;25.0;Phogri;0.38;;;;;
Car381009-2026-Pass1-Z1-2MU00693_20260729_051112_000;0.0;4.9;24.0;Phogri;0.65;;;;;
Car381009-2026-Pass1-Z1-2MU00693_20260729_051112_000;0.0;0.7;34.0;Testes;0.66;;;;;
Car381009-2026-Pass1-Z1-2MU00693_20260729_051120_000;0.0;1.4;24.0;Phogri;0.87;;;;;
Car381009-2026-Pass1-Z1-2MU00693_20260729_051126_000;0.0;2.1;21.0;noise;0.18;;;;;
Car381009-2026-Pass1-Z1-2MU00693_20260729_051126_000;0.6;0.7;44.0;Pippip;0.51;;;;;
Car381009-2026-Pass1-Z1-2MU00693_20260729_051126_000;0.7;1.8;32.0;Roeroe;0.07;;;;;
Car381009-2026-Pass1-Z1-2MU00693_20260729_051131_000;0.0;2.5;24.0;noise;0.16;;;;;
Car381009-2026-Pass1-Z1-2MU00693_20260729_051131_000;0.0;2.5;24.0;Phogri;0.78;;;;;
Car381009-2026-Pass1-Z1-2MU00693_20260729_051131_000;0.1;0.2;44.0;Pippip;0.83;;;;;
Car381009-2026-Pass1-Z1-2MU00693_20260729_051134_000;0.0;1.7;21.0;noise;0.19;;;;;
Car381009-2026-Pass1-Z1-2MU00693_20260729_051134_000;0.0;1.7;25.0;Phogri;0.54;;;;;
Car381009-2026-Pass1-Z1-2MU00693_20260729_051136_000;0.0;1.7;31.0;Leppun;0.2;;;;;
Car381009-2026-Pass1-Z1-2MU00693_20260729_051136_000;0.0;1.8;22.0;Phogri;0.79;;;;;
Car381009-2026-Pass1-Z1-2MU00693_20260729_051139_000;0.1;5.0;38.0;Hypsav;0.81;;Hypsav;SUR;;
Car381009-2026-Pass1-Z1-2MU00693_20260729_051139_000;0.0;4.7;24.0;Phogri;0.93;;;;;
Car381009-2026-Pass1-Z1-2MU00693_20260729_051154_000;0.2;0.6;35.0;Hypsav;0.47;;;;;
Car381009-2026-Pass1-Z1-2MU00693_20260729_051154_000;0.6;1.9;24.0;Phogri;0.54;;;;;
Car381009-2026-Pass1-Z1-2MU00693_20260729_051154_000;0.0;2.1;17.0;Tetvir;0.68;;;;;
Car381009-2026-Pass1-Z1-2MU00693_20260729_051156_000;0.0;3.7;23.0;Phogri;0.97;;;;;
Car381009-2026-Pass1-Z1-2MU00693_20260729_051201_000;0.0;1.9;25.0;Phogri;0.83;;;;;
Car381009-2026-Pass1-Z1-2MU00693_20260729_051201_000;0.2;0.8;49.0;Pippip;0.93;;;;;
Car381009-2026-Pass1-Z1-2MU00693_20260729_051203_000;3.3;4.9;34.0;Hypsav;0.98;;;;;
Car381009-2026-Pass1-Z1-2MU00693_20260729_051203_000;1.5;4.8;32.0;noise;0.14;;;;;
Car381009-2026-Pass1-Z1-2MU00693_20260729_051203_000;0.0;3.9;46.0;Pippip;0.99;;;;;
Car381009-2026-Pass1-Z1-2MU00693_20260729_051203_000;0.0;4.8;25.0;Phogri;0.3;;;;;
Car381009-2026-Pass1-Z1-2MU00693_20260729_051231_000;0.0;1.9;26.0;Phogri;0.32;;;;;
Car381009-2026-Pass1-Z1-2MU00693_20260729_051231_000;0.6;1.9;24.0;noise;0.04;Tetvir, Plaint, Metbra;;;;
Car381009-2026-Pass1-Z1-2MU00693_20260729_051235_000;0.0;1.7;26.0;Phogri;0.81;;;;;
Car381009-2026-Pass1-Z1-2MU00693_20260729_051237_000;0.0;1.8;23.0;noise;0.13;;;;;
Car381009-2026-Pass1-Z1-2MU00693_20260729_051237_000;0.8;1.9;26.0;Phogri;0.5;;;;;
Car381009-2026-Pass1-Z1-2MU00693_20260729_051241_000;0.6;3.6;35.0;noise;0.05;Rhasp;;;;
Car381009-2026-Pass1-Z1-2MU00693_20260729_051241_000;0.0;3.6;26.0;Phogri;0.17;;;;;
Car381009-2026-Pass1-Z1-2MU00693_20260729_051241_000;3.0;3.8;39.0;Pipkuh;0.83;;;;;
Car381009-2026-Pass1-Z1-2MU00693_20260729_051245_000;0.1;4.3;25.0;Phogri;0.74;;;;;
Car381009-2026-Pass1-Z1-2MU00693_20260729_051245_000;0.0;5.0;45.0;Pipkuh;0.99;;;;;
Car381009-2026-Pass1-Z1-2MU00693_20260729_051303_000;0.0;2.0;13.0;Phogri;0.68;;;;;
Car381009-2026-Pass1-Z1-2MU00693_20260729_051303_000;0.0;1.9;20.0;Plaint;0.04;Tetvir, noise;;;;
Car381009-2026-Pass1-Z1-2MU00693_20260729_051307_000;0.2;1.6;16.0;Phogri;0.96;;;;;
Car381009-2026-Pass1-Z1-2MU00693_20260729_051311_000;0.0;2.9;24.0;Phogri;0.52;;;;;
Car381009-2026-Pass1-Z1-2MU00693_20260729_051318_000;0.0;5.0;19.0;Phogri;0.96;;;;;
Car381009-2026-Pass1-Z1-2MU00693_20260729_051318_000;0.2;5.0;45.0;Pipkuh;0.99;;;;;
Car381009-2026-Pass1-Z1-2MU00693_20260729_051333_000;0.0;2.1;26.0;noise;0.05;Phogri;;;;
Car381009-2026-Pass1-Z1-2MU00693_20260729_051333_000;0.8;2.0;16.0;Tetvir;0.71;;;;;
Car381009-2026-Pass1-Z1-2MU00693_20260729_051336_000;2.3;4.3;20.0;noise;0.13;;;;;
Car381009-2026-Pass1-Z1-2MU00693_20260729_051336_000;0.2;2.1;40.0;Pipkuh;0.97;;;;;
Car381009-2026-Pass1-Z1-2MU00693_20260729_051336_000;0.0;4.6;24.0;Phogri;0.11;;;;;
Car381009-2026-Pass1-Z1-2MU00693_20260729_051345_000;0.0;2.0;23.0;Phogri;0.8;;;;;
Car381009-2026-Pass1-Z1-2MU00693_20260729_051345_000;1.5;2.0;40.0;Pipkuh;0.93;;;;;
Car381009-2026-Pass1-Z1-2MU00693_20260729_051350_000;0.2;4.0;12.0;Phogri;0.63;;;;;
Car381009-2026-Pass1-Z1-2MU00693_20260729_051350_000;1.6;5.0;43.0;Pipkuh;0.99;;;;;
Car381009-2026-Pass1-Z1-2MU00693_20260729_051350_000;0.0;4.4;22.0;Plaint;0.05;noise;;;;
Car381009-2026-Pass1-Z1-2MU00693_20260729_051405_000;0.0;2.0;25.0;Phogri;0.71;;;;;
Car381009-2026-Pass1-Z1-2MU00693_20260729_051410_000;0.0;5.0;23.0;noise;0.25;;;;;
Car381009-2026-Pass1-Z1-2MU00693_20260729_051410_000;0.0;5.0;26.0;Plaint;0.07;Phogri;;;;
Car381009-2026-Pass1-Z1-2MU00693_20260729_051416_000;0.0;2.1;32.0;Leppun;0.25;;;;;
Car381009-2026-Pass1-Z1-2MU00693_20260729_051416_000;0.0;2.1;24.0;Phogri;0.9;;;;;
Car381009-2026-Pass1-Z1-2MU00693_20260729_051422_000;0.0;1.9;26.0;noise;0.15;;;;;
Car381009-2026-Pass1-Z1-2MU00693_20260729_051422_000;0.7;1.9;27.0;Phogri;0.06;;;;;
Car381009-2026-Pass1-Z1-2MU00693_20260729_051426_000;0.3;1.8;13.0;noise;0.47;;;;;
Car381009-2026-Pass1-Z1-2MU00693_20260729_051426_000;0.0;1.9;27.0;Phogri;0.35;;;;;
Car381009-2026-Pass1-Z1-2MU00693_20260729_051429_000;0.0;3.1;23.0;noise;0.1;;;;;
Car381009-2026-Pass1-Z1-2MU00693_20260729_051429_000;0.0;3.6;25.0;Phogri;0.06;Plaint;;;;
Car381009-2026-Pass1-Z1-2MU00693_20260729_051439_000;0.0;2.1;25.0;Phogri;0.72;;;;;
Car381009-2026-Pass1-Z1-2MU00693_20260729_051439_000;0.5;2.0;40.0;Pipkuh;0.99;;;;;
Car381009-2026-Pass1-Z1-2MU00693_20260729_051450_000;0.0;1.9;25.0;Phogri;0.69;;;;;
Car381009-2026-Pass1-Z1-2MU00693_20260729_051450_000;0.1;2.0;45.0;Pippip;0.98;;;;;
Car381009-2026-Pass1-Z1-2MU00693_20260729_051456_000;0.0;1.5;24.0;noise;0.13;;;;;
Car381009-2026-Pass1-Z1-2MU00693_20260729_051456_000;0.3;1.5;25.0;Phogri;0.52;;;;;
Car381009-2026-Pass1-Z1-2MU00693_20260729_051507_000;1.6;4.0;23.0;Phogri;0.76;;;;;
Car381009-2026-Pass1-Z1-2MU00693_20260729_051507_000;0.0;3.4;41.0;Pipkuh;0.99;;;;;
Car381009-2026-Pass1-Z1-2MU00693_20260729_051507_000;0.5;4.9;22.0;Plaint;0.12;;;;;
Car381009-2026-Pass1-Z1-2MU00693_20260729_051520_000;1.3;1.7;20.0;Nyclei;0.09;Cyrscu;;;;
Car381009-2026-Pass1-Z1-2MU00693_20260729_051520_000;0.0;2.1;26.0;Phogri;0.71;;;;;
Car381009-2026-Pass1-Z1-2MU00693_20260729_051528_000;0.1;4.4;22.0;noise;0.18;;;;;
Car381009-2026-Pass1-Z1-2MU00693_20260729_051528_000;3.3;4.3;29.0;Phogri;0.78;;;;;
Car381009-2026-Pass1-Z1-2MU00693_20260729_051528_000;0.0;5.0;40.0;Pipkuh;0.99;;;;;
Car381009-2026-Pass1-Z1-2MU00693_20260729_051536_000;0.9;2.0;39.0;Pipkuh;0.92;;;;;
Car381009-2026-Pass1-Z1-2MU00693_20260729_051536_000;0.0;2.1;21.0;Phogri;0.1;noise;;;;
Car381009-2026-Pass1-Z1-2MU00693_20260729_051539_000;1.3;4.7;19.0;noise;0.21;;;;;
Car381009-2026-Pass1-Z1-2MU00693_20260729_051539_000;0.0;3.5;23.0;Phogri;0.75;;;;;
Car381009-2026-Pass1-Z1-2MU00693_20260729_051539_000;0.2;5.0;47.0;Pipkuh;0.99;;;;;
Car381009-2026-Pass1-Z1-2MU00693_20260729_051555_000;0.8;0.9;39.0;Leppun;0.97;;;;;
Car381009-2026-Pass1-Z1-2MU00693_20260729_051555_000;0.0;5.0;21.0;Phogri;0.82;;;;;
Car381009-2026-Pass1-Z1-2MU00693_20260729_051555_000;0.3;5.0;44.0;Pipkuh;0.98;;;;;
Car381009-2026-Pass1-Z1-2MU00693_20260729_051623_000;0.4;1.5;20.0;noise;0.25;;;;;
Car381009-2026-Pass1-Z1-2MU00693_20260729_051623_000;0.0;1.5;25.0;Phogri;0.69;;;;;
Car381009-2026-Pass1-Z1-2MU00693_20260729_051623_000;0.5;0.8;39.0;Pipkuh;0.94;;;;;
Car381009-2026-Pass1-Z1-2MU00693_20260729_051626_000;0.3;4.8;22.0;Phogri;0.08;noise, Tetvir;;;;
Car381009-2026-Pass1-Z1-2MU00693_20260729_051626_000;0.3;5.0;42.0;Pipkuh;0.98;;;;;
Car381009-2026-Pass1-Z1-2MU00693_20260729_051638_000;0.0;1.8;21.0;noise;0.07;Phogri, Tetvir;;;;
Car381009-2026-Pass1-Z1-2MU00693_20260729_051638_000;0.1;2.0;40.0;Pipkuh;0.98;;;;;
Car381009-2026-Pass1-Z1-2MU00693_20260729_051642_000;0.1;2.0;25.0;Phogri;0.94;;;;;
Car381009-2026-Pass1-Z1-2MU00693_20260729_051642_000;0.0;2.3;41.0;Pipkuh;0.99;;;;;
Car381009-2026-Pass1-Z1-2MU00693_20260729_051647_000;0.0;2.0;24.0;Phogri;0.71;;;;;
Car381009-2026-Pass1-Z1-2MU00693_20260729_051647_000;0.0;1.0;39.0;Pipkuh;0.73;;;;;
Car381009-2026-Pass1-Z1-2MU00693_20260729_051649_000;0.0;1.7;21.0;Phogri;0.6;;;;;
Car381009-2026-Pass1-Z1-2MU00693_20260729_051652_000;0.0;0.5;21.0;Phogri;0.55;;;;;
Car381009-2026-Pass1-Z1-2MU00693_20260729_051656_000;0.0;1.8;24.0;Phogri;0.48;;;;;
Car381009-2026-Pass1-Z1-2MU00693_20260729_051700_000;0.4;1.2;20.0;noise;0.07;;;;;
Car381009-2026-Pass1-Z1-2MU00693_20260729_051700_000;0.0;1.6;24.0;Phogri;0.62;;;;;
Car381009-2026-Pass1-Z1-2MU00693_20260729_051704_000;0.0;1.6;27.0;Phogri;0.73;;;;;
Car381009-2026-Pass1-Z1-2MU00693_20260729_051709_000;0.0;2.0;20.0;noise;0.17;Phogri;;;;
Car381009-2026-Pass1-Z1-2MU00693_20260729_051715_000;0.0;2.0;22.0;noise;0.29;;;;;
Car381009-2026-Pass1-Z1-2MU00693_20260729_051715_000;0.0;0.1;41.0;Phogri;0.22;;;;;
Car381009-2026-Pass1-Z1-2MU00693_20260729_051722_000;0.3;1.5;21.0;noise;0.33;;;;;
Car381009-2026-Pass1-Z1-2MU00693_20260729_051722_000;0.0;0.4;26.0;Phogri;0.11;;;;;
Car381009-2026-Pass1-Z1-2MU00693_20260729_051729_000;2.0;2.8;24.0;Isopyr;0.18;;;;;
Car381009-2026-Pass1-Z1-2MU00693_20260729_051729_000;0.7;1.6;29.0;piaf;0.46;;;;;
Car381009-2026-Pass1-Z1-2MU00693_20260729_051729_000;2.4;3.0;44.0;Pippip;0.97;;;;;
Car381009-2026-Pass1-Z1-2MU00693_20260729_051733_000;0.9;3.5;18.0;Phogri;0.81;;;;;
Car381009-2026-Pass1-Z1-2MU00693_20260729_051733_000;0.0;3.0;42.0;Pippip;0.91;;;;;
Car381009-2026-Pass1-Z1-2MU00693_20260729_051742_000;0.0;1.3;38.0;noise;0.06;Leppun, Tetvir, Phogri;;;;
Car381009-2026-Pass1-Z1-2MU00693_20260729_051742_000;0.0;1.4;25.0;Phogri;0.06;noise;;;;
Car381009-2026-Pass1-Z1-2MU00693_20260729_051748_000;0.0;1.4;23.0;Phogri;0.46;;;;;
Car381009-2026-Pass1-Z1-2MU00693_20260729_051756_000;0.0;2.0;25.0;noise;0.19;;;;;
Car381009-2026-Pass1-Z1-2MU00693_20260729_051756_000;0.0;0.8;33.0;Phogri;0.04;Tetvir, Plaint, Metbra;;;;
Car381009-2026-Pass1-Z1-2MU00693_20260729_051758_000;0.0;1.4;23.0;Phogri;0.54;;;;;
Car381009-2026-Pass1-Z1-2MU00693_20260729_051758_000;0.3;1.0;40.0;Pipkuh;0.62;;;;;
Car381009-2026-Pass1-Z1-2MU00693_20260729_051802_000;0.0;4.8;21.0;noise;0.08;Phogri;;;;
Car381009-2026-Pass1-Z1-2MU00693_20260729_051802_000;0.0;4.8;41.0;Pipkuh;0.98;;;;;
Car381009-2026-Pass1-Z1-2MU00693_20260729_051810_000;0.0;2.9;23.0;Phogri;0.69;;;;;
Car381009-2026-Pass1-Z1-2MU00693_20260729_051810_000;0.0;2.5;41.0;Pipkuh;0.99;;;;;
Car381009-2026-Pass1-Z1-2MU00693_20260729_051816_000;0.0;1.9;22.0;Phogri;0.73;;;;;
Car381009-2026-Pass1-Z1-2MU00693_20260729_051821_000;0.1;1.8;20.0;noise;0.14;;;;;
Car381009-2026-Pass1-Z1-2MU00693_20260729_051821_000;0.0;0.1;39.0;Phogri;0.04;Tetvir, Plaint, Pippip;;;;
Car381009-2026-Pass1-Z1-2MU00693_20260729_051828_000;1.5;1.6;21.0;noise;0.09;;;;;
Car381009-2026-Pass1-Z1-2MU00693_20260729_051828_000;0.0;0.4;25.0;Phogri;0.66;;;;;
Car381009-2026-Pass1-Z1-2MU00693_20260729_051832_000;0.3;2.1;23.0;noise;0.2;;;;;
Car381009-2026-Pass1-Z1-2MU00693_20260729_051832_000;0.0;0.1;30.0;Phogri;0.55;;;;;
Car381009-2026-Pass1-Z1-2MU00693_20260729_051840_000;0.0;1.9;20.0;noise;0.18;;;;;
Car381009-2026-Pass1-Z1-2MU00693_20260729_051845_000;0.3;2.0;22.0;noise;0.21;;;;;
Car381009-2026-Pass1-Z1-2MU00693_20260729_051845_000;0.0;0.1;34.0;Phogri;0.79;;;;;
Car381009-2026-Pass1-Z1-2MU00693_20260729_051900_000;0.0;1.6;25.0;Phogri;0.41;;;;;
Car381009-2026-Pass1-Z1-2MU00693_20260729_051906_000;0.0;2.1;26.0;Phogri;0.82;;;;;
Car381009-2026-Pass1-Z1-2MU00693_20260729_051917_000;0.0;2.1;25.0;Phogri;0.69;;;;;
Car381009-2026-Pass1-Z1-2MU00693_20260729_051925_000;0.4;5.0;18.0;noise;0.29;;;;;
Car381009-2026-Pass1-Z1-2MU00693_20260729_051925_000;0.0;4.5;25.0;Nyclei;0.98;;;;;
Car381009-2026-Pass1-Z1-2MU00693_20260729_051925_000;1.2;4.7;25.0;Phogri;0.81;;;;;
Car381009-2026-Pass1-Z1-2MU00693_20260729_051937_000;0.7;0.8;38.0;noise;0.32;;;;;
Car381009-2026-Pass1-Z1-2MU00693_20260729_051937_000;0.0;3.7;20.0;Phogri;0.92;;;;;
Car381009-2026-Pass1-Z1-2MU00693_20260729_051947_000;0.0;2.5;26.0;noise;0.18;;;;;
Car381009-2026-Pass1-Z1-2MU00693_20260729_051947_000;0.0;0.6;28.0;Testes;0.22;;;;;
Car381009-2026-Pass1-Z1-2MU00693_20260729_051953_000;0.0;1.0;26.0;noise;0.05;;;;;
Car381009-2026-Pass1-Z1-2MU00693_20260729_051953_000;0.0;1.8;20.0;Phogri;0.54;;;;;
Car381009-2026-Pass1-Z1-2MU00693_20260729_052001_000;0.0;2.1;22.0;Phogri;0.43;;;;;
Car381009-2026-Pass1-Z1-2MU00693_20260729_052011_000;0.0;2.1;20.0;Phogri;0.95;;;;;
Car381009-2026-Pass1-Z1-2MU00693_20260729_052019_000;0.1;1.8;20.0;noise;0.15;;;;;
Car381009-2026-Pass1-Z1-2MU00693_20260729_052019_000;0.0;0.6;26.0;Phogri;0.8;;;;;
Car381009-2026-Pass1-Z1-2MU00693_20260729_052023_000;0.0;1.6;14.0;Phogri;0.7;;;;;
Car381009-2026-Pass1-Z1-2MU00693_20260729_052023_000;0.0;0.3;29.0;Testes;0.15;;;;;
Car381009-2026-Pass1-Z1-2MU00693_20260729_052025_000;0.0;3.8;21.0;Phogri;0.97;;;;;
Car381009-2026-Pass1-Z1-2MU00693_20260729_052025_000;0.0;0.6;32.0;Testes;0.65;;;;;
Car381009-2026-Pass1-Z1-2MU00693_20260729_052034_000;0.0;1.0;35.0;noise;0.06;;;;;
Car381009-2026-Pass1-Z1-2MU00693_20260729_052034_000;0.9;2.9;24.0;Phogri;0.82;;;;;
Car381009-2026-Pass1-Z1-2MU00693_20260729_052034_000;0.3;2.9;13.0;Tetvir;0.48;;;;;
Car381009-2026-Pass1-Z1-2MU00693_20260729_052042_000;0.0;0.5;30.0;noise;0.39;;;;;
Car381009-2026-Pass1-Z1-2MU00693_20260729_052042_000;0.0;2.9;24.0;Phogri;0.96;;;;;
Car381009-2026-Pass1-Z1-2MU00693_20260729_052048_000;0.0;3.2;22.0;noise;0.1;Tetvir;;;;
Car381009-2026-Pass1-Z1-2MU00693_20260729_052048_000;0.0;3.1;31.0;Phogri;0.75;;;;;
Car381009-2026-Pass1-Z1-2MU00693_20260729_052055_000;0.0;2.1;23.0;Phogri;0.73;;;;;
Car381009-2026-Pass1-Z1-2MU00693_20260729_052100_000;0.2;2.8;32.0;Leppun;0.24;;;;;
Car381009-2026-Pass1-Z1-2MU00693_20260729_052100_000;0.0;2.9;26.0;Phogri;0.81;;;;;
Car381009-2026-Pass1-Z1-2MU00693_20260729_052103_000;0.0;1.3;22.0;Phogri;0.76;;;;;
Car381009-2026-Pass1-Z1-2MU00693_20260729_052107_000;0.0;2.1;18.0;Phogri;0.72;;;;;
Car381009-2026-Pass1-Z1-2MU00693_20260729_052119_000;0.0;1.5;22.0;Phogri;0.99;;;;;
Car381009-2026-Pass1-Z1-2MU00693_20260729_052124_000;0.0;5.0;23.0;Phogri;0.61;;;;;
Car381009-2026-Pass1-Z1-2MU00693_20260729_052124_000;0.0;4.9;55.0;Pippip;0.99;;;;;
Car381009-2026-Pass1-Z1-2MU00693_20260729_052124_000;0.2;5.0;21.0;Plaalb;0.04;noise, Tetvir, Plaint;;;;
Car381009-2026-Pass1-Z1-2MU00693_20260729_052129_000;1.9;2.0;37.0;Leppun;0.14;;;;;
Car381009-2026-Pass1-Z1-2MU00693_20260729_052129_000;0.0;2.1;21.0;noise;0.19;;;;;
Car381009-2026-Pass1-Z1-2MU00693_20260729_052134_000;0.0;1.3;39.0;Leppun;0.36;;;;;
Car381009-2026-Pass1-Z1-2MU00693_20260729_052134_000;0.0;3.3;19.0;Phogri;0.88;;;;;
Car381009-2026-Pass1-Z1-2MU00693_20260729_052138_000;1.8;1.9;20.0;noise;0.16;;;;;
Car381009-2026-Pass1-Z1-2MU00693_20260729_052138_000;0.0;1.6;25.0;Phogri;0.84;;;;;
Car381009-2026-Pass1-Z1-2MU00693_20260729_052150_000;0.0;2.0;23.0;noise;0.27;;;;;
Car381009-2026-Pass1-Z1-2MU00693_20260729_052150_000;0.6;1.8;33.0;Phogri;0.92;;;;;
Car381009-2026-Pass1-Z1-2MU00693_20260729_052156_000;0.0;2.1;22.0;Phogri;0.87;;;;;
Car381009-2026-Pass1-Z1-2MU00693_20260729_052156_000;1.3;2.1;34.0;Testes;0.27;;;;;
Car381009-2026-Pass1-Z1-2MU00693_20260729_052209_000;0.4;0.5;20.0;noise;0.48;;;;;
Car381009-2026-Pass1-Z1-2MU00693_20260729_052209_000;0.0;2.0;18.0;Phogri;0.98;;;;;
Car381009-2026-Pass1-Z1-2MU00693_20260729_052212_000;0.0;2.0;23.0;Phogri;0.7;;;;;
Car381009-2026-Pass1-Z1-2MU00693_20260729_052212_000;0.0;0.2;33.0;Antsp;0.06;noise, Testes, Insp12;;;;
Car381009-2026-Pass1-Z1-2MU00693_20260729_052216_000;0.0;1.7;22.0;noise;0.25;;;;;
Car381009-2026-Pass1-Z1-2MU00693_20260729_052228_000;0.0;1.8;20.0;Phogri;0.83;;;;;
Car381009-2026-Pass1-Z1-2MU00693_20260729_052235_000;0.2;3.3;20.0;noise;0.26;;;;;
Car381009-2026-Pass1-Z1-2MU00693_20260729_052235_000;0.0;3.3;47.0;Pippip;0.99;;;;;
Car381009-2026-Pass1-Z1-2MU00693_20260729_052240_000;0.0;1.8;24.0;Phogri;0.86;;;;;
Car381009-2026-Pass1-Z1-2MU00693_20260729_052240_000;1.0;2.1;36.0;Testes;0.16;;;;;
Car381009-2026-Pass1-Z1-2MU00693_20260729_052243_000;0.0;1.9;22.0;Phogri;0.69;;;;;
Car381009-2026-Pass1-Z1-2MU00693_20260729_052254_000;0.0;1.5;20.0;Phogri;0.83;;;;;
Car381009-2026-Pass1-Z1-2MU00693_20260729_052306_000;0.6;5.0;16.0;Phogri;0.92;;;;;
Car381009-2026-Pass1-Z1-2MU00693_20260729_052306_000;0.0;5.0;41.0;Pipkuh;0.99;;;;;
Car381009-2026-Pass1-Z1-2MU00693_20260729_052316_000;0.0;2.2;23.0;Phogri;0.69;;;;;
Car381009-2026-Pass1-Z1-2MU00693_20260729_052316_000;0.1;0.3;34.0;Testes;0.06;noise;;;;
Car381009-2026-Pass1-Z1-2MU00693_20260729_052319_000;0.0;1.9;21.0;noise;0.72;;;;;
Car381009-2026-Pass1-Z1-2MU00693_20260729_052319_000;0.0;0.1;39.0;Phogri;0.68;;;;;
Car381009-2026-Pass1-Z1-2MU00693_20260729_052325_000;0.0;0.1;31.0;Phogri;0.73;;;;;
Car381009-2026-Pass1-Z1-2MU00693_20260729_052325_000;0.4;1.2;13.0;Tetvir;0.79;;;;;
Car381009-2026-Pass1-Z1-2MU00693_20260729_052335_000;0.4;2.6;20.0;noise;0.3;;;;;
Car381009-2026-Pass1-Z1-2MU00693_20260729_052335_000;0.0;2.5;27.0;Phogri;0.86;;;;;
Car381009-2026-Pass1-Z1-2MU00693_20260729_052351_000;0.0;1.9;17.0;Phogri;0.99;;;;;
Car381009-2026-Pass1-Z1-2MU00693_20260729_052403_000;0.0;2.1;20.0;Phogri;0.98;;;;;
Car381009-2026-Pass1-Z1-2MU00693_20260729_052416_000;0.0;2.0;18.0;noise;0.76;;;;;
Car381009-2026-Pass1-Z1-2MU00693_20260729_052416_000;0.0;2.0;20.0;Phogri;0.95;;;;;
Car381009-2026-Pass1-Z1-2MU00693_20260729_052428_000;0.0;1.7;20.0;Phogri;0.73;;;;;
Car381009-2026-Pass1-Z1-2MU00693_20260729_052437_000;0.0;1.7;16.0;Phogri;0.41;;;;;
Car381009-2026-Pass1-Z1-2MU00693_20260729_052437_000;0.3;1.8;23.0;noise;0.04;Tetvir, Rhasp, Plaint;;;;
Car381009-2026-Pass1-Z1-2MU00693_20260729_052446_000;0.0;1.8;20.0;Phogri;0.89;;;;;
Car381009-2026-Pass1-Z1-2MU00693_20260729_052452_000;0.3;4.9;21.0;noise;0.2;;;;;
Car381009-2026-Pass1-Z1-2MU00693_20260729_052452_000;2.1;4.7;12.0;Phogri;0.67;;;;;
Car381009-2026-Pass1-Z1-2MU00693_20260729_052452_000;0.0;4.8;46.0;Pippip;0.99;;;;;
Car381009-2026-Pass1-Z1-2MU00693_20260729_052452_000;0.3;3.9;23.0;Plaint;0.05;Eptser;;;;
Car381009-2026-Pass1-Z1-2MU00693_20260729_052506_000;0.0;1.9;22.0;Phogri;0.91;;;;;
Car381009-2026-Pass1-Z1-2MU00693_20260729_052517_000;0.0;1.9;21.0;Phogri;0.78;;;;;
Car381009-2026-Pass1-Z1-2MU00693_20260729_052527_000;0.0;1.8;20.0;Phogri;0.94;;;;;
Car381009-2026-Pass1-Z1-2MU00693_20260729_052533_000;0.0;1.8;22.0;Phogri;0.85;;;;;
Car381009-2026-Pass1-Z1-2MU00693_20260729_052538_000;0.0;1.9;21.0;Phogri;0.76;;;;;
Car381009-2026-Pass1-Z1-2MU00693_20260729_052546_000;0.0;1.9;20.0;noise;0.19;;;;;
Car381009-2026-Pass1-Z1-2MU00693_20260729_052546_000;0.0;1.9;24.0;Phogri;0.91;;;;;
Car381009-2026-Pass1-Z1-2MU00693_20260729_052559_000;1.2;2.1;21.0;Phanan;0.04;noise, Tetvir, Cyrscu;;;;
Car381009-2026-Pass1-Z1-2MU00693_20260729_052559_000;0.0;2.1;24.0;Phogri;0.75;;;;;
Car381009-2026-Pass1-Z1-2MU00693_20260729_052559_000;0.4;2.0;52.0;Pippip;0.96;;;;;
Car381009-2026-Pass1-Z1-2MU00693_20260729_052603_000;0.0;4.4;23.0;Nyclei;0.99;;;;;
Car381009-2026-Pass1-Z1-2MU00693_20260729_052603_000;0.1;4.5;19.0;Phogri;0.67;;;;;
Car381009-2026-Pass1-Z1-2MU00693_20260729_052603_000;1.8;4.5;40.0;Pipkuh;0.99;;;;;
Car381009-2026-Pass1-Z1-2MU00693_20260729_052603_000;0.1;0.5;51.0;Pippip;0.53;;;;;
Car381009-2026-Pass1-Z1-2MU00693_20260729_052625_000;0.0;2.1;24.0;Phogri;0.97;;;;;
Car381009-2026-Pass1-Z1-2MU00693_20260729_052651_000;0.0;2.1;20.0;Phogri;0.38;;;;;
Car381009-2026-Pass1-Z1-2MU00693_20260729_052651_000;1.2;1.4;12.0;noise;0.04;Tetvir, Phofem, Eupsp, Pippip;;;;
Car381009-2026-Pass1-Z1-2MU00693_20260729_052700_000;0.0;2.1;15.0;Phogri;0.84;;;;;
Car381009-2026-Pass1-Z1-2MU00693_20260729_052716_000;0.0;1.7;17.0;Nyclei;0.99;;;;;
Car381009-2026-Pass1-Z1-2MU00693_20260729_052716_000;0.0;2.7;18.0;Phogri;0.66;;;;;
Car381009-2026-Pass1-Z1-2MU00693_20260729_052730_000;0.0;3.3;22.0;Nyclei;0.99;;Nyclei;SUR;;
Car381009-2026-Pass1-Z1-2MU00693_20260729_052730_000;0.0;4.2;21.0;Phogri;0.82;;;;;
Car381009-2026-Pass1-Z1-2MU00693_20260729_052730_000;2.9;5.0;42.0;Pipkuh;0.99;;;;;
Car381009-2026-Pass1-Z1-2MU00693_20260729_052745_000;0.0;1.5;19.0;Phogri;0.7;;;;;
Car381009-2026-Pass1-Z1-2MU00693_20260729_052803_000;0.0;4.2;39.0;Pipkuh;0.99;;;;;
Car381009-2026-Pass1-Z1-2MU00693_20260729_052803_000;0.3;4.3;21.0;Phogri;0.15;;;;;
Car381009-2026-Pass1-Z1-2MU00693_20260729_052803_000;0.2;2.7;12.0;Tetvir;0.28;;;;;
Car381009-2026-Pass1-Z1-2MU00693_20260729_052809_000;0.0;1.0;23.0;Phogri;0.76;;;;;
Car381009-2026-Pass1-Z1-2MU00693_20260729_052809_000;0.1;0.5;40.0;Pipkuh;0.97;;;;;
Car381009-2026-Pass1-Z1-2MU00693_20260729_052809_000;0.5;1.9;51.0;Pippip;0.99;;;;;
Car381009-2026-Pass1-Z1-2MU00693_20260729_052812_000;0.4;4.4;20.0;noise;0.22;;;;;
Car381009-2026-Pass1-Z1-2MU00693_20260729_052812_000;0.7;1.5;40.0;Pipkuh;0.98;;;;;
Car381009-2026-Pass1-Z1-2MU00693_20260729_052812_000;0.0;5.0;52.0;Pippip;0.98;;;;;
Car381009-2026-Pass1-Z1-2MU00693_20260729_052812_000;1.5;4.5;25.0;Plaint;0.05;Phogri;;;;
Car381009-2026-Pass1-Z1-2MU00693_20260729_052825_000;0.2;3.1;21.0;Phogri;0.76;;;;;
Car381009-2026-Pass1-Z1-2MU00693_20260729_052825_000;0.0;2.8;47.0;Pippip;0.99;;;;;
Car381009-2026-Pass1-Z1-2MU00693_20260729_052832_000;0.0;2.1;21.0;Phogri;0.72;;;;;
Car381009-2026-Pass1-Z1-2MU00693_20260729_052844_000;0.0;2.0;20.0;Phogri;0.86;;;;;
Car381009-2026-Pass1-Z1-2MU00693_20260729_052902_000;0.0;2.0;20.0;Phogri;0.78;;;;;
Car381009-2026-Pass1-Z1-2MU00693_20260729_052906_000;0.0;2.0;22.0;Phogri;0.47;;;;;
Car381009-2026-Pass1-Z1-2MU00693_20260729_052911_000;0.0;1.0;23.0;Phogri;0.43;;;;;
Car381009-2026-Pass1-Z1-2MU00693_20260729_052911_000;0.0;1.5;22.0;Plaint;0.03;noise, Tetvir;;;;
Car381009-2026-Pass1-Z1-2MU00693_20260729_052919_000;0.0;1.8;23.0;Phogri;0.6;;;;;
Car381009-2026-Pass1-Z1-2MU00693_20260729_052927_000;0.0;2.9;19.0;Phogri;0.79;;;;;
Car381009-2026-Pass1-Z1-2MU00693_20260729_052948_000;0.5;2.0;21.0;noise;0.19;;;;;
Car381009-2026-Pass1-Z1-2MU00693_20260729_052948_000;0.0;2.1;22.0;Phogri;0.77;;;;;
Car381009-2026-Pass1-Z1-2MU00693_20260729_052957_000;0.0;2.7;22.0;noise;0.38;;;;;
Car381009-2026-Pass1-Z1-2MU00693_20260729_053009_000;0.0;2.6;19.0;Phogri;0.97;;;;;
Car381009-2026-Pass1-Z1-2MU00693_20260729_053009_000;0.0;1.8;50.0;Pippip;0.99;;;;;
Car381009-2026-Pass1-Z1-2MU00693_20260729_053013_000;0.0;1.8;22.0;noise;0.15;;;;;
Car381009-2026-Pass1-Z1-2MU00693_20260729_053035_000;0.0;1.5;21.0;Phogri;0.81;;;;;
Car381009-2026-Pass1-Z1-2MU00693_20260729_053042_000;0.0;1.7;20.0;Phogri;0.99;;;;;
Car381009-2026-Pass1-Z1-2MU00693_20260729_053116_000;0.0;1.1;22.0;noise;0.18;;;;;
Car381009-2026-Pass1-Z1-2MU00693_20260729_053116_000;0.1;2.0;13.0;Phogri;0.53;;;;;
Car381009-2026-Pass1-Z1-2MU00693_20260729_053124_000;0.0;2.1;24.0;Phogri;0.61;;;;;
Car381009-2026-Pass1-Z1-2MU00693_20260729_053127_000;0.0;2.0;24.0;Phogri;0.72;;;;;
Car381009-2026-Pass1-Z1-2MU00693_20260729_053134_000;0.0;2.0;22.0;Phogri;0.44;;;;;
Car381009-2026-Pass1-Z1-2MU00693_20260729_053147_000;0.0;1.7;23.0;noise;0.15;;;;;
Car381009-2026-Pass1-Z1-2MU00693_20260729_053151_000;0.4;4.8;24.0;Phogri;0.82;;;;;
Car381009-2026-Pass1-Z1-2MU00693_20260729_053151_000;0.0;5.0;44.0;Pipkuh;0.99;;;;;
Car381009-2026-Pass1-Z1-2MU00693_20260729_053151_000;0.3;3.1;13.0;noise;0.04;Tetvir, Tadten;;;;
Car381009-2026-Pass1-Z1-2MU00693_20260729_053237_000;0.1;3.7;21.0;noise;0.26;;;;;
Car381009-2026-Pass1-Z1-2MU00693_20260729_053237_000;0.0;5.0;38.0;Pipkuh;0.97;;;;;
Car381009-2026-Pass1-Z1-2MU00693_20260729_053237_000;0.8;5.0;49.0;Pippip;0.99;;Pippip;SUR;;
Car381009-2026-Pass1-Z1-2MU00693_20260729_053245_000;0.5;2.7;22.0;noise;0.15;;;;;
Car381009-2026-Pass1-Z1-2MU00693_20260729_053245_000;0.0;1.2;45.0;Pippip;0.99;;;;;
Car381009-2026-Pass1-Z1-2MU00693_20260729_053303_000;0.0;1.6;24.0;noise;0.13;;;;;
Car381009-2026-Pass1-Z1-2MU00693_20260729_053314_000;0.5;5.0;32.0;Eptser;0.96;;;;;
Car381009-2026-Pass1-Z1-2MU00693_20260729_053314_000;1.8;4.6;20.0;noise;0.07;Phanan, Phogri;;;;
Car381009-2026-Pass1-Z1-2MU00693_20260729_053314_000;0.0;4.9;39.0;Pipkuh;0.82;;;;;
Car381009-2026-Pass1-Z1-2MU00693_20260729_053325_000;1.1;3.1;18.0;noise;0.07;Phanan;;;;
Car381009-2026-Pass1-Z1-2MU00693_20260729_053325_000;0.0;3.1;22.0;Phogri;0.83;;;;;
Car381009-2026-Pass1-Z1-2MU00693_20260729_053402_000;0.0;0.7;25.0;Phogri;0.24;;;;;
Car381009-2026-Pass1-Z1-2MU00693_20260729_053429_000;0.0;1.2;21.0;noise;0.13;;;;;
Car381009-2026-Pass1-Z1-2MU00693_20260729_053432_000;0.0;1.8;30.0;Phogri;0.79;;;;;
Car381009-2026-Pass1-Z1-2MU00693_20260729_053440_000;0.0;1.3;22.0;noise;0.09;;;;;
Car381009-2026-Pass1-Z1-2MU00693_20260729_053538_000;0.2;3.6;24.0;noise;0.09;;;;;
Car381009-2026-Pass1-Z1-2MU00693_20260729_053538_000;1.0;1.2;24.0;Nyclei;0.06;Cyrscu;;;;
Car381009-2026-Pass1-Z1-2MU00693_20260729_053538_000;0.0;3.2;51.0;Pippip;0.99;;;;;
Car381009-2026-Pass1-Z1-2MU00693_20260729_053609_000;0.0;1.9;19.0;Phogri;0.68;;;;;
Car381009-2026-Pass1-Z1-2MU00693_20260729_053618_000;0.0;4.4;42.0;Leppun;0.8;;;;;
Car381009-2026-Pass1-Z1-2MU00693_20260729_053618_000;0.0;4.8;48.0;Myomys;0.96;;;;;
Car381009-2026-Pass1-Z1-2MU00693_20260729_053618_000;0.7;4.5;20.0;Phogri;0.13;Eupsp, noise;;;;
Car381009-2026-Pass1-Z1-2MU00693_20260729_053618_000;0.0;4.0;27.0;Pipkuh;0.19;;;;;
Car381009-2026-Pass1-Z1-2MU00693_20260729_053626_000;0.0;0.2;39.0;Leppun;0.5;;;;;
Car381009-2026-Pass1-Z1-2MU00693_20260729_053626_000;0.2;0.8;46.0;Myomys;0.16;Myodau;;;;
Car381009-2026-Pass1-Z1-2MU00693_20260729_053626_000;0.2;1.8;20.0;noise;0.74;;;;;
Car381009-2026-Pass1-Z1-2MU00693_20260729_053638_000;0.0;2.0;25.0;Phogri;0.47;;;;;
Car381009-2026-Pass1-Z1-2MU00693_20260729_053825_000;0.0;3.2;57.0;Myomys;0.99;;;;;
Car381009-2026-Pass1-Z1-2MU00693_20260729_053825_000;1.6;3.7;15.0;noise;0.23;;;;;
Car381009-2026-Pass1-Z1-2MU00693_20260729_053845_000;0.5;0.6;31.0;noise;0.04;Leppun, Tetvir;;;;
Car381009-2026-Pass1-Z1-2MU00693_20260729_053845_000;0.0;2.6;29.0;Phogri;0.73;;;;;
Car381009-2026-Pass1-Z1-2MU00693_20260729_053918_000;0.7;2.8;24.0;noise;0.1;;;;;
Car381009-2026-Pass1-Z1-2MU00693_20260729_053918_000;0.0;2.6;50.0;Pippip;0.99;;;;;
Car381009-2026-Pass1-Z1-2MU00693_20260729_054053_000;0.0;1.3;25.0;noise;0.2;;;;;
Car381009-2026-Pass1-Z1-2MU00693_20260729_054104_000;1.0;1.9;25.0;noise;0.34;;;;;
Car381009-2026-Pass1-Z1-2MU00693_20260729_054104_000;0.0;2.0;40.0;Pipkuh;0.98;;;;;
Car381009-2026-Pass1-Z1-2MU00693_20260729_054107_000;0.0;3.8;40.0;Pipkuh;0.99;;;;;
Car381009-2026-Pass1-Z1-2MU00693_20260729_054107_000;0.7;4.1;27.0;Phogri;0.05;noise;;;;
Car381009-2026-Pass1-Z1-2MU00693_20260729_054401_000;0.6;2.7;19.0;noise;0.27;;;;;
Car381009-2026-Pass1-Z1-2MU00693_20260729_054401_000;0.0;3.2;47.0;Pippip;0.99;;;;;
Car381009-2026-Pass1-Z1-2MU00693_20260729_054713_000;0.0;1.9;41.0;Myodau;0.59;;;;;
Car381009-2026-Pass1-Z1-2MU00693_20260729_054713_000;0.6;2.7;14.0;Phogri;0.42;;;;;
Car381009-2026-Pass1-Z1-2MU00693_20260729_054713_000;0.9;1.3;41.0;Pipkuh;0.53;;;;;
Car381009-2026-Pass1-Z1-2MU00693_20260729_054828_000;0.4;4.6;27.0;noise;0.19;;;;;
Car381009-2026-Pass1-Z1-2MU00693_20260729_054828_000;0.0;4.3;51.0;Pippip;0.99;;;;;
Car381009-2026-Pass1-Z1-2MU00693_20260729_055113_000;0.0;2.4;17.0;noise;0.24;;;;;
Car381009-2026-Pass1-Z1-2MU00693_20260729_055113_000;0.0;2.4;20.0;Phogri;0.04;Tetvir, Phanan, Isopyr;;;;
Car381009-2026-Pass1-Z1-2MU00693_20260729_055126_000;0.0;1.4;12.0;noise;0.81;;;;;
Car381009-2026-Pass1-Z1-2MU00693_20260729_055153_000;0.0;0.6;28.0;noise;0.52;;;;;
Car381009-2026-Pass1-Z1-2MU00693_20260729_060518_000;0.0;1.8;27.0;noise;0.21;;;;;
Car381009-2026-Pass1-Z1-2MU00693_20260729_060534_000;0.0;1.4;31.0;Leppun;0.22;;;;;
Car381009-2026-Pass1-Z1-2MU00693_20260729_060548_000;0.0;0.2;26.0;noise;0.36;;;;;
Car381009-2026-Pass1-Z1-2MU00693_20260729_060548_000;0.0;0.2;31.0;Testes;0.16;;;;;
Car381009-2026-Pass1-Z1-2MU00693_20260729_060553_000;0.0;0.7;27.0;Phogri;0.47;;;;;
Car381009-2026-Pass1-Z1-2MU00693_20260729_061055_000;0.0;1.8;24.0;noise;0.29;;;;;
Car381009-2026-Pass1-Z1-2MU00693_20260729_061055_000;0.7;1.4;29.0;Antsp;0.07;;;;;
Car381009-2026-Pass1-Z1-2MU00693_20260729_061851_000;0.1;3.0;22.0;noise;0.56;;;;;
Car381009-2026-Pass1-Z1-2MU00693_20260729_061958_000;0.0;1.2;28.0;noise;0.29;;;;;
Car381009-2026-Pass1-Z1-2MU00693_20260729_063219_000;0.0;1.8;19.0;noise;0.31;;;;;
Car381009-2026-Pass1-Z1-2MU00693_20260729_063303_000;0.6;2.9;22.0;noise;0.41;;;;;
Car381009-2026-Pass1-Z1-2MU00693_20260729_063750_000;1.0;1.7;36.0;Leppun;0.18;;;;;
Car381009-2026-Pass1-Z1-2MU00693_20260729_063750_000;0.2;0.3;12.0;noise;0.18;;;;;
Car381009-2026-Pass1-Z1-2MU00693_20260729_063758_000;0.2;2.0;33.0;noise;0.72;;;;;
Car381009-2026-Pass1-Z1-2MU00693_20260729_063806_000;0.0;0.1;43.0;Leppun;0.11;noise;;;;
Car381009-2026-Pass1-Z1-2MU00693_20260729_063830_000;0.0;0.1;16.0;noise;0.14;;;;;
Car381009-2026-Pass1-Z1-2MU00693_20260729_063956_000;1.0;1.1;7.0;piaf;0.98;;;;;
Car381009-2026-Pass1-Z1-2MU00693_20260729_064015_000;0.0;0.1;16.0;noise;0.1;piaf;;;;
Car381009-2026-Pass1-Z1-2MU00693_20260729_064026_000;0.0;0.1;22.0;noise;0.15;;;;;
Car381009-2026-Pass1-Z1-2MU00693_20260729_064030_000;1.2;1.3;26.0;noise;0.82;;;;;
Car381009-2026-Pass1-Z1-2MU00693_20260729_064030_000;0.2;1.6;10.0;piaf;0.95;;;;;
Car381009-2026-Pass1-Z1-2MU00693_20260729_064039_000;0.1;0.2;30.0;noise;0.69;;;;;
Car381009-2026-Pass1-Z1-2MU00693_20260729_064039_000;0.1;0.2;20.0;piaf;0.06;;;;;
Car381009-2026-Pass1-Z1-2MU00693_20260729_064048_000;0.5;0.7;31.0;Leppun;0.09;noise;;;;
Car381009-2026-Pass1-Z1-2MU00693_20260729_064054_000;0.9;2.0;43.0;Leppun;0.11;;;;;
Car381009-2026-Pass1-Z1-2MU00693_20260729_064054_000;0.0;4.5;31.0;noise;0.41;;;;;
Car381009-2026-Pass1-Z1-2MU00693_20260729_064106_000;0.0;0.1;47.0;noise;0.71;;;;;
Car381009-2026-Pass1-Z1-2MU00693_20260729_064106_000;0.3;0.4;48.0;Tetvir;0.02;Pippip, piaf, Yposp, Yerray, Yerbey, Vesmur, Urosp, Tyllil, Thycor, Tetpyg, Tetarg, Testes, Tadten, Sepsep, Rusnit, Roeroe, Rhihip, Rhifer, Rhieur, Rhasp, Ratnor, Plemac, Pleaus, Pleaur, Plasab, Plaint, Plafal, Plaalb, Plaaff, Pippyg, Pipnat, Pipkuh, Phogri, Phofem, Phanan, Phafal, Nycnoc, Nyclei, Nyclas, Myonat, Myomys, MyoGT, Myoema, Myodau, Myogla, Myocap, Myobec, Myoalc, Mussp, Minsch, Mimasp, Micagr, Metbra, mamm, Leppun, Lepbos, Lepalb, Lamsp., Isopyr, Inssp8, Inssp7, Inssp5, Insp12, Insp11, Insp10, Hypsav, gril, Eupsp, Eptser, Eptnil, Epheph, Decalb, Cyrscu, Cympud, criq, Confus, Tetarg, Barfis, Barbar, Antsp, amph;;;;
Car381009-2026-Pass1-Z1-2MU00693_20260729_064109_000;0.1;1.0;37.0;noise;0.32;;;;;
Car381009-2026-Pass1-Z1-2MU00693_20260729_064112_000;1.2;1.3;72.0;noise;0.75;;;;;
Car381009-2026-Pass1-Z1-2MU00693_20260729_064116_000;0.0;0.1;22.0;piaf;0.18;noise;;;;
Car381009-2026-Pass1-Z1-2MU00693_20260729_064119_000;0.0;0.7;43.0;noise;0.79;;;;;
Car381009-2026-Pass1-Z1-2MU00693_20260729_064133_000;0.0;2.1;16.0;piaf;0.81;;;;;
Car381009-2026-Pass1-Z1-2MU00693_20260729_064136_000;0.2;1.2;9.0;piaf;0.98;;;;;
Car381009-2026-Pass1-Z1-2MU00693_20260729_064140_000;0.0;0.1;23.0;noise;0.83;;;;;
Car381009-2026-Pass1-Z1-2MU00693_20260729_064147_000;0.0;0.1;38.0;noise;0.06;Leppun;;;;
Car381009-2026-Pass1-Z1-2MU00693_20260729_064157_000;1.9;2.3;27.0;noise;0.23;;;;;
Car381009-2026-Pass1-Z1-2MU00693_20260729_064157_000;1.9;2.1;17.0;piaf;0.11;;;;;
Car381009-2026-Pass1-Z1-2MU00693_20260729_064204_000;0.0;1.4;13.0;noise;0.56;;;;;
Car381009-2026-Pass1-Z1-2MU00693_20260729_064209_000;0.0;1.0;11.0;piaf;0.5;;;;;
Car381009-2026-Pass1-Z1-2MU00693_20260729_064213_000;1.1;1.4;24.0;noise;0.12;;;;;
Car381009-2026-Pass1-Z1-2MU00693_20260729_064219_000;1.3;4.6;38.0;Phogri;0.22;;;;;
Car381009-2026-Pass1-Z1-2MU00693_20260729_064219_000;0.0;3.5;18.0;noise;0.17;;;;;
Car381009-2026-Pass1-Z1-2MU00693_20260729_064236_000;0.0;0.1;21.0;noise;0.08;piaf;;;;
Car381009-2026-Pass1-Z1-2MU00693_20260729_064241_000;0.0;3.3;18.0;noise;0.41;;;;;
Car381009-2026-Pass1-Z1-2MU00693_20260729_064241_000;2.5;3.1;45.0;Yposp;0.02;Tetvir, Rhasp, Pippip, Phogri, Yerray, Yerbey, Vesmur, Urosp, Tyllil, Thycor, Tetpyg, Tetarg, Testes, Tadten, Sepsep, Rusnit, Roeroe, Rhihip, Rhifer, Rhieur, Ratnor, Plemac, Pleaus, Pleaur, Plasab, Plaint, Plafal, Plaalb, Plaaff, Pippyg, Pipnat, Pipkuh, piaf, Phofem, Phanan, Phafal, Nycnoc, Nyclei, Nyclas, Myonat, Myomys, MyoGT, Myoema, Myodau, Myogla, Myocap, Myobec, Myoalc, Mussp, Minsch, Mimasp, Micagr, Metbra, mamm, Leppun, Lepbos, Lepalb, Lamsp., Isopyr, Inssp8, Inssp7, Inssp5, Insp12, Insp11, Insp10, Hypsav, gril, Eupsp, Eptser, Eptnil, Epheph, Decalb, Cyrscu, Cympud, criq, Confus, Tetarg, Barfis, Barbar, Antsp, amph;;;;
Car381009-2026-Pass1-Z1-2MU00693_20260729_064435_000;0.0;1.7;20.0;noise;0.35;;;;;
Car381009-2026-Pass1-Z1-2MU00693_20260729_064442_000;0.4;3.0;24.0;noise;0.09;Phogri;;;;
Car381009-2026-Pass1-Z1-2MU00693_20260729_064442_000;0.6;2.0;24.0;Rhasp;0.57;;;;;
Car381009-2026-Pass1-Z1-2MU00693_20260729_064647_000;0.0;0.1;14.0;piaf;0.91;;;;;
Car381009-2026-Pass1-Z1-2MU00693_20260729_064653_000;0.0;1.2;30.0;noise;0.65;;;;;

