nom du fichier;temps_debut;temps_fin;frequence_mediane;tadarida_taxon;tadarida_probabilite;tadarida_taxon_autre;observateur_taxon;observateur_probabilite;validateur_taxon;validateur_probabilite
Car381009-2026-Pass1-Z1-2MU00693_20260729_203900_000;0.0;4.4;20.0;noise;0.42;;;;;
Car381009-2026-Pass1-Z1-2MU00693_20260729_203900_000;0.0;4.3;31.0;Testes;0.57;;;;;
Car381009-2026-Pass1-Z1-2MU00693_20260729_203910_000;1.1;2.7;39.0;Leppun;0.85;;;;;
Car381009-2026-Pass1-Z1-2MU00693_20260729_203910_000;0.0;4.8;17.0;noise;0.2;;;;;
Car381009-2026-Pass1-Z1-2MU00693_20260729_203910_000;0.0;4.9;31.0;Testes;0.59;;;;;
Car381009-2026-Pass1-Z1-2MU00693_20260729_203910_000;0.0;5.0;9.0;Tetvir;0.54;;;;;
Car381009-2026-Pass1-Z1-2MU00693_20260729_203917_000;0.2;5.0;16.0;noise;0.47;;;;;
Car381009-2026-Pass1-Z1-2MU00693_20260729_203917_000;0.0;4.9;30.0;Testes;0.84;;;;;
Car381009-2026-Pass1-Z1-2MU00693_20260729_203926_000;0.0;3.4;40.0;noise;0.2;;;;;
Car381009-2026-Pass1-Z1-2MU00693_20260729_203926_000;0.1;4.5;14.0;Phanan;0.08;;;;;
Car381009-2026-Pass1-Z1-2MU00693_20260729_203926_000;0.0;4.5;32.0;Testes;0.34;Antsp;;;;
Car381009-2026-Pass1-Z1-2MU00693_20260729_203934_000;0.0;5.0;17.0;noise;0.43;;;;;
Car381009-2026-Pass1-Z1-2MU00693_20260729_203934_000;0.0;5.0;31.0;Testes;0.71;;;;;
Car381009-2026-Pass1-Z1-2MU00693_20260729_203946_000;0.0;5.0;41.0;Leppun;0.14;;;;;
Car381009-2026-Pass1-Z1-2MU00693_20260729_203946_000;0.1;5.0;16.0;noise;0.13;;;;;
Car381009-2026-Pass1-Z1-2MU00693_20260729_203946_000;0.0;5.0;31.0;Testes;0.69;;;;;
Car381009-2026-Pass1-Z1-2MU00693_20260729_203946_000;0.2;5.0;11.0;Tetvir;0.94;;;;;
Car381009-2026-Pass1-Z1-2MU00693_20260729_203958_000;0.0;0.1;40.0;Leppun;0.8;;;;;
Car381009-2026-Pass1-Z1-2MU00693_20260729_203958_000;0.1;1.9;10.0;noise;0.28;;;;;
Car381009-2026-Pass1-Z1-2MU00693_20260729_203958_000;0.0;1.9;31.0;Testes;0.77;;;;;
Car381009-2026-Pass1-Z1-2MU00693_20260729_204001_000;0.0;2.0;27.0;noise;0.42;;;;;
Car381009-2026-Pass1-Z1-2MU00693_20260729_204001_000;0.0;2.0;30.0;Testes;0.27;;;;;
Car381009-2026-Pass1-Z1-2MU00693_20260729_204003_000;0.0;2.0;38.0;Leppun;0.97;;;;;
Car381009-2026-Pass1-Z1-2MU00693_20260729_204003_000;0.0;1.9;22.0;noise;0.19;;;;;
Car381009-2026-Pass1-Z1-2MU00693_20260729_204003_000;0.0;2.0;28.0;Testes;0.66;;;;;
Car381009-2026-Pass1-Z1-2MU00693_20260729_204003_000;0.4;2.1;9.0;Tetvir;0.65;;;;;
Car381009-2026-Pass1-Z1-2MU00693_20260729_204006_000;0.0;5.0;17.0;noise;0.53;;;;;
Car381009-2026-Pass1-Z1-2MU00693_20260729_204006_000;0.0;5.0;31.0;Testes;0.54;;;;;
Car381009-2026-Pass1-Z1-2MU00693_20260729_204021_000;0.6;4.6;23.0;noise;0.48;;;;;
Car381009-2026-Pass1-Z1-2MU00693_20260729_204021_000;0.0;5.0;30.0;Testes;0.71;;;;;
Car381009-2026-Pass1-Z1-2MU00693_20260729_204021_000;0.0;5.0;10.0;Tetvir;0.93;;;;;
Car381009-2026-Pass1-Z1-2MU00693_20260729_204035_000;0.0;4.9;24.0;noise;0.3;;;;;
Car381009-2026-Pass1-Z1-2MU00693_20260729_204035_000;0.0;4.9;32.0;Testes;0.55;;;;;
Car381009-2026-Pass1-Z1-2MU00693_20260729_204041_000;0.2;3.3;27.0;noise;0.23;;;;;
Car381009-2026-Pass1-Z1-2MU00693_20260729_204041_000;0.0;3.3;32.0;Testes;0.19;;;;;
Car381009-2026-Pass1-Z1-2MU00693_20260729_204041_000;0.2;3.4;9.0;Tetvir;0.85;;;;;
Car381009-2026-Pass1-Z1-2MU00693_20260729_204045_000;0.2;2.3;15.0;noise;0.34;;;;;
Car381009-2026-Pass1-Z1-2MU00693_20260729_204045_000;0.0;2.3;30.0;Testes;0.58;;;;;
Car381009-2026-Pass1-Z1-2MU00693_20260729_204048_000;0.3;4.8;43.0;noise;0.39;;;;;
Car381009-2026-Pass1-Z1-2MU00693_20260729_204048_000;0.0;5.0;31.0;Testes;0.76;;;;;
Car381009-2026-Pass1-Z1-2MU00693_20260729_204103_000;0.0;4.9;27.0;noise;0.27;;;;;
Car381009-2026-Pass1-Z1-2MU00693_20260729_204103_000;0.0;5.0;32.0;Testes;0.77;;;;;
Car381009-2026-Pass1-Z1-2MU00693_20260729_204103_000;0.0;5.0;9.0;Tetvir;0.97;;;;;
Car381009-2026-Pass1-Z1-2MU00693_20260729_204112_000;0.0;2.8;30.0;noise;0.63;;;;;
Car381009-2026-Pass1-Z1-2MU00693_20260729_204112_000;0.0;2.5;34.0;Testes;0.86;;;;;
Car381009-2026-Pass1-Z1-2MU00693_20260729_204112_000;0.5;2.5;9.0;Tetvir;0.65;;;;;
Car381009-2026-Pass1-Z1-2MU00693_20260729_204119_000;0.1;5.0;14.0;noise;0.51;;;;;
Car381009-2026-Pass1-Z1-2MU00693_20260729_204119_000;0.0;5.0;32.0;Testes;0.81;;;;;
Car381009-2026-Pass1-Z1-2MU00693_20260729_204128_000;0.0;4.5;23.0;noise;0.47;;;;;
Car381009-2026-Pass1-Z1-2MU00693_20260729_204128_000;0.0;5.0;33.0;Testes;0.66;;;;;
Car381009-2026-Pass1-Z1-2MU00693_20260729_204128_000;0.1;5.0;12.0;Tetvir;0.88;;;;;
Car381009-2026-Pass1-Z1-2MU00693_20260729_204147_000;0.0;4.9;20.0;noise;0.42;;;;;
Car381009-2026-Pass1-Z1-2MU00693_20260729_204147_000;0.0;5.0;32.0;Testes;0.57;;;;;
Car381009-2026-Pass1-Z1-2MU00693_20260729_204203_000;0.0;5.0;21.0;noise;0.6;;;;;
Car381009-2026-Pass1-Z1-2MU00693_20260729_204203_000;0.0;4.8;32.0;Testes;0.64;;;;;
Car381009-2026-Pass1-Z1-2MU00693_20260729_204220_000;0.0;4.6;16.0;noise;0.42;;;;;
Car381009-2026-Pass1-Z1-2MU00693_20260729_204220_000;0.0;5.0;32.0;Testes;0.73;;;;;
Car381009-2026-Pass1-Z1-2MU00693_20260729_204226_000;0.0;3.3;34.0;noise;0.32;;;;;
Car381009-2026-Pass1-Z1-2MU00693_20260729_204226_000;0.0;3.2;33.0;Testes;0.91;;;;;
Car381009-2026-Pass1-Z1-2MU00693_20260729_204236_000;0.0;4.1;14.0;noise;0.67;;;;;
Car381009-2026-Pass1-Z1-2MU00693_20260729_204236_000;0.0;4.2;32.0;Testes;0.56;;;;;
Car381009-2026-Pass1-Z1-2MU00693_20260729_204242_000;0.0;4.2;43.0;noise;0.28;;;;;
Car381009-2026-Pass1-Z1-2MU00693_20260729_204242_000;0.0;4.5;33.0;Testes;0.82;;;;;
Car381009-2026-Pass1-Z1-2MU00693_20260729_204250_000;0.3;4.9;20.0;noise;0.48;;;;;
Car381009-2026-Pass1-Z1-2MU00693_20260729_204250_000;0.0;4.9;32.0;Testes;0.72;;;;;
Car381009-2026-Pass1-Z1-2MU00693_20260729_204306_000;0.0;4.4;26.0;noise;0.38;;;;;
Car381009-2026-Pass1-Z1-2MU00693_20260729_204306_000;0.0;4.4;33.0;Testes;0.28;;;;;
Car381009-2026-Pass1-Z1-2MU00693_20260729_204311_000;0.0;4.6;29.0;noise;0.3;;;;;
Car381009-2026-Pass1-Z1-2MU00693_20260729_204311_000;0.0;5.0;33.0;Testes;0.7;;;;;
Car381009-2026-Pass1-Z1-2MU00693_20260729_204311_000;0.0;5.0;17.0;Tetvir;0.9;;;;;
Car381009-2026-Pass1-Z1-2MU00693_20260729_204323_000;0.1;3.9;23.0;noise;0.24;;;;;
Car381009-2026-Pass1-Z1-2MU00693_20260729_204323_000;0.0;4.1;32.0;Testes;0.42;;;;;
Car381009-2026-Pass1-Z1-2MU00693_20260729_204327_000;0.0;5.0;37.0;Testes;0.73;;;;;
Car381009-2026-Pass1-Z1-2MU00693_20260729_204327_000;1.3;5.0;17.0;Tetvir;0.56;;;;;
Car381009-2026-Pass1-Z1-2MU00693_20260729_204341_000;0.3;5.0;17.0;noise;0.72;;;;;
Car381009-2026-Pass1-Z1-2MU00693_20260729_204341_000;0.0;5.0;34.0;Testes;0.8;;;;;
Car381009-2026-Pass1-Z1-2MU00693_20260729_204348_000;0.0;2.4;29.0;noise;0.22;;;;;
Car381009-2026-Pass1-Z1-2MU00693_20260729_204348_000;0.0;2.5;34.0;Testes;0.36;;;;;
Car381009-2026-Pass1-Z1-2MU00693_20260729_204348_000;0.0;4.1;11.0;Tetvir;0.86;;;;;
Car381009-2026-Pass1-Z1-2MU00693_20260729_204357_000;0.1;4.8;32.0;noise;0.23;;;;;
Car381009-2026-Pass1-Z1-2MU00693_20260729_204357_000;0.0;3.5;33.0;Testes;0.57;;;;;
Car381009-2026-Pass1-Z1-2MU00693_20260729_204405_000;0.3;3.7;13.0;noise;0.19;;;;;
Car381009-2026-Pass1-Z1-2MU00693_20260729_204405_000;0.0;3.7;33.0;Testes;0.7;;;;;
Car381009-2026-Pass1-Z1-2MU00693_20260729_204413_000;1.3;4.7;14.0;noise;0.18;;;;;
Car381009-2026-Pass1-Z1-2MU00693_20260729_204413_000;0.0;4.5;33.0;Testes;0.69;;;;;
Car381009-2026-Pass1-Z1-2MU00693_20260729_204413_000;0.0;5.0;21.0;Tetvir;0.88;;;;;
Car381009-2026-Pass1-Z1-2MU00693_20260729_204420_000;0.3;1.8;25.0;noise;0.18;;;;;
Car381009-2026-Pass1-Z1-2MU00693_20260729_204420_000;0.0;2.1;32.0;Testes;0.54;;;;;
Car381009-2026-Pass1-Z1-2MU00693_20260729_204420_000;0.0;1.8;12.0;Tetvir;0.84;;;;;
Car381009-2026-Pass1-Z1-2MU00693_20260729_204423_000;0.0;5.0;20.0;noise;0.51;;;;;
Car381009-2026-Pass1-Z1-2MU00693_20260729_204423_000;0.0;5.0;32.0;Testes;0.5;;;;;
Car381009-2026-Pass1-Z1-2MU00693_20260729_204429_000;0.4;2.8;33.0;Phogri;0.36;;;;;
Car381009-2026-Pass1-Z1-2MU00693_20260729_204429_000;0.0;4.8;34.0;Testes;0.51;;;;;
Car381009-2026-Pass1-Z1-2MU00693_20260729_204429_000;0.1;3.5;10.0;Tetvir;0.84;;;;;
Car381009-2026-Pass1-Z1-2MU00693_20260729_204440_000;0.0;4.9;18.0;noise;0.53;;;;;
Car381009-2026-Pass1-Z1-2MU00693_20260729_204440_000;0.0;5.0;33.0;Testes;0.74;;;;;
Car381009-2026-Pass1-Z1-2MU00693_20260729_204458_000;0.0;5.0;27.0;noise;0.53;;;;;
Car381009-2026-Pass1-Z1-2MU00693_20260729_204458_000;0.0;5.0;33.0;Testes;0.79;;;;;
Car381009-2026-Pass1-Z1-2MU00693_20260729_204515_000;0.0;4.2;30.0;noise;0.43;;;;;
Car381009-2026-Pass1-Z1-2MU00693_20260729_204515_000;0.0;4.6;34.0;Testes;0.64;;;;;
Car381009-2026-Pass1-Z1-2MU00693_20260729_204515_000;0.0;4.5;12.0;Tetvir;0.94;;;;;
Car381009-2026-Pass1-Z1-2MU00693_20260729_204532_000;0.0;4.3;25.0;noise;0.51;;;;;
Car381009-2026-Pass1-Z1-2MU00693_20260729_204532_000;0.0;4.3;33.0;Testes;0.58;;;;;
Car381009-2026-Pass1-Z1-2MU00693_20260729_204550_000;0.0;5.0;15.0;noise;0.46;;;;;
Car381009-2026-Pass1-Z1-2MU00693_20260729_204550_000;0.0;5.0;33.0;Testes;0.55;;;;;
Car381009-2026-Pass1-Z1-2MU00693_20260729_204609_000;0.0;5.0;15.0;noise;0.3;;;;;
Car381009-2026-Pass1-Z1-2MU00693_20260729_204609_000;0.0;4.5;33.0;Testes;0.58;;;;;
Car381009-2026-Pass1-Z1-2MU00693_20260729_204609_000;2.0;4.8;9.0;Tetvir;0.56;;;;;
Car381009-2026-Pass1-Z1-2MU00693_20260729_204616_000;0.0;0.1;35.0;Leppun;0.93;;;;;
Car381009-2026-Pass1-Z1-2MU00693_20260729_204616_000;1.2;1.3;9.0;noise;0.72;;;;;
Car381009-2026-Pass1-Z1-2MU00693_20260729_204626_000;0.0;4.6;18.0;noise;0.53;;;;;
Car381009-2026-Pass1-Z1-2MU00693_20260729_204626_000;0.0;5.0;34.0;Testes;0.75;;;;;
Car381009-2026-Pass1-Z1-2MU00693_20260729_204644_000;0.0;4.8;18.0;noise;0.36;;;;;
Car381009-2026-Pass1-Z1-2MU00693_20260729_204644_000;0.0;5.0;34.0;Testes;0.58;;;;;
Car381009-2026-Pass1-Z1-2MU00693_20260729_204700_000;1.6;5.0;24.0;noise;0.4;;;;;
Car381009-2026-Pass1-Z1-2MU00693_20260729_204700_000;0.0;5.0;34.0;Testes;0.46;;;;;
Car381009-2026-Pass1-Z1-2MU00693_20260729_204717_000;0.4;4.9;12.0;noise;0.58;;;;;
Car381009-2026-Pass1-Z1-2MU00693_20260729_204717_000;0.0;5.0;34.0;Testes;0.66;;;;;
Car381009-2026-Pass1-Z1-2MU00693_20260729_204738_000;0.0;3.3;24.0;noise;0.25;;;;;
Car381009-2026-Pass1-Z1-2MU00693_20260729_204738_000;0.0;3.3;33.0;Testes;0.58;;;;;
Car381009-2026-Pass1-Z1-2MU00693_20260729_204742_000;0.2;4.5;22.0;noise;0.29;;;;;
Car381009-2026-Pass1-Z1-2MU00693_20260729_204742_000;0.0;4.2;33.0;Testes;0.82;;;;;
Car381009-2026-Pass1-Z1-2MU00693_20260729_204753_000;0.0;3.6;26.0;noise;0.24;;;;;
Car381009-2026-Pass1-Z1-2MU00693_20260729_204753_000;0.0;4.3;33.0;Testes;0.74;;;;;
Car381009-2026-Pass1-Z1-2MU00693_20260729_204753_000;0.0;4.0;10.0;Tetvir;0.94;;;;;
Car381009-2026-Pass1-Z1-2MU00693_20260729_204759_000;0.6;5.0;17.0;noise;0.24;;;;;
Car381009-2026-Pass1-Z1-2MU00693_20260729_204759_000;0.0;5.0;35.0;Testes;0.76;;;;;
Car381009-2026-Pass1-Z1-2MU00693_20260729_204810_000;0.0;3.3;21.0;noise;0.11;;;;;
Car381009-2026-Pass1-Z1-2MU00693_20260729_204810_000;0.0;3.4;32.0;Testes;0.1;Antsp, Yposp, Leppun;;;;
Car381009-2026-Pass1-Z1-2MU00693_20260729_204810_000;0.2;2.3;28.0;Tetvir;0.69;;;;;
Car381009-2026-Pass1-Z1-2MU00693_20260729_204814_000;0.0;4.9;12.0;noise;0.61;;;;;
Car381009-2026-Pass1-Z1-2MU00693_20260729_204814_000;0.0;5.0;33.0;Testes;0.57;;;;;
Car381009-2026-Pass1-Z1-2MU00693_20260729_204830_000;0.3;4.3;50.0;noise;0.09;;;;;
Car381009-2026-Pass1-Z1-2MU00693_20260729_204830_000;0.0;3.8;35.0;Testes;0.61;;;;;
Car381009-2026-Pass1-Z1-2MU00693_20260729_204830_000;0.6;5.0;32.0;Tetvir;0.89;;;;;
Car381009-2026-Pass1-Z1-2MU00693_20260729_204838_000;0.0;3.3;14.0;noise;0.36;;;;;
Car381009-2026-Pass1-Z1-2MU00693_20260729_204838_000;0.0;3.4;33.0;Testes;0.17;Inssp7;;;;
Car381009-2026-Pass1-Z1-2MU00693_20260729_204847_000;0.1;5.0;22.0;noise;0.6;;;;;
Car381009-2026-Pass1-Z1-2MU00693_20260729_204847_000;0.0;4.9;35.0;Testes;0.53;;;;;
Car381009-2026-Pass1-Z1-2MU00693_20260729_204909_000;1.9;5.0;28.0;noise;0.42;;;;;
Car381009-2026-Pass1-Z1-2MU00693_20260729_204909_000;0.0;5.0;35.0;Testes;0.68;;;;;
Car381009-2026-Pass1-Z1-2MU00693_20260729_204909_000;0.0;5.0;16.0;Tetvir;0.89;;;;;
Car381009-2026-Pass1-Z1-2MU00693_20260729_204918_000;0.0;0.8;26.0;Leppun;0.21;;;;;
Car381009-2026-Pass1-Z1-2MU00693_20260729_204918_000;0.0;2.0;29.0;noise;0.25;;;;;
Car381009-2026-Pass1-Z1-2MU00693_20260729_204926_000;0.3;5.0;51.0;noise;0.19;;;;;
Car381009-2026-Pass1-Z1-2MU00693_20260729_204926_000;0.0;5.0;36.0;Testes;0.37;;;;;
Car381009-2026-Pass1-Z1-2MU00693_20260729_204944_000;0.0;5.0;20.0;noise;0.52;;;;;
Car381009-2026-Pass1-Z1-2MU00693_20260729_204944_000;0.0;5.0;34.0;Testes;0.6;;;;;
Car381009-2026-Pass1-Z1-2MU00693_20260729_204950_000;0.0;3.5;30.0;noise;0.37;;;;;
Car381009-2026-Pass1-Z1-2MU00693_20260729_204950_000;0.0;2.9;33.0;Testes;0.73;;;;;
Car381009-2026-Pass1-Z1-2MU00693_20260729_205005_000;0.2;5.0;15.0;noise;0.51;;;;;
Car381009-2026-Pass1-Z1-2MU00693_20260729_205005_000;0.0;5.0;33.0;Testes;0.79;;;;;
Car381009-2026-Pass1-Z1-2MU00693_20260729_205022_000;0.0;2.3;22.0;noise;0.26;;;;;
Car381009-2026-Pass1-Z1-2MU00693_20260729_205022_000;0.0;3.6;34.0;Testes;0.45;;;;;
Car381009-2026-Pass1-Z1-2MU00693_20260729_205027_000;0.0;4.0;15.0;noise;0.46;;;;;
Car381009-2026-Pass1-Z1-2MU00693_20260729_205027_000;0.0;4.2;33.0;Testes;0.68;;;;;
Car381009-2026-Pass1-Z1-2MU00693_20260729_205036_000;0.0;5.0;28.0;noise;0.22;;;;;
Car381009-2026-Pass1-Z1-2MU00693_20260729_205036_000;0.0;5.0;32.0;Testes;0.82;;;;;
Car381009-2026-Pass1-Z1-2MU00693_20260729_205048_000;0.2;4.6;33.0;noise;0.39;;;;;
Car381009-2026-Pass1-Z1-2MU00693_20260729_205048_000;0.0;4.5;33.0;Testes;0.73;;;;;
Car381009-2026-Pass1-Z1-2MU00693_20260729_205055_000;0.2;3.1;27.0;noise;0.42;;;;;
Car381009-2026-Pass1-Z1-2MU00693_20260729_205055_000;0.0;3.2;36.0;Testes;0.47;Inssp7;;;;
Car381009-2026-Pass1-Z1-2MU00693_20260729_205055_000;0.3;4.7;11.0;Tetvir;0.87;;;;;
Car381009-2026-Pass1-Z1-2MU00693_20260729_205107_000;0.0;5.0;15.0;noise;0.2;;;;;
Car381009-2026-Pass1-Z1-2MU00693_20260729_205107_000;0.0;5.0;33.0;Testes;0.64;;;;;
Car381009-2026-Pass1-Z1-2MU00693_20260729_205113_000;0.3;2.1;29.0;noise;0.26;;;;;
Car381009-2026-Pass1-Z1-2MU00693_20260729_205113_000;0.0;2.2;31.0;Testes;0.3;;;;;
Car381009-2026-Pass1-Z1-2MU00693_20260729_205128_000;0.0;5.0;20.0;noise;0.22;;;;;
Car381009-2026-Pass1-Z1-2MU00693_20260729_205128_000;0.0;5.0;33.0;Testes;0.68;;;;;
Car381009-2026-Pass1-Z1-2MU00693_20260729_205149_000;0.0;3.4;32.0;noise;0.25;;;;;
Car381009-2026-Pass1-Z1-2MU00693_20260729_205149_000;0.0;3.4;33.0;Testes;0.65;;;;;
Car381009-2026-Pass1-Z1-2MU00693_20260729_205149_000;0.2;3.4;9.0;Tetvir;0.88;;;;;
Car381009-2026-Pass1-Z1-2MU00693_20260729_205153_000;0.0;3.5;33.0;noise;0.55;;;;;
Car381009-2026-Pass1-Z1-2MU00693_20260729_205153_000;0.0;1.9;34.0;Testes;0.76;;;;;
Car381009-2026-Pass1-Z1-2MU00693_20260729_205206_000;0.2;4.8;26.0;noise;0.3;;;;;
Car381009-2026-Pass1-Z1-2MU00693_20260729_205206_000;0.0;3.8;33.0;Testes;0.23;Antsp;;;;
Car381009-2026-Pass1-Z1-2MU00693_20260729_205216_000;0.0;2.8;14.0;noise;0.42;;;;;
Car381009-2026-Pass1-Z1-2MU00693_20260729_205216_000;0.0;1.9;34.0;Testes;0.48;;;;;
Car381009-2026-Pass1-Z1-2MU00693_20260729_205227_000;0.0;2.0;25.0;noise;0.11;;;;;
Car381009-2026-Pass1-Z1-2MU00693_20260729_205227_000;0.0;0.5;29.0;Testes;0.74;;;;;
Car381009-2026-Pass1-Z1-2MU00693_20260729_205227_000;1.5;2.0;9.0;Tetvir;0.9;;;;;
Car381009-2026-Pass1-Z1-2MU00693_20260729_205236_000;0.0;5.0;15.0;noise;0.24;;;;;
Car381009-2026-Pass1-Z1-2MU00693_20260729_205236_000;0.0;5.0;33.0;Testes;0.78;;;;;
Car381009-2026-Pass1-Z1-2MU00693_20260729_205257_000;0.0;4.3;18.0;noise;0.16;;;;;
Car381009-2026-Pass1-Z1-2MU00693_20260729_205257_000;0.0;4.6;33.0;Testes;0.45;;;;;
Car381009-2026-Pass1-Z1-2MU00693_20260729_205303_000;0.0;2.5;27.0;noise;0.09;;;;;
Car381009-2026-Pass1-Z1-2MU00693_20260729_205303_000;0.0;1.1;31.0;Testes;0.14;noise;;;;
Car381009-2026-Pass1-Z1-2MU00693_20260729_205303_000;0.2;3.0;12.0;Tetvir;0.7;;;;;
Car381009-2026-Pass1-Z1-2MU00693_20260729_205321_000;0.2;5.0;11.0;noise;0.42;;;;;
Car381009-2026-Pass1-Z1-2MU00693_20260729_205321_000;0.0;3.9;31.0;Testes;0.64;;;;;
Car381009-2026-Pass1-Z1-2MU00693_20260729_205321_000;4.3;5.0;12.0;Tetvir;0.66;;;;;
Car381009-2026-Pass1-Z1-2MU00693_20260729_205341_000;0.0;2.0;33.0;noise;0.26;;;;;
Car381009-2026-Pass1-Z1-2MU00693_20260729_205341_000;0.1;2.0;33.0;Testes;0.54;;;;;
Car381009-2026-Pass1-Z1-2MU00693_20260729_205346_000;0.0;1.2;37.0;noise;0.06;;;;;
Car381009-2026-Pass1-Z1-2MU00693_20260729_205346_000;0.0;1.2;33.0;Testes;0.72;;;;;
Car381009-2026-Pass1-Z1-2MU00693_20260729_205346_000;0.6;2.7;11.0;Tetvir;0.92;;;;;
Car381009-2026-Pass1-Z1-2MU00693_20260729_205357_000;0.0;5.0;22.0;noise;0.39;;;;;
Car381009-2026-Pass1-Z1-2MU00693_20260729_205357_000;0.0;5.0;32.0;Testes;0.6;;;;;
Car381009-2026-Pass1-Z1-2MU00693_20260729_205412_000;0.0;3.5;25.0;noise;0.35;;;;;
Car381009-2026-Pass1-Z1-2MU00693_20260729_205412_000;0.0;2.5;34.0;Testes;0.61;;;;;
Car381009-2026-Pass1-Z1-2MU00693_20260729_205419_000;0.0;1.8;26.0;noise;0.21;;;;;
Car381009-2026-Pass1-Z1-2MU00693_20260729_205419_000;0.0;1.1;33.0;Testes;0.34;;;;;
Car381009-2026-Pass1-Z1-2MU00693_20260729_205432_000;0.0;4.6;22.0;noise;0.45;;;;;
Car381009-2026-Pass1-Z1-2MU00693_20260729_205432_000;0.0;5.0;32.0;Testes;0.54;;;;;
Car381009-2026-Pass1-Z1-2MU00693_20260729_205432_000;0.2;4.9;12.0;Tetvir;0.88;;;;;
Car381009-2026-Pass1-Z1-2MU00693_20260729_205441_000;0.2;1.3;36.0;Leppun;0.2;;;;;
Car381009-2026-Pass1-Z1-2MU00693_20260729_205441_000;0.1;1.3;18.0;noise;0.31;;;;;
Car381009-2026-Pass1-Z1-2MU00693_20260729_205453_000;0.0;4.8;14.0;noise;0.65;;;;;
Car381009-2026-Pass1-Z1-2MU00693_20260729_205453_000;0.0;4.8;33.0;Testes;0.65;;;;;
Car381009-2026-Pass1-Z1-2MU00693_20260729_205511_000;1.0;4.5;33.0;noise;0.17;;;;;
Car381009-2026-Pass1-Z1-2MU00693_20260729_205511_000;0.3;5.0;17.0;Phogri;0.97;;;;;
Car381009-2026-Pass1-Z1-2MU00693_20260729_205511_000;0.0;5.0;33.0;Testes;0.71;;;;;
Car381009-2026-Pass1-Z1-2MU00693_20260729_205517_000;0.2;1.8;15.0;noise;0.2;;;;;
Car381009-2026-Pass1-Z1-2MU00693_20260729_205517_000;0.0;1.6;33.0;Testes;0.45;;;;;
Car381009-2026-Pass1-Z1-2MU00693_20260729_205537_000;0.0;4.7;16.0;noise;0.63;;;;;
Car381009-2026-Pass1-Z1-2MU00693_20260729_205537_000;0.0;4.7;33.0;Testes;0.83;;;;;
Car381009-2026-Pass1-Z1-2MU00693_20260729_205554_000;0.2;5.0;20.0;noise;0.49;;;;;
Car381009-2026-Pass1-Z1-2MU00693_20260729_205554_000;0.0;5.0;32.0;Testes;0.62;;;;;
Car381009-2026-Pass1-Z1-2MU00693_20260729_205614_000;0.4;4.4;26.0;noise;0.24;;;;;
Car381009-2026-Pass1-Z1-2MU00693_20260729_205614_000;0.0;3.1;32.0;Testes;0.32;;;;;
Car381009-2026-Pass1-Z1-2MU00693_20260729_205622_000;0.0;2.2;33.0;noise;0.23;;;;;
Car381009-2026-Pass1-Z1-2MU00693_20260729_205622_000;0.0;2.3;34.0;Testes;0.35;;;;;
Car381009-2026-Pass1-Z1-2MU00693_20260729_205622_000;0.0;2.3;15.0;Tetvir;0.64;;;;;
Car381009-2026-Pass1-Z1-2MU00693_20260729_205636_000;0.0;3.8;28.0;noise;0.37;;;;;
Car381009-2026-Pass1-Z1-2MU00693_20260729_205636_000;0.0;3.7;32.0;Testes;0.17;;;;;
Car381009-2026-Pass1-Z1-2MU00693_20260729_205650_000;0.0;3.8;16.0;noise;0.19;;;;;
Car381009-2026-Pass1-Z1-2MU00693_20260729_205650_000;0.0;4.6;32.0;Testes;0.54;;;;;
Car381009-2026-Pass1-Z1-2MU00693_20260729_205656_000;0.0;3.9;22.0;noise;0.18;;;;;
Car381009-2026-Pass1-Z1-2MU00693_20260729_205656_000;0.0;2.4;32.0;Testes;0.12;Yposp, Antsp;;;;
Car381009-2026-Pass1-Z1-2MU00693_20260729_205713_000;0.0;4.8;15.0;noise;0.49;;;;;
Car381009-2026-Pass1-Z1-2MU00693_20260729_205713_000;0.0;3.8;32.0;Testes;0.82;;;;;
Car381009-2026-Pass1-Z1-2MU00693_20260729_205734_000;0.1;2.6;20.0;noise;0.2;;;;;
Car381009-2026-Pass1-Z1-2MU00693_20260729_205734_000;0.0;2.6;32.0;Testes;0.19;;;;;
Car381009-2026-Pass1-Z1-2MU00693_20260729_205754_000;0.0;4.0;29.0;noise;0.17;;;;;
Car381009-2026-Pass1-Z1-2MU00693_20260729_205754_000;0.0;4.8;32.0;Testes;0.73;;;;;
Car381009-2026-Pass1-Z1-2MU00693_20260729_205754_000;0.6;4.8;14.0;Tetvir;0.79;;;;;
Car381009-2026-Pass1-Z1-2MU00693_20260729_205815_000;0.5;4.9;15.0;noise;0.4;;;;;
Car381009-2026-Pass1-Z1-2MU00693_20260729_205815_000;0.1;5.0;33.0;Testes;0.61;;;;;
Car381009-2026-Pass1-Z1-2MU00693_20260729_205837_000;0.0;2.4;31.0;noise;0.06;Yposp, Confus;;;;
Car381009-2026-Pass1-Z1-2MU00693_20260729_205837_000;0.0;2.4;10.0;Tetvir;0.85;;;;;
Car381009-2026-Pass1-Z1-2MU00693_20260729_205843_000;0.1;4.6;24.0;noise;0.4;;;;;
Car381009-2026-Pass1-Z1-2MU00693_20260729_205843_000;0.0;4.2;32.0;Testes;0.33;;;;;
Car381009-2026-Pass1-Z1-2MU00693_20260729_205901_000;0.2;2.0;30.0;noise;0.23;;;;;
Car381009-2026-Pass1-Z1-2MU00693_20260729_205901_000;0.8;2.0;33.0;Testes;0.63;;;;;
Car381009-2026-Pass1-Z1-2MU00693_20260729_205903_000;0.1;4.9;15.0;noise;0.29;;;;;
Car381009-2026-Pass1-Z1-2MU00693_20260729_205903_000;0.0;3.3;32.0;Testes;0.61;;;;;
Car381009-2026-Pass1-Z1-2MU00693_20260729_205924_000;0.0;3.0;15.0;noise;0.26;Phogri;;;;
Car381009-2026-Pass1-Z1-2MU00693_20260729_205924_000;0.0;2.6;34.0;Testes;0.37;;;;;
Car381009-2026-Pass1-Z1-2MU00693_20260729_205936_000;0.0;2.4;23.0;noise;0.2;;;;;
Car381009-2026-Pass1-Z1-2MU00693_20260729_205936_000;0.0;2.5;32.0;Testes;0.52;;;;;
Car381009-2026-Pass1-Z1-2MU00693_20260729_205944_000;0.3;4.8;29.0;noise;0.28;;;;;
Car381009-2026-Pass1-Z1-2MU00693_20260729_205944_000;0.0;4.2;33.0;Testes;0.79;;;;;
Car381009-2026-Pass1-Z1-2MU00693_20260729_205944_000;0.0;4.7;12.0;Tetvir;0.77;;;;;
Car381009-2026-Pass1-Z1-2MU00693_20260729_210004_000;0.0;4.7;14.0;noise;0.32;;;;;
Car381009-2026-Pass1-Z1-2MU00693_20260729_210004_000;0.0;4.8;32.0;Testes;0.79;;;;;
Car381009-2026-Pass1-Z1-2MU00693_20260729_210024_000;0.0;1.9;32.0;noise;0.41;;;;;
Car381009-2026-Pass1-Z1-2MU00693_20260729_210024_000;0.0;1.8;32.0;Testes;0.53;;;;;
Car381009-2026-Pass1-Z1-2MU00693_20260729_210031_000;0.0;3.1;26.0;noise;0.31;;;;;
Car381009-2026-Pass1-Z1-2MU00693_20260729_210031_000;0.0;1.6;33.0;Testes;0.49;;;;;
Car381009-2026-Pass1-Z1-2MU00693_20260729_210042_000;0.0;1.6;29.0;noise;0.09;Leppun;;;;
Car381009-2026-Pass1-Z1-2MU00693_20260729_210042_000;1.2;2.0;9.0;noise;0.07;Tetvir;;;;
Car381009-2026-Pass1-Z1-2MU00693_20260729_210046_000;0.0;2.0;32.0;noise;0.23;;;;;
Car381009-2026-Pass1-Z1-2MU00693_20260729_210046_000;0.2;2.0;34.0;Testes;0.15;;;;;
Car381009-2026-Pass1-Z1-2MU00693_20260729_210048_000;0.0;2.0;28.0;noise;0.44;;;;;
Car381009-2026-Pass1-Z1-2MU00693_20260729_210048_000;0.0;1.9;32.0;Testes;0.7;;;;;
Car381009-2026-Pass1-Z1-2MU00693_20260729_210051_000;0.3;3.9;16.0;noise;0.28;;;;;
Car381009-2026-Pass1-Z1-2MU00693_20260729_210051_000;0.0;3.1;33.0;Testes;0.81;;;;;
Car381009-2026-Pass1-Z1-2MU00693_20260729_210111_000;0.2;4.0;29.0;noise;0.27;;;;;
Car381009-2026-Pass1-Z1-2MU00693_20260729_210111_000;0.0;4.3;33.0;Testes;0.72;;;;;
Car381009-2026-Pass1-Z1-2MU00693_20260729_210111_000;0.0;4.1;18.0;Tetvir;0.92;;;;;
Car381009-2026-Pass1-Z1-2MU00693_20260729_210116_000;0.0;3.6;26.0;noise;0.18;;;;;
Car381009-2026-Pass1-Z1-2MU00693_20260729_210116_000;0.0;3.7;32.0;Testes;0.12;Yposp;;;;
Car381009-2026-Pass1-Z1-2MU00693_20260729_210131_000;0.3;3.2;22.0;noise;0.45;;;;;
Car381009-2026-Pass1-Z1-2MU00693_20260729_210131_000;0.0;2.7;34.0;Testes;0.58;;;;;
Car381009-2026-Pass1-Z1-2MU00693_20260729_210140_000;0.0;3.8;28.0;noise;0.16;Tetvir;;;;
Car381009-2026-Pass1-Z1-2MU00693_20260729_210140_000;0.2;2.2;33.0;Testes;0.29;;;;;
Car381009-2026-Pass1-Z1-2MU00693_20260729_210151_000;0.0;3.8;21.0;noise;0.41;;;;;
Car381009-2026-Pass1-Z1-2MU00693_20260729_210151_000;0.0;3.8;33.0;Testes;0.83;;;;;
Car381009-2026-Pass1-Z1-2MU00693_20260729_210201_000;0.0;1.6;11.0;noise;0.34;;;;;
Car381009-2026-Pass1-Z1-2MU00693_20260729_210203_000;1.8;1.9;37.0;noise;0.81;;;;;
Car381009-2026-Pass1-Z1-2MU00693_20260729_210211_000;0.0;2.8;32.0;noise;0.12;Yposp;;;;
Car381009-2026-Pass1-Z1-2MU00693_20260729_210211_000;0.3;2.9;33.0;Testes;0.13;;;;;
Car381009-2026-Pass1-Z1-2MU00693_20260729_210211_000;1.6;2.1;9.0;Tetvir;0.74;;;;;
Car381009-2026-Pass1-Z1-2MU00693_20260729_210302_000;0.0;3.6;32.0;Yposp;0.14;;;;;
Car381009-2026-Pass1-Z1-2MU00693_20260729_210302_000;0.0;3.6;26.0;noise;0.22;;;;;
Car381009-2026-Pass1-Z1-2MU00693_20260729_210327_000;0.0;1.6;15.0;Phogri;0.61;;;;;
Car381009-2026-Pass1-Z1-2MU00693_20260729_210327_000;0.0;2.0;35.0;Testes;0.68;;;;;
Car381009-2026-Pass1-Z1-2MU00693_20260729_210347_000;0.2;2.8;15.0;noise;0.33;;;;;
Car381009-2026-Pass1-Z1-2MU00693_20260729_210347_000;0.0;2.7;33.0;Testes;0.71;;;;;
Car381009-2026-Pass1-Z1-2MU00693_20260729_210409_000;0.0;3.9;34.0;noise;0.59;;;;;
Car381009-2026-Pass1-Z1-2MU00693_20260729_210409_000;0.0;2.8;34.0;Testes;0.53;;;;;
Car381009-2026-Pass1-Z1-2MU00693_20260729_210428_000;0.0;1.9;16.0;noise;0.31;;;;;
Car381009-2026-Pass1-Z1-2MU00693_20260729_210428_000;0.0;2.6;34.0;Testes;0.68;;;;;
Car381009-2026-Pass1-Z1-2MU00693_20260729_210445_000;0.0;4.8;16.0;noise;0.48;;;;;
Car381009-2026-Pass1-Z1-2MU00693_20260729_210445_000;0.0;3.9;34.0;Testes;0.81;;;;;
Car381009-2026-Pass1-Z1-2MU00693_20260729_210506_000;0.0;2.7;25.0;noise;0.35;;;;;
Car381009-2026-Pass1-Z1-2MU00693_20260729_210506_000;0.0;3.3;33.0;Testes;0.55;;;;;
Car381009-2026-Pass1-Z1-2MU00693_20260729_210526_000;0.0;3.5;26.0;noise;0.38;;;;;
Car381009-2026-Pass1-Z1-2MU00693_20260729_210526_000;0.0;3.5;34.0;Testes;0.45;;;;;
Car381009-2026-Pass1-Z1-2MU00693_20260729_210546_000;0.6;3.8;33.0;noise;0.4;;;;;
Car381009-2026-Pass1-Z1-2MU00693_20260729_210546_000;0.0;3.8;33.0;Testes;0.83;;;;;
Car381009-2026-Pass1-Z1-2MU00693_20260729_210606_000;0.0;2.4;14.0;Phogri;0.27;;;;;
Car381009-2026-Pass1-Z1-2MU00693_20260729_210606_000;0.0;2.4;33.0;Testes;0.54;;;;;
Car381009-2026-Pass1-Z1-2MU00693_20260729_210606_000;0.3;4.0;12.0;Tetvir;0.37;;;;;
Car381009-2026-Pass1-Z1-2MU00693_20260729_210624_000;0.0;4.5;28.0;noise;0.2;;;;;
Car381009-2026-Pass1-Z1-2MU00693_20260729_210624_000;0.0;3.8;33.0;Testes;0.63;;;;;
Car381009-2026-Pass1-Z1-2MU00693_20260729_210624_000;0.2;4.7;14.0;Tetvir;0.49;;;;;
Car381009-2026-Pass1-Z1-2MU00693_20260729_210647_000;0.0;4.7;15.0;noise;0.53;;;;;
Car381009-2026-Pass1-Z1-2MU00693_20260729_210647_000;0.0;3.1;34.0;Testes;0.89;;;;;
Car381009-2026-Pass1-Z1-2MU00693_20260729_210653_000;0.6;0.9;28.0;Leppun;0.05;noise, Phogri;;;;
Car381009-2026-Pass1-Z1-2MU00693_20260729_210708_000;0.0;2.7;21.0;noise;0.13;;;;;
Car381009-2026-Pass1-Z1-2MU00693_20260729_210708_000;0.0;2.7;33.0;Testes;0.72;;;;;
Car381009-2026-Pass1-Z1-2MU00693_20260729_210717_000;1.0;1.9;26.0;noise;0.28;;;;;
Car381009-2026-Pass1-Z1-2MU00693_20260729_210717_000;0.7;1.0;28.0;Nyclei;0.05;Cyrscu;;;;
Car381009-2026-Pass1-Z1-2MU00693_20260729_210723_000;0.0;2.0;33.0;noise;0.47;;;;;
Car381009-2026-Pass1-Z1-2MU00693_20260729_210727_000;0.4;3.3;26.0;noise;0.2;;;;;
Car381009-2026-Pass1-Z1-2MU00693_20260729_210727_000;0.0;3.3;34.0;Testes;0.53;;;;;
Car381009-2026-Pass1-Z1-2MU00693_20260729_210741_000;0.0;1.3;31.0;Barfis;0.09;Leppun;;;;
Car381009-2026-Pass1-Z1-2MU00693_20260729_210741_000;0.2;2.1;18.0;noise;0.16;;;;;
Car381009-2026-Pass1-Z1-2MU00693_20260729_210746_000;0.0;3.9;15.0;noise;0.51;;;;;
Car381009-2026-Pass1-Z1-2MU00693_20260729_210746_000;0.0;4.0;34.0;Testes;0.7;;;;;
Car381009-2026-Pass1-Z1-2MU00693_20260729_210800_000;0.0;1.2;26.0;noise;0.05;Leppun;;;;
Car381009-2026-Pass1-Z1-2MU00693_20260729_210806_000;0.2;4.6;15.0;noise;0.26;;;;;
Car381009-2026-Pass1-Z1-2MU00693_20260729_210806_000;0.0;3.5;33.0;Testes;0.64;;;;;
Car381009-2026-Pass1-Z1-2MU00693_20260729_210827_000;0.3;3.2;14.0;noise;0.36;;;;;
Car381009-2026-Pass1-Z1-2MU00693_20260729_210827_000;0.0;3.2;33.0;Testes;0.37;;;;;
Car381009-2026-Pass1-Z1-2MU00693_20260729_210847_000;0.2;5.0;15.0;noise;0.48;Tetvir;;;;
Car381009-2026-Pass1-Z1-2MU00693_20260729_210847_000;0.0;5.0;34.0;Testes;0.8;;;;;
Car381009-2026-Pass1-Z1-2MU00693_20260729_210910_000;0.2;3.3;17.0;noise;0.2;Phogri;;;;
Car381009-2026-Pass1-Z1-2MU00693_20260729_210910_000;0.0;2.0;34.0;Yposp;0.07;Inssp7, Testes, Antsp;;;;
Car381009-2026-Pass1-Z1-2MU00693_20260729_210928_000;0.0;4.0;29.0;noise;0.38;;;;;
Car381009-2026-Pass1-Z1-2MU00693_20260729_210928_000;0.0;4.0;33.0;Testes;0.76;;;;;
Car381009-2026-Pass1-Z1-2MU00693_20260729_210950_000;0.0;3.2;20.0;Phogri;0.44;;;;;
Car381009-2026-Pass1-Z1-2MU00693_20260729_210950_000;0.0;3.2;34.0;Testes;0.37;;;;;
Car381009-2026-Pass1-Z1-2MU00693_20260729_211012_000;0.3;4.3;15.0;noise;0.3;;;;;
Car381009-2026-Pass1-Z1-2MU00693_20260729_211012_000;0.0;4.5;34.0;Testes;0.77;;;;;
Car381009-2026-Pass1-Z1-2MU00693_20260729_211036_000;0.0;4.3;26.0;noise;0.23;;;;;
Car381009-2026-Pass1-Z1-2MU00693_20260729_211036_000;0.0;4.5;34.0;Testes;0.87;;;;;
Car381009-2026-Pass1-Z1-2MU00693_20260729_211045_000;0.3;1.4;27.0;Eptser;0.34;;;;;
Car381009-2026-Pass1-Z1-2MU00693_20260729_211045_000;0.1;1.7;27.0;noise;0.4;;;;;
Car381009-2026-Pass1-Z1-2MU00693_20260729_211059_000;0.0;3.5;15.0;Phogri;0.65;;;;;
Car381009-2026-Pass1-Z1-2MU00693_20260729_211059_000;0.0;3.0;34.0;Testes;0.21;;;;;
Car381009-2026-Pass1-Z1-2MU00693_20260729_211119_000;0.2;5.0;24.0;noise;0.38;;;;;
Car381009-2026-Pass1-Z1-2MU00693_20260729_211119_000;0.0;4.3;34.0;Testes;0.66;;;;;
Car381009-2026-Pass1-Z1-2MU00693_20260729_211144_000;0.0;2.9;24.0;noise;0.16;;;;;
Car381009-2026-Pass1-Z1-2MU00693_20260729_211144_000;0.0;2.4;34.0;Testes;0.18;noise;;;;
Car381009-2026-Pass1-Z1-2MU00693_20260729_211156_000;0.0;1.2;31.0;Leppun;0.22;;;;;
Car381009-2026-Pass1-Z1-2MU00693_20260729_211156_000;0.0;0.1;21.0;noise;0.14;;;;;
Car381009-2026-Pass1-Z1-2MU00693_20260729_211204_000;0.0;3.5;23.0;noise;0.14;;;;;
Car381009-2026-Pass1-Z1-2MU00693_20260729_211204_000;0.0;4.3;33.0;Testes;0.37;;;;;
Car381009-2026-Pass1-Z1-2MU00693_20260729_211214_000;0.3;1.3;24.0;noise;0.55;;;;;
Car381009-2026-Pass1-Z1-2MU00693_20260729_211216_000;0.6;0.7;29.0;noise;0.14;;;;;
Car381009-2026-Pass1-Z1-2MU00693_20260729_211225_000;0.0;3.7;30.0;noise;0.26;;;;;
Car381009-2026-Pass1-Z1-2MU00693_20260729_211225_000;0.0;4.0;33.0;Testes;0.41;;;;;
Car381009-2026-Pass1-Z1-2MU00693_20260729_211225_000;0.0;4.0;14.0;Tetvir;0.88;;;;;
Car381009-2026-Pass1-Z1-2MU00693_20260729_211248_000;0.0;2.9;32.0;noise;0.19;;;;;
Car381009-2026-Pass1-Z1-2MU00693_20260729_211248_000;0.0;2.4;34.0;Testes;0.85;;;;;
Car381009-2026-Pass1-Z1-2MU00693_20260729_211248_000;0.7;4.0;10.0;Tetvir;0.91;;;;;
Car381009-2026-Pass1-Z1-2MU00693_20260729_211320_000;0.0;4.4;33.0;noise;0.12;;;;;
Car381009-2026-Pass1-Z1-2MU00693_20260729_211320_000;0.0;4.1;33.0;Testes;0.43;;;;;
Car381009-2026-Pass1-Z1-2MU00693_20260729_211427_000;0.0;1.7;30.0;Phogri;0.4;;;;;
Car381009-2026-Pass1-Z1-2MU00693_20260729_211506_000;1.4;3.6;27.0;Phogri;0.03;noise, Tetvir, Rhasp, Plaint, Barfis;;;;
Car381009-2026-Pass1-Z1-2MU00693_20260729_211533_000;1.5;1.8;27.0;noise;0.08;;;;;
Car381009-2026-Pass1-Z1-2MU00693_20260729_211616_000;0.0;2.0;16.0;noise;0.25;;;;;
Car381009-2026-Pass1-Z1-2MU00693_20260729_211616_000;0.2;1.6;21.0;Phanan;0.04;Phogri, Tetvir;;;;
Car381009-2026-Pass1-Z1-2MU00693_20260729_211709_000;0.0;0.1;33.0;Leppun;0.78;;;;;
Car381009-2026-Pass1-Z1-2MU00693_20260729_211709_000;0.9;1.0;9.0;noise;0.76;;;;;
Car381009-2026-Pass1-Z1-2MU00693_20260729_211826_000;0.0;0.4;37.0;Leppun;0.97;;;;;
Car381009-2026-Pass1-Z1-2MU00693_20260729_211826_000;0.1;1.7;54.0;noise;0.38;;;;;
Car381009-2026-Pass1-Z1-2MU00693_20260729_211840_000;0.0;1.1;31.0;Leppun;0.38;;;;;
Car381009-2026-Pass1-Z1-2MU00693_20260729_211854_000;1.2;1.4;28.0;Eptser;0.04;noise, Tetvir, Nyclei, Cyrscu;;;;
Car381009-2026-Pass1-Z1-2MU00693_20260729_211854_000;0.0;1.3;27.0;Leppun;0.97;;;;;
Car381009-2026-Pass1-Z1-2MU00693_20260729_211904_000;0.0;1.9;27.0;Leppun;0.8;;;;;
Car381009-2026-Pass1-Z1-2MU00693_20260729_212457_000;1.8;2.1;32.0;Leppun;0.21;;;;;
Car381009-2026-Pass1-Z1-2MU00693_20260729_212459_000;0.3;0.7;30.0;noise;0.07;Leppun;;;;
Car381009-2026-Pass1-Z1-2MU00693_20260729_212459_000;1.5;1.6;23.0;Phogri;0.04;Tetvir;;;;
Car381009-2026-Pass1-Z1-2MU00693_20260729_212650_000;0.0;2.1;32.0;Antsp;0.16;;;;;
Car381009-2026-Pass1-Z1-2MU00693_20260729_212700_000;0.0;0.7;38.0;Metbra;0.05;Phogri;;;;
Car381009-2026-Pass1-Z1-2MU00693_20260729_212700_000;0.1;2.1;27.0;noise;0.15;;;;;
Car381009-2026-Pass1-Z1-2MU00693_20260729_212703_000;0.0;2.0;28.0;noise;0.06;;;;;
Car381009-2026-Pass1-Z1-2MU00693_20260729_212703_000;0.0;1.9;34.0;Phogri;0.09;;;;;
Car381009-2026-Pass1-Z1-2MU00693_20260729_212756_000;0.5;2.6;23.0;noise;0.35;;;;;
Car381009-2026-Pass1-Z1-2MU00693_20260729_212756_000;0.0;1.8;34.0;Testes;0.8;;;;;
Car381009-2026-Pass1-Z1-2MU00693_20260729_212816_000;0.0;0.2;33.0;Confus;0.32;;;;;
Car381009-2026-Pass1-Z1-2MU00693_20260729_212816_000;0.1;0.7;33.0;Leppun;0.08;noise;;;;
Car381009-2026-Pass1-Z1-2MU00693_20260729_212832_000;0.2;0.3;27.0;Leppun;0.04;Phogri, Tetvir, Pippip;;;;
Car381009-2026-Pass1-Z1-2MU00693_20260729_212832_000;0.1;1.3;30.0;noise;0.13;;;;;
Car381009-2026-Pass1-Z1-2MU00693_20260729_212834_000;0.1;0.2;29.0;noise;0.66;;;;;
Car381009-2026-Pass1-Z1-2MU00693_20260729_212904_000;0.0;0.1;39.0;Phogri;0.3;;;;;
Car381009-2026-Pass1-Z1-2MU00693_20260729_212909_000;0.0;1.9;29.0;Leppun;0.31;;;;;
Car381009-2026-Pass1-Z1-2MU00693_20260729_212922_000;0.0;1.9;48.0;Leppun;0.93;;;;;
Car381009-2026-Pass1-Z1-2MU00693_20260729_212922_000;0.0;0.7;24.0;noise;0.34;;;;;
Car381009-2026-Pass1-Z1-2MU00693_20260729_212945_000;0.5;0.7;30.0;Eptser;0.08;Nyclei;;;;
Car381009-2026-Pass1-Z1-2MU00693_20260729_212945_000;0.2;1.7;30.0;noise;0.67;;;;;
Car381009-2026-Pass1-Z1-2MU00693_20260729_212948_000;0.0;0.4;33.0;Leppun;0.16;noise;;;;
Car381009-2026-Pass1-Z1-2MU00693_20260729_212956_000;0.0;0.8;32.0;Phogri;0.26;;;;;
Car381009-2026-Pass1-Z1-2MU00693_20260729_212956_000;1.3;1.4;8.0;noise;0.1;Tetvir;;;;
Car381009-2026-Pass1-Z1-2MU00693_20260729_212956_000;1.7;1.8;25.0;Pleaus;0.05;;;;;
Car381009-2026-Pass1-Z1-2MU00693_20260729_213013_000;0.0;2.1;34.0;noise;0.06;Leppun;;;;
Car381009-2026-Pass1-Z1-2MU00693_20260729_213027_000;0.0;1.8;34.0;Leppun;0.53;;;;;
Car381009-2026-Pass1-Z1-2MU00693_20260729_213109_000;0.0;2.4;28.0;noise;0.05;Leppun;;;;
Car381009-2026-Pass1-Z1-2MU00693_20260729_213136_000;0.1;3.8;30.0;noise;0.12;;;;;
Car381009-2026-Pass1-Z1-2MU00693_20260729_213141_000;0.0;2.0;30.0;noise;0.13;;;;;
Car381009-2026-Pass1-Z1-2MU00693_20260729_213239_000;0.0;0.4;16.0;noise;0.32;;;;;
Car381009-2026-Pass1-Z1-2MU00693_20260729_213239_000;0.0;1.2;32.0;Testes;0.61;;;;;
Car381009-2026-Pass1-Z1-2MU00693_20260729_213250_000;0.2;0.5;33.0;noise;0.05;;;;;
Car381009-2026-Pass1-Z1-2MU00693_20260729_213250_000;0.0;1.8;34.0;Testes;0.85;;;;;
Car381009-2026-Pass1-Z1-2MU00693_20260729_213256_000;0.0;0.6;28.0;Leppun;0.1;noise;;;;
Car381009-2026-Pass1-Z1-2MU00693_20260729_213259_000;1.3;1.4;30.0;noise;0.42;;;;;
Car381009-2026-Pass1-Z1-2MU00693_20260729_213354_000;0.0;0.5;37.0;noise;0.05;Phogri;;;;
Car381009-2026-Pass1-Z1-2MU00693_20260729_213354_000;2.3;2.4;36.0;Leppun;0.2;;;;;
Car381009-2026-Pass1-Z1-2MU00693_20260729_213451_000;0.0;2.0;30.0;Leppun;0.1;noise;;;;
Car381009-2026-Pass1-Z1-2MU00693_20260729_213522_000;0.0;0.6;38.0;noise;0.04;Phogri, Tetvir;;;;
Car381009-2026-Pass1-Z1-2MU00693_20260729_213604_000;0.8;2.7;30.0;Eptser;0.24;;;;;
Car381009-2026-Pass1-Z1-2MU00693_20260729_213604_000;0.7;3.2;31.0;noise;0.15;;;;;
Car381009-2026-Pass1-Z1-2MU00693_20260729_213621_000;0.2;4.7;26.0;noise;0.15;;;;;
Car381009-2026-Pass1-Z1-2MU00693_20260729_213621_000;0.2;1.5;33.0;Testes;0.81;;;;;
Car381009-2026-Pass1-Z1-2MU00693_20260729_213658_000;0.0;0.6;39.0;noise;0.05;;;;;
Car381009-2026-Pass1-Z1-2MU00693_20260729_213658_000;0.1;4.2;30.0;Leppun;0.14;;;;;
Car381009-2026-Pass1-Z1-2MU00693_20260729_213705_000;0.0;0.9;34.0;Leppun;0.09;noise;;;;
Car381009-2026-Pass1-Z1-2MU00693_20260729_213705_000;0.0;0.7;27.0;Phogri;0.61;;;;;
Car381009-2026-Pass1-Z1-2MU00693_20260729_213728_000;0.5;1.0;40.0;Leppun;0.1;noise;;;;
Car381009-2026-Pass1-Z1-2MU00693_20260729_213728_000;0.2;0.6;24.0;Phogri;0.04;Plaint, noise, Tetvir;;;;
Car381009-2026-Pass1-Z1-2MU00693_20260729_213730_000;0.1;1.8;30.0;noise;0.05;Leppun;;;;
Car381009-2026-Pass1-Z1-2MU00693_20260729_213738_000;0.0;2.0;22.0;noise;0.14;;;;;
Car381009-2026-Pass1-Z1-2MU00693_20260729_213745_000;0.0;1.4;31.0;Leppun;0.22;noise;;;;
Car381009-2026-Pass1-Z1-2MU00693_20260729_213745_000;0.0;0.2;31.0;Testes;0.68;;;;;
Car381009-2026-Pass1-Z1-2MU00693_20260729_213759_000;0.2;2.8;20.0;Isopyr;0.12;;;;;
Car381009-2026-Pass1-Z1-2MU00693_20260729_213759_000;0.4;2.9;33.0;Leppun;0.21;;;;;
Car381009-2026-Pass1-Z1-2MU00693_20260729_213759_000;0.0;3.1;28.0;noise;0.14;;;;;
Car381009-2026-Pass1-Z1-2MU00693_20260729_213759_000;0.0;2.7;31.0;Antsp;0.08;Testes;;;;
Car381009-2026-Pass1-Z1-2MU00693_20260729_213808_000;0.0;3.4;24.0;noise;0.16;;;;;
Car381009-2026-Pass1-Z1-2MU00693_20260729_213808_000;0.0;2.8;43.0;Pippip;0.4;;;;;
Car381009-2026-Pass1-Z1-2MU00693_20260729_213817_000;1.2;1.3;34.0;Leppun;0.25;;;;;
Car381009-2026-Pass1-Z1-2MU00693_20260729_213817_000;0.0;1.4;27.0;Phogri;0.77;;;;;
Car381009-2026-Pass1-Z1-2MU00693_20260729_213830_000;1.0;2.0;27.0;Eptser;0.41;;;;;
Car381009-2026-Pass1-Z1-2MU00693_20260729_213830_000;0.0;0.1;31.0;Phogri;0.79;;;;;
Car381009-2026-Pass1-Z1-2MU00693_20260729_213912_000;0.0;2.1;34.0;Leppun;0.13;Phogri;;;;
Car381009-2026-Pass1-Z1-2MU00693_20260729_213912_000;0.0;2.2;34.0;Testes;0.15;;;;;
Car381009-2026-Pass1-Z1-2MU00693_20260729_213912_000;0.9;1.5;11.0;Tetvir;0.72;;;;;
Car381009-2026-Pass1-Z1-2MU00693_20260729_213921_000;0.3;3.7;34.0;noise;0.22;;;;;
Car381009-2026-Pass1-Z1-2MU00693_20260729_213921_000;0.0;3.9;34.0;Testes;0.82;;;;;
Car381009-2026-Pass1-Z1-2MU00693_20260729_213932_000;0.0;1.4;34.0;Leppun;0.14;;;;;
Car381009-2026-Pass1-Z1-2MU00693_20260729_213938_000;0.2;2.3;41.0;noise;0.14;;;;;
Car381009-2026-Pass1-Z1-2MU00693_20260729_213938_000;0.0;2.3;35.0;Testes;0.77;;;;;
Car381009-2026-Pass1-Z1-2MU00693_20260729_213948_000;0.6;4.4;29.0;noise;0.18;;;;;
Car381009-2026-Pass1-Z1-2MU00693_20260729_213948_000;0.0;4.5;52.0;Pipkuh;0.99;;;;;
Car381009-2026-Pass1-Z1-2MU00693_20260729_214000_000;2.3;2.4;8.0;noise;0.1;Tetvir;;;;
Car381009-2026-Pass1-Z1-2MU00693_20260729_214000_000;0.0;3.2;32.0;Testes;0.79;;;;;
Car381009-2026-Pass1-Z1-2MU00693_20260729_214009_000;0.9;2.2;19.0;noise;0.19;;;;;
Car381009-2026-Pass1-Z1-2MU00693_20260729_214009_000;0.0;1.1;32.0;Testes;0.73;;;;;
Car381009-2026-Pass1-Z1-2MU00693_20260729_214021_000;0.0;4.4;32.0;noise;0.13;;;;;
Car381009-2026-Pass1-Z1-2MU00693_20260729_214021_000;0.0;4.0;33.0;Testes;0.47;;;;;
Car381009-2026-Pass1-Z1-2MU00693_20260729_214030_000;1.5;3.4;34.0;Leppun;0.25;;;;;
Car381009-2026-Pass1-Z1-2MU00693_20260729_214030_000;3.7;3.8;19.0;noise;0.14;;;;;
Car381009-2026-Pass1-Z1-2MU00693_20260729_214030_000;0.0;4.2;56.0;Pippip;0.99;;;;;
Car381009-2026-Pass1-Z1-2MU00693_20260729_214030_000;1.8;3.4;34.0;Yposp;0.06;Testes;;;;
Car381009-2026-Pass1-Z1-2MU00693_20260729_214036_000;2.1;4.4;30.0;noise;0.09;;;;;
Car381009-2026-Pass1-Z1-2MU00693_20260729_214036_000;0.0;5.0;56.0;Pippip;0.99;;;;;
Car381009-2026-Pass1-Z1-2MU00693_20260729_214036_000;0.0;4.6;34.0;Testes;0.89;;;;;
Car381009-2026-Pass1-Z1-2MU00693_20260729_214051_000;0.2;4.8;34.0;Yposp;0.02;Tetvir, Phogri, Metbra, Confus, Antsp, Yerray, Yerbey, Vesmur, Urosp, Tyllil, Thycor, Tetpyg, Tetarg, Testes, Tadten, Sepsep, Rusnit, Roeroe, Rhihip, Rhifer, Rhieur, Rhasp, Ratnor, Plemac, Pleaus, Pleaur, Plasab, Plaint, Plafal, Plaalb, Plaaff, Pippyg, Pippip, Pipnat, Pipkuh, piaf, Phofem, Phanan, Phafal, Nycnoc, Nyclei, Nyclas, Myonat, Myomys, MyoGT, Myoema, Myodau, Myogla, Myocap, Myobec, Myoalc, Mussp, Minsch, Mimasp, Micagr, mamm, Lepbos, Lepalb, Lamsp., Isopyr, Inssp8, Inssp7, Inssp5, Insp12, Insp11, Insp10, Hypsav, gril, Eupsp, Eptser, Eptnil, Epheph, Decalb, Cyrscu, Cympud, criq, Tetarg, Barfis, Barbar, amph;;;;
Car381009-2026-Pass1-Z1-2MU00693_20260729_214051_000;0.3;4.8;31.0;Leppun;0.14;noise;;;;
Car381009-2026-Pass1-Z1-2MU00693_20260729_214051_000;0.4;4.6;28.0;Phogri;0.09;noise;;;;
Car381009-2026-Pass1-Z1-2MU00693_20260729_214108_000;0.0;2.0;28.0;Phogri;0.39;;;;;
Car381009-2026-Pass1-Z1-2MU00693_20260729_214112_000;0.0;1.6;26.0;Phogri;0.43;;;;;
Car381009-2026-Pass1-Z1-2MU00693_20260729_214121_000;0.0;2.0;32.0;Rhasp;0.08;Yposp;;;;
Car381009-2026-Pass1-Z1-2MU00693_20260729_214121_000;0.8;2.0;33.0;Leppun;0.05;;;;;
Car381009-2026-Pass1-Z1-2MU00693_20260729_214121_000;0.0;1.8;28.0;noise;0.09;;;;;
Car381009-2026-Pass1-Z1-2MU00693_20260729_214135_000;0.0;0.6;49.0;Yposp;0.04;Tetvir, Pippip;;;;
Car381009-2026-Pass1-Z1-2MU00693_20260729_214135_000;0.0;1.9;24.0;noise;0.08;;;;;
Car381009-2026-Pass1-Z1-2MU00693_20260729_214143_000;0.0;1.0;33.0;noise;0.09;;;;;
Car381009-2026-Pass1-Z1-2MU00693_20260729_214202_000;0.0;1.7;38.0;Leppun;0.11;;;;;
Car381009-2026-Pass1-Z1-2MU00693_20260729_214254_000;0.0;1.2;31.0;Testes;0.83;;;;;
Car381009-2026-Pass1-Z1-2MU00693_20260729_214317_000;0.0;1.5;33.0;Testes;0.85;;;;;
Car381009-2026-Pass1-Z1-2MU00693_20260729_214341_000;0.0;1.9;41.0;noise;0.42;;;;;
Car381009-2026-Pass1-Z1-2MU00693_20260729_214358_000;0.0;2.2;36.0;Phogri;0.17;;;;;
Car381009-2026-Pass1-Z1-2MU00693_20260729_214404_000;0.0;1.6;35.0;Leppun;0.21;;;;;
Car381009-2026-Pass1-Z1-2MU00693_20260729_214404_000;0.2;0.3;20.0;noise;0.06;Phogri;;;;
Car381009-2026-Pass1-Z1-2MU00693_20260729_214412_000;0.0;0.6;32.0;noise;0.05;Leppun;;;;
Car381009-2026-Pass1-Z1-2MU00693_20260729_214417_000;0.0;0.1;33.0;Leppun;0.07;;;;;
Car381009-2026-Pass1-Z1-2MU00693_20260729_214417_000;0.3;2.0;28.0;noise;0.25;;;;;
Car381009-2026-Pass1-Z1-2MU00693_20260729_214441_000;1.8;1.9;27.0;Isopyr;0.3;;;;;
Car381009-2026-Pass1-Z1-2MU00693_20260729_214441_000;0.0;2.0;34.0;Leppun;0.48;;;;;
Car381009-2026-Pass1-Z1-2MU00693_20260729_214531_000;0.2;3.0;27.0;noise;0.14;;;;;
Car381009-2026-Pass1-Z1-2MU00693_20260729_214531_000;0.0;2.6;32.0;Testes;0.43;;;;;
Car381009-2026-Pass1-Z1-2MU00693_20260729_214544_000;0.0;1.6;43.0;noise;0.05;Yposp, Tetvir;;;;
Car381009-2026-Pass1-Z1-2MU00693_20260729_214544_000;0.0;1.6;38.0;Testes;0.71;;;;;
Car381009-2026-Pass1-Z1-2MU00693_20260729_214558_000;0.8;2.0;28.0;noise;0.11;;;;;
Car381009-2026-Pass1-Z1-2MU00693_20260729_214601_000;1.0;1.1;23.0;Cyrscu;0.07;;;;;
Car381009-2026-Pass1-Z1-2MU00693_20260729_214601_000;0.2;0.5;12.0;noise;0.09;Tetvir;;;;
Car381009-2026-Pass1-Z1-2MU00693_20260729_214612_000;0.2;1.6;71.0;noise;0.06;;;;;
Car381009-2026-Pass1-Z1-2MU00693_20260729_214612_000;0.0;2.8;39.0;Testes;0.73;;;;;
Car381009-2026-Pass1-Z1-2MU00693_20260729_214619_000;0.1;4.1;69.0;Confus;0.21;;;;;
Car381009-2026-Pass1-Z1-2MU00693_20260729_214619_000;0.0;4.5;36.0;Testes;0.68;;;;;
Car381009-2026-Pass1-Z1-2MU00693_20260729_214627_000;0.1;3.2;56.0;noise;0.12;Tetvir;;;;
Car381009-2026-Pass1-Z1-2MU00693_20260729_214627_000;0.0;1.6;37.0;Testes;0.85;;;;;
Car381009-2026-Pass1-Z1-2MU00693_20260729_214637_000;0.0;0.3;36.0;Leppun;0.21;;;;;
Car381009-2026-Pass1-Z1-2MU00693_20260729_214637_000;0.0;0.2;35.0;Testes;0.07;noise;;;;
Car381009-2026-Pass1-Z1-2MU00693_20260729_214640_000;0.1;2.0;30.0;noise;0.06;Leppun;;;;
Car381009-2026-Pass1-Z1-2MU00693_20260729_214640_000;1.9;2.1;34.0;Testes;0.77;;;;;
Car381009-2026-Pass1-Z1-2MU00693_20260729_214642_000;0.1;1.0;65.0;Confus;0.49;;;;;
Car381009-2026-Pass1-Z1-2MU00693_20260729_214642_000;0.0;1.1;44.0;Testes;0.42;;;;;
Car381009-2026-Pass1-Z1-2MU00693_20260729_214647_000;0.0;3.1;53.0;noise;0.14;;;;;
Car381009-2026-Pass1-Z1-2MU00693_20260729_214647_000;1.3;3.2;40.0;Testes;0.77;;;;;
Car381009-2026-Pass1-Z1-2MU00693_20260729_214654_000;0.7;1.6;27.0;noise;0.2;;;;;
Car381009-2026-Pass1-Z1-2MU00693_20260729_214703_000;0.0;5.0;43.0;noise;0.21;;;;;
Car381009-2026-Pass1-Z1-2MU00693_20260729_214703_000;0.0;5.0;43.0;Testes;0.78;;;;;
Car381009-2026-Pass1-Z1-2MU00693_20260729_214718_000;0.0;1.3;65.0;Confus;0.22;;;;;
Car381009-2026-Pass1-Z1-2MU00693_20260729_214718_000;0.0;1.3;43.0;Testes;0.35;;;;;
Car381009-2026-Pass1-Z1-2MU00693_20260729_214732_000;0.0;5.0;21.0;noise;0.24;;;;;
Car381009-2026-Pass1-Z1-2MU00693_20260729_214732_000;0.2;3.8;34.0;Testes;0.6;;;;;
Car381009-2026-Pass1-Z1-2MU00693_20260729_214741_000;0.0;1.6;45.0;Confus;0.47;;;;;
Car381009-2026-Pass1-Z1-2MU00693_20260729_214741_000;2.2;2.3;9.0;noise;0.1;;;;;
Car381009-2026-Pass1-Z1-2MU00693_20260729_214747_000;0.0;2.8;33.0;noise;0.15;;;;;
Car381009-2026-Pass1-Z1-2MU00693_20260729_214747_000;0.1;2.0;34.0;Testes;0.84;;;;;
Car381009-2026-Pass1-Z1-2MU00693_20260729_214752_000;0.0;1.9;32.0;Leppun;0.08;Phogri;;;;
Car381009-2026-Pass1-Z1-2MU00693_20260729_214752_000;1.5;2.1;15.0;noise;0.1;;;;;
Car381009-2026-Pass1-Z1-2MU00693_20260729_214758_000;0.0;3.0;57.0;Confus;0.18;;;;;
Car381009-2026-Pass1-Z1-2MU00693_20260729_214758_000;0.1;3.0;26.0;noise;0.13;;;;;
Car381009-2026-Pass1-Z1-2MU00693_20260729_214758_000;0.0;1.4;43.0;Testes;0.67;;;;;
Car381009-2026-Pass1-Z1-2MU00693_20260729_214810_000;0.0;2.0;42.0;noise;0.23;;;;;
Car381009-2026-Pass1-Z1-2MU00693_20260729_214810_000;0.0;2.3;35.0;Testes;0.77;;;;;
Car381009-2026-Pass1-Z1-2MU00693_20260729_214816_000;0.2;1.4;31.0;noise;0.2;;;;;
Car381009-2026-Pass1-Z1-2MU00693_20260729_214816_000;0.0;1.3;33.0;Testes;0.72;;;;;
Car381009-2026-Pass1-Z1-2MU00693_20260729_214837_000;0.0;1.7;36.0;noise;0.07;Yposp, Metbra;;;;
Car381009-2026-Pass1-Z1-2MU00693_20260729_214837_000;1.3;2.5;22.0;Phanan;0.06;;;;;
Car381009-2026-Pass1-Z1-2MU00693_20260729_214837_000;0.0;1.7;35.0;Testes;0.74;;;;;
Car381009-2026-Pass1-Z1-2MU00693_20260729_214842_000;0.1;1.9;71.0;Confus;0.06;;;;;
Car381009-2026-Pass1-Z1-2MU00693_20260729_214842_000;0.6;3.3;21.0;noise;0.14;;;;;
Car381009-2026-Pass1-Z1-2MU00693_20260729_214842_000;0.0;2.0;34.0;Testes;0.84;;;;;
Car381009-2026-Pass1-Z1-2MU00693_20260729_214850_000;0.0;1.3;44.0;noise;0.07;;;;;
Car381009-2026-Pass1-Z1-2MU00693_20260729_214850_000;0.0;1.3;33.0;Testes;0.6;;;;;
Car381009-2026-Pass1-Z1-2MU00693_20260729_214908_000;1.3;2.8;19.0;noise;0.05;Cyrscu;;;;
Car381009-2026-Pass1-Z1-2MU00693_20260729_214908_000;0.0;1.8;34.0;Testes;0.84;;;;;
Car381009-2026-Pass1-Z1-2MU00693_20260729_214916_000;0.1;1.9;58.0;noise;0.05;Confus, Phogri, Antsp;;;;
Car381009-2026-Pass1-Z1-2MU00693_20260729_214916_000;0.0;1.9;37.0;Testes;0.52;;;;;
Car381009-2026-Pass1-Z1-2MU00693_20260729_214931_000;0.0;1.5;38.0;Yposp;0.09;Confus, noise;;;;
Car381009-2026-Pass1-Z1-2MU00693_20260729_214931_000;0.3;2.5;31.0;noise;0.05;Testes, Insp12, Antsp;;;;
Car381009-2026-Pass1-Z1-2MU00693_20260729_215058_000;0.0;2.1;34.0;noise;0.05;Yposp, Metbra;;;;
Car381009-2026-Pass1-Z1-2MU00693_20260729_215058_000;0.0;2.9;33.0;Testes;0.69;;;;;
Car381009-2026-Pass1-Z1-2MU00693_20260729_215107_000;0.3;1.5;57.0;noise;0.07;Yposp;;;;
Car381009-2026-Pass1-Z1-2MU00693_20260729_215107_000;0.0;1.6;35.0;Testes;0.49;;;;;
Car381009-2026-Pass1-Z1-2MU00693_20260729_215117_000;0.0;3.1;36.0;noise;0.34;;;;;
Car381009-2026-Pass1-Z1-2MU00693_20260729_215117_000;1.5;2.3;50.0;Pippip;0.98;;;;;
Car381009-2026-Pass1-Z1-2MU00693_20260729_215121_000;1.0;1.6;33.0;noise;0.27;;;;;
Car381009-2026-Pass1-Z1-2MU00693_20260729_215121_000;1.3;1.8;34.0;Testes;0.18;;;;;
Car381009-2026-Pass1-Z1-2MU00693_20260729_215134_000;0.6;2.0;30.0;Leppun;0.15;noise;;;;
Car381009-2026-Pass1-Z1-2MU00693_20260729_215134_000;1.1;1.2;24.0;Phogri;0.32;;;;;
Car381009-2026-Pass1-Z1-2MU00693_20260729_215146_000;0.2;3.2;41.0;noise;0.15;;;;;
Car381009-2026-Pass1-Z1-2MU00693_20260729_215146_000;0.0;1.4;39.0;Testes;0.32;;;;;
Car381009-2026-Pass1-Z1-2MU00693_20260729_215146_000;0.1;3.2;24.0;Tetvir;0.68;;;;;
Car381009-2026-Pass1-Z1-2MU00693_20260729_215151_000;0.1;1.2;44.0;noise;0.05;Confus;;;;
Car381009-2026-Pass1-Z1-2MU00693_20260729_215151_000;0.0;1.4;35.0;Testes;0.81;;;;;
Car381009-2026-Pass1-Z1-2MU00693_20260729_215200_000;0.0;1.4;40.0;Confus;0.31;;;;;
Car381009-2026-Pass1-Z1-2MU00693_20260729_215200_000;1.6;1.8;24.0;noise;0.05;Eptser;;;;
Car381009-2026-Pass1-Z1-2MU00693_20260729_215216_000;0.0;0.6;33.0;Leppun;0.22;;;;;
Car381009-2026-Pass1-Z1-2MU00693_20260729_215216_000;0.0;1.4;30.0;noise;0.3;;;;;
Car381009-2026-Pass1-Z1-2MU00693_20260729_215221_000;0.0;2.2;26.0;noise;0.33;;;;;
Car381009-2026-Pass1-Z1-2MU00693_20260729_215221_000;0.0;1.5;37.0;Testes;0.82;;;;;
Car381009-2026-Pass1-Z1-2MU00693_20260729_215230_000;0.0;1.7;60.0;Leppun;0.11;noise;;;;
Car381009-2026-Pass1-Z1-2MU00693_20260729_215230_000;0.0;1.4;36.0;Testes;0.87;;;;;
Car381009-2026-Pass1-Z1-2MU00693_20260729_215237_000;0.0;1.8;39.0;Confus;0.31;;;;;
Car381009-2026-Pass1-Z1-2MU00693_20260729_215237_000;0.0;2.0;20.0;noise;0.13;;;;;
Car381009-2026-Pass1-Z1-2MU00693_20260729_215237_000;0.0;1.8;39.0;Testes;0.77;;;;;
Car381009-2026-Pass1-Z1-2MU00693_20260729_215245_000;0.0;4.8;26.0;noise;0.15;Tetvir;;;;
Car381009-2026-Pass1-Z1-2MU00693_20260729_215245_000;0.2;5.0;35.0;Testes;0.86;;;;;
Car381009-2026-Pass1-Z1-2MU00693_20260729_215255_000;1.3;1.5;20.0;noise;0.17;;;;;
Car381009-2026-Pass1-Z1-2MU00693_20260729_215257_000;0.4;0.7;29.0;Rhasp;0.05;noise, Phogri;;;;
Car381009-2026-Pass1-Z1-2MU00693_20260729_215257_000;0.1;0.2;10.0;Tetvir;0.78;;;;;
Car381009-2026-Pass1-Z1-2MU00693_20260729_215303_000;0.0;2.3;39.0;Confus;0.06;Yposp;;;;
Car381009-2026-Pass1-Z1-2MU00693_20260729_215303_000;0.2;2.7;32.0;noise;0.3;;;;;
Car381009-2026-Pass1-Z1-2MU00693_20260729_215654_000;0.0;0.4;35.0;Leppun;0.97;;;;;
Car381009-2026-Pass1-Z1-2MU00693_20260729_215654_000;1.2;1.3;11.0;noise;0.11;;;;;
Car381009-2026-Pass1-Z1-2MU00693_20260729_215706_000;0.0;0.1;40.0;Leppun;0.99;;;;;
Car381009-2026-Pass1-Z1-2MU00693_20260729_215706_000;1.2;1.3;22.0;Phogri;0.13;;;;;
Car381009-2026-Pass1-Z1-2MU00693_20260729_215751_000;1.5;1.6;27.0;Pleaus;0.03;noise, Tetvir, Eptser;;;;
Car381009-2026-Pass1-Z1-2MU00693_20260729_215754_000;1.1;2.1;41.0;Lamsp.;0.98;;;;;
Car381009-2026-Pass1-Z1-2MU00693_20260729_215754_000;0.6;2.0;22.0;Phogri;0.26;;;;;
Car381009-2026-Pass1-Z1-2MU00693_20260729_215809_000;1.2;3.9;25.0;noise;0.28;;;;;
Car381009-2026-Pass1-Z1-2MU00693_20260729_215826_000;0.0;0.1;42.0;Leppun;0.98;;;;;
Car381009-2026-Pass1-Z1-2MU00693_20260729_215826_000;1.4;1.6;15.0;noise;0.58;;;;;
Car381009-2026-Pass1-Z1-2MU00693_20260729_215830_000;0.0;2.0;25.0;Nyclei;0.99;;;;;
Car381009-2026-Pass1-Z1-2MU00693_20260729_215830_000;2.3;2.5;15.0;noise;0.12;;;;;
Car381009-2026-Pass1-Z1-2MU00693_20260729_215843_000;0.0;1.9;27.0;Leppun;0.97;;;;;
Car381009-2026-Pass1-Z1-2MU00693_20260729_215843_000;0.0;1.8;11.0;Tetvir;0.23;;;;;
Car381009-2026-Pass1-Z1-2MU00693_20260729_215851_000;0.0;1.2;36.0;Leppun;0.98;;;;;
Car381009-2026-Pass1-Z1-2MU00693_20260729_215851_000;1.0;1.1;19.0;noise;0.51;;;;;
Car381009-2026-Pass1-Z1-2MU00693_20260729_215925_000;0.2;0.5;25.0;noise;0.11;;;;;
Car381009-2026-Pass1-Z1-2MU00693_20260729_215927_000;0.2;1.4;27.0;Eptser;0.14;;;;;
Car381009-2026-Pass1-Z1-2MU00693_20260729_215927_000;0.5;1.5;28.0;Leppun;0.2;noise;;;;
Car381009-2026-Pass1-Z1-2MU00693_20260729_220028_000;0.1;1.4;29.0;noise;0.11;;;;;
Car381009-2026-Pass1-Z1-2MU00693_20260729_220028_000;0.1;1.3;33.0;Testes;0.09;;;;;
Car381009-2026-Pass1-Z1-2MU00693_20260729_220030_000;0.0;2.4;33.0;Leppun;0.11;;;;;
Car381009-2026-Pass1-Z1-2MU00693_20260729_220030_000;1.9;2.0;24.0;Phogri;0.64;;;;;
Car381009-2026-Pass1-Z1-2MU00693_20260729_220122_000;0.1;4.5;30.0;Leppun;0.16;noise;;;;
Car381009-2026-Pass1-Z1-2MU00693_20260729_220122_000;0.0;4.4;26.0;noise;0.13;Phogri;;;;
Car381009-2026-Pass1-Z1-2MU00693_20260729_220140_000;0.0;1.9;31.0;Leppun;0.27;;;;;
Car381009-2026-Pass1-Z1-2MU00693_20260729_220140_000;0.1;1.5;25.0;Phogri;0.45;;;;;
Car381009-2026-Pass1-Z1-2MU00693_20260729_220148_000;0.0;1.9;30.0;noise;0.09;;;;;
Car381009-2026-Pass1-Z1-2MU00693_20260729_220148_000;0.0;2.2;33.0;Testes;0.41;;;;;
Car381009-2026-Pass1-Z1-2MU00693_20260729_220201_000;2.0;2.1;33.0;Leppun;0.15;;;;;
Car381009-2026-Pass1-Z1-2MU00693_20260729_220201_000;0.0;2.0;16.0;Tyllil;0.62;;;;;
Car381009-2026-Pass1-Z1-2MU00693_20260729_220201_000;0.0;2.1;38.0;Phogri;0.73;;;;;
Car381009-2026-Pass1-Z1-2MU00693_20260729_220212_000;0.0;4.9;55.0;Pippip;0.99;;;;;
Car381009-2026-Pass1-Z1-2MU00693_20260729_220212_000;0.2;4.4;28.0;Tetvir;0.29;;;;;
Car381009-2026-Pass1-Z1-2MU00693_20260729_220218_000;0.2;3.9;20.0;noise;0.15;;;;;
Car381009-2026-Pass1-Z1-2MU00693_20260729_220218_000;0.0;3.8;51.0;Pippip;0.99;;;;;
Car381009-2026-Pass1-Z1-2MU00693_20260729_220218_000;0.1;3.9;29.0;Testes;0.14;Antsp;;;;
Car381009-2026-Pass1-Z1-2MU00693_20260729_220230_000;0.1;1.8;26.0;noise;0.12;Phogri;;;;
Car381009-2026-Pass1-Z1-2MU00693_20260729_220230_000;0.4;1.8;28.0;Testes;0.68;;;;;
Car381009-2026-Pass1-Z1-2MU00693_20260729_220255_000;0.0;1.7;33.0;noise;0.21;;;;;
Car381009-2026-Pass1-Z1-2MU00693_20260729_220255_000;0.0;1.1;30.0;Testes;0.24;;;;;
Car381009-2026-Pass1-Z1-2MU00693_20260729_220307_000;1.2;3.8;29.0;Phogri;0.48;;;;;
Car381009-2026-Pass1-Z1-2MU00693_20260729_220307_000;0.0;3.8;33.0;Testes;0.69;;;;;
Car381009-2026-Pass1-Z1-2MU00693_20260729_220327_000;0.0;1.1;32.0;Leppun;0.98;;;;;
Car381009-2026-Pass1-Z1-2MU00693_20260729_220331_000;0.0;4.0;35.0;Leppun;0.99;;;;;
Car381009-2026-Pass1-Z1-2MU00693_20260729_220331_000;0.7;5.0;18.0;noise;0.13;Phogri;;;;
Car381009-2026-Pass1-Z1-2MU00693_20260729_220339_000;0.0;1.5;36.0;Leppun;0.96;;;;;
Car381009-2026-Pass1-Z1-2MU00693_20260729_220339_000;1.3;1.5;20.0;Phogri;0.76;;;;;
Car381009-2026-Pass1-Z1-2MU00693_20260729_220344_000;0.0;1.1;32.0;noise;0.1;;;;;
Car381009-2026-Pass1-Z1-2MU00693_20260729_220344_000;0.0;1.3;34.0;Testes;0.82;;;;;
Car381009-2026-Pass1-Z1-2MU00693_20260729_220347_000;0.1;2.0;32.0;noise;0.3;;;;;
Car381009-2026-Pass1-Z1-2MU00693_20260729_220354_000;0.0;2.1;28.0;Leppun;0.92;;;;;
Car381009-2026-Pass1-Z1-2MU00693_20260729_220354_000;0.5;0.7;24.0;noise;0.06;Phogri, Isopyr, Tetvir, Cyrscu;;;;
Car381009-2026-Pass1-Z1-2MU00693_20260729_220357_000;0.2;2.6;30.0;noise;0.2;;;;;
Car381009-2026-Pass1-Z1-2MU00693_20260729_220357_000;0.0;2.6;32.0;Testes;0.54;;;;;
Car381009-2026-Pass1-Z1-2MU00693_20260729_220408_000;0.0;1.8;32.0;Leppun;0.98;;;;;
Car381009-2026-Pass1-Z1-2MU00693_20260729_220408_000;0.7;2.0;21.0;noise;0.13;;;;;
Car381009-2026-Pass1-Z1-2MU00693_20260729_220408_000;1.6;1.8;23.0;Phogri;0.71;;;;;
Car381009-2026-Pass1-Z1-2MU00693_20260729_220413_000;0.0;0.7;29.0;Phogri;0.61;;;;;
Car381009-2026-Pass1-Z1-2MU00693_20260729_220413_000;0.3;0.4;8.0;noise;0.1;;;;;
Car381009-2026-Pass1-Z1-2MU00693_20260729_220425_000;0.0;1.3;33.0;Leppun;0.14;;;;;
Car381009-2026-Pass1-Z1-2MU00693_20260729_220425_000;0.1;2.0;34.0;Tetvir;0.48;;;;;
Car381009-2026-Pass1-Z1-2MU00693_20260729_220440_000;0.0;0.5;33.0;Rhasp;0.07;Phogri, noise;;;;
Car381009-2026-Pass1-Z1-2MU00693_20260729_220440_000;0.0;1.3;33.0;Tetvir;0.66;;;;;
Car381009-2026-Pass1-Z1-2MU00693_20260729_220451_000;0.0;3.9;34.0;Antsp;0.09;Yposp, noise;;;;
Car381009-2026-Pass1-Z1-2MU00693_20260729_220451_000;0.1;3.9;34.0;Leppun;0.08;noise;;;;
Car381009-2026-Pass1-Z1-2MU00693_20260729_220451_000;1.0;3.7;24.0;Tetvir;0.46;;;;;
Car381009-2026-Pass1-Z1-2MU00693_20260729_220505_000;0.0;3.0;34.0;Antsp;0.06;Yposp;;;;
Car381009-2026-Pass1-Z1-2MU00693_20260729_220505_000;0.3;3.3;32.0;noise;0.2;;;;;
Car381009-2026-Pass1-Z1-2MU00693_20260729_220505_000;0.0;0.9;46.0;Pippip;0.95;;;;;
Car381009-2026-Pass1-Z1-2MU00693_20260729_220510_000;0.0;1.6;32.0;noise;0.45;;;;;
Car381009-2026-Pass1-Z1-2MU00693_20260729_220513_000;1.6;2.1;32.0;Leppun;0.06;;;;;
Car381009-2026-Pass1-Z1-2MU00693_20260729_220513_000;0.7;1.7;27.0;Phogri;0.47;;;;;
Car381009-2026-Pass1-Z1-2MU00693_20260729_220513_000;1.0;1.1;10.0;noise;0.08;Tetvir;;;;
Car381009-2026-Pass1-Z1-2MU00693_20260729_220519_000;0.1;2.9;33.0;Rhasp;0.42;;;;;
Car381009-2026-Pass1-Z1-2MU00693_20260729_220519_000;0.0;3.0;34.0;Antsp;0.22;;;;;
Car381009-2026-Pass1-Z1-2MU00693_20260729_220534_000;0.0;3.5;33.0;Antsp;0.08;Yposp, Rhasp, noise;;;;
Car381009-2026-Pass1-Z1-2MU00693_20260729_220534_000;0.1;3.5;34.0;Leppun;0.07;noise;;;;
Car381009-2026-Pass1-Z1-2MU00693_20260729_220548_000;0.0;2.6;34.0;Yposp;0.1;Antsp, Rhasp;;;;
Car381009-2026-Pass1-Z1-2MU00693_20260729_220548_000;0.0;3.0;35.0;noise;0.23;;;;;
Car381009-2026-Pass1-Z1-2MU00693_20260729_220559_000;0.7;4.9;34.0;Leppun;0.27;;;;;
Car381009-2026-Pass1-Z1-2MU00693_20260729_220559_000;0.0;4.9;63.0;Pippip;0.97;;;;;
Car381009-2026-Pass1-Z1-2MU00693_20260729_220559_000;0.7;4.8;26.0;Tetvir;0.3;;;;;
Car381009-2026-Pass1-Z1-2MU00693_20260729_220607_000;0.3;2.6;24.0;noise;0.2;;;;;
Car381009-2026-Pass1-Z1-2MU00693_20260729_220607_000;0.0;2.8;50.0;Pippip;0.99;;;;;
Car381009-2026-Pass1-Z1-2MU00693_20260729_220619_000;0.0;1.6;31.0;Leppun;0.96;;;;;
Car381009-2026-Pass1-Z1-2MU00693_20260729_220619_000;1.1;1.2;27.0;noise;0.05;Rhasp;;;;
Car381009-2026-Pass1-Z1-2MU00693_20260729_220625_000;0.5;1.6;27.0;Eptser;0.06;noise, Cyrscu;;;;
Car381009-2026-Pass1-Z1-2MU00693_20260729_220625_000;0.0;1.2;33.0;Leppun;0.99;;;;;
Car381009-2026-Pass1-Z1-2MU00693_20260729_220629_000;0.0;0.1;40.0;Leppun;0.98;;;;;
Car381009-2026-Pass1-Z1-2MU00693_20260729_220629_000;0.1;2.0;21.0;noise;0.27;;;;;
Car381009-2026-Pass1-Z1-2MU00693_20260729_220633_000;0.0;1.6;29.0;Leppun;0.99;;;;;
Car381009-2026-Pass1-Z1-2MU00693_20260729_220633_000;0.1;0.9;15.0;noise;0.11;Phogri;;;;
Car381009-2026-Pass1-Z1-2MU00693_20260729_220633_000;0.0;1.8;46.0;Pippip;0.98;;;;;
Car381009-2026-Pass1-Z1-2MU00693_20260729_220638_000;0.0;1.7;34.0;Leppun;0.95;;;;;
Car381009-2026-Pass1-Z1-2MU00693_20260729_220638_000;0.1;1.7;45.0;Pippip;0.98;;;;;
Car381009-2026-Pass1-Z1-2MU00693_20260729_220638_000;1.0;1.6;32.0;noise;0.08;Testes;;;;
Car381009-2026-Pass1-Z1-2MU00693_20260729_220658_000;0.1;2.1;50.0;noise;0.11;;;;;
Car381009-2026-Pass1-Z1-2MU00693_20260729_220658_000;0.0;1.6;30.0;Testes;0.62;;;;;
Car381009-2026-Pass1-Z1-2MU00693_20260729_220705_000;0.0;0.7;32.0;Leppun;0.89;;;;;
Car381009-2026-Pass1-Z1-2MU00693_20260729_220705_000;0.0;0.7;30.0;Testes;0.46;;;;;
Car381009-2026-Pass1-Z1-2MU00693_20260729_220708_000;0.0;0.6;28.0;Leppun;0.97;;;;;
Car381009-2026-Pass1-Z1-2MU00693_20260729_220708_000;0.0;2.0;26.0;Phogri;0.73;;;;;
Car381009-2026-Pass1-Z1-2MU00693_20260729_220714_000;0.9;2.8;34.0;Leppun;0.42;;;;;
Car381009-2026-Pass1-Z1-2MU00693_20260729_220714_000;0.5;2.7;25.0;Phogri;0.6;;;;;
Car381009-2026-Pass1-Z1-2MU00693_20260729_220714_000;0.0;1.4;46.0;Rhihip;0.23;;;;;
Car381009-2026-Pass1-Z1-2MU00693_20260729_220719_000;0.0;2.1;36.0;Leppun;0.09;noise;;;;
Car381009-2026-Pass1-Z1-2MU00693_20260729_220719_000;0.0;0.6;28.0;Antsp;0.06;noise, Testes;;;;
Car381009-2026-Pass1-Z1-2MU00693_20260729_220722_000;0.0;1.8;25.0;noise;0.45;;;;;
Car381009-2026-Pass1-Z1-2MU00693_20260729_220722_000;0.7;1.8;29.0;Phogri;0.7;;;;;
Car381009-2026-Pass1-Z1-2MU00693_20260729_220725_000;0.0;1.9;34.0;Leppun;0.97;;;;;
Car381009-2026-Pass1-Z1-2MU00693_20260729_220725_000;0.4;3.0;28.0;Phogri;0.58;;;;;
Car381009-2026-Pass1-Z1-2MU00693_20260729_220725_000;0.0;3.1;12.0;Tetvir;0.85;;;;;
Car381009-2026-Pass1-Z1-2MU00693_20260729_220732_000;0.0;0.7;33.0;Leppun;0.96;;;;;
Car381009-2026-Pass1-Z1-2MU00693_20260729_220732_000;0.3;0.7;35.0;Testes;0.4;;;;;
Car381009-2026-Pass1-Z1-2MU00693_20260729_220732_000;2.0;2.5;9.0;Tetvir;0.44;;;;;
Car381009-2026-Pass1-Z1-2MU00693_20260729_220738_000;0.0;4.0;28.0;Leppun;0.98;;;;;
Car381009-2026-Pass1-Z1-2MU00693_20260729_220738_000;0.0;4.1;25.0;noise;0.11;Phogri;;;;
Car381009-2026-Pass1-Z1-2MU00693_20260729_220744_000;0.0;2.0;34.0;Leppun;0.96;;;;;
Car381009-2026-Pass1-Z1-2MU00693_20260729_220744_000;0.5;1.6;27.0;Tetvir;0.81;;;;;
Car381009-2026-Pass1-Z1-2MU00693_20260729_220749_000;0.0;2.0;37.0;Leppun;0.99;;;;;
Car381009-2026-Pass1-Z1-2MU00693_20260729_220749_000;0.0;2.0;25.0;Phogri;0.8;;;;;
Car381009-2026-Pass1-Z1-2MU00693_20260729_220756_000;0.0;0.9;34.0;Leppun;0.24;;;;;
Car381009-2026-Pass1-Z1-2MU00693_20260729_220756_000;0.7;1.9;19.0;Phogri;0.38;;;;;
Car381009-2026-Pass1-Z1-2MU00693_20260729_220756_000;0.0;1.0;32.0;Testes;0.13;Yposp, noise;;;;
Car381009-2026-Pass1-Z1-2MU00693_20260729_220759_000;0.0;2.0;35.0;Leppun;0.96;;;;;
Car381009-2026-Pass1-Z1-2MU00693_20260729_220759_000;0.5;1.8;25.0;noise;0.05;Phogri;;;;
Car381009-2026-Pass1-Z1-2MU00693_20260729_220804_000;0.0;3.0;37.0;Leppun;0.48;;;;;
Car381009-2026-Pass1-Z1-2MU00693_20260729_220804_000;1.2;1.4;39.0;Pipkuh;0.37;;;;;
Car381009-2026-Pass1-Z1-2MU00693_20260729_220804_000;1.2;3.7;34.0;Testes;0.66;;;;;
Car381009-2026-Pass1-Z1-2MU00693_20260729_220804_000;0.1;5.0;12.0;Tetvir;0.95;;;;;
Car381009-2026-Pass1-Z1-2MU00693_20260729_220811_000;0.0;2.1;34.0;Leppun;0.93;;;;;
Car381009-2026-Pass1-Z1-2MU00693_20260729_220811_000;0.0;1.9;21.0;noise;0.37;;;;;
Car381009-2026-Pass1-Z1-2MU00693_20260729_220813_000;0.7;0.9;34.0;Leppun;0.1;Rhasp, noise;;;;
Car381009-2026-Pass1-Z1-2MU00693_20260729_220813_000;0.0;1.8;34.0;Testes;0.21;;;;;
Car381009-2026-Pass1-Z1-2MU00693_20260729_220816_000;1.9;2.0;36.0;Leppun;0.21;;;;;
Car381009-2026-Pass1-Z1-2MU00693_20260729_220816_000;0.1;4.7;22.0;noise;0.05;Phogri, Rhasp, Plaint;;;;
Car381009-2026-Pass1-Z1-2MU00693_20260729_220816_000;0.0;3.7;33.0;Testes;0.73;;;;;
Car381009-2026-Pass1-Z1-2MU00693_20260729_220822_000;0.0;4.5;35.0;Leppun;0.92;;;;;
Car381009-2026-Pass1-Z1-2MU00693_20260729_220822_000;0.0;4.6;32.0;noise;0.48;;;;;
Car381009-2026-Pass1-Z1-2MU00693_20260729_220822_000;0.0;4.3;34.0;Testes;0.58;;;;;
Car381009-2026-Pass1-Z1-2MU00693_20260729_220830_000;0.2;2.1;35.0;Lamsp.;0.94;;;;;
Car381009-2026-Pass1-Z1-2MU00693_20260729_220830_000;0.0;1.8;38.0;Leppun;0.12;Yposp;;;;
Car381009-2026-Pass1-Z1-2MU00693_20260729_220830_000;0.8;1.9;34.0;Testes;0.34;;;;;
Car381009-2026-Pass1-Z1-2MU00693_20260729_220830_000;0.3;3.7;21.0;Tetvir;0.38;;;;;
Car381009-2026-Pass1-Z1-2MU00693_20260729_220838_000;1.0;2.0;31.0;noise;0.05;;;;;
Car381009-2026-Pass1-Z1-2MU00693_20260729_220838_000;0.0;1.9;36.0;Leppun;0.86;;;;;
Car381009-2026-Pass1-Z1-2MU00693_20260729_220841_000;0.0;1.6;32.0;Leppun;0.18;;;;;
Car381009-2026-Pass1-Z1-2MU00693_20260729_220841_000;0.7;1.5;19.0;Phogri;0.55;;;;;
Car381009-2026-Pass1-Z1-2MU00693_20260729_220845_000;0.0;1.9;32.0;Leppun;0.91;;;;;
Car381009-2026-Pass1-Z1-2MU00693_20260729_220845_000;1.8;1.9;26.0;Phogri;0.53;;;;;
Car381009-2026-Pass1-Z1-2MU00693_20260729_220854_000;0.0;1.9;33.0;Leppun;0.97;;;;;
Car381009-2026-Pass1-Z1-2MU00693_20260729_220854_000;0.2;1.7;16.0;Phogri;0.68;;;;;
Car381009-2026-Pass1-Z1-2MU00693_20260729_220854_000;0.7;1.7;14.0;Tetvir;0.89;;;;;
Car381009-2026-Pass1-Z1-2MU00693_20260729_220909_000;0.0;2.1;36.0;Leppun;0.49;;;;;
Car381009-2026-Pass1-Z1-2MU00693_20260729_220909_000;0.9;1.4;29.0;Phogri;0.16;;;;;
Car381009-2026-Pass1-Z1-2MU00693_20260729_220915_000;0.0;1.8;32.0;Leppun;0.95;;;;;
Car381009-2026-Pass1-Z1-2MU00693_20260729_220915_000;1.3;1.4;28.0;Phogri;0.38;;;;;
Car381009-2026-Pass1-Z1-2MU00693_20260729_220922_000;0.0;1.7;30.0;Leppun;0.94;;;;;
Car381009-2026-Pass1-Z1-2MU00693_20260729_220922_000;1.6;1.8;26.0;Phogri;0.73;;;;;
Car381009-2026-Pass1-Z1-2MU00693_20260729_220926_000;0.2;1.7;33.0;Yposp;0.02;Tetvir, Phogri, Metbra, Leppun, Insp11, Yerray, Yerbey, Vesmur, Urosp, Tyllil, Thycor, Tetpyg, Tetarg, Testes, Tadten, Sepsep, Rusnit, Roeroe, Rhihip, Rhifer, Rhieur, Rhasp, Ratnor, Plemac, Pleaus, Pleaur, Plasab, Plaint, Plafal, Plaalb, Plaaff, Pippyg, Pippip, Pipnat, Pipkuh, piaf, Phofem, Phanan, Phafal, Nycnoc, Nyclei, Nyclas, Myonat, Myomys, MyoGT, Myoema, Myodau, Myogla, Myocap, Myobec, Myoalc, Mussp, Minsch, Mimasp, Micagr, mamm, Lepbos, Lepalb, Lamsp., Isopyr, Inssp8, Inssp7, Inssp5, Insp12, Insp10, Hypsav, gril, Eupsp, Eptser, Eptnil, Epheph, Decalb, Cyrscu, Cympud, criq, Confus, Tetarg, Barfis, Barbar, Antsp, amph;;;;
Car381009-2026-Pass1-Z1-2MU00693_20260729_220926_000;0.2;1.8;30.0;noise;0.09;;;;;
Car381009-2026-Pass1-Z1-2MU00693_20260729_220937_000;0.0;0.1;34.0;Leppun;0.99;;;;;
Car381009-2026-Pass1-Z1-2MU00693_20260729_220937_000;1.3;1.5;26.0;Phogri;0.56;;;;;
Car381009-2026-Pass1-Z1-2MU00693_20260729_220955_000;0.0;1.5;33.0;Leppun;0.98;;;;;
Car381009-2026-Pass1-Z1-2MU00693_20260729_220955_000;0.4;0.5;27.0;Phogri;0.46;;;;;
Car381009-2026-Pass1-Z1-2MU00693_20260729_220955_000;0.2;0.3;10.0;Tetvir;0.55;;;;;
Car381009-2026-Pass1-Z1-2MU00693_20260729_220959_000;0.0;2.0;36.0;Leppun;0.92;;;;;
Car381009-2026-Pass1-Z1-2MU00693_20260729_221022_000;0.8;1.6;29.0;Eptser;0.26;;;;;
Car381009-2026-Pass1-Z1-2MU00693_20260729_221022_000;0.0;1.9;33.0;Leppun;0.97;;;;;
Car381009-2026-Pass1-Z1-2MU00693_20260729_221048_000;0.0;0.8;40.0;Leppun;0.96;;;;;
Car381009-2026-Pass1-Z1-2MU00693_20260729_221048_000;0.0;1.6;28.0;Phogri;0.42;;;;;
Car381009-2026-Pass1-Z1-2MU00693_20260729_221101_000;0.0;2.0;27.0;Leppun;0.97;;;;;
Car381009-2026-Pass1-Z1-2MU00693_20260729_221114_000;0.0;1.6;34.0;Leppun;0.99;;;;;
Car381009-2026-Pass1-Z1-2MU00693_20260729_221114_000;0.1;1.5;15.0;noise;0.11;;;;;
Car381009-2026-Pass1-Z1-2MU00693_20260729_221114_000;0.0;1.1;25.0;Phogri;0.72;;;;;
Car381009-2026-Pass1-Z1-2MU00693_20260729_221118_000;0.0;1.6;32.0;Leppun;0.97;;;;;
Car381009-2026-Pass1-Z1-2MU00693_20260729_221118_000;0.2;1.2;9.0;noise;0.1;Tetvir;;;;
Car381009-2026-Pass1-Z1-2MU00693_20260729_221121_000;0.0;1.0;34.0;Leppun;0.97;;;;;
Car381009-2026-Pass1-Z1-2MU00693_20260729_221121_000;0.1;1.9;15.0;noise;0.36;;;;;
Car381009-2026-Pass1-Z1-2MU00693_20260729_221124_000;0.0;1.4;32.0;Leppun;0.97;;;;;
Car381009-2026-Pass1-Z1-2MU00693_20260729_221129_000;0.0;1.8;28.0;Leppun;0.94;;;;;
Car381009-2026-Pass1-Z1-2MU00693_20260729_221129_000;1.7;1.8;27.0;Phogri;0.45;;;;;
Car381009-2026-Pass1-Z1-2MU00693_20260729_221134_000;0.0;0.5;34.0;noise;0.04;Tetvir, Leppun;;;;
Car381009-2026-Pass1-Z1-2MU00693_20260729_221134_000;0.2;2.5;27.0;Phogri;0.75;;;;;
Car381009-2026-Pass1-Z1-2MU00693_20260729_221139_000;0.0;4.0;35.0;Leppun;0.94;;;;;
Car381009-2026-Pass1-Z1-2MU00693_20260729_221139_000;0.0;4.3;25.0;noise;0.14;;;;;
Car381009-2026-Pass1-Z1-2MU00693_20260729_221139_000;0.0;4.3;33.0;Phogri;0.62;;;;;
Car381009-2026-Pass1-Z1-2MU00693_20260729_221155_000;0.0;1.7;24.0;Leppun;0.98;;;;;
Car381009-2026-Pass1-Z1-2MU00693_20260729_221155_000;0.5;2.0;27.0;noise;0.09;;;;;
Car381009-2026-Pass1-Z1-2MU00693_20260729_221155_000;1.6;1.9;22.0;Phogri;0.6;;;;;
Car381009-2026-Pass1-Z1-2MU00693_20260729_221216_000;1.1;2.0;27.0;noise;0.1;;;;;
Car381009-2026-Pass1-Z1-2MU00693_20260729_221216_000;1.5;1.6;47.0;Pippip;0.51;;;;;
Car381009-2026-Pass1-Z1-2MU00693_20260729_221219_000;0.3;0.5;32.0;noise;0.36;;;;;
Car381009-2026-Pass1-Z1-2MU00693_20260729_221219_000;0.3;2.1;46.0;Pippip;0.98;;;;;
Car381009-2026-Pass1-Z1-2MU00693_20260729_221322_000;0.0;3.2;31.0;Leppun;0.97;;;;;
Car381009-2026-Pass1-Z1-2MU00693_20260729_221322_000;0.0;2.6;23.0;Phogri;0.79;;;;;
Car381009-2026-Pass1-Z1-2MU00693_20260729_221328_000;0.0;1.3;30.0;noise;0.17;;;;;
Car381009-2026-Pass1-Z1-2MU00693_20260729_221328_000;0.1;2.0;50.0;Pippip;0.99;;;;;
Car381009-2026-Pass1-Z1-2MU00693_20260729_221334_000;0.0;5.0;38.0;Hypsav;0.39;Pipkuh;;;;
Car381009-2026-Pass1-Z1-2MU00693_20260729_221334_000;0.0;4.7;49.0;Pippip;0.99;;;;;
Car381009-2026-Pass1-Z1-2MU00693_20260729_221344_000;0.0;4.2;32.0;Hypsav;0.98;;;;;
Car381009-2026-Pass1-Z1-2MU00693_20260729_221344_000;0.5;2.7;32.0;Leppun;0.95;;;;;
Car381009-2026-Pass1-Z1-2MU00693_20260729_221344_000;1.9;4.6;29.0;Phogri;0.28;;;;;
Car381009-2026-Pass1-Z1-2MU00693_20260729_221344_000;2.7;4.5;14.0;Tetvir;0.47;;;;;
Car381009-2026-Pass1-Z1-2MU00693_20260729_221350_000;0.0;2.1;35.0;Leppun;0.98;;;;;
Car381009-2026-Pass1-Z1-2MU00693_20260729_221350_000;0.1;2.1;23.0;Phogri;0.53;;;;;
Car381009-2026-Pass1-Z1-2MU00693_20260729_221356_000;0.0;1.3;35.0;Leppun;0.98;;;;;
Car381009-2026-Pass1-Z1-2MU00693_20260729_221356_000;0.0;2.0;23.0;Phogri;0.43;;;;;
Car381009-2026-Pass1-Z1-2MU00693_20260729_221401_000;0.0;1.9;34.0;Leppun;0.44;;;;;
Car381009-2026-Pass1-Z1-2MU00693_20260729_221401_000;0.0;1.9;23.0;noise;0.12;;;;;
Car381009-2026-Pass1-Z1-2MU00693_20260729_221401_000;0.0;0.8;32.0;Testes;0.34;;;;;
Car381009-2026-Pass1-Z1-2MU00693_20260729_221409_000;0.0;1.8;39.0;Leppun;0.96;;;;;
Car381009-2026-Pass1-Z1-2MU00693_20260729_221409_000;0.7;2.0;21.0;noise;0.05;Rhasp, Phogri;;;;
Car381009-2026-Pass1-Z1-2MU00693_20260729_221409_000;1.8;1.9;39.0;Pipkuh;0.93;;;;;
Car381009-2026-Pass1-Z1-2MU00693_20260729_221417_000;0.0;5.0;37.0;Hypsav;0.92;;;;;
Car381009-2026-Pass1-Z1-2MU00693_20260729_221417_000;0.8;4.9;24.0;noise;0.17;;;;;
Car381009-2026-Pass1-Z1-2MU00693_20260729_221438_000;0.0;2.6;34.0;Hypsav;0.94;;;;;
Car381009-2026-Pass1-Z1-2MU00693_20260729_221438_000;0.0;3.0;31.0;Leppun;0.33;;;;;
Car381009-2026-Pass1-Z1-2MU00693_20260729_221438_000;0.5;2.8;24.0;Phogri;0.65;;;;;
Car381009-2026-Pass1-Z1-2MU00693_20260729_221438_000;0.0;2.7;27.0;Rhasp;0.95;;;;;
Car381009-2026-Pass1-Z1-2MU00693_20260729_221443_000;0.0;1.6;27.0;Leppun;0.9;;;;;
Car381009-2026-Pass1-Z1-2MU00693_20260729_221443_000;0.0;0.1;23.0;Phogri;0.4;;;;;
Car381009-2026-Pass1-Z1-2MU00693_20260729_221449_000;0.0;2.1;30.0;Leppun;0.93;;;;;
Car381009-2026-Pass1-Z1-2MU00693_20260729_221449_000;0.5;2.2;25.0;Phogri;0.32;;;;;
Car381009-2026-Pass1-Z1-2MU00693_20260729_221456_000;0.0;1.2;36.0;Leppun;0.98;;;;;
Car381009-2026-Pass1-Z1-2MU00693_20260729_221456_000;0.2;1.2;26.0;Phogri;0.8;;;;;
Car381009-2026-Pass1-Z1-2MU00693_20260729_221516_000;0.7;3.1;36.0;Hypsav;0.64;;;;;
Car381009-2026-Pass1-Z1-2MU00693_20260729_221516_000;0.0;3.2;35.0;Leppun;0.92;;;;;
Car381009-2026-Pass1-Z1-2MU00693_20260729_221516_000;0.0;1.8;32.0;Myonat;0.84;;;;;
Car381009-2026-Pass1-Z1-2MU00693_20260729_221516_000;0.4;2.7;28.0;noise;0.18;;;;;
Car381009-2026-Pass1-Z1-2MU00693_20260729_221520_000;0.0;2.7;34.0;Hypsav;0.98;;;;;
Car381009-2026-Pass1-Z1-2MU00693_20260729_221520_000;0.5;3.0;27.0;Phogri;0.09;noise;;;;
Car381009-2026-Pass1-Z1-2MU00693_20260729_221529_000;0.0;1.6;35.0;Hypsav;0.9;;;;;
Car381009-2026-Pass1-Z1-2MU00693_20260729_221529_000;0.0;1.4;29.0;noise;0.15;;;;;
Car381009-2026-Pass1-Z1-2MU00693_20260729_221529_000;0.0;1.0;33.0;Testes;0.64;;;;;
Car381009-2026-Pass1-Z1-2MU00693_20260729_221534_000;0.0;5.0;34.0;Hypsav;0.98;;;;;
Car381009-2026-Pass1-Z1-2MU00693_20260729_221534_000;0.0;2.9;37.0;Leppun;0.16;;;;;
Car381009-2026-Pass1-Z1-2MU00693_20260729_221534_000;0.2;5.0;21.0;Phogri;0.14;;;;;
Car381009-2026-Pass1-Z1-2MU00693_20260729_221534_000;0.0;4.3;25.0;Testes;0.66;;;;;
Car381009-2026-Pass1-Z1-2MU00693_20260729_221549_000;0.0;4.8;34.0;Hypsav;0.98;;;;;
Car381009-2026-Pass1-Z1-2MU00693_20260729_221549_000;0.6;4.8;34.0;Leppun;0.29;;;;;
Car381009-2026-Pass1-Z1-2MU00693_20260729_221549_000;0.1;3.5;24.0;Phogri;0.09;noise;;;;
Car381009-2026-Pass1-Z1-2MU00693_20260729_221549_000;0.1;5.0;47.0;Pippip;0.99;;;;;
Car381009-2026-Pass1-Z1-2MU00693_20260729_221558_000;0.0;1.2;30.0;Leppun;0.35;;;;;
Car381009-2026-Pass1-Z1-2MU00693_20260729_221558_000;0.7;1.2;22.0;Phogri;0.06;noise;;;;
Car381009-2026-Pass1-Z1-2MU00693_20260729_221605_000;1.2;1.9;32.0;Hypsav;0.07;Micagr;;;;
Car381009-2026-Pass1-Z1-2MU00693_20260729_221605_000;0.0;0.1;57.0;Leppun;0.96;;;;;
Car381009-2026-Pass1-Z1-2MU00693_20260729_221605_000;0.0;0.1;21.0;noise;0.37;;;;;
Car381009-2026-Pass1-Z1-2MU00693_20260729_221623_000;0.0;2.1;36.0;noise;0.09;Leppun;;;;
Car381009-2026-Pass1-Z1-2MU00693_20260729_221623_000;0.5;1.8;22.0;noise;0.05;;;;;
Car381009-2026-Pass1-Z1-2MU00693_20260729_221644_000;0.0;2.3;34.0;Leppun;0.82;;;;;
Car381009-2026-Pass1-Z1-2MU00693_20260729_221644_000;0.1;2.2;35.0;Testes;0.15;;;;;
Car381009-2026-Pass1-Z1-2MU00693_20260729_221656_000;0.0;2.8;34.0;Leppun;0.14;noise;;;;
Car381009-2026-Pass1-Z1-2MU00693_20260729_221656_000;2.1;2.6;30.0;Testes;0.12;;;;;
Car381009-2026-Pass1-Z1-2MU00693_20260729_221700_000;0.0;0.9;35.0;noise;0.06;Tetvir, Phogri;;;;
Car381009-2026-Pass1-Z1-2MU00693_20260729_221700_000;0.0;4.4;36.0;Leppun;0.8;;;;;
Car381009-2026-Pass1-Z1-2MU00693_20260729_221706_000;0.0;2.0;53.0;Leppun;0.98;;;;;
Car381009-2026-Pass1-Z1-2MU00693_20260729_221706_000;0.9;2.0;24.0;Phogri;0.04;noise, Tetvir, Cyrscu;;;;
Car381009-2026-Pass1-Z1-2MU00693_20260729_221710_000;0.0;1.6;28.0;Leppun;0.96;;;;;
Car381009-2026-Pass1-Z1-2MU00693_20260729_221710_000;1.0;1.5;21.0;Phogri;0.04;noise, Tetvir, Plaint;;;;
Car381009-2026-Pass1-Z1-2MU00693_20260729_221714_000;0.0;1.3;34.0;Rhasp;0.1;noise;;;;
Car381009-2026-Pass1-Z1-2MU00693_20260729_221714_000;0.0;2.9;35.0;Leppun;0.52;;;;;
Car381009-2026-Pass1-Z1-2MU00693_20260729_221723_000;0.0;0.4;37.0;Leppun;0.94;;;;;
Car381009-2026-Pass1-Z1-2MU00693_20260729_221723_000;0.1;0.6;27.0;Phogri;0.51;;;;;
Car381009-2026-Pass1-Z1-2MU00693_20260729_221729_000;0.2;0.6;36.0;noise;0.06;Isopyr, Tetvir;;;;
Car381009-2026-Pass1-Z1-2MU00693_20260729_221729_000;0.0;3.8;33.0;Leppun;0.35;;;;;
Car381009-2026-Pass1-Z1-2MU00693_20260729_221736_000;0.6;0.8;37.0;Leppun;0.97;;;;;
Car381009-2026-Pass1-Z1-2MU00693_20260729_221736_000;0.2;2.5;20.0;noise;0.06;Tetvir;;;;
Car381009-2026-Pass1-Z1-2MU00693_20260729_221739_000;0.4;1.6;22.0;noise;0.61;;;;;
Car381009-2026-Pass1-Z1-2MU00693_20260729_221742_000;0.0;0.1;55.0;Leppun;0.78;;;;;
Car381009-2026-Pass1-Z1-2MU00693_20260729_221742_000;0.6;0.7;26.0;noise;0.22;;;;;
Car381009-2026-Pass1-Z1-2MU00693_20260729_221742_000;0.3;1.0;46.0;Pippip;0.96;;;;;
Car381009-2026-Pass1-Z1-2MU00693_20260729_221751_000;0.0;0.9;43.0;Leppun;0.97;;;;;
Car381009-2026-Pass1-Z1-2MU00693_20260729_221751_000;1.0;1.1;19.0;noise;0.16;;;;;
Car381009-2026-Pass1-Z1-2MU00693_20260729_221755_000;0.0;1.2;35.0;Leppun;0.96;;;;;
Car381009-2026-Pass1-Z1-2MU00693_20260729_221755_000;1.0;1.1;24.0;Phogri;0.68;;;;;
Car381009-2026-Pass1-Z1-2MU00693_20260729_221758_000;0.0;1.3;36.0;Leppun;0.96;;;;;
Car381009-2026-Pass1-Z1-2MU00693_20260729_221758_000;0.4;1.7;22.0;noise;0.33;;;;;
Car381009-2026-Pass1-Z1-2MU00693_20260729_221758_000;1.8;1.9;52.0;Pippip;0.56;;;;;
Car381009-2026-Pass1-Z1-2MU00693_20260729_221803_000;0.2;0.3;21.0;noise;0.1;;;;;
Car381009-2026-Pass1-Z1-2MU00693_20260729_221803_000;0.0;2.1;46.0;Pippip;0.99;;;;;
Car381009-2026-Pass1-Z1-2MU00693_20260729_221806_000;0.0;0.1;44.0;Leppun;0.95;;;;;
Car381009-2026-Pass1-Z1-2MU00693_20260729_221806_000;0.4;1.8;45.0;Pippip;0.95;;;;;
Car381009-2026-Pass1-Z1-2MU00693_20260729_221811_000;0.0;1.2;38.0;Leppun;0.98;;;;;
Car381009-2026-Pass1-Z1-2MU00693_20260729_221817_000;0.0;0.2;31.0;Yposp;0.03;Tetvir, Phogri, Leppun, Antsp;;;;
Car381009-2026-Pass1-Z1-2MU00693_20260729_221817_000;0.1;1.9;29.0;noise;0.17;;;;;
Car381009-2026-Pass1-Z1-2MU00693_20260729_221822_000;0.0;2.0;40.0;Leppun;0.97;;;;;
Car381009-2026-Pass1-Z1-2MU00693_20260729_221822_000;0.4;1.2;16.0;Tetvir;0.76;;;;;
Car381009-2026-Pass1-Z1-2MU00693_20260729_221831_000;0.0;2.0;42.0;Leppun;0.98;;;;;
Car381009-2026-Pass1-Z1-2MU00693_20260729_221831_000;1.2;1.4;26.0;noise;0.05;Phogri;;;;
Car381009-2026-Pass1-Z1-2MU00693_20260729_221836_000;0.0;2.7;35.0;Testes;0.1;noise, Leppun;;;;
Car381009-2026-Pass1-Z1-2MU00693_20260729_221836_000;0.0;3.3;42.0;Myodau;0.69;;;;;
Car381009-2026-Pass1-Z1-2MU00693_20260729_221842_000;0.0;2.0;34.0;Leppun;0.16;;;;;
Car381009-2026-Pass1-Z1-2MU00693_20260729_221842_000;0.0;0.7;15.0;Tetvir;0.62;;;;;
Car381009-2026-Pass1-Z1-2MU00693_20260729_221847_000;0.0;2.0;39.0;Leppun;0.98;;;;;
Car381009-2026-Pass1-Z1-2MU00693_20260729_221847_000;1.8;1.9;10.0;Tetvir;0.72;;;;;
Car381009-2026-Pass1-Z1-2MU00693_20260729_221852_000;0.1;2.1;30.0;Leppun;0.32;;;;;
Car381009-2026-Pass1-Z1-2MU00693_20260729_221852_000;0.0;3.2;34.0;Testes;0.79;;;;;
Car381009-2026-Pass1-Z1-2MU00693_20260729_221855_000;0.0;0.2;32.0;Testes;0.25;;;;;
Car381009-2026-Pass1-Z1-2MU00693_20260729_221855_000;1.1;1.2;34.0;noise;0.06;;;;;
Car381009-2026-Pass1-Z1-2MU00693_20260729_221900_000;0.0;2.0;38.0;Leppun;0.68;;;;;
Car381009-2026-Pass1-Z1-2MU00693_20260729_221900_000;0.1;1.9;24.0;noise;0.21;;;;;
Car381009-2026-Pass1-Z1-2MU00693_20260729_221900_000;0.1;2.1;37.0;Testes;0.78;;;;;
Car381009-2026-Pass1-Z1-2MU00693_20260729_221903_000;0.4;1.3;38.0;noise;0.09;;;;;
Car381009-2026-Pass1-Z1-2MU00693_20260729_221903_000;0.0;1.1;37.0;Testes;0.66;;;;;
Car381009-2026-Pass1-Z1-2MU00693_20260729_221907_000;0.0;2.5;16.0;noise;0.14;;;;;
Car381009-2026-Pass1-Z1-2MU00693_20260729_221907_000;0.0;2.9;34.0;Testes;0.77;;;;;
Car381009-2026-Pass1-Z1-2MU00693_20260729_221914_000;0.1;1.1;38.0;Pipkuh;0.04;noise, Yposp, Tetvir, Phogri, Myodau;;;;
Car381009-2026-Pass1-Z1-2MU00693_20260729_221914_000;0.0;2.1;35.0;Testes;0.57;;;;;
Car381009-2026-Pass1-Z1-2MU00693_20260729_221918_000;0.0;2.0;32.0;Leppun;0.95;;;;;
Car381009-2026-Pass1-Z1-2MU00693_20260729_221918_000;1.7;2.0;24.0;noise;0.17;;;;;
Car381009-2026-Pass1-Z1-2MU00693_20260729_221921_000;0.0;1.6;34.0;Leppun;0.97;;;;;
Car381009-2026-Pass1-Z1-2MU00693_20260729_221921_000;2.0;2.1;22.0;noise;0.08;;;;;
Car381009-2026-Pass1-Z1-2MU00693_20260729_221932_000;0.5;2.1;22.0;noise;0.11;;;;;
Car381009-2026-Pass1-Z1-2MU00693_20260729_221932_000;0.0;2.1;33.0;Testes;0.73;;;;;
Car381009-2026-Pass1-Z1-2MU00693_20260729_221940_000;0.0;2.1;34.0;Yposp;0.09;;;;;
Car381009-2026-Pass1-Z1-2MU00693_20260729_221940_000;0.5;2.2;32.0;noise;0.21;;;;;
Car381009-2026-Pass1-Z1-2MU00693_20260729_221945_000;0.1;0.7;22.0;Cyrscu;0.12;Nyclei;;;;
Car381009-2026-Pass1-Z1-2MU00693_20260729_221945_000;0.0;0.1;29.0;noise;0.06;Insp12, Testes, Antsp;;;;
Car381009-2026-Pass1-Z1-2MU00693_20260729_221958_000;0.0;2.1;32.0;Testes;0.28;;;;;
Car381009-2026-Pass1-Z1-2MU00693_20260729_222007_000;0.0;2.2;35.0;Barbar;0.99;;;;;
Car381009-2026-Pass1-Z1-2MU00693_20260729_222007_000;1.7;2.3;32.0;Testes;0.51;;;;;
Car381009-2026-Pass1-Z1-2MU00693_20260729_222014_000;0.8;1.0;30.0;Leppun;0.16;;;;;
Car381009-2026-Pass1-Z1-2MU00693_20260729_222014_000;0.0;2.1;32.0;Testes;0.84;;;;;
Car381009-2026-Pass1-Z1-2MU00693_20260729_222025_000;0.0;2.9;28.0;noise;0.18;;;;;
Car381009-2026-Pass1-Z1-2MU00693_20260729_222025_000;0.0;2.6;34.0;Testes;0.3;;;;;
Car381009-2026-Pass1-Z1-2MU00693_20260729_222030_000;0.0;0.6;36.0;Leppun;0.71;;;;;
Car381009-2026-Pass1-Z1-2MU00693_20260729_222030_000;0.4;1.9;24.0;noise;0.14;;;;;
Car381009-2026-Pass1-Z1-2MU00693_20260729_222030_000;0.0;1.9;34.0;Testes;0.74;;;;;
Car381009-2026-Pass1-Z1-2MU00693_20260729_222032_000;1.7;4.8;22.0;noise;0.06;;;;;
Car381009-2026-Pass1-Z1-2MU00693_20260729_222032_000;4.9;5.0;46.0;Pippip;0.81;;;;;
Car381009-2026-Pass1-Z1-2MU00693_20260729_222032_000;0.0;4.5;32.0;Testes;0.82;;;;;
Car381009-2026-Pass1-Z1-2MU00693_20260729_222038_000;0.2;2.5;35.0;noise;0.18;;;;;
Car381009-2026-Pass1-Z1-2MU00693_20260729_222038_000;0.0;3.6;47.0;Pippip;0.98;;;;;
Car381009-2026-Pass1-Z1-2MU00693_20260729_222038_000;0.0;1.7;31.0;Testes;0.49;;;;;
Car381009-2026-Pass1-Z1-2MU00693_20260729_222043_000;0.3;0.5;46.0;Pippip;0.77;;;;;
Car381009-2026-Pass1-Z1-2MU00693_20260729_222043_000;0.0;1.4;30.0;Testes;0.32;;;;;
Car381009-2026-Pass1-Z1-2MU00693_20260729_222048_000;0.0;2.0;40.0;Leppun;0.97;;;;;
Car381009-2026-Pass1-Z1-2MU00693_20260729_222051_000;0.0;1.7;42.0;Leppun;0.46;;;;;
Car381009-2026-Pass1-Z1-2MU00693_20260729_222051_000;0.7;1.8;32.0;noise;0.12;;;;;
Car381009-2026-Pass1-Z1-2MU00693_20260729_222051_000;0.0;2.0;32.0;Testes;0.84;;;;;
Car381009-2026-Pass1-Z1-2MU00693_20260729_222056_000;0.0;1.6;33.0;Leppun;0.96;;;;;
Car381009-2026-Pass1-Z1-2MU00693_20260729_222056_000;0.0;1.6;22.0;Phogri;0.13;noise;;;;
Car381009-2026-Pass1-Z1-2MU00693_20260729_222103_000;0.0;1.3;37.0;Leppun;0.99;;;;;
Car381009-2026-Pass1-Z1-2MU00693_20260729_222103_000;1.2;1.3;18.0;noise;0.06;;;;;
Car381009-2026-Pass1-Z1-2MU00693_20260729_222105_000;0.0;2.0;30.0;Testes;0.7;;;;;
Car381009-2026-Pass1-Z1-2MU00693_20260729_222105_000;0.0;1.7;26.0;Tetvir;0.59;;;;;
Car381009-2026-Pass1-Z1-2MU00693_20260729_222109_000;0.0;2.0;34.0;Leppun;0.45;;;;;
Car381009-2026-Pass1-Z1-2MU00693_20260729_222109_000;0.7;1.9;16.0;noise;0.25;;;;;
Car381009-2026-Pass1-Z1-2MU00693_20260729_222109_000;0.0;2.1;31.0;Testes;0.64;;;;;
Car381009-2026-Pass1-Z1-2MU00693_20260729_222114_000;0.0;0.1;52.0;Leppun;0.93;;;;;
Car381009-2026-Pass1-Z1-2MU00693_20260729_222114_000;0.5;0.6;18.0;noise;0.53;;;;;
Car381009-2026-Pass1-Z1-2MU00693_20260729_222120_000;0.0;1.9;41.0;Leppun;0.97;;;;;
Car381009-2026-Pass1-Z1-2MU00693_20260729_222120_000;0.8;1.0;24.0;Phogri;0.31;;;;;
Car381009-2026-Pass1-Z1-2MU00693_20260729_222124_000;0.0;1.5;36.0;Leppun;0.97;;;;;
Car381009-2026-Pass1-Z1-2MU00693_20260729_222124_000;0.3;1.3;10.0;noise;0.52;;;;;
Car381009-2026-Pass1-Z1-2MU00693_20260729_222133_000;0.0;1.9;37.0;Leppun;0.98;;;;;
Car381009-2026-Pass1-Z1-2MU00693_20260729_222133_000;0.0;1.9;21.0;noise;0.29;;;;;
Car381009-2026-Pass1-Z1-2MU00693_20260729_222133_000;1.1;1.9;25.0;Nyclei;0.08;;;;;
Car381009-2026-Pass1-Z1-2MU00693_20260729_222137_000;0.0;1.7;26.0;noise;0.13;;;;;
Car381009-2026-Pass1-Z1-2MU00693_20260729_222137_000;0.0;1.7;29.0;Testes;0.71;;;;;
Car381009-2026-Pass1-Z1-2MU00693_20260729_222144_000;0.0;1.9;44.0;Leppun;0.98;;;;;
Car381009-2026-Pass1-Z1-2MU00693_20260729_222144_000;0.5;0.6;21.0;noise;0.36;;;;;
Car381009-2026-Pass1-Z1-2MU00693_20260729_222148_000;0.0;1.5;40.0;Leppun;0.95;;;;;
Car381009-2026-Pass1-Z1-2MU00693_20260729_222148_000;0.7;0.8;30.0;Phogri;0.35;;;;;
Car381009-2026-Pass1-Z1-2MU00693_20260729_222153_000;0.3;1.6;25.0;noise;0.11;;;;;
Car381009-2026-Pass1-Z1-2MU00693_20260729_222153_000;0.0;2.0;30.0;Testes;0.61;;;;;
Car381009-2026-Pass1-Z1-2MU00693_20260729_222157_000;0.0;1.6;31.0;noise;0.15;;;;;
Car381009-2026-Pass1-Z1-2MU00693_20260729_222157_000;0.7;0.8;21.0;Tetvir;0.02;Phogri, Yposp, Yerray, Yerbey, Vesmur, Urosp, Tyllil, Thycor, Tetpyg, Tetarg, Testes, Tadten, Sepsep, Rusnit, Roeroe, Rhihip, Rhifer, Rhieur, Rhasp, Ratnor, Plemac, Pleaus, Pleaur, Plasab, Plaint, Plafal, Plaalb, Plaaff, Pippyg, Pippip, Pipnat, Pipkuh, piaf, Phofem, Phanan, Phafal, Nycnoc, Nyclei, Nyclas, Myonat, Myomys, MyoGT, Myoema, Myodau, Myogla, Myocap, Myobec, Myoalc, Mussp, Minsch, Mimasp, Micagr, Metbra, mamm, Leppun, Lepbos, Lepalb, Lamsp., Isopyr, Inssp8, Inssp7, Inssp5, Insp12, Insp11, Insp10, Hypsav, gril, Eupsp, Eptser, Eptnil, Epheph, Decalb, Cyrscu, Cympud, criq, Confus, Tetarg, Barfis, Barbar, Antsp, amph;;;;
Car381009-2026-Pass1-Z1-2MU00693_20260729_222204_000;0.1;1.1;28.0;noise;0.15;;;;;
Car381009-2026-Pass1-Z1-2MU00693_20260729_222204_000;0.0;0.9;31.0;Testes;0.62;;;;;
Car381009-2026-Pass1-Z1-2MU00693_20260729_222206_000;0.0;0.9;28.0;Leppun;0.98;;;;;
Car381009-2026-Pass1-Z1-2MU00693_20260729_222211_000;0.0;2.0;32.0;Leppun;0.98;;;;;
Car381009-2026-Pass1-Z1-2MU00693_20260729_222211_000;1.5;2.0;24.0;noise;0.1;;;;;
Car381009-2026-Pass1-Z1-2MU00693_20260729_222211_000;0.3;0.8;10.0;Tetvir;0.87;;;;;
Car381009-2026-Pass1-Z1-2MU00693_20260729_222215_000;0.2;2.9;34.0;Leppun;0.83;;;;;
Car381009-2026-Pass1-Z1-2MU00693_20260729_222215_000;0.0;2.5;26.0;noise;0.1;;;;;
Car381009-2026-Pass1-Z1-2MU00693_20260729_222215_000;0.0;3.7;32.0;Testes;0.48;;;;;
Car381009-2026-Pass1-Z1-2MU00693_20260729_222220_000;0.0;1.8;26.0;Leppun;0.97;;;;;
Car381009-2026-Pass1-Z1-2MU00693_20260729_222220_000;1.0;1.8;21.0;noise;0.05;Cyrscu, Phogri, Phanan;;;;
Car381009-2026-Pass1-Z1-2MU00693_20260729_222223_000;0.0;1.6;32.0;Leppun;0.96;;;;;
Car381009-2026-Pass1-Z1-2MU00693_20260729_222223_000;0.1;1.6;21.0;Cyrscu;0.05;noise, Isopyr;;;;
Car381009-2026-Pass1-Z1-2MU00693_20260729_222228_000;0.5;2.0;33.0;Yposp;0.09;;;;;
Car381009-2026-Pass1-Z1-2MU00693_20260729_222228_000;0.0;1.9;36.0;Leppun;0.19;;;;;
Car381009-2026-Pass1-Z1-2MU00693_20260729_222228_000;0.2;1.4;27.0;noise;0.31;;;;;
Car381009-2026-Pass1-Z1-2MU00693_20260729_222228_000;0.1;1.9;29.0;Testes;0.34;;;;;
Car381009-2026-Pass1-Z1-2MU00693_20260729_222232_000;0.0;3.3;27.0;noise;0.11;;;;;
Car381009-2026-Pass1-Z1-2MU00693_20260729_222232_000;0.0;3.0;32.0;Testes;0.2;;;;;
Car381009-2026-Pass1-Z1-2MU00693_20260729_222236_000;0.0;1.9;36.0;Leppun;0.98;;;;;
Car381009-2026-Pass1-Z1-2MU00693_20260729_222236_000;0.8;0.9;26.0;Phogri;0.39;;;;;
Car381009-2026-Pass1-Z1-2MU00693_20260729_222240_000;0.0;1.5;27.0;Leppun;0.91;;;;;
Car381009-2026-Pass1-Z1-2MU00693_20260729_222240_000;1.5;1.6;26.0;noise;0.08;;;;;
Car381009-2026-Pass1-Z1-2MU00693_20260729_222244_000;0.1;1.9;26.0;noise;0.5;;;;;
Car381009-2026-Pass1-Z1-2MU00693_20260729_222246_000;0.1;2.2;36.0;Leppun;0.83;;;;;
Car381009-2026-Pass1-Z1-2MU00693_20260729_222246_000;1.1;2.1;26.0;Testes;0.07;noise, Insp12;;;;
Car381009-2026-Pass1-Z1-2MU00693_20260729_222249_000;0.0;3.7;28.0;noise;0.18;;;;;
Car381009-2026-Pass1-Z1-2MU00693_20260729_222249_000;0.0;4.0;33.0;Testes;0.62;;;;;
Car381009-2026-Pass1-Z1-2MU00693_20260729_222254_000;0.0;0.3;51.0;Leppun;0.23;;;;;
Car381009-2026-Pass1-Z1-2MU00693_20260729_222254_000;0.1;1.1;15.0;noise;0.35;;;;;
Car381009-2026-Pass1-Z1-2MU00693_20260729_222254_000;0.0;0.8;34.0;Testes;0.26;;;;;
Car381009-2026-Pass1-Z1-2MU00693_20260729_222257_000;0.0;1.6;34.0;Leppun;0.97;;;;;
Car381009-2026-Pass1-Z1-2MU00693_20260729_222257_000;0.7;0.8;9.0;noise;0.48;;;;;
Car381009-2026-Pass1-Z1-2MU00693_20260729_222257_000;1.9;2.0;22.0;Plaint;0.05;;;;;
Car381009-2026-Pass1-Z1-2MU00693_20260729_222306_000;1.1;4.3;24.0;noise;0.28;;;;;
Car381009-2026-Pass1-Z1-2MU00693_20260729_222306_000;0.0;5.0;45.0;Pipkuh;0.47;Pipnat;;;;
Car381009-2026-Pass1-Z1-2MU00693_20260729_222306_000;2.1;5.0;30.0;Testes;0.77;;;;;
Car381009-2026-Pass1-Z1-2MU00693_20260729_222315_000;0.0;1.8;38.0;Leppun;0.97;;;;;
Car381009-2026-Pass1-Z1-2MU00693_20260729_222315_000;0.5;1.9;22.0;noise;0.17;;;;;
Car381009-2026-Pass1-Z1-2MU00693_20260729_222315_000;0.0;0.1;40.0;Pipkuh;0.4;;;;;
Car381009-2026-Pass1-Z1-2MU00693_20260729_222318_000;0.0;1.9;36.0;Leppun;0.98;;;;;
Car381009-2026-Pass1-Z1-2MU00693_20260729_222318_000;1.3;1.4;27.0;noise;0.17;;;;;
Car381009-2026-Pass1-Z1-2MU00693_20260729_222326_000;0.3;2.1;39.0;Yposp;0.09;noise;;;;
Car381009-2026-Pass1-Z1-2MU00693_20260729_222326_000;0.0;2.1;38.0;Leppun;0.42;;;;;
Car381009-2026-Pass1-Z1-2MU00693_20260729_222326_000;1.3;1.9;31.0;Testes;0.09;noise;;;;
Car381009-2026-Pass1-Z1-2MU00693_20260729_222330_000;0.0;2.9;38.0;Yposp;0.04;Phogri, Confus, Tetvir, Leppun;;;;
Car381009-2026-Pass1-Z1-2MU00693_20260729_222330_000;0.1;3.0;34.0;noise;0.19;;;;;
Car381009-2026-Pass1-Z1-2MU00693_20260729_222330_000;2.8;3.9;41.0;Pipkuh;0.83;;;;;
Car381009-2026-Pass1-Z1-2MU00693_20260729_222330_000;0.0;2.8;34.0;Testes;0.24;;;;;
Car381009-2026-Pass1-Z1-2MU00693_20260729_222334_000;0.0;2.1;42.0;Pipkuh;0.95;;;;;
Car381009-2026-Pass1-Z1-2MU00693_20260729_222334_000;0.0;0.7;32.0;Testes;0.39;;;;;
Car381009-2026-Pass1-Z1-2MU00693_20260729_222334_000;0.2;1.5;9.0;noise;0.07;Tetvir, Leppun;;;;
Car381009-2026-Pass1-Z1-2MU00693_20260729_222339_000;0.0;0.8;42.0;Leppun;0.97;;;;;
Car381009-2026-Pass1-Z1-2MU00693_20260729_222339_000;0.6;0.7;19.0;Phogri;0.51;;;;;
Car381009-2026-Pass1-Z1-2MU00693_20260729_222344_000;0.0;0.1;62.0;Leppun;0.3;;;;;
Car381009-2026-Pass1-Z1-2MU00693_20260729_222344_000;0.2;3.1;30.0;noise;0.25;;;;;
Car381009-2026-Pass1-Z1-2MU00693_20260729_222344_000;0.0;3.1;32.0;Testes;0.78;;;;;
Car381009-2026-Pass1-Z1-2MU00693_20260729_222348_000;0.0;2.9;28.0;noise;0.15;;;;;
Car381009-2026-Pass1-Z1-2MU00693_20260729_222348_000;0.1;1.7;34.0;Testes;0.33;;;;;
Car381009-2026-Pass1-Z1-2MU00693_20260729_222352_000;0.0;1.7;28.0;Leppun;0.98;;;;;
Car381009-2026-Pass1-Z1-2MU00693_20260729_222401_000;0.0;4.8;31.0;noise;0.19;;;;;
Car381009-2026-Pass1-Z1-2MU00693_20260729_222401_000;0.0;4.8;32.0;Testes;0.54;;;;;
Car381009-2026-Pass1-Z1-2MU00693_20260729_222414_000;0.0;1.9;40.0;Leppun;0.97;;;;;
Car381009-2026-Pass1-Z1-2MU00693_20260729_222419_000;0.0;2.0;24.0;noise;0.49;;;;;
Car381009-2026-Pass1-Z1-2MU00693_20260729_222419_000;0.0;2.1;31.0;Testes;0.46;;;;;
Car381009-2026-Pass1-Z1-2MU00693_20260729_222423_000;0.0;3.4;34.0;Leppun;0.82;;;;;
Car381009-2026-Pass1-Z1-2MU00693_20260729_222423_000;0.0;1.1;32.0;Testes;0.11;noise;;;;
Car381009-2026-Pass1-Z1-2MU00693_20260729_222432_000;0.0;2.1;34.0;Leppun;0.99;;;;;
Car381009-2026-Pass1-Z1-2MU00693_20260729_222437_000;0.0;1.9;37.0;Leppun;0.97;;;;;
Car381009-2026-Pass1-Z1-2MU00693_20260729_222437_000;0.3;2.0;28.0;noise;0.74;;;;;
Car381009-2026-Pass1-Z1-2MU00693_20260729_222440_000;0.0;2.9;29.0;noise;0.23;;;;;
Car381009-2026-Pass1-Z1-2MU00693_20260729_222440_000;0.0;3.0;34.0;Testes;0.39;;;;;
Car381009-2026-Pass1-Z1-2MU00693_20260729_222444_000;0.0;0.5;33.0;Leppun;0.98;;;;;
Car381009-2026-Pass1-Z1-2MU00693_20260729_222444_000;0.8;0.9;11.0;noise;0.34;;;;;
Car381009-2026-Pass1-Z1-2MU00693_20260729_222448_000;0.0;1.0;41.0;Leppun;0.98;;;;;
Car381009-2026-Pass1-Z1-2MU00693_20260729_222448_000;0.1;1.0;27.0;noise;0.08;;;;;
Car381009-2026-Pass1-Z1-2MU00693_20260729_222455_000;0.0;0.1;54.0;Leppun;0.67;;;;;
Car381009-2026-Pass1-Z1-2MU00693_20260729_222455_000;0.2;3.3;28.0;noise;0.23;;;;;
Car381009-2026-Pass1-Z1-2MU00693_20260729_222455_000;0.9;3.5;32.0;Testes;0.7;;;;;
Car381009-2026-Pass1-Z1-2MU00693_20260729_222458_000;0.1;2.3;28.0;noise;0.22;;;;;
Car381009-2026-Pass1-Z1-2MU00693_20260729_222458_000;0.0;3.2;33.0;Testes;0.43;;;;;
Car381009-2026-Pass1-Z1-2MU00693_20260729_222503_000;0.0;2.0;43.0;Leppun;0.94;;;;;
Car381009-2026-Pass1-Z1-2MU00693_20260729_222503_000;1.3;2.1;32.0;Testes;0.46;;;;;
Car381009-2026-Pass1-Z1-2MU00693_20260729_222508_000;0.0;2.5;38.0;Antsp;0.34;;;;;
Car381009-2026-Pass1-Z1-2MU00693_20260729_222508_000;0.4;2.3;31.0;Testes;0.2;;;;;
Car381009-2026-Pass1-Z1-2MU00693_20260729_222511_000;0.0;0.6;36.0;Leppun;0.95;;;;;
Car381009-2026-Pass1-Z1-2MU00693_20260729_222511_000;0.0;0.5;10.0;noise;0.51;;;;;
Car381009-2026-Pass1-Z1-2MU00693_20260729_222516_000;0.6;4.1;27.0;noise;0.14;;;;;
Car381009-2026-Pass1-Z1-2MU00693_20260729_222516_000;0.0;4.3;32.0;Testes;0.73;;;;;
Car381009-2026-Pass1-Z1-2MU00693_20260729_222523_000;0.0;0.6;38.0;Leppun;0.44;;;;;
Car381009-2026-Pass1-Z1-2MU00693_20260729_222523_000;1.7;2.1;34.0;Testes;0.66;;;;;
Car381009-2026-Pass1-Z1-2MU00693_20260729_222528_000;0.0;1.6;33.0;Leppun;0.27;;;;;
Car381009-2026-Pass1-Z1-2MU00693_20260729_222535_000;1.2;4.8;30.0;noise;0.09;;;;;
Car381009-2026-Pass1-Z1-2MU00693_20260729_222535_000;0.0;4.8;32.0;Testes;0.87;;;;;
Car381009-2026-Pass1-Z1-2MU00693_20260729_222543_000;0.0;0.9;31.0;Yposp;0.09;noise, Roeroe;;;;
Car381009-2026-Pass1-Z1-2MU00693_20260729_222543_000;0.0;0.8;33.0;Leppun;0.83;;;;;
Car381009-2026-Pass1-Z1-2MU00693_20260729_222543_000;0.5;1.0;29.0;Testes;0.37;;;;;
Car381009-2026-Pass1-Z1-2MU00693_20260729_222546_000;0.0;1.1;34.0;Leppun;0.98;;;;;
Car381009-2026-Pass1-Z1-2MU00693_20260729_222546_000;0.7;1.3;29.0;Testes;0.57;;;;;
Car381009-2026-Pass1-Z1-2MU00693_20260729_222555_000;0.6;3.7;24.0;noise;0.51;;;;;
Car381009-2026-Pass1-Z1-2MU00693_20260729_222555_000;0.0;4.1;32.0;Testes;0.43;Inssp7;;;;
Car381009-2026-Pass1-Z1-2MU00693_20260729_222602_000;0.0;0.7;42.0;Leppun;0.98;;;;;
Car381009-2026-Pass1-Z1-2MU00693_20260729_222602_000;1.6;1.7;23.0;noise;0.47;;;;;
Car381009-2026-Pass1-Z1-2MU00693_20260729_222602_000;0.1;0.2;10.0;Tetvir;0.79;;;;;
Car381009-2026-Pass1-Z1-2MU00693_20260729_222608_000;0.0;1.7;39.0;Leppun;0.96;;;;;
Car381009-2026-Pass1-Z1-2MU00693_20260729_222608_000;1.7;2.0;22.0;noise;0.08;;;;;
Car381009-2026-Pass1-Z1-2MU00693_20260729_222612_000;0.3;4.4;23.0;noise;0.05;Plaint, Tetvir, Phogri;;;;
Car381009-2026-Pass1-Z1-2MU00693_20260729_222612_000;0.0;5.0;32.0;Testes;0.51;;;;;
Car381009-2026-Pass1-Z1-2MU00693_20260729_222622_000;0.0;1.9;38.0;Leppun;0.97;;;;;
Car381009-2026-Pass1-Z1-2MU00693_20260729_222627_000;2.8;3.0;42.0;Leppun;0.35;;;;;
Car381009-2026-Pass1-Z1-2MU00693_20260729_222634_000;0.0;1.6;33.0;Leppun;0.97;;;;;
Car381009-2026-Pass1-Z1-2MU00693_20260729_222634_000;0.2;1.7;26.0;Phogri;0.46;;;;;
Car381009-2026-Pass1-Z1-2MU00693_20260729_222638_000;0.0;2.1;38.0;Leppun;0.8;;;;;
Car381009-2026-Pass1-Z1-2MU00693_20260729_222638_000;0.3;1.9;25.0;noise;0.19;;;;;
Car381009-2026-Pass1-Z1-2MU00693_20260729_222638_000;0.1;2.1;34.0;Testes;0.3;;;;;
Car381009-2026-Pass1-Z1-2MU00693_20260729_222645_000;0.1;1.5;32.0;Eptser;0.34;;;;;
Car381009-2026-Pass1-Z1-2MU00693_20260729_222645_000;0.0;1.9;61.0;Leppun;0.93;;;;;
Car381009-2026-Pass1-Z1-2MU00693_20260729_222645_000;1.8;1.9;18.0;Phogri;0.53;;;;;
Car381009-2026-Pass1-Z1-2MU00693_20260729_222649_000;0.0;0.8;33.0;Leppun;0.98;;;;;
Car381009-2026-Pass1-Z1-2MU00693_20260729_222649_000;0.3;1.1;25.0;noise;0.35;;;;;
Car381009-2026-Pass1-Z1-2MU00693_20260729_222659_000;0.0;3.3;23.0;noise;0.32;;;;;
Car381009-2026-Pass1-Z1-2MU00693_20260729_222659_000;0.0;1.4;33.0;Testes;0.56;;;;;
Car381009-2026-Pass1-Z1-2MU00693_20260729_222705_000;0.0;1.2;35.0;Leppun;0.76;;;;;
Car381009-2026-Pass1-Z1-2MU00693_20260729_222705_000;0.1;0.9;34.0;Rhasp;0.05;noise;;;;
Car381009-2026-Pass1-Z1-2MU00693_20260729_222709_000;0.0;0.1;44.0;Leppun;0.95;;;;;
Car381009-2026-Pass1-Z1-2MU00693_20260729_222709_000;1.2;1.3;26.0;Pleaus;0.05;Eptser, noise;;;;
Car381009-2026-Pass1-Z1-2MU00693_20260729_222720_000;1.0;2.0;30.0;noise;0.06;Yposp;;;;
Car381009-2026-Pass1-Z1-2MU00693_20260729_222720_000;0.0;2.0;40.0;Leppun;0.91;;;;;
Car381009-2026-Pass1-Z1-2MU00693_20260729_222720_000;0.8;2.1;31.0;Testes;0.76;;;;;
Car381009-2026-Pass1-Z1-2MU00693_20260729_222720_000;1.2;1.3;9.0;Tetvir;0.4;;;;;
Car381009-2026-Pass1-Z1-2MU00693_20260729_222725_000;0.0;0.1;52.0;Leppun;0.97;;;;;
Car381009-2026-Pass1-Z1-2MU00693_20260729_222730_000;0.0;2.0;35.0;Leppun;0.8;;;;;
Car381009-2026-Pass1-Z1-2MU00693_20260729_222730_000;0.1;2.0;33.0;noise;0.13;;;;;
Car381009-2026-Pass1-Z1-2MU00693_20260729_222736_000;0.7;2.2;44.0;Leppun;0.85;;;;;
Car381009-2026-Pass1-Z1-2MU00693_20260729_222736_000;0.0;4.0;29.0;noise;0.14;;;;;
Car381009-2026-Pass1-Z1-2MU00693_20260729_222736_000;0.0;4.2;36.0;Testes;0.53;;;;;
Car381009-2026-Pass1-Z1-2MU00693_20260729_222741_000;0.0;1.0;42.0;Leppun;0.98;;;;;
Car381009-2026-Pass1-Z1-2MU00693_20260729_222741_000;0.2;0.9;10.0;Tetvir;0.83;;;;;
Car381009-2026-Pass1-Z1-2MU00693_20260729_222745_000;0.0;2.1;32.0;Leppun;0.91;;;;;
Car381009-2026-Pass1-Z1-2MU00693_20260729_222745_000;0.9;2.0;34.0;Rhasp;0.08;noise;;;;
Car381009-2026-Pass1-Z1-2MU00693_20260729_222748_000;0.0;1.0;36.0;Leppun;0.44;;;;;
Car381009-2026-Pass1-Z1-2MU00693_20260729_222748_000;0.2;1.9;33.0;Testes;0.1;noise, Antsp;;;;
Car381009-2026-Pass1-Z1-2MU00693_20260729_222756_000;0.0;1.5;41.0;noise;0.06;Phogri;;;;
Car381009-2026-Pass1-Z1-2MU00693_20260729_222756_000;0.0;1.4;34.0;Testes;0.86;;;;;
Car381009-2026-Pass1-Z1-2MU00693_20260729_222759_000;0.0;1.6;30.0;Leppun;0.98;;;;;
Car381009-2026-Pass1-Z1-2MU00693_20260729_222759_000;0.6;1.1;23.0;noise;0.4;;;;;
Car381009-2026-Pass1-Z1-2MU00693_20260729_222803_000;0.0;1.9;34.0;Leppun;0.91;;;;;
Car381009-2026-Pass1-Z1-2MU00693_20260729_222803_000;0.8;1.9;45.0;Pippip;0.94;;;;;
Car381009-2026-Pass1-Z1-2MU00693_20260729_222803_000;0.0;1.9;32.0;Rhasp;0.19;;;;;
Car381009-2026-Pass1-Z1-2MU00693_20260729_222809_000;1.4;2.1;32.0;noise;0.08;;;;;
Car381009-2026-Pass1-Z1-2MU00693_20260729_222809_000;0.0;2.1;35.0;Leppun;0.94;;;;;
Car381009-2026-Pass1-Z1-2MU00693_20260729_222809_000;0.0;1.8;50.0;Pippip;0.98;;;;;
Car381009-2026-Pass1-Z1-2MU00693_20260729_222813_000;0.2;2.1;27.0;noise;0.42;;;;;
Car381009-2026-Pass1-Z1-2MU00693_20260729_222813_000;0.0;2.1;37.0;Testes;0.86;;;;;
Car381009-2026-Pass1-Z1-2MU00693_20260729_222819_000;0.0;2.2;38.0;Leppun;0.7;;;;;
Car381009-2026-Pass1-Z1-2MU00693_20260729_222819_000;0.1;2.5;31.0;noise;0.07;Phogri;;;;
Car381009-2026-Pass1-Z1-2MU00693_20260729_222819_000;0.0;2.5;34.0;Testes;0.71;;;;;
Car381009-2026-Pass1-Z1-2MU00693_20260729_222822_000;0.0;1.7;33.0;noise;0.08;Rhasp, Antsp;;;;
Car381009-2026-Pass1-Z1-2MU00693_20260729_222822_000;0.0;1.6;36.0;Leppun;0.11;;;;;
Car381009-2026-Pass1-Z1-2MU00693_20260729_222828_000;0.0;1.8;40.0;Leppun;0.98;;;;;
Car381009-2026-Pass1-Z1-2MU00693_20260729_222833_000;0.0;2.1;35.0;Testes;0.73;;;;;
Car381009-2026-Pass1-Z1-2MU00693_20260729_222841_000;0.0;0.2;37.0;Leppun;0.98;;;;;
Car381009-2026-Pass1-Z1-2MU00693_20260729_222845_000;0.0;0.9;35.0;Leppun;0.95;;;;;
Car381009-2026-Pass1-Z1-2MU00693_20260729_222845_000;0.1;2.0;22.0;noise;0.12;;;;;
Car381009-2026-Pass1-Z1-2MU00693_20260729_222845_000;0.8;1.1;31.0;Testes;0.91;;;;;
Car381009-2026-Pass1-Z1-2MU00693_20260729_222850_000;0.4;0.8;25.0;Eptser;0.09;;;;;
Car381009-2026-Pass1-Z1-2MU00693_20260729_222850_000;0.0;0.8;39.0;Leppun;0.99;;;;;
Car381009-2026-Pass1-Z1-2MU00693_20260729_222901_000;0.0;4.1;41.0;Leppun;0.98;;;;;
Car381009-2026-Pass1-Z1-2MU00693_20260729_222901_000;1.2;3.8;24.0;noise;0.37;;;;;
Car381009-2026-Pass1-Z1-2MU00693_20260729_222909_000;0.0;2.6;32.0;Antsp;0.07;Yposp;;;;
Car381009-2026-Pass1-Z1-2MU00693_20260729_222909_000;0.0;2.4;35.0;noise;0.13;;;;;
Car381009-2026-Pass1-Z1-2MU00693_20260729_222914_000;0.1;2.8;30.0;noise;0.13;;;;;
Car381009-2026-Pass1-Z1-2MU00693_20260729_222914_000;0.0;2.9;37.0;Testes;0.55;;;;;
Car381009-2026-Pass1-Z1-2MU00693_20260729_222917_000;0.1;0.7;39.0;Leppun;0.06;noise;;;;
Car381009-2026-Pass1-Z1-2MU00693_20260729_222917_000;0.0;2.1;34.0;Testes;0.76;;;;;
Car381009-2026-Pass1-Z1-2MU00693_20260729_222920_000;0.0;0.1;39.0;Leppun;0.98;;;;;
Car381009-2026-Pass1-Z1-2MU00693_20260729_222920_000;0.4;0.5;21.0;noise;0.7;;;;;
Car381009-2026-Pass1-Z1-2MU00693_20260729_222926_000;0.0;1.6;36.0;Leppun;0.26;;;;;
Car381009-2026-Pass1-Z1-2MU00693_20260729_222926_000;0.0;1.7;33.0;Antsp;0.1;noise, Yposp, Testes;;;;
Car381009-2026-Pass1-Z1-2MU00693_20260729_222929_000;0.0;1.3;39.0;Leppun;0.99;;;;;
Car381009-2026-Pass1-Z1-2MU00693_20260729_222929_000;0.9;2.0;22.0;noise;0.12;;;;;
Car381009-2026-Pass1-Z1-2MU00693_20260729_222937_000;0.3;1.5;32.0;noise;0.24;;;;;
Car381009-2026-Pass1-Z1-2MU00693_20260729_222937_000;0.0;1.8;36.0;Testes;0.36;;;;;
Car381009-2026-Pass1-Z1-2MU00693_20260729_222939_000;0.2;2.1;33.0;Yposp;0.09;noise;;;;
Car381009-2026-Pass1-Z1-2MU00693_20260729_222939_000;0.0;2.1;34.0;Leppun;0.91;;;;;
Car381009-2026-Pass1-Z1-2MU00693_20260729_222939_000;0.6;2.0;43.0;Pippip;0.96;;;;;
Car381009-2026-Pass1-Z1-2MU00693_20260729_222943_000;0.0;0.8;32.0;Yposp;0.04;noise, criq, Tetvir;;;;
Car381009-2026-Pass1-Z1-2MU00693_20260729_222943_000;0.0;0.7;35.0;Leppun;0.87;;;;;
Car381009-2026-Pass1-Z1-2MU00693_20260729_222946_000;0.0;0.1;40.0;Leppun;0.97;;;;;
Car381009-2026-Pass1-Z1-2MU00693_20260729_222946_000;1.0;1.8;23.0;noise;0.08;;;;;
Car381009-2026-Pass1-Z1-2MU00693_20260729_222953_000;0.0;1.9;30.0;noise;0.14;;;;;
Car381009-2026-Pass1-Z1-2MU00693_20260729_222953_000;0.0;0.9;16.0;Phanan;0.04;Tetvir, Phogri;;;;
Car381009-2026-Pass1-Z1-2MU00693_20260729_222953_000;0.0;2.1;35.0;Testes;0.44;;;;;
Car381009-2026-Pass1-Z1-2MU00693_20260729_222958_000;0.1;0.6;32.0;noise;0.04;Yposp, Rhasp, Tetvir, Phogri, Cyrscu;;;;
Car381009-2026-Pass1-Z1-2MU00693_20260729_222958_000;0.0;0.5;36.0;Leppun;0.45;;;;;
Car381009-2026-Pass1-Z1-2MU00693_20260729_223003_000;0.0;1.4;39.0;Leppun;0.98;;;;;
Car381009-2026-Pass1-Z1-2MU00693_20260729_223003_000;0.1;1.1;21.0;noise;0.16;;;;;
Car381009-2026-Pass1-Z1-2MU00693_20260729_223008_000;0.0;1.8;32.0;Leppun;0.98;;;;;
Car381009-2026-Pass1-Z1-2MU00693_20260729_223008_000;1.3;1.4;24.0;noise;0.05;;;;;
Car381009-2026-Pass1-Z1-2MU00693_20260729_223013_000;0.2;1.4;38.0;noise;0.06;Yposp, Phogri;;;;
Car381009-2026-Pass1-Z1-2MU00693_20260729_223013_000;0.0;2.1;34.0;Testes;0.48;;;;;
Car381009-2026-Pass1-Z1-2MU00693_20260729_223019_000;1.8;2.1;30.0;Confus;0.98;;;;;
Car381009-2026-Pass1-Z1-2MU00693_20260729_223019_000;0.0;1.7;31.0;Leppun;0.97;;;;;
Car381009-2026-Pass1-Z1-2MU00693_20260729_223019_000;0.4;1.9;21.0;noise;0.08;Phogri;;;;
Car381009-2026-Pass1-Z1-2MU00693_20260729_223023_000;0.0;1.1;39.0;Leppun;0.97;;;;;
Car381009-2026-Pass1-Z1-2MU00693_20260729_223023_000;0.3;1.0;34.0;noise;0.17;;;;;
Car381009-2026-Pass1-Z1-2MU00693_20260729_223028_000;0.0;1.5;16.0;noise;0.34;;;;;
Car381009-2026-Pass1-Z1-2MU00693_20260729_223028_000;1.3;2.1;44.0;Pippip;0.98;;;;;
Car381009-2026-Pass1-Z1-2MU00693_20260729_223028_000;0.0;0.5;32.0;Testes;0.32;;;;;
Car381009-2026-Pass1-Z1-2MU00693_20260729_223033_000;0.0;1.9;32.0;noise;0.16;;;;;
Car381009-2026-Pass1-Z1-2MU00693_20260729_223033_000;0.6;0.7;43.0;Pippip;0.54;;;;;
Car381009-2026-Pass1-Z1-2MU00693_20260729_223033_000;0.0;2.0;37.0;Testes;0.4;;;;;
Car381009-2026-Pass1-Z1-2MU00693_20260729_223038_000;0.0;1.2;33.0;Leppun;0.6;;;;;
Car381009-2026-Pass1-Z1-2MU00693_20260729_223038_000;0.2;1.7;29.0;noise;0.16;;;;;
Car381009-2026-Pass1-Z1-2MU00693_20260729_223042_000;0.0;0.4;40.0;Leppun;0.98;;;;;
Car381009-2026-Pass1-Z1-2MU00693_20260729_223042_000;1.1;1.2;23.0;Phogri;0.22;;;;;
Car381009-2026-Pass1-Z1-2MU00693_20260729_223045_000;0.0;0.5;34.0;Leppun;0.98;;;;;
Car381009-2026-Pass1-Z1-2MU00693_20260729_223045_000;0.7;1.1;20.0;noise;0.44;;;;;
Car381009-2026-Pass1-Z1-2MU00693_20260729_223050_000;0.3;1.8;34.0;noise;0.18;;;;;
Car381009-2026-Pass1-Z1-2MU00693_20260729_223050_000;0.0;2.1;36.0;Testes;0.66;;;;;
Car381009-2026-Pass1-Z1-2MU00693_20260729_223055_000;0.0;2.0;33.0;Leppun;0.36;;;;;
Car381009-2026-Pass1-Z1-2MU00693_20260729_223055_000;0.4;2.0;32.0;noise;0.29;;;;;
Car381009-2026-Pass1-Z1-2MU00693_20260729_223100_000;0.0;1.8;35.0;Leppun;0.98;;;;;
Car381009-2026-Pass1-Z1-2MU00693_20260729_223105_000;0.0;1.6;39.0;Leppun;0.99;;;;;
Car381009-2026-Pass1-Z1-2MU00693_20260729_223105_000;0.0;1.5;24.0;Phogri;0.29;;;;;
Car381009-2026-Pass1-Z1-2MU00693_20260729_223108_000;1.2;1.8;34.0;Leppun;0.24;;;;;
Car381009-2026-Pass1-Z1-2MU00693_20260729_223108_000;0.0;2.1;36.0;Testes;0.84;;;;;
Car381009-2026-Pass1-Z1-2MU00693_20260729_223115_000;0.0;1.6;33.0;Leppun;0.33;;;;;
Car381009-2026-Pass1-Z1-2MU00693_20260729_223115_000;0.2;1.5;29.0;noise;0.19;;;;;
Car381009-2026-Pass1-Z1-2MU00693_20260729_223121_000;0.0;4.0;51.0;Leppun;0.96;;;;;
Car381009-2026-Pass1-Z1-2MU00693_20260729_223121_000;1.6;4.0;34.0;Testes;0.93;;;;;
Car381009-2026-Pass1-Z1-2MU00693_20260729_223132_000;0.0;1.2;33.0;noise;0.06;Yposp;;;;
Car381009-2026-Pass1-Z1-2MU00693_20260729_223132_000;0.0;2.1;34.0;Testes;0.2;;;;;
Car381009-2026-Pass1-Z1-2MU00693_20260729_223135_000;0.0;1.8;41.0;Leppun;0.98;;;;;
Car381009-2026-Pass1-Z1-2MU00693_20260729_223135_000;1.0;1.1;20.0;noise;0.1;;;;;
Car381009-2026-Pass1-Z1-2MU00693_20260729_223138_000;0.0;0.7;34.0;Testes;0.65;;;;;
Car381009-2026-Pass1-Z1-2MU00693_20260729_223143_000;0.0;0.1;35.0;Leppun;0.94;;;;;
Car381009-2026-Pass1-Z1-2MU00693_20260729_223146_000;0.0;2.1;32.0;Leppun;0.91;;;;;
Car381009-2026-Pass1-Z1-2MU00693_20260729_223152_000;0.0;0.1;50.0;Leppun;0.15;;;;;
Car381009-2026-Pass1-Z1-2MU00693_20260729_223152_000;0.0;0.8;36.0;Testes;0.76;;;;;
Car381009-2026-Pass1-Z1-2MU00693_20260729_223155_000;0.0;2.1;38.0;Leppun;0.97;;;;;
Car381009-2026-Pass1-Z1-2MU00693_20260729_223155_000;1.3;2.1;34.0;Testes;0.47;;;;;
Car381009-2026-Pass1-Z1-2MU00693_20260729_223200_000;0.0;0.6;31.0;Leppun;0.98;;;;;
Car381009-2026-Pass1-Z1-2MU00693_20260729_223200_000;0.5;2.0;20.0;noise;0.17;;;;;
Car381009-2026-Pass1-Z1-2MU00693_20260729_223207_000;0.0;1.8;34.0;Leppun;0.96;;;;;
Car381009-2026-Pass1-Z1-2MU00693_20260729_223207_000;0.2;1.8;32.0;noise;0.08;;;;;
Car381009-2026-Pass1-Z1-2MU00693_20260729_223211_000;0.4;0.7;34.0;Leppun;0.27;;;;;
Car381009-2026-Pass1-Z1-2MU00693_20260729_223211_000;0.4;2.3;28.0;noise;0.25;;;;;
Car381009-2026-Pass1-Z1-2MU00693_20260729_223211_000;0.0;2.4;36.0;Testes;0.59;;;;;
Car381009-2026-Pass1-Z1-2MU00693_20260729_223214_000;0.0;0.1;39.0;Leppun;0.98;;;;;
Car381009-2026-Pass1-Z1-2MU00693_20260729_223214_000;1.7;1.8;12.0;noise;0.78;;;;;
Car381009-2026-Pass1-Z1-2MU00693_20260729_223217_000;0.0;0.1;43.0;Leppun;0.98;;;;;
Car381009-2026-Pass1-Z1-2MU00693_20260729_223217_000;0.4;1.7;22.0;noise;0.8;;;;;
Car381009-2026-Pass1-Z1-2MU00693_20260729_223220_000;0.0;1.9;31.0;Leppun;0.98;;;;;
Car381009-2026-Pass1-Z1-2MU00693_20260729_223220_000;1.1;1.9;19.0;noise;0.06;Phanan;;;;
Car381009-2026-Pass1-Z1-2MU00693_20260729_223224_000;0.0;1.9;33.0;Leppun;0.78;;;;;
Car381009-2026-Pass1-Z1-2MU00693_20260729_223224_000;0.0;1.6;31.0;noise;0.21;;;;;
Car381009-2026-Pass1-Z1-2MU00693_20260729_223229_000;0.0;0.1;38.0;Leppun;0.98;;;;;
Car381009-2026-Pass1-Z1-2MU00693_20260729_223229_000;0.8;1.0;22.0;Phogri;0.32;;;;;
Car381009-2026-Pass1-Z1-2MU00693_20260729_223233_000;0.0;1.9;40.0;Leppun;0.19;;;;;
Car381009-2026-Pass1-Z1-2MU00693_20260729_223233_000;0.4;2.0;24.0;noise;0.16;;;;;
Car381009-2026-Pass1-Z1-2MU00693_20260729_223233_000;0.0;2.0;36.0;Testes;0.82;;;;;
Car381009-2026-Pass1-Z1-2MU00693_20260729_223237_000;0.0;0.1;33.0;Leppun;0.3;;;;;
Car381009-2026-Pass1-Z1-2MU00693_20260729_223237_000;0.1;1.0;22.0;noise;0.04;Phogri, Tetvir, Plaint;;;;
Car381009-2026-Pass1-Z1-2MU00693_20260729_223237_000;0.0;0.1;31.0;Testes;0.29;;;;;
Car381009-2026-Pass1-Z1-2MU00693_20260729_223241_000;0.0;1.9;30.0;Leppun;0.98;;;;;
Car381009-2026-Pass1-Z1-2MU00693_20260729_223241_000;0.5;2.0;20.0;noise;0.81;;;;;
Car381009-2026-Pass1-Z1-2MU00693_20260729_223245_000;0.0;1.3;33.0;Leppun;0.93;;;;;
Car381009-2026-Pass1-Z1-2MU00693_20260729_223245_000;0.3;1.6;31.0;noise;0.06;Tetvir, Phogri;;;;
Car381009-2026-Pass1-Z1-2MU00693_20260729_223251_000;0.0;1.6;30.0;Leppun;0.98;;;;;
Car381009-2026-Pass1-Z1-2MU00693_20260729_223251_000;0.3;1.5;17.0;noise;0.87;;;;;
Car381009-2026-Pass1-Z1-2MU00693_20260729_223258_000;0.6;1.8;21.0;noise;0.14;;;;;
Car381009-2026-Pass1-Z1-2MU00693_20260729_223258_000;0.0;2.1;36.0;Testes;0.7;;;;;
Car381009-2026-Pass1-Z1-2MU00693_20260729_223303_000;0.0;2.0;31.0;Leppun;0.95;;;;;
Car381009-2026-Pass1-Z1-2MU00693_20260729_223303_000;0.8;1.0;23.0;noise;0.05;;;;;
Car381009-2026-Pass1-Z1-2MU00693_20260729_223307_000;0.0;0.3;33.0;Leppun;0.86;;;;;
Car381009-2026-Pass1-Z1-2MU00693_20260729_223307_000;0.1;0.3;32.0;Yposp;0.03;Rhasp, noise, Tetvir, Phogri;;;;
Car381009-2026-Pass1-Z1-2MU00693_20260729_223311_000;0.0;0.9;40.0;Leppun;0.99;;;;;
Car381009-2026-Pass1-Z1-2MU00693_20260729_223317_000;0.0;0.1;42.0;Leppun;0.98;;;;;
Car381009-2026-Pass1-Z1-2MU00693_20260729_223317_000;1.3;1.4;23.0;noise;0.07;;;;;
Car381009-2026-Pass1-Z1-2MU00693_20260729_223323_000;0.0;0.8;32.0;Leppun;0.97;;;;;
Car381009-2026-Pass1-Z1-2MU00693_20260729_223323_000;0.1;0.2;22.0;noise;0.41;;;;;
Car381009-2026-Pass1-Z1-2MU00693_20260729_223326_000;0.4;4.8;30.0;noise;0.12;Phogri;;;;
Car381009-2026-Pass1-Z1-2MU00693_20260729_223326_000;0.0;5.0;33.0;Testes;0.84;;;;;
Car381009-2026-Pass1-Z1-2MU00693_20260729_223334_000;0.0;1.1;36.0;Leppun;0.97;;;;;
Car381009-2026-Pass1-Z1-2MU00693_20260729_223334_000;0.0;0.3;10.0;noise;0.28;;;;;
Car381009-2026-Pass1-Z1-2MU00693_20260729_223337_000;0.0;1.6;23.0;Leppun;0.98;;;;;
Car381009-2026-Pass1-Z1-2MU00693_20260729_223341_000;0.0;1.8;31.0;Leppun;0.76;;;;;
Car381009-2026-Pass1-Z1-2MU00693_20260729_223346_000;0.0;2.1;33.0;Leppun;0.86;;;;;
Car381009-2026-Pass1-Z1-2MU00693_20260729_223346_000;0.2;1.2;31.0;noise;0.05;Tetvir;;;;
Car381009-2026-Pass1-Z1-2MU00693_20260729_223350_000;0.0;0.1;42.0;Leppun;0.97;;;;;
Car381009-2026-Pass1-Z1-2MU00693_20260729_223354_000;0.0;1.9;36.0;Leppun;0.98;;;;;
Car381009-2026-Pass1-Z1-2MU00693_20260729_223354_000;0.5;1.9;26.0;noise;0.24;;;;;
Car381009-2026-Pass1-Z1-2MU00693_20260729_223401_000;0.0;1.9;34.0;Leppun;0.94;;;;;
Car381009-2026-Pass1-Z1-2MU00693_20260729_223401_000;0.8;1.9;28.0;noise;0.15;;;;;
Car381009-2026-Pass1-Z1-2MU00693_20260729_223406_000;0.0;1.9;33.0;Leppun;0.9;;;;;
Car381009-2026-Pass1-Z1-2MU00693_20260729_223410_000;0.0;0.1;40.0;Leppun;0.98;;;;;
Car381009-2026-Pass1-Z1-2MU00693_20260729_223410_000;1.2;1.9;25.0;noise;0.13;;;;;
Car381009-2026-Pass1-Z1-2MU00693_20260729_223410_000;0.7;1.5;21.0;Cyrscu;0.06;Plaint;;;;
Car381009-2026-Pass1-Z1-2MU00693_20260729_223416_000;1.5;2.6;23.0;noise;0.05;Tetvir, Phogri;;;;
Car381009-2026-Pass1-Z1-2MU00693_20260729_223416_000;0.0;2.8;36.0;Testes;0.77;;;;;
Car381009-2026-Pass1-Z1-2MU00693_20260729_223419_000;0.2;2.4;32.0;noise;0.3;;;;;
Car381009-2026-Pass1-Z1-2MU00693_20260729_223419_000;0.0;2.4;36.0;Testes;0.66;;;;;
Car381009-2026-Pass1-Z1-2MU00693_20260729_223423_000;0.0;1.8;33.0;Leppun;0.81;;;;;
Car381009-2026-Pass1-Z1-2MU00693_20260729_223423_000;0.6;1.9;30.0;Phogri;0.04;noise, Tetvir, Plaint;;;;
Car381009-2026-Pass1-Z1-2MU00693_20260729_223426_000;0.0;1.4;40.0;Leppun;0.98;;;;;
Car381009-2026-Pass1-Z1-2MU00693_20260729_223426_000;0.1;1.9;20.0;noise;0.14;;;;;
Car381009-2026-Pass1-Z1-2MU00693_20260729_223429_000;0.0;0.1;42.0;Leppun;0.98;;;;;
Car381009-2026-Pass1-Z1-2MU00693_20260729_223429_000;1.3;1.4;20.0;noise;0.13;;;;;
Car381009-2026-Pass1-Z1-2MU00693_20260729_223433_000;0.0;1.5;48.0;Leppun;0.98;;;;;
Car381009-2026-Pass1-Z1-2MU00693_20260729_223433_000;1.6;1.7;25.0;noise;0.05;Phogri, Tetvir;;;;
Car381009-2026-Pass1-Z1-2MU00693_20260729_223436_000;0.0;2.0;38.0;Leppun;0.96;;;;;
Car381009-2026-Pass1-Z1-2MU00693_20260729_223436_000;2.0;2.1;21.0;Phogri;0.36;;;;;
Car381009-2026-Pass1-Z1-2MU00693_20260729_223439_000;0.0;3.5;31.0;noise;0.13;;;;;
Car381009-2026-Pass1-Z1-2MU00693_20260729_223439_000;0.0;3.6;37.0;Testes;0.33;;;;;
Car381009-2026-Pass1-Z1-2MU00693_20260729_223444_000;0.0;0.1;38.0;Leppun;0.98;;;;;
Car381009-2026-Pass1-Z1-2MU00693_20260729_223444_000;0.6;2.0;22.0;noise;0.1;;;;;
Car381009-2026-Pass1-Z1-2MU00693_20260729_223447_000;0.0;1.6;34.0;Leppun;0.99;;;;;
Car381009-2026-Pass1-Z1-2MU00693_20260729_223447_000;1.1;1.7;25.0;noise;0.12;;;;;
Car381009-2026-Pass1-Z1-2MU00693_20260729_223447_000;1.8;1.9;23.0;Tetvir;0.09;;;;;
Car381009-2026-Pass1-Z1-2MU00693_20260729_223451_000;0.0;0.2;47.0;Leppun;0.97;;;;;
Car381009-2026-Pass1-Z1-2MU00693_20260729_223451_000;1.7;1.8;27.0;noise;0.28;;;;;
Car381009-2026-Pass1-Z1-2MU00693_20260729_223456_000;0.0;2.1;46.0;Leppun;0.98;;;;;
Car381009-2026-Pass1-Z1-2MU00693_20260729_223456_000;1.0;1.1;20.0;noise;0.06;;;;;
Car381009-2026-Pass1-Z1-2MU00693_20260729_223500_000;0.0;2.1;32.0;noise;0.14;;;;;
Car381009-2026-Pass1-Z1-2MU00693_20260729_223500_000;0.0;2.1;36.0;Testes;0.6;;;;;
Car381009-2026-Pass1-Z1-2MU00693_20260729_223504_000;0.0;2.2;35.0;Leppun;0.5;;;;;
Car381009-2026-Pass1-Z1-2MU00693_20260729_223504_000;0.0;3.1;20.0;noise;0.33;;;;;
Car381009-2026-Pass1-Z1-2MU00693_20260729_223504_000;0.0;3.1;32.0;Testes;0.38;;;;;
Car381009-2026-Pass1-Z1-2MU00693_20260729_223508_000;0.0;0.6;49.0;Leppun;0.97;;;;;
Car381009-2026-Pass1-Z1-2MU00693_20260729_223508_000;0.4;1.9;22.0;noise;0.26;;;;;
Car381009-2026-Pass1-Z1-2MU00693_20260729_223514_000;0.0;2.1;41.0;Leppun;0.98;;;;;
Car381009-2026-Pass1-Z1-2MU00693_20260729_223514_000;0.5;1.7;21.0;noise;0.23;;;;;
Car381009-2026-Pass1-Z1-2MU00693_20260729_223523_000;0.1;2.7;37.0;Leppun;0.79;;;;;
Car381009-2026-Pass1-Z1-2MU00693_20260729_223523_000;0.1;3.0;25.0;noise;0.11;;;;;
Car381009-2026-Pass1-Z1-2MU00693_20260729_223523_000;0.0;2.7;34.0;Testes;0.64;;;;;
Car381009-2026-Pass1-Z1-2MU00693_20260729_223527_000;0.0;2.0;33.0;Leppun;0.96;;;;;
Car381009-2026-Pass1-Z1-2MU00693_20260729_223531_000;0.0;1.4;35.0;Leppun;0.98;;;;;
Car381009-2026-Pass1-Z1-2MU00693_20260729_223531_000;0.2;1.7;22.0;noise;0.18;;;;;
Car381009-2026-Pass1-Z1-2MU00693_20260729_223538_000;0.0;2.0;33.0;Leppun;0.84;;;;;
Car381009-2026-Pass1-Z1-2MU00693_20260729_223538_000;1.1;2.0;31.0;noise;0.04;Antsp, Tetvir, Pippip, Phogri;;;;
Car381009-2026-Pass1-Z1-2MU00693_20260729_223543_000;0.0;1.8;30.0;noise;0.29;;;;;
Car381009-2026-Pass1-Z1-2MU00693_20260729_223543_000;0.0;1.8;37.0;Testes;0.47;;;;;
Car381009-2026-Pass1-Z1-2MU00693_20260729_223546_000;0.0;0.1;35.0;Leppun;0.98;;;;;
Car381009-2026-Pass1-Z1-2MU00693_20260729_223549_000;0.0;1.2;43.0;Leppun;0.99;;;;;
Car381009-2026-Pass1-Z1-2MU00693_20260729_223549_000;0.6;2.8;22.0;noise;0.14;;;;;
Car381009-2026-Pass1-Z1-2MU00693_20260729_223603_000;0.0;5.0;32.0;noise;0.14;Rhasp;;;;
Car381009-2026-Pass1-Z1-2MU00693_20260729_223603_000;0.0;3.0;35.0;Testes;0.78;;;;;
Car381009-2026-Pass1-Z1-2MU00693_20260729_223609_000;0.0;0.2;58.0;Leppun;0.98;;;;;
Car381009-2026-Pass1-Z1-2MU00693_20260729_223609_000;0.1;0.2;19.0;noise;0.09;;;;;
Car381009-2026-Pass1-Z1-2MU00693_20260729_223612_000;0.0;2.1;34.0;Yposp;0.03;Rhasp, Metbra, Confus, Tetvir, Phogri, criq, Antsp;;;;
Car381009-2026-Pass1-Z1-2MU00693_20260729_223612_000;0.2;3.8;31.0;noise;0.35;;;;;
Car381009-2026-Pass1-Z1-2MU00693_20260729_223618_000;0.0;3.3;27.0;Phogri;0.05;;;;;
Car381009-2026-Pass1-Z1-2MU00693_20260729_223618_000;0.0;3.7;34.0;Leppun;0.97;;;;;
Car381009-2026-Pass1-Z1-2MU00693_20260729_223618_000;0.0;3.7;29.0;noise;0.09;Phogri;;;;
Car381009-2026-Pass1-Z1-2MU00693_20260729_223623_000;0.0;3.7;32.0;noise;0.24;;;;;
Car381009-2026-Pass1-Z1-2MU00693_20260729_223623_000;0.0;3.6;35.0;Testes;0.5;;;;;
Car381009-2026-Pass1-Z1-2MU00693_20260729_223629_000;0.0;0.7;28.0;Yposp;0.09;;;;;
Car381009-2026-Pass1-Z1-2MU00693_20260729_223629_000;0.0;2.1;27.0;noise;0.44;;;;;
Car381009-2026-Pass1-Z1-2MU00693_20260729_223637_000;0.0;4.8;36.0;Leppun;0.89;;;;;
Car381009-2026-Pass1-Z1-2MU00693_20260729_223637_000;0.5;5.0;32.0;noise;0.13;;;;;
Car381009-2026-Pass1-Z1-2MU00693_20260729_223637_000;0.7;5.0;33.0;Antsp;0.18;Testes, noise;;;;
Car381009-2026-Pass1-Z1-2MU00693_20260729_223646_000;0.0;1.1;57.0;Leppun;0.98;;;;;
Car381009-2026-Pass1-Z1-2MU00693_20260729_223655_000;0.0;3.9;39.0;Leppun;0.77;;;;;
Car381009-2026-Pass1-Z1-2MU00693_20260729_223655_000;0.9;2.1;33.0;noise;0.1;;;;;
Car381009-2026-Pass1-Z1-2MU00693_20260729_223655_000;0.9;3.3;30.0;Rhasp;0.82;;;;;
Car381009-2026-Pass1-Z1-2MU00693_20260729_223702_000;0.0;2.0;32.0;Leppun;0.88;;;;;
Car381009-2026-Pass1-Z1-2MU00693_20260729_223702_000;0.5;1.6;30.0;Rhasp;0.18;;;;;
Car381009-2026-Pass1-Z1-2MU00693_20260729_223705_000;0.0;1.9;30.0;Leppun;0.13;;;;;
Car381009-2026-Pass1-Z1-2MU00693_20260729_223705_000;0.0;1.9;31.0;Testes;0.06;noise, Rhasp, Antsp;;;;
Car381009-2026-Pass1-Z1-2MU00693_20260729_223709_000;1.6;2.4;32.0;Rhasp;0.05;Yposp, Confus;;;;
Car381009-2026-Pass1-Z1-2MU00693_20260729_223709_000;0.0;2.4;35.0;Leppun;0.95;;;;;
Car381009-2026-Pass1-Z1-2MU00693_20260729_223709_000;1.5;2.4;32.0;noise;0.13;;;;;
Car381009-2026-Pass1-Z1-2MU00693_20260729_223718_000;0.0;4.3;34.0;Leppun;0.94;;;;;
Car381009-2026-Pass1-Z1-2MU00693_20260729_223718_000;0.2;4.3;31.0;noise;0.21;;;;;
Car381009-2026-Pass1-Z1-2MU00693_20260729_223722_000;0.0;2.1;32.0;Leppun;0.94;;;;;
Car381009-2026-Pass1-Z1-2MU00693_20260729_223722_000;0.2;1.8;31.0;noise;0.05;Tetvir, Phogri;;;;
Car381009-2026-Pass1-Z1-2MU00693_20260729_223726_000;0.0;4.1;36.0;Leppun;0.97;;;;;
Car381009-2026-Pass1-Z1-2MU00693_20260729_223726_000;1.0;4.5;33.0;noise;0.25;;;;;
Car381009-2026-Pass1-Z1-2MU00693_20260729_223726_000;1.3;3.9;32.0;Testes;0.16;Antsp;;;;
Car381009-2026-Pass1-Z1-2MU00693_20260729_223736_000;0.0;0.1;59.0;Leppun;0.99;;;;;
Car381009-2026-Pass1-Z1-2MU00693_20260729_223736_000;0.7;1.9;24.0;noise;0.43;;;;;
Car381009-2026-Pass1-Z1-2MU00693_20260729_223738_000;0.0;0.4;32.0;Yposp;0.08;Rhasp, noise;;;;
Car381009-2026-Pass1-Z1-2MU00693_20260729_223738_000;0.0;1.1;32.0;Leppun;0.88;;;;;
Car381009-2026-Pass1-Z1-2MU00693_20260729_223741_000;0.0;2.0;33.0;Leppun;0.97;;;;;
Car381009-2026-Pass1-Z1-2MU00693_20260729_223741_000;0.5;2.0;30.0;noise;0.12;;;;;
Car381009-2026-Pass1-Z1-2MU00693_20260729_223741_000;1.5;1.7;30.0;Tetvir;0.52;;;;;
Car381009-2026-Pass1-Z1-2MU00693_20260729_223744_000;0.6;3.9;36.0;Leppun;0.55;;;;;
Car381009-2026-Pass1-Z1-2MU00693_20260729_223744_000;0.5;5.0;32.0;noise;0.19;;;;;
Car381009-2026-Pass1-Z1-2MU00693_20260729_223744_000;0.0;5.0;34.0;Testes;0.62;;;;;
Car381009-2026-Pass1-Z1-2MU00693_20260729_223754_000;0.0;1.2;32.0;Yposp;0.05;Antsp;;;;
Car381009-2026-Pass1-Z1-2MU00693_20260729_223754_000;0.0;2.1;31.0;noise;0.1;;;;;
Car381009-2026-Pass1-Z1-2MU00693_20260729_223757_000;0.0;1.8;36.0;Leppun;0.9;;;;;
Car381009-2026-Pass1-Z1-2MU00693_20260729_223806_000;0.0;4.5;41.0;Leppun;0.91;;;;;
Car381009-2026-Pass1-Z1-2MU00693_20260729_223806_000;0.2;4.0;33.0;noise;0.09;;;;;
Car381009-2026-Pass1-Z1-2MU00693_20260729_223806_000;0.0;4.4;34.0;Testes;0.44;Antsp;;;;
Car381009-2026-Pass1-Z1-2MU00693_20260729_223818_000;0.0;3.3;35.0;Leppun;0.81;;;;;
Car381009-2026-Pass1-Z1-2MU00693_20260729_223818_000;1.1;3.1;29.0;noise;0.13;;;;;
Car381009-2026-Pass1-Z1-2MU00693_20260729_223818_000;1.4;4.0;33.0;Testes;0.56;;;;;
Car381009-2026-Pass1-Z1-2MU00693_20260729_223822_000;0.0;0.5;33.0;Leppun;0.28;;;;;
Car381009-2026-Pass1-Z1-2MU00693_20260729_223828_000;0.0;4.7;34.0;Testes;0.58;;;;;
Car381009-2026-Pass1-Z1-2MU00693_20260729_223840_000;0.0;4.1;34.0;Leppun;0.81;;;;;
Car381009-2026-Pass1-Z1-2MU00693_20260729_223840_000;0.1;4.0;32.0;noise;0.12;;;;;
Car381009-2026-Pass1-Z1-2MU00693_20260729_223844_000;0.0;0.8;32.0;Rhasp;0.23;;;;;
Car381009-2026-Pass1-Z1-2MU00693_20260729_223844_000;0.0;1.5;33.0;Leppun;0.85;;;;;
Car381009-2026-Pass1-Z1-2MU00693_20260729_223844_000;0.1;0.6;25.0;Tetvir;0.38;;;;;
Car381009-2026-Pass1-Z1-2MU00693_20260729_223849_000;0.0;1.7;28.0;Leppun;0.51;;;;;
Car381009-2026-Pass1-Z1-2MU00693_20260729_223849_000;0.7;1.0;27.0;noise;0.03;Cyrscu, Tetvir, Plaint, Phogri, Eptser, Barfis;;;;
Car381009-2026-Pass1-Z1-2MU00693_20260729_223852_000;0.0;1.8;34.0;Leppun;0.98;;;;;
Car381009-2026-Pass1-Z1-2MU00693_20260729_223852_000;0.2;0.3;9.0;Tetvir;0.84;;;;;
Car381009-2026-Pass1-Z1-2MU00693_20260729_223907_000;0.0;0.7;36.0;Leppun;0.98;;;;;
Car381009-2026-Pass1-Z1-2MU00693_20260729_223907_000;0.6;1.5;21.0;noise;0.23;;;;;
Car381009-2026-Pass1-Z1-2MU00693_20260729_223911_000;0.0;0.3;41.0;Leppun;0.99;;;;;
Car381009-2026-Pass1-Z1-2MU00693_20260729_223911_000;0.1;2.0;26.0;noise;0.3;;;;;
Car381009-2026-Pass1-Z1-2MU00693_20260729_223915_000;0.0;1.8;28.0;Leppun;0.98;;;;;
Car381009-2026-Pass1-Z1-2MU00693_20260729_223915_000;0.0;1.9;25.0;Cyrscu;0.04;Nyclei, noise, Tetvir, Eptser;;;;
Car381009-2026-Pass1-Z1-2MU00693_20260729_223928_000;0.0;0.3;37.0;Leppun;0.98;;;;;
Car381009-2026-Pass1-Z1-2MU00693_20260729_223928_000;0.0;2.0;24.0;noise;0.07;Cyrscu;;;;
Car381009-2026-Pass1-Z1-2MU00693_20260729_223935_000;0.0;0.8;32.0;Leppun;0.97;;;;;
Car381009-2026-Pass1-Z1-2MU00693_20260729_223935_000;0.4;1.7;25.0;Tetvir;0.34;;;;;
Car381009-2026-Pass1-Z1-2MU00693_20260729_223938_000;0.1;1.7;26.0;noise;0.1;;;;;
Car381009-2026-Pass1-Z1-2MU00693_20260729_223938_000;0.0;0.6;34.0;Testes;0.68;;;;;
Car381009-2026-Pass1-Z1-2MU00693_20260729_223943_000;0.0;2.4;34.0;Leppun;0.95;;;;;
Car381009-2026-Pass1-Z1-2MU00693_20260729_223943_000;0.0;2.5;31.0;noise;0.09;;;;;
Car381009-2026-Pass1-Z1-2MU00693_20260729_223946_000;0.0;3.8;34.0;Leppun;0.94;;;;;
Car381009-2026-Pass1-Z1-2MU00693_20260729_223946_000;0.0;4.8;33.0;noise;0.19;;;;;
Car381009-2026-Pass1-Z1-2MU00693_20260729_223957_000;0.0;2.6;33.0;noise;0.06;Yposp, Leppun;;;;
Car381009-2026-Pass1-Z1-2MU00693_20260729_223957_000;0.0;2.8;32.0;Testes;0.65;;;;;
Car381009-2026-Pass1-Z1-2MU00693_20260729_224004_000;0.0;1.7;33.0;Yposp;0.06;noise;;;;
Car381009-2026-Pass1-Z1-2MU00693_20260729_224004_000;0.0;2.2;28.0;Antsp;0.21;;;;;
Car381009-2026-Pass1-Z1-2MU00693_20260729_224006_000;0.0;0.9;37.0;Leppun;0.97;;;;;
Car381009-2026-Pass1-Z1-2MU00693_20260729_224006_000;0.0;1.6;33.0;Testes;0.62;;;;;
Car381009-2026-Pass1-Z1-2MU00693_20260729_224009_000;0.0;1.4;40.0;Leppun;0.97;;;;;
Car381009-2026-Pass1-Z1-2MU00693_20260729_224009_000;0.1;0.8;26.0;Cyrscu;0.06;noise, Phogri, Nyclei, Eptser;;;;
Car381009-2026-Pass1-Z1-2MU00693_20260729_224014_000;0.0;5.0;59.0;Myomys;0.97;;;;;
Car381009-2026-Pass1-Z1-2MU00693_20260729_224014_000;1.9;4.9;27.0;noise;0.07;Pippip, Tetvir;;;;
Car381009-2026-Pass1-Z1-2MU00693_20260729_224014_000;3.6;5.0;32.0;Testes;0.78;;;;;
Car381009-2026-Pass1-Z1-2MU00693_20260729_224024_000;0.0;1.0;33.0;Leppun;0.89;;;;;
Car381009-2026-Pass1-Z1-2MU00693_20260729_224024_000;0.2;0.9;25.0;noise;0.07;Phogri;;;;
Car381009-2026-Pass1-Z1-2MU00693_20260729_224024_000;0.0;0.9;31.0;Rhasp;0.47;;;;;
Car381009-2026-Pass1-Z1-2MU00693_20260729_224026_000;0.0;1.7;32.0;Leppun;0.97;;;;;
Car381009-2026-Pass1-Z1-2MU00693_20260729_224031_000;0.0;2.1;35.0;Leppun;0.91;;;;;
Car381009-2026-Pass1-Z1-2MU00693_20260729_224031_000;1.2;1.7;32.0;noise;0.07;;;;;
Car381009-2026-Pass1-Z1-2MU00693_20260729_224034_000;1.6;3.8;28.0;Eptser;0.17;;;;;
Car381009-2026-Pass1-Z1-2MU00693_20260729_224034_000;0.0;2.3;36.0;Leppun;0.97;;;;;
Car381009-2026-Pass1-Z1-2MU00693_20260729_224034_000;0.0;0.9;34.0;Testes;0.82;;;;;
Car381009-2026-Pass1-Z1-2MU00693_20260729_224043_000;0.1;3.2;34.0;Leppun;0.84;;;;;
Car381009-2026-Pass1-Z1-2MU00693_20260729_224043_000;0.0;3.4;34.0;Testes;0.82;;;;;
Car381009-2026-Pass1-Z1-2MU00693_20260729_224052_000;2.0;2.2;34.0;Leppun;0.27;;;;;
Car381009-2026-Pass1-Z1-2MU00693_20260729_224052_000;0.0;1.7;33.0;Testes;0.7;;;;;
Car381009-2026-Pass1-Z1-2MU00693_20260729_224057_000;0.2;3.2;44.0;Antsp;0.06;Yposp, noise, Confus;;;;
Car381009-2026-Pass1-Z1-2MU00693_20260729_224057_000;2.4;3.2;33.0;Leppun;0.29;;;;;
Car381009-2026-Pass1-Z1-2MU00693_20260729_224057_000;0.0;2.8;34.0;Testes;0.61;;;;;
Car381009-2026-Pass1-Z1-2MU00693_20260729_224102_000;0.0;1.7;32.0;Leppun;0.87;;;;;
Car381009-2026-Pass1-Z1-2MU00693_20260729_224102_000;0.2;1.2;32.0;Antsp;0.08;noise;;;;
Car381009-2026-Pass1-Z1-2MU00693_20260729_224105_000;0.0;2.5;26.0;Leppun;0.96;;;;;
Car381009-2026-Pass1-Z1-2MU00693_20260729_224105_000;0.5;2.5;23.0;noise;0.04;Plaint, Phogri, Tetvir, Cyrscu;;;;
Car381009-2026-Pass1-Z1-2MU00693_20260729_224112_000;1.2;1.4;32.0;noise;0.07;;;;;
Car381009-2026-Pass1-Z1-2MU00693_20260729_224112_000;0.0;1.4;34.0;Leppun;0.97;;;;;
Car381009-2026-Pass1-Z1-2MU00693_20260729_224117_000;0.2;2.2;33.0;Roeroe;0.05;noise, Yposp, Rhasp;;;;
Car381009-2026-Pass1-Z1-2MU00693_20260729_224117_000;0.0;2.0;34.0;Leppun;0.97;;;;;
Car381009-2026-Pass1-Z1-2MU00693_20260729_224119_000;0.0;2.9;34.0;Leppun;0.88;;;;;
Car381009-2026-Pass1-Z1-2MU00693_20260729_224119_000;0.0;2.6;33.0;Testes;0.11;Antsp, noise;;;;
Car381009-2026-Pass1-Z1-2MU00693_20260729_224125_000;0.0;0.7;35.0;Yposp;0.05;noise, Confus, Antsp;;;;
Car381009-2026-Pass1-Z1-2MU00693_20260729_224127_000;0.0;2.1;36.0;Leppun;0.98;;;;;
Car381009-2026-Pass1-Z1-2MU00693_20260729_224132_000;0.0;3.1;34.0;noise;0.08;Yposp;;;;
Car381009-2026-Pass1-Z1-2MU00693_20260729_224140_000;0.0;2.0;33.0;Leppun;0.97;;;;;
Car381009-2026-Pass1-Z1-2MU00693_20260729_224140_000;1.2;2.0;30.0;noise;0.06;Tetvir, Phogri;;;;
Car381009-2026-Pass1-Z1-2MU00693_20260729_224140_000;0.9;1.7;27.0;Phogri;0.04;Tetvir, Cyrscu, Antsp;;;;
Car381009-2026-Pass1-Z1-2MU00693_20260729_224142_000;0.0;1.9;31.0;noise;0.08;;;;;
Car381009-2026-Pass1-Z1-2MU00693_20260729_224142_000;0.0;1.9;30.0;Testes;0.15;;;;;
Car381009-2026-Pass1-Z1-2MU00693_20260729_224145_000;0.0;0.1;42.0;Leppun;0.97;;;;;
Car381009-2026-Pass1-Z1-2MU00693_20260729_224145_000;0.2;1.0;19.0;noise;0.15;;;;;
Car381009-2026-Pass1-Z1-2MU00693_20260729_224149_000;0.6;1.9;33.0;Yposp;0.09;;;;;
Car381009-2026-Pass1-Z1-2MU00693_20260729_224149_000;0.0;1.7;38.0;Leppun;0.56;;;;;
Car381009-2026-Pass1-Z1-2MU00693_20260729_224149_000;0.3;2.4;24.0;noise;0.18;;;;;
Car381009-2026-Pass1-Z1-2MU00693_20260729_224156_000;0.5;1.6;35.0;noise;0.04;Antsp, Tetvir, Pippip, Pipkuh, Phogri, Metbra;;;;
Car381009-2026-Pass1-Z1-2MU00693_20260729_224156_000;0.0;1.8;34.0;Testes;0.13;Antsp, noise;;;;
Car381009-2026-Pass1-Z1-2MU00693_20260729_224209_000;0.0;2.9;33.0;Leppun;0.98;;;;;
Car381009-2026-Pass1-Z1-2MU00693_20260729_224209_000;0.5;2.5;22.0;noise;0.23;;;;;
Car381009-2026-Pass1-Z1-2MU00693_20260729_224209_000;2.6;2.9;39.0;Testes;0.79;;;;;
Car381009-2026-Pass1-Z1-2MU00693_20260729_224212_000;0.0;0.6;27.0;noise;0.11;;;;;
Car381009-2026-Pass1-Z1-2MU00693_20260729_224212_000;0.0;1.3;34.0;Testes;0.51;;;;;
Car381009-2026-Pass1-Z1-2MU00693_20260729_224215_000;0.0;2.8;35.0;Leppun;0.97;;;;;
Car381009-2026-Pass1-Z1-2MU00693_20260729_224215_000;0.1;3.8;16.0;noise;0.51;;;;;
Car381009-2026-Pass1-Z1-2MU00693_20260729_224215_000;2.2;3.5;20.0;Tetvir;0.02;Rusnit, Phogri, Nyclei, Yposp, Yerray, Yerbey, Vesmur, Urosp, Tyllil, Thycor, Tetpyg, Tetarg, Testes, Tadten, Sepsep, Roeroe, Rhihip, Rhifer, Rhieur, Rhasp, Ratnor, Plemac, Pleaus, Pleaur, Plasab, Plaint, Plafal, Plaalb, Plaaff, Pippyg, Pippip, Pipnat, Pipkuh, piaf, Phofem, Phanan, Phafal, Nycnoc, Nyclas, Myonat, Myomys, MyoGT, Myoema, Myodau, Myogla, Myocap, Myobec, Myoalc, Mussp, Minsch, Mimasp, Micagr, Metbra, mamm, Lepbos, Lepalb, Lamsp., Isopyr, Inssp8, Inssp7, Inssp5, Insp12, Insp11, Insp10, Hypsav, gril, Eupsp, Eptser, Eptnil, Epheph, Decalb, Cyrscu, Cympud, criq, Confus, Tetarg, Barfis, Barbar, Antsp, amph;;;;
Car381009-2026-Pass1-Z1-2MU00693_20260729_224224_000;0.2;3.7;31.0;Leppun;0.97;;;;;
Car381009-2026-Pass1-Z1-2MU00693_20260729_224224_000;0.0;4.8;48.0;Pippip;0.99;;;;;
Car381009-2026-Pass1-Z1-2MU00693_20260729_224224_000;0.2;4.2;26.0;noise;0.06;Isopyr;;;;
Car381009-2026-Pass1-Z1-2MU00693_20260729_224239_000;0.0;1.5;32.0;Leppun;0.97;;;;;
Car381009-2026-Pass1-Z1-2MU00693_20260729_224239_000;0.0;1.9;19.0;noise;0.3;;;;;
Car381009-2026-Pass1-Z1-2MU00693_20260729_224245_000;0.0;5.0;36.0;Leppun;0.18;;;;;
Car381009-2026-Pass1-Z1-2MU00693_20260729_224245_000;0.0;4.8;34.0;noise;0.22;;;;;
Car381009-2026-Pass1-Z1-2MU00693_20260729_224245_000;1.4;4.8;39.0;Pipnat;0.78;;;;;
Car381009-2026-Pass1-Z1-2MU00693_20260729_224245_000;0.0;5.0;36.0;Testes;0.48;;;;;
Car381009-2026-Pass1-Z1-2MU00693_20260729_224256_000;0.0;1.3;38.0;Yposp;0.04;Confus, Tetvir, Phogri, Leppun;;;;
Car381009-2026-Pass1-Z1-2MU00693_20260729_224256_000;1.5;2.9;26.0;noise;0.19;;;;;
Car381009-2026-Pass1-Z1-2MU00693_20260729_224256_000;0.0;1.5;36.0;Testes;0.79;;;;;
Car381009-2026-Pass1-Z1-2MU00693_20260729_224303_000;0.0;1.7;32.0;Leppun;0.98;;;;;
Car381009-2026-Pass1-Z1-2MU00693_20260729_224308_000;0.9;1.1;37.0;Leppun;0.13;;;;;
Car381009-2026-Pass1-Z1-2MU00693_20260729_224308_000;0.0;1.8;16.0;Phogri;0.2;;;;;
Car381009-2026-Pass1-Z1-2MU00693_20260729_224308_000;0.0;1.8;35.0;Testes;0.61;;;;;
Car381009-2026-Pass1-Z1-2MU00693_20260729_224315_000;0.0;2.0;35.0;Leppun;0.26;;;;;
Car381009-2026-Pass1-Z1-2MU00693_20260729_224315_000;0.5;2.1;29.0;noise;0.11;;;;;
Car381009-2026-Pass1-Z1-2MU00693_20260729_224315_000;0.4;2.1;20.0;Phanan;0.08;Phogri;;;;
Car381009-2026-Pass1-Z1-2MU00693_20260729_224319_000;0.0;2.9;26.0;noise;0.23;;;;;
Car381009-2026-Pass1-Z1-2MU00693_20260729_224319_000;0.0;2.9;34.0;Pipkuh;0.11;;;;;
Car381009-2026-Pass1-Z1-2MU00693_20260729_224323_000;0.0;1.8;37.0;Leppun;0.53;;;;;
Car381009-2026-Pass1-Z1-2MU00693_20260729_224323_000;0.0;1.5;28.0;noise;0.14;;;;;
Car381009-2026-Pass1-Z1-2MU00693_20260729_224323_000;0.0;1.5;34.0;Testes;0.69;;;;;
Car381009-2026-Pass1-Z1-2MU00693_20260729_224328_000;0.0;1.5;42.0;Leppun;0.97;;;;;
Car381009-2026-Pass1-Z1-2MU00693_20260729_224328_000;0.3;0.9;10.0;noise;0.5;;;;;
Car381009-2026-Pass1-Z1-2MU00693_20260729_224340_000;0.0;3.4;39.0;Leppun;0.83;;;;;
Car381009-2026-Pass1-Z1-2MU00693_20260729_224340_000;0.1;3.2;32.0;noise;0.14;;;;;
Car381009-2026-Pass1-Z1-2MU00693_20260729_224340_000;0.0;3.4;34.0;Testes;0.84;;;;;
Car381009-2026-Pass1-Z1-2MU00693_20260729_224345_000;0.9;2.8;34.0;Phogri;0.42;;;;;
Car381009-2026-Pass1-Z1-2MU00693_20260729_224345_000;0.0;4.4;36.0;Testes;0.91;;;;;
Car381009-2026-Pass1-Z1-2MU00693_20260729_224355_000;0.0;0.3;29.0;Leppun;0.99;;;;;
Car381009-2026-Pass1-Z1-2MU00693_20260729_224355_000;0.2;0.3;22.0;noise;0.08;;;;;
Car381009-2026-Pass1-Z1-2MU00693_20260729_224403_000;0.0;1.3;35.0;Leppun;0.98;;;;;
Car381009-2026-Pass1-Z1-2MU00693_20260729_224408_000;1.5;1.7;24.0;Phogri;0.69;;;;;
Car381009-2026-Pass1-Z1-2MU00693_20260729_224408_000;0.0;1.6;34.0;Testes;0.8;;;;;
Car381009-2026-Pass1-Z1-2MU00693_20260729_224410_000;0.0;1.9;30.0;Leppun;0.96;;;;;
Car381009-2026-Pass1-Z1-2MU00693_20260729_224410_000;0.4;1.3;25.0;noise;0.17;;;;;
Car381009-2026-Pass1-Z1-2MU00693_20260729_224413_000;0.0;3.1;40.0;Leppun;0.97;;;;;
Car381009-2026-Pass1-Z1-2MU00693_20260729_224413_000;1.0;3.1;26.0;noise;0.27;;;;;
Car381009-2026-Pass1-Z1-2MU00693_20260729_224417_000;0.0;2.0;28.0;Leppun;0.98;;;;;
Car381009-2026-Pass1-Z1-2MU00693_20260729_224417_000;1.3;1.4;26.0;noise;0.14;;;;;
Car381009-2026-Pass1-Z1-2MU00693_20260729_224421_000;0.6;2.4;40.0;Leppun;0.15;;;;;
Car381009-2026-Pass1-Z1-2MU00693_20260729_224421_000;0.0;1.6;35.0;Testes;0.62;;;;;
Car381009-2026-Pass1-Z1-2MU00693_20260729_224421_000;0.2;0.6;35.0;Tetvir;0.64;;;;;
Car381009-2026-Pass1-Z1-2MU00693_20260729_224428_000;0.0;2.1;40.0;Leppun;0.95;;;;;
Car381009-2026-Pass1-Z1-2MU00693_20260729_224428_000;0.0;2.6;33.0;Testes;0.5;;;;;
Car381009-2026-Pass1-Z1-2MU00693_20260729_224432_000;0.4;0.8;28.0;noise;0.13;;;;;
Car381009-2026-Pass1-Z1-2MU00693_20260729_224432_000;0.0;1.6;33.0;Testes;0.84;;;;;
Car381009-2026-Pass1-Z1-2MU00693_20260729_224435_000;0.8;2.4;37.0;Yposp;0.03;Tetvir, Rhasp, Phogri, Confus, Antsp;;;;
Car381009-2026-Pass1-Z1-2MU00693_20260729_224435_000;0.0;2.4;40.0;Leppun;0.87;;;;;
Car381009-2026-Pass1-Z1-2MU00693_20260729_224435_000;0.8;4.1;34.0;noise;0.15;;;;;
Car381009-2026-Pass1-Z1-2MU00693_20260729_224439_000;0.0;1.4;36.0;noise;0.04;Yposp, Tetvir, Phogri, Leppun;;;;
Car381009-2026-Pass1-Z1-2MU00693_20260729_224439_000;0.0;1.4;34.0;Testes;0.73;;;;;
Car381009-2026-Pass1-Z1-2MU00693_20260729_224446_000;0.0;2.1;32.0;Leppun;0.95;;;;;
Car381009-2026-Pass1-Z1-2MU00693_20260729_224446_000;0.8;2.1;30.0;Testes;0.33;;;;;
Car381009-2026-Pass1-Z1-2MU00693_20260729_224451_000;0.0;1.8;38.0;Leppun;0.98;;;;;
Car381009-2026-Pass1-Z1-2MU00693_20260729_224451_000;1.7;1.8;24.0;Phogri;0.79;;;;;
Car381009-2026-Pass1-Z1-2MU00693_20260729_224508_000;0.1;1.3;50.0;Yposp;0.03;Tetvir, Pippip, Phogri, Confus;;;;
Car381009-2026-Pass1-Z1-2MU00693_20260729_224508_000;0.8;2.6;26.0;noise;0.21;;;;;
Car381009-2026-Pass1-Z1-2MU00693_20260729_224508_000;0.0;1.4;35.0;Testes;0.86;;;;;
Car381009-2026-Pass1-Z1-2MU00693_20260729_224513_000;0.0;0.9;31.0;Leppun;0.97;;;;;
Car381009-2026-Pass1-Z1-2MU00693_20260729_224513_000;0.7;1.9;26.0;noise;0.08;;;;;
Car381009-2026-Pass1-Z1-2MU00693_20260729_224516_000;0.0;0.1;34.0;Leppun;0.66;;;;;
Car381009-2026-Pass1-Z1-2MU00693_20260729_224516_000;0.1;1.7;31.0;Testes;0.78;;;;;
Car381009-2026-Pass1-Z1-2MU00693_20260729_224526_000;0.0;1.3;28.0;noise;0.14;;;;;
Car381009-2026-Pass1-Z1-2MU00693_20260729_224529_000;0.0;1.4;35.0;noise;0.08;Yposp;;;;
Car381009-2026-Pass1-Z1-2MU00693_20260729_224529_000;1.2;1.3;10.0;Tetvir;0.47;;;;;
Car381009-2026-Pass1-Z1-2MU00693_20260729_224535_000;0.1;1.3;26.0;noise;0.1;;;;;
Car381009-2026-Pass1-Z1-2MU00693_20260729_224535_000;0.0;1.0;37.0;Testes;0.08;Antsp;;;;
Car381009-2026-Pass1-Z1-2MU00693_20260729_224540_000;0.0;2.4;34.0;Leppun;0.97;;;;;
Car381009-2026-Pass1-Z1-2MU00693_20260729_224540_000;0.0;3.8;24.0;noise;0.21;;;;;
Car381009-2026-Pass1-Z1-2MU00693_20260729_224547_000;0.0;3.0;34.0;Leppun;0.38;;;;;
Car381009-2026-Pass1-Z1-2MU00693_20260729_224547_000;0.1;3.0;27.0;noise;0.11;Phogri;;;;
Car381009-2026-Pass1-Z1-2MU00693_20260729_224552_000;0.0;2.0;37.0;Leppun;0.88;;;;;
Car381009-2026-Pass1-Z1-2MU00693_20260729_224552_000;0.1;2.0;27.0;noise;0.11;;;;;
Car381009-2026-Pass1-Z1-2MU00693_20260729_224552_000;0.6;2.1;39.0;Testes;0.61;;;;;
Car381009-2026-Pass1-Z1-2MU00693_20260729_224559_000;0.0;1.9;32.0;Leppun;0.26;;;;;
Car381009-2026-Pass1-Z1-2MU00693_20260729_224559_000;1.2;2.0;16.0;Phanan;0.2;noise;;;;
Car381009-2026-Pass1-Z1-2MU00693_20260729_224608_000;0.0;1.8;30.0;Phogri;0.45;;;;;
Car381009-2026-Pass1-Z1-2MU00693_20260729_224614_000;0.0;2.0;30.0;Phogri;0.65;;;;;
Car381009-2026-Pass1-Z1-2MU00693_20260729_224616_000;0.0;1.9;36.0;Leppun;0.08;noise, Phogri;;;;
Car381009-2026-Pass1-Z1-2MU00693_20260729_224616_000;0.0;1.2;41.0;Myonat;0.11;noise;;;;
Car381009-2026-Pass1-Z1-2MU00693_20260729_224616_000;0.0;1.4;40.0;Testes;0.69;;;;;
Car381009-2026-Pass1-Z1-2MU00693_20260729_224623_000;1.0;2.5;27.0;Phogri;0.51;;;;;
Car381009-2026-Pass1-Z1-2MU00693_20260729_224623_000;0.0;1.5;36.0;Testes;0.53;;;;;
Car381009-2026-Pass1-Z1-2MU00693_20260729_224628_000;0.2;0.9;32.0;noise;0.05;Leppun;;;;
Car381009-2026-Pass1-Z1-2MU00693_20260729_224628_000;0.0;0.2;31.0;Phogri;0.03;Tetvir, Rhasp;;;;
Car381009-2026-Pass1-Z1-2MU00693_20260729_224639_000;0.0;1.7;26.0;noise;0.63;;;;;
Car381009-2026-Pass1-Z1-2MU00693_20260729_224642_000;0.9;1.7;26.0;noise;0.3;;;;;
Car381009-2026-Pass1-Z1-2MU00693_20260729_224648_000;0.0;1.6;37.0;Leppun;0.99;;;;;
Car381009-2026-Pass1-Z1-2MU00693_20260729_224648_000;0.9;1.3;22.0;Phogri;0.69;;;;;
Car381009-2026-Pass1-Z1-2MU00693_20260729_224653_000;0.1;1.1;33.0;Leppun;0.23;;;;;
Car381009-2026-Pass1-Z1-2MU00693_20260729_224653_000;0.0;2.0;36.0;Testes;0.46;Antsp;;;;
Car381009-2026-Pass1-Z1-2MU00693_20260729_224700_000;0.0;2.1;36.0;Leppun;0.98;;;;;
Car381009-2026-Pass1-Z1-2MU00693_20260729_224700_000;1.1;1.8;28.0;noise;0.2;;;;;
Car381009-2026-Pass1-Z1-2MU00693_20260729_224700_000;1.5;2.1;32.0;Testes;0.68;;;;;
Car381009-2026-Pass1-Z1-2MU00693_20260729_224703_000;0.0;2.2;34.0;noise;0.19;;;;;
Car381009-2026-Pass1-Z1-2MU00693_20260729_224703_000;0.3;2.1;59.0;Pippip;0.84;;;;;
Car381009-2026-Pass1-Z1-2MU00693_20260729_224706_000;0.0;1.9;33.0;Leppun;0.92;;;;;
Car381009-2026-Pass1-Z1-2MU00693_20260729_224706_000;0.1;1.8;46.0;Pippip;0.99;;;;;
Car381009-2026-Pass1-Z1-2MU00693_20260729_224708_000;0.7;3.4;39.0;Leppun;0.87;;;;;
Car381009-2026-Pass1-Z1-2MU00693_20260729_224708_000;0.0;3.3;27.0;noise;0.13;;;;;
Car381009-2026-Pass1-Z1-2MU00693_20260729_224708_000;0.9;3.6;22.0;Tetvir;0.62;;;;;
Car381009-2026-Pass1-Z1-2MU00693_20260729_224712_000;0.0;4.5;42.0;Leppun;0.7;;;;;
Car381009-2026-Pass1-Z1-2MU00693_20260729_224712_000;0.0;5.0;24.0;Phogri;0.75;;;;;
Car381009-2026-Pass1-Z1-2MU00693_20260729_224712_000;0.0;4.9;36.0;Testes;0.78;;;;;
Car381009-2026-Pass1-Z1-2MU00693_20260729_224720_000;0.0;2.7;37.0;Leppun;0.84;;;;;
Car381009-2026-Pass1-Z1-2MU00693_20260729_224720_000;0.3;3.3;26.0;Phogri;0.82;;;;;
Car381009-2026-Pass1-Z1-2MU00693_20260729_224720_000;1.3;2.7;33.0;Testes;0.73;;;;;
Car381009-2026-Pass1-Z1-2MU00693_20260729_224725_000;0.0;2.1;34.0;Leppun;0.85;;;;;
Car381009-2026-Pass1-Z1-2MU00693_20260729_224725_000;0.5;1.9;27.0;Phogri;0.87;;;;;
Car381009-2026-Pass1-Z1-2MU00693_20260729_224727_000;0.0;4.0;37.0;Leppun;0.94;;;;;
Car381009-2026-Pass1-Z1-2MU00693_20260729_224727_000;0.0;3.5;26.0;Phogri;0.34;;;;;
Car381009-2026-Pass1-Z1-2MU00693_20260729_224727_000;0.0;4.1;34.0;Testes;0.13;noise;;;;
Car381009-2026-Pass1-Z1-2MU00693_20260729_224732_000;0.0;0.4;36.0;noise;0.08;Yposp;;;;
Car381009-2026-Pass1-Z1-2MU00693_20260729_224732_000;0.2;3.7;26.0;Phogri;0.89;;;;;
Car381009-2026-Pass1-Z1-2MU00693_20260729_224740_000;0.0;5.0;26.0;noise;0.11;Phogri;;;;
Car381009-2026-Pass1-Z1-2MU00693_20260729_224740_000;1.1;5.0;36.0;Testes;0.84;;;;;
Car381009-2026-Pass1-Z1-2MU00693_20260729_224752_000;0.0;1.0;34.0;Leppun;0.92;;;;;
Car381009-2026-Pass1-Z1-2MU00693_20260729_224752_000;0.0;2.5;36.0;Testes;0.27;;;;;
Car381009-2026-Pass1-Z1-2MU00693_20260729_224800_000;0.0;1.4;36.0;Leppun;0.98;;;;;
Car381009-2026-Pass1-Z1-2MU00693_20260729_224800_000;1.3;1.4;24.0;Phogri;0.82;;;;;
Car381009-2026-Pass1-Z1-2MU00693_20260729_224808_000;0.0;1.7;32.0;Leppun;0.95;;;;;
Car381009-2026-Pass1-Z1-2MU00693_20260729_224808_000;0.2;1.6;27.0;Phogri;0.24;;;;;
Car381009-2026-Pass1-Z1-2MU00693_20260729_224812_000;0.0;3.6;30.0;Leppun;0.97;;;;;
Car381009-2026-Pass1-Z1-2MU00693_20260729_224812_000;0.0;3.7;27.0;Phogri;0.77;;;;;
Car381009-2026-Pass1-Z1-2MU00693_20260729_224818_000;0.0;1.5;35.0;Leppun;0.96;;;;;
Car381009-2026-Pass1-Z1-2MU00693_20260729_224818_000;0.0;1.5;29.0;Phogri;0.86;;;;;
Car381009-2026-Pass1-Z1-2MU00693_20260729_224818_000;0.0;2.0;48.0;Pippip;0.99;;;;;
Car381009-2026-Pass1-Z1-2MU00693_20260729_224822_000;0.0;1.4;32.0;Leppun;0.84;;;;;
Car381009-2026-Pass1-Z1-2MU00693_20260729_224822_000;1.1;1.2;47.0;Pippip;0.92;;;;;
Car381009-2026-Pass1-Z1-2MU00693_20260729_224824_000;0.0;3.3;36.0;Leppun;0.85;;;;;
Car381009-2026-Pass1-Z1-2MU00693_20260729_224824_000;0.0;3.0;35.0;noise;0.08;Testes;;;;
Car381009-2026-Pass1-Z1-2MU00693_20260729_224830_000;0.0;1.5;46.0;Confus;0.05;Yposp;;;;
Car381009-2026-Pass1-Z1-2MU00693_20260729_224830_000;1.4;2.2;23.0;noise;0.14;;;;;
Car381009-2026-Pass1-Z1-2MU00693_20260729_224830_000;0.0;1.9;35.0;Testes;0.6;;;;;
Car381009-2026-Pass1-Z1-2MU00693_20260729_224836_000;0.0;1.4;36.0;noise;0.37;;;;;
Car381009-2026-Pass1-Z1-2MU00693_20260729_224836_000;0.9;1.0;32.0;Phogri;0.36;;;;;
Car381009-2026-Pass1-Z1-2MU00693_20260729_224838_000;0.0;2.0;34.0;noise;0.05;Phogri, Leppun, Tetvir;;;;
Car381009-2026-Pass1-Z1-2MU00693_20260729_224838_000;1.0;2.0;22.0;Phogri;0.03;Tetvir, Plaint, Metbra;;;;
Car381009-2026-Pass1-Z1-2MU00693_20260729_224843_000;0.0;2.0;34.0;Leppun;0.96;;;;;
Car381009-2026-Pass1-Z1-2MU00693_20260729_224843_000;0.2;2.0;30.0;Phogri;0.49;;;;;
Car381009-2026-Pass1-Z1-2MU00693_20260729_224855_000;0.0;1.8;35.0;Leppun;0.65;;;;;
Car381009-2026-Pass1-Z1-2MU00693_20260729_224855_000;0.5;1.9;30.0;Phogri;0.2;;;;;
Car381009-2026-Pass1-Z1-2MU00693_20260729_224904_000;0.0;1.7;35.0;Leppun;0.97;;;;;
Car381009-2026-Pass1-Z1-2MU00693_20260729_224904_000;0.4;1.7;30.0;Barfis;0.07;noise;;;;
Car381009-2026-Pass1-Z1-2MU00693_20260729_224908_000;0.0;1.7;34.0;Leppun;0.96;;;;;
Car381009-2026-Pass1-Z1-2MU00693_20260729_224908_000;0.3;1.7;29.0;Phogri;0.45;;;;;
Car381009-2026-Pass1-Z1-2MU00693_20260729_224914_000;0.0;1.6;33.0;Leppun;0.96;;;;;
Car381009-2026-Pass1-Z1-2MU00693_20260729_224914_000;0.5;1.7;29.0;Phogri;0.03;Metbra, Tetvir;;;;
Car381009-2026-Pass1-Z1-2MU00693_20260729_224914_000;0.2;1.3;16.0;noise;0.1;Phanan;;;;
Car381009-2026-Pass1-Z1-2MU00693_20260729_224921_000;0.0;2.5;30.0;Leppun;0.9;;;;;
Car381009-2026-Pass1-Z1-2MU00693_20260729_224921_000;1.0;2.5;30.0;Phogri;0.61;;;;;
Car381009-2026-Pass1-Z1-2MU00693_20260729_224921_000;0.1;0.2;10.0;Tetvir;0.8;;;;;
Car381009-2026-Pass1-Z1-2MU00693_20260729_224925_000;0.0;2.0;32.0;Leppun;0.97;;;;;
Car381009-2026-Pass1-Z1-2MU00693_20260729_224930_000;0.0;1.8;33.0;Leppun;0.98;;;;;
Car381009-2026-Pass1-Z1-2MU00693_20260729_224930_000;0.9;1.8;30.0;Phogri;0.43;;;;;
Car381009-2026-Pass1-Z1-2MU00693_20260729_224935_000;0.5;1.8;56.0;noise;0.06;Confus;;;;
Car381009-2026-Pass1-Z1-2MU00693_20260729_224935_000;0.0;3.0;32.0;Leppun;0.89;;;;;
Car381009-2026-Pass1-Z1-2MU00693_20260729_224935_000;0.1;2.4;14.0;Tetvir;0.02;Pippip, Phogri, Phanan, Yposp, Yerray, Yerbey, Vesmur, Urosp, Tyllil, Thycor, Tetpyg, Tetarg, Tadten, Sepsep, Rusnit, Roeroe, Rhihip, Rhifer, Rhieur, Rhasp, Ratnor, Plemac, Pleaus, Pleaur, Plasab, Plaint, Plafal, Plaalb, Plaaff, Pippyg, Pipnat, Pipkuh, piaf, Phofem, Phafal, Nycnoc, Nyclei, Nyclas, Myonat, Myomys, MyoGT, Myoema, Myodau, Myogla, Myocap, Myobec, Myoalc, Mussp, Minsch, Mimasp, Micagr, Metbra, mamm, Lepbos, Lepalb, Lamsp., Isopyr, Inssp8, Inssp7, Inssp5, Insp12, Insp11, Insp10, Hypsav, gril, Eupsp, Eptser, Eptnil, Epheph, Decalb, Cyrscu, Cympud, criq, Confus, Tetarg, Barfis, Barbar, Antsp, amph;;;;
Car381009-2026-Pass1-Z1-2MU00693_20260729_224935_000;0.2;2.1;33.0;Testes;0.74;;;;;
Car381009-2026-Pass1-Z1-2MU00693_20260729_224941_000;0.0;2.0;34.0;Leppun;0.99;;;;;
Car381009-2026-Pass1-Z1-2MU00693_20260729_224941_000;0.3;1.6;14.0;Phogri;0.82;;;;;
Car381009-2026-Pass1-Z1-2MU00693_20260729_224945_000;0.0;1.1;35.0;noise;0.09;Confus;;;;
Car381009-2026-Pass1-Z1-2MU00693_20260729_224945_000;0.0;3.8;34.0;Leppun;0.93;;;;;
Car381009-2026-Pass1-Z1-2MU00693_20260729_224945_000;1.5;2.5;14.0;noise;0.05;Phogri;;;;
Car381009-2026-Pass1-Z1-2MU00693_20260729_224951_000;0.0;0.8;30.0;Leppun;0.94;;;;;
Car381009-2026-Pass1-Z1-2MU00693_20260729_224951_000;0.6;1.9;14.0;noise;0.05;Phogri;;;;
Car381009-2026-Pass1-Z1-2MU00693_20260729_224951_000;0.2;1.9;14.0;Tetvir;0.5;;;;;
Car381009-2026-Pass1-Z1-2MU00693_20260729_224958_000;0.5;1.9;24.0;noise;0.11;;;;;
Car381009-2026-Pass1-Z1-2MU00693_20260729_224958_000;0.2;2.1;26.0;Phogri;0.68;;;;;
Car381009-2026-Pass1-Z1-2MU00693_20260729_224958_000;0.0;0.8;38.0;Testes;0.83;;;;;
Car381009-2026-Pass1-Z1-2MU00693_20260729_225001_000;0.0;4.7;39.0;Leppun;0.97;;;;;
Car381009-2026-Pass1-Z1-2MU00693_20260729_225001_000;0.8;2.8;21.0;noise;0.12;;;;;
Car381009-2026-Pass1-Z1-2MU00693_20260729_225001_000;0.7;3.8;18.0;Phanan;0.09;;;;;
Car381009-2026-Pass1-Z1-2MU00693_20260729_225008_000;0.3;0.5;28.0;Eptser;0.13;;;;;
Car381009-2026-Pass1-Z1-2MU00693_20260729_225008_000;0.0;1.7;34.0;Leppun;0.98;;;;;
Car381009-2026-Pass1-Z1-2MU00693_20260729_225013_000;0.0;2.1;31.0;Yposp;0.06;noise, Confus;;;;
Car381009-2026-Pass1-Z1-2MU00693_20260729_225016_000;0.0;1.8;28.0;Leppun;0.97;;;;;
Car381009-2026-Pass1-Z1-2MU00693_20260729_225016_000;0.2;1.4;19.0;noise;0.05;Phogri, Tetvir;;;;
Car381009-2026-Pass1-Z1-2MU00693_20260729_225020_000;0.0;1.9;34.0;Leppun;0.98;;;;;
Car381009-2026-Pass1-Z1-2MU00693_20260729_225020_000;1.8;2.1;51.0;Pippip;0.08;;;;;
Car381009-2026-Pass1-Z1-2MU00693_20260729_225023_000;0.0;4.5;35.0;Leppun;0.84;;;;;
Car381009-2026-Pass1-Z1-2MU00693_20260729_225023_000;0.0;4.0;27.0;Phogri;0.66;;;;;
Car381009-2026-Pass1-Z1-2MU00693_20260729_225023_000;0.1;5.0;51.0;Pippip;0.89;;;;;
Car381009-2026-Pass1-Z1-2MU00693_20260729_225029_000;0.0;1.9;34.0;Leppun;0.97;;;;;
Car381009-2026-Pass1-Z1-2MU00693_20260729_225029_000;0.4;1.9;30.0;Tetvir;0.03;Phogri, Metbra;;;;
Car381009-2026-Pass1-Z1-2MU00693_20260729_225029_000;0.4;1.9;16.0;noise;0.13;;;;;
Car381009-2026-Pass1-Z1-2MU00693_20260729_225033_000;0.0;4.5;37.0;Leppun;0.98;;;;;
Car381009-2026-Pass1-Z1-2MU00693_20260729_225033_000;0.4;3.6;26.0;Phogri;0.11;noise;;;;
Car381009-2026-Pass1-Z1-2MU00693_20260729_225033_000;0.1;3.6;26.0;Tetvir;0.54;;;;;
Car381009-2026-Pass1-Z1-2MU00693_20260729_225038_000;0.0;1.5;36.0;Leppun;0.97;;;;;
Car381009-2026-Pass1-Z1-2MU00693_20260729_225038_000;1.6;1.7;8.0;noise;0.47;;;;;
Car381009-2026-Pass1-Z1-2MU00693_20260729_225041_000;0.0;1.9;30.0;Leppun;0.97;;;;;
Car381009-2026-Pass1-Z1-2MU00693_20260729_225041_000;0.6;1.9;25.0;Phogri;0.6;;;;;
Car381009-2026-Pass1-Z1-2MU00693_20260729_225044_000;0.0;1.9;38.0;Leppun;0.99;;;;;
Car381009-2026-Pass1-Z1-2MU00693_20260729_225044_000;0.2;0.6;28.0;Phogri;0.4;;;;;
Car381009-2026-Pass1-Z1-2MU00693_20260729_225046_000;0.0;2.1;40.0;Leppun;0.23;;;;;
Car381009-2026-Pass1-Z1-2MU00693_20260729_225046_000;0.0;2.5;37.0;Testes;0.35;;;;;
Car381009-2026-Pass1-Z1-2MU00693_20260729_225050_000;0.0;1.6;32.0;Leppun;0.98;;;;;
Car381009-2026-Pass1-Z1-2MU00693_20260729_225050_000;0.3;2.1;29.0;Phogri;0.05;noise;;;;
Car381009-2026-Pass1-Z1-2MU00693_20260729_225056_000;1.2;3.1;24.0;noise;0.07;Leppun;;;;
Car381009-2026-Pass1-Z1-2MU00693_20260729_225056_000;0.1;1.8;45.0;Pippip;0.98;;;;;
Car381009-2026-Pass1-Z1-2MU00693_20260729_225056_000;0.1;3.0;34.0;Testes;0.4;;;;;
Car381009-2026-Pass1-Z1-2MU00693_20260729_225102_000;0.1;2.0;28.0;noise;0.05;Yposp;;;;
Car381009-2026-Pass1-Z1-2MU00693_20260729_225102_000;0.0;1.0;34.0;Leppun;0.45;;;;;
Car381009-2026-Pass1-Z1-2MU00693_20260729_225107_000;0.0;3.0;30.0;Leppun;0.96;;;;;
Car381009-2026-Pass1-Z1-2MU00693_20260729_225107_000;0.4;3.3;25.0;Phogri;0.58;;;;;
Car381009-2026-Pass1-Z1-2MU00693_20260729_225112_000;0.0;1.1;34.0;Leppun;0.97;;;;;
Car381009-2026-Pass1-Z1-2MU00693_20260729_225112_000;0.0;2.0;22.0;Phogri;0.62;;;;;
Car381009-2026-Pass1-Z1-2MU00693_20260729_225119_000;0.0;3.5;32.0;Leppun;0.65;;;;;
Car381009-2026-Pass1-Z1-2MU00693_20260729_225119_000;0.1;3.7;28.0;noise;0.08;Phogri;;;;
Car381009-2026-Pass1-Z1-2MU00693_20260729_225123_000;0.4;1.9;43.0;noise;0.08;Phogri;;;;
Car381009-2026-Pass1-Z1-2MU00693_20260729_225123_000;0.0;1.5;36.0;Testes;0.76;;;;;
Car381009-2026-Pass1-Z1-2MU00693_20260729_225129_000;0.0;1.9;28.0;Leppun;0.98;;;;;
Car381009-2026-Pass1-Z1-2MU00693_20260729_225129_000;0.3;1.4;24.0;Phogri;0.11;noise;;;;
Car381009-2026-Pass1-Z1-2MU00693_20260729_225134_000;0.0;1.7;43.0;Leppun;0.97;;;;;
Car381009-2026-Pass1-Z1-2MU00693_20260729_225134_000;0.9;2.0;25.0;noise;0.08;Phogri;;;;
Car381009-2026-Pass1-Z1-2MU00693_20260729_225138_000;0.0;1.9;32.0;Leppun;0.99;;;;;
Car381009-2026-Pass1-Z1-2MU00693_20260729_225138_000;0.2;1.9;25.0;noise;0.05;Phogri;;;;
Car381009-2026-Pass1-Z1-2MU00693_20260729_225141_000;0.0;3.6;42.0;Leppun;0.95;;;;;
Car381009-2026-Pass1-Z1-2MU00693_20260729_225141_000;0.8;4.1;26.0;Phogri;0.72;;;;;
Car381009-2026-Pass1-Z1-2MU00693_20260729_225141_000;1.8;4.0;14.0;Tetvir;0.71;;;;;
Car381009-2026-Pass1-Z1-2MU00693_20260729_225146_000;0.0;1.9;38.0;Leppun;0.98;;;;;
Car381009-2026-Pass1-Z1-2MU00693_20260729_225146_000;0.3;1.3;18.0;noise;0.26;;;;;
Car381009-2026-Pass1-Z1-2MU00693_20260729_225150_000;0.0;1.9;41.0;Leppun;0.98;;;;;
Car381009-2026-Pass1-Z1-2MU00693_20260729_225150_000;0.0;1.7;26.0;Phogri;0.89;;;;;
Car381009-2026-Pass1-Z1-2MU00693_20260729_225154_000;0.0;1.7;31.0;Leppun;0.99;;;;;
Car381009-2026-Pass1-Z1-2MU00693_20260729_225154_000;0.2;1.5;27.0;Phogri;0.68;;;;;
Car381009-2026-Pass1-Z1-2MU00693_20260729_225158_000;0.0;2.1;36.0;Yposp;0.04;Leppun, Confus, Antsp, Tetvir, Testes, Phogri, Metbra;;;;
Car381009-2026-Pass1-Z1-2MU00693_20260729_225158_000;0.5;3.0;27.0;noise;0.14;;;;;
Car381009-2026-Pass1-Z1-2MU00693_20260729_225202_000;0.0;1.7;28.0;Leppun;0.98;;;;;
Car381009-2026-Pass1-Z1-2MU00693_20260729_225202_000;1.3;1.7;19.0;noise;0.55;;;;;
Car381009-2026-Pass1-Z1-2MU00693_20260729_225207_000;0.0;1.1;38.0;Leppun;0.98;;;;;
Car381009-2026-Pass1-Z1-2MU00693_20260729_225207_000;0.1;1.1;20.0;Phogri;0.16;noise;;;;
Car381009-2026-Pass1-Z1-2MU00693_20260729_225207_000;0.6;2.0;52.0;Pippip;0.97;;;;;
Car381009-2026-Pass1-Z1-2MU00693_20260729_225212_000;0.0;2.1;38.0;Leppun;0.92;;;;;
Car381009-2026-Pass1-Z1-2MU00693_20260729_225212_000;1.3;2.1;34.0;Testes;0.31;;;;;
Car381009-2026-Pass1-Z1-2MU00693_20260729_225215_000;0.0;3.0;35.0;Leppun;0.42;;;;;
Car381009-2026-Pass1-Z1-2MU00693_20260729_225215_000;0.1;0.8;51.0;Pippip;0.92;;;;;
Car381009-2026-Pass1-Z1-2MU00693_20260729_225215_000;0.0;2.6;34.0;Testes;0.14;noise;;;;
Car381009-2026-Pass1-Z1-2MU00693_20260729_225215_000;0.2;3.4;23.0;Tetvir;0.31;;;;;
Car381009-2026-Pass1-Z1-2MU00693_20260729_225220_000;0.0;1.2;42.0;Leppun;0.96;;;;;
Car381009-2026-Pass1-Z1-2MU00693_20260729_225220_000;0.2;2.1;26.0;Phogri;0.61;;;;;
Car381009-2026-Pass1-Z1-2MU00693_20260729_225224_000;0.1;2.4;51.0;noise;0.05;Yposp, Phogri, Antsp;;;;
Car381009-2026-Pass1-Z1-2MU00693_20260729_225224_000;0.0;1.1;35.0;Testes;0.49;;;;;
Car381009-2026-Pass1-Z1-2MU00693_20260729_225228_000;0.0;0.9;34.0;Leppun;0.92;;;;;
Car381009-2026-Pass1-Z1-2MU00693_20260729_225228_000;1.6;1.7;27.0;Phogri;0.67;;;;;
Car381009-2026-Pass1-Z1-2MU00693_20260729_225232_000;0.0;1.7;47.0;Leppun;0.98;;;;;
Car381009-2026-Pass1-Z1-2MU00693_20260729_225232_000;0.5;1.7;31.0;Phogri;0.05;noise;;;;
Car381009-2026-Pass1-Z1-2MU00693_20260729_225235_000;0.0;1.2;34.0;Leppun;0.95;;;;;
Car381009-2026-Pass1-Z1-2MU00693_20260729_225235_000;0.7;2.9;27.0;Phogri;0.46;;;;;
Car381009-2026-Pass1-Z1-2MU00693_20260729_225240_000;0.0;2.0;48.0;Leppun;0.96;;;;;
Car381009-2026-Pass1-Z1-2MU00693_20260729_225240_000;1.7;2.1;29.0;noise;0.47;;;;;
Car381009-2026-Pass1-Z1-2MU00693_20260729_225243_000;0.0;2.0;39.0;Leppun;0.98;;;;;
Car381009-2026-Pass1-Z1-2MU00693_20260729_225243_000;0.4;2.0;31.0;Rhasp;0.45;;;;;
Car381009-2026-Pass1-Z1-2MU00693_20260729_225246_000;0.0;2.1;34.0;Leppun;0.98;;;;;
Car381009-2026-Pass1-Z1-2MU00693_20260729_225246_000;0.1;0.3;15.0;noise;0.1;;;;;
Car381009-2026-Pass1-Z1-2MU00693_20260729_225246_000;0.6;0.8;26.0;Phogri;0.36;;;;;
Car381009-2026-Pass1-Z1-2MU00693_20260729_225251_000;0.0;0.8;49.0;Leppun;0.95;;;;;
Car381009-2026-Pass1-Z1-2MU00693_20260729_225251_000;0.6;1.9;23.0;Phogri;0.63;;;;;
Car381009-2026-Pass1-Z1-2MU00693_20260729_225257_000;0.0;2.0;42.0;Leppun;0.93;;;;;
Car381009-2026-Pass1-Z1-2MU00693_20260729_225257_000;0.4;2.0;34.0;Testes;0.7;;;;;
Car381009-2026-Pass1-Z1-2MU00693_20260729_225305_000;0.0;0.1;53.0;Leppun;0.97;;;;;
Car381009-2026-Pass1-Z1-2MU00693_20260729_225305_000;1.6;1.7;29.0;Phogri;0.78;;;;;
Car381009-2026-Pass1-Z1-2MU00693_20260729_225312_000;0.0;1.8;37.0;Leppun;0.97;;;;;
Car381009-2026-Pass1-Z1-2MU00693_20260729_225312_000;0.5;1.7;24.0;Phogri;0.76;;;;;
Car381009-2026-Pass1-Z1-2MU00693_20260729_225316_000;0.0;0.9;53.0;Leppun;0.96;;;;;
Car381009-2026-Pass1-Z1-2MU00693_20260729_225316_000;1.1;1.2;25.0;noise;0.45;;;;;
Car381009-2026-Pass1-Z1-2MU00693_20260729_225316_000;0.8;0.9;27.0;Phogri;0.8;;;;;
Car381009-2026-Pass1-Z1-2MU00693_20260729_225320_000;1.8;2.0;33.0;Leppun;0.98;;;;;
Car381009-2026-Pass1-Z1-2MU00693_20260729_225320_000;0.0;2.0;26.0;Phogri;0.4;;;;;
Car381009-2026-Pass1-Z1-2MU00693_20260729_225323_000;0.0;0.1;61.0;Leppun;0.16;;;;;
Car381009-2026-Pass1-Z1-2MU00693_20260729_225323_000;0.4;1.9;16.0;noise;0.23;;;;;
Car381009-2026-Pass1-Z1-2MU00693_20260729_225323_000;0.0;2.1;35.0;Testes;0.67;;;;;
Car381009-2026-Pass1-Z1-2MU00693_20260729_225327_000;0.0;2.0;34.0;Leppun;0.97;;;;;
Car381009-2026-Pass1-Z1-2MU00693_20260729_225327_000;0.0;2.0;26.0;Phogri;0.76;;;;;
Car381009-2026-Pass1-Z1-2MU00693_20260729_225330_000;0.2;1.8;54.0;noise;0.08;Yposp;;;;
Car381009-2026-Pass1-Z1-2MU00693_20260729_225330_000;0.0;2.0;37.0;Testes;0.65;;;;;
Car381009-2026-Pass1-Z1-2MU00693_20260729_225335_000;0.0;1.6;40.0;Leppun;0.96;;;;;
Car381009-2026-Pass1-Z1-2MU00693_20260729_225335_000;1.1;1.3;23.0;Phogri;0.55;;;;;
Car381009-2026-Pass1-Z1-2MU00693_20260729_225338_000;0.0;4.6;33.0;Leppun;0.61;;;;;
Car381009-2026-Pass1-Z1-2MU00693_20260729_225338_000;1.5;4.1;39.0;Phogri;0.12;noise;;;;
Car381009-2026-Pass1-Z1-2MU00693_20260729_225338_000;0.0;4.6;35.0;Testes;0.8;;;;;
Car381009-2026-Pass1-Z1-2MU00693_20260729_225402_000;0.7;4.3;35.0;Leppun;0.43;;;;;
Car381009-2026-Pass1-Z1-2MU00693_20260729_225402_000;0.0;4.4;40.0;Pipkuh;0.99;;;;;
Car381009-2026-Pass1-Z1-2MU00693_20260729_225408_000;0.0;3.0;33.0;Leppun;0.95;;;;;
Car381009-2026-Pass1-Z1-2MU00693_20260729_225408_000;2.4;2.5;33.0;Phogri;0.93;;;;;
Car381009-2026-Pass1-Z1-2MU00693_20260729_225414_000;0.0;3.2;40.0;Leppun;0.97;;;;;
Car381009-2026-Pass1-Z1-2MU00693_20260729_225414_000;0.6;3.0;28.0;Phogri;0.04;Tetvir;;;;
Car381009-2026-Pass1-Z1-2MU00693_20260729_225414_000;0.8;1.2;17.0;noise;0.16;;;;;
Car381009-2026-Pass1-Z1-2MU00693_20260729_225423_000;0.0;1.5;32.0;Leppun;0.98;;;;;
Car381009-2026-Pass1-Z1-2MU00693_20260729_225423_000;0.8;0.9;32.0;Phogri;0.48;;;;;
Car381009-2026-Pass1-Z1-2MU00693_20260729_225426_000;1.7;4.2;34.0;Leppun;0.94;;;;;
Car381009-2026-Pass1-Z1-2MU00693_20260729_225426_000;0.2;4.1;25.0;noise;0.14;;;;;
Car381009-2026-Pass1-Z1-2MU00693_20260729_225426_000;0.0;5.0;50.0;Pippip;0.99;;;;;
Car381009-2026-Pass1-Z1-2MU00693_20260729_225426_000;0.0;4.0;34.0;Testes;0.85;;;;;
Car381009-2026-Pass1-Z1-2MU00693_20260729_225432_000;3.6;4.8;45.0;Leppun;0.96;;;;;
Car381009-2026-Pass1-Z1-2MU00693_20260729_225432_000;0.4;4.4;26.0;noise;0.12;;;;;
Car381009-2026-Pass1-Z1-2MU00693_20260729_225432_000;0.0;5.0;46.0;Pippip;0.99;;;;;
Car381009-2026-Pass1-Z1-2MU00693_20260729_225440_000;0.0;0.5;60.0;Leppun;0.97;;;;;
Car381009-2026-Pass1-Z1-2MU00693_20260729_225440_000;0.5;1.6;31.0;Phogri;0.05;noise;;;;
Car381009-2026-Pass1-Z1-2MU00693_20260729_225443_000;0.0;1.4;42.0;Leppun;0.97;;;;;
Car381009-2026-Pass1-Z1-2MU00693_20260729_225443_000;0.1;0.3;29.0;noise;0.05;Phogri;;;;
Car381009-2026-Pass1-Z1-2MU00693_20260729_225443_000;0.9;1.4;13.0;Phogri;0.03;Tetvir;;;;
Car381009-2026-Pass1-Z1-2MU00693_20260729_225448_000;0.0;1.7;40.0;Leppun;0.98;;;;;
Car381009-2026-Pass1-Z1-2MU00693_20260729_225448_000;0.9;1.0;28.0;Phogri;0.58;;;;;
Car381009-2026-Pass1-Z1-2MU00693_20260729_225453_000;0.0;1.0;58.0;Leppun;0.96;;;;;
Car381009-2026-Pass1-Z1-2MU00693_20260729_225453_000;0.1;1.7;27.0;Phogri;0.68;;;;;
Car381009-2026-Pass1-Z1-2MU00693_20260729_225453_000;0.2;1.9;45.0;Pippip;0.98;;;;;
Car381009-2026-Pass1-Z1-2MU00693_20260729_225457_000;0.0;1.8;44.0;Leppun;0.98;;;;;
Car381009-2026-Pass1-Z1-2MU00693_20260729_225457_000;0.3;1.7;28.0;noise;0.04;Tetvir;;;;
Car381009-2026-Pass1-Z1-2MU00693_20260729_225457_000;0.3;1.8;37.0;Phogri;0.34;;;;;
Car381009-2026-Pass1-Z1-2MU00693_20260729_225501_000;0.0;1.0;32.0;Leppun;0.59;;;;;
Car381009-2026-Pass1-Z1-2MU00693_20260729_225501_000;0.1;0.4;29.0;Testes;0.09;;;;;
Car381009-2026-Pass1-Z1-2MU00693_20260729_225508_000;0.0;1.8;41.0;Leppun;0.96;;;;;
Car381009-2026-Pass1-Z1-2MU00693_20260729_225508_000;0.7;1.8;18.0;Phogri;0.83;;;;;
Car381009-2026-Pass1-Z1-2MU00693_20260729_225517_000;0.0;1.2;46.0;Leppun;0.95;;;;;
Car381009-2026-Pass1-Z1-2MU00693_20260729_225517_000;0.2;1.2;32.0;Phogri;0.78;;;;;
Car381009-2026-Pass1-Z1-2MU00693_20260729_225522_000;0.0;1.8;36.0;Leppun;0.98;;;;;
Car381009-2026-Pass1-Z1-2MU00693_20260729_225522_000;0.9;1.4;22.0;Phogri;0.39;;;;;
Car381009-2026-Pass1-Z1-2MU00693_20260729_225522_000;0.9;1.1;46.0;Pippip;0.2;;;;;
Car381009-2026-Pass1-Z1-2MU00693_20260729_225524_000;0.0;4.9;45.0;Leppun;0.83;;;;;
Car381009-2026-Pass1-Z1-2MU00693_20260729_225524_000;0.2;5.0;26.0;noise;0.2;;;;;
Car381009-2026-Pass1-Z1-2MU00693_20260729_225524_000;0.0;5.0;43.0;Pipkuh;0.97;;;;;
Car381009-2026-Pass1-Z1-2MU00693_20260729_225535_000;0.0;1.8;43.0;Leppun;0.89;;;;;
Car381009-2026-Pass1-Z1-2MU00693_20260729_225535_000;0.0;1.8;25.0;Phogri;0.43;;;;;
Car381009-2026-Pass1-Z1-2MU00693_20260729_225538_000;0.1;1.9;32.0;Yposp;0.05;Tetvir;;;;
Car381009-2026-Pass1-Z1-2MU00693_20260729_225538_000;0.0;1.5;39.0;Leppun;0.95;;;;;
Car381009-2026-Pass1-Z1-2MU00693_20260729_225538_000;0.0;1.9;30.0;noise;0.12;;;;;
Car381009-2026-Pass1-Z1-2MU00693_20260729_225540_000;0.0;1.6;40.0;Leppun;0.97;;;;;
Car381009-2026-Pass1-Z1-2MU00693_20260729_225540_000;0.4;1.6;27.0;noise;0.08;Phogri;;;;
Car381009-2026-Pass1-Z1-2MU00693_20260729_225543_000;0.0;1.4;43.0;Leppun;0.78;;;;;
Car381009-2026-Pass1-Z1-2MU00693_20260729_225543_000;1.2;1.4;21.0;Phogri;0.72;;;;;
Car381009-2026-Pass1-Z1-2MU00693_20260729_225545_000;0.0;1.3;30.0;Leppun;0.88;;;;;
Car381009-2026-Pass1-Z1-2MU00693_20260729_225545_000;0.9;1.1;27.0;Testes;0.1;noise;;;;
Car381009-2026-Pass1-Z1-2MU00693_20260729_225547_000;0.0;2.0;34.0;Leppun;0.8;;;;;
Car381009-2026-Pass1-Z1-2MU00693_20260729_225547_000;0.0;1.9;44.0;Phogri;0.37;;;;;
Car381009-2026-Pass1-Z1-2MU00693_20260729_225547_000;0.0;2.0;30.0;Testes;0.35;;;;;
Car381009-2026-Pass1-Z1-2MU00693_20260729_225550_000;0.0;1.3;46.0;Leppun;0.96;;;;;
Car381009-2026-Pass1-Z1-2MU00693_20260729_225550_000;0.2;1.2;23.0;noise;0.08;Phogri;;;;
Car381009-2026-Pass1-Z1-2MU00693_20260729_225552_000;0.0;2.0;42.0;Leppun;0.87;;;;;
Car381009-2026-Pass1-Z1-2MU00693_20260729_225552_000;0.4;1.9;25.0;noise;0.19;;;;;
Car381009-2026-Pass1-Z1-2MU00693_20260729_225556_000;0.3;3.4;33.0;Leppun;0.79;;;;;
Car381009-2026-Pass1-Z1-2MU00693_20260729_225556_000;1.3;4.8;28.0;noise;0.08;Phogri;;;;
Car381009-2026-Pass1-Z1-2MU00693_20260729_225556_000;0.0;4.8;43.0;Pippip;0.77;;;;;
Car381009-2026-Pass1-Z1-2MU00693_20260729_225601_000;2.3;4.1;32.0;Hypsav;0.13;;;;;
Car381009-2026-Pass1-Z1-2MU00693_20260729_225601_000;0.0;4.2;37.0;Leppun;0.92;;;;;
Car381009-2026-Pass1-Z1-2MU00693_20260729_225601_000;0.1;5.0;45.0;Pippip;0.97;;;;;
Car381009-2026-Pass1-Z1-2MU00693_20260729_225601_000;0.0;4.2;18.0;Tetvir;0.45;;;;;
Car381009-2026-Pass1-Z1-2MU00693_20260729_225613_000;0.0;1.6;28.0;Leppun;0.86;;;;;
Car381009-2026-Pass1-Z1-2MU00693_20260729_225613_000;0.1;1.8;48.0;Pippip;0.99;;;;;
Car381009-2026-Pass1-Z1-2MU00693_20260729_225617_000;0.0;1.4;39.0;Leppun;0.98;;;;;
Car381009-2026-Pass1-Z1-2MU00693_20260729_225617_000;0.6;1.1;27.0;noise;0.14;;;;;
Car381009-2026-Pass1-Z1-2MU00693_20260729_225619_000;0.0;1.6;60.0;Leppun;0.12;;;;;
Car381009-2026-Pass1-Z1-2MU00693_20260729_225619_000;0.0;2.1;34.0;Testes;0.84;;;;;
Car381009-2026-Pass1-Z1-2MU00693_20260729_225622_000;0.8;1.7;23.0;noise;0.32;;;;;
Car381009-2026-Pass1-Z1-2MU00693_20260729_225622_000;0.0;2.1;33.0;Testes;0.79;;;;;
Car381009-2026-Pass1-Z1-2MU00693_20260729_225626_000;0.0;1.0;40.0;Leppun;0.31;;;;;
Car381009-2026-Pass1-Z1-2MU00693_20260729_225626_000;0.9;2.1;13.0;noise;0.18;;;;;
Car381009-2026-Pass1-Z1-2MU00693_20260729_225626_000;0.2;2.1;32.0;Testes;0.26;;;;;
Car381009-2026-Pass1-Z1-2MU00693_20260729_225630_000;0.0;1.1;44.0;Leppun;0.96;;;;;
Car381009-2026-Pass1-Z1-2MU00693_20260729_225630_000;0.2;1.0;23.0;Phogri;0.65;;;;;
Car381009-2026-Pass1-Z1-2MU00693_20260729_225640_000;0.0;2.7;34.0;Leppun;0.93;;;;;
Car381009-2026-Pass1-Z1-2MU00693_20260729_225640_000;0.0;1.7;20.0;Tetvir;0.31;;;;;
Car381009-2026-Pass1-Z1-2MU00693_20260729_225644_000;0.0;1.5;34.0;Leppun;0.43;;;;;
Car381009-2026-Pass1-Z1-2MU00693_20260729_225644_000;0.1;1.4;31.0;noise;0.13;;;;;
Car381009-2026-Pass1-Z1-2MU00693_20260729_225646_000;0.0;1.2;38.0;Leppun;0.97;;;;;
Car381009-2026-Pass1-Z1-2MU00693_20260729_225646_000;1.1;1.2;26.0;Phogri;0.25;;;;;
Car381009-2026-Pass1-Z1-2MU00693_20260729_225650_000;0.0;1.5;37.0;Leppun;0.96;;;;;
Car381009-2026-Pass1-Z1-2MU00693_20260729_225650_000;0.0;1.5;29.0;noise;0.25;;;;;
Car381009-2026-Pass1-Z1-2MU00693_20260729_225654_000;0.9;1.0;42.0;Leppun;0.12;noise;;;;
Car381009-2026-Pass1-Z1-2MU00693_20260729_225654_000;0.0;2.1;36.0;Testes;0.77;;;;;
Car381009-2026-Pass1-Z1-2MU00693_20260729_225657_000;2.1;2.2;48.0;Pippip;0.94;;;;;
Car381009-2026-Pass1-Z1-2MU00693_20260729_225657_000;0.0;2.2;32.0;Testes;0.58;;;;;
Car381009-2026-Pass1-Z1-2MU00693_20260729_225702_000;0.0;1.8;35.0;Leppun;0.98;;;;;
Car381009-2026-Pass1-Z1-2MU00693_20260729_225702_000;0.5;1.8;26.0;Phogri;0.79;;;;;
Car381009-2026-Pass1-Z1-2MU00693_20260729_225704_000;0.0;4.2;33.0;Leppun;0.92;;;;;
Car381009-2026-Pass1-Z1-2MU00693_20260729_225704_000;0.4;5.0;25.0;Phogri;0.8;;;;;
Car381009-2026-Pass1-Z1-2MU00693_20260729_225704_000;3.4;4.4;46.0;Pippip;0.97;;;;;
Car381009-2026-Pass1-Z1-2MU00693_20260729_225711_000;0.0;1.0;41.0;Leppun;0.98;;;;;
Car381009-2026-Pass1-Z1-2MU00693_20260729_225711_000;0.2;1.4;46.0;Pippip;0.95;;;;;
Car381009-2026-Pass1-Z1-2MU00693_20260729_225714_000;0.0;1.8;32.0;Leppun;0.95;;;;;
Car381009-2026-Pass1-Z1-2MU00693_20260729_225714_000;0.5;1.8;29.0;Antsp;0.05;Phogri, noise;;;;
Car381009-2026-Pass1-Z1-2MU00693_20260729_225718_000;0.4;1.8;31.0;Phogri;0.37;;;;;
Car381009-2026-Pass1-Z1-2MU00693_20260729_225718_000;0.0;2.1;35.0;Testes;0.16;;;;;
Car381009-2026-Pass1-Z1-2MU00693_20260729_225722_000;0.0;1.8;29.0;Leppun;0.09;;;;;
Car381009-2026-Pass1-Z1-2MU00693_20260729_225722_000;0.0;1.8;24.0;noise;0.1;;;;;
Car381009-2026-Pass1-Z1-2MU00693_20260729_225724_000;0.0;2.7;23.0;noise;0.23;;;;;
Car381009-2026-Pass1-Z1-2MU00693_20260729_225724_000;0.3;2.8;46.0;Tetvir;0.02;Rhihip, Pippip, Phogri, Yposp, Yerray, Yerbey, Vesmur, Urosp, Tyllil, Thycor, Tetpyg, Tetarg, Testes, Tadten, Sepsep, Rusnit, Roeroe, Rhifer, Rhieur, Rhasp, Ratnor, Plemac, Pleaus, Pleaur, Plasab, Plaint, Plafal, Plaalb, Plaaff, Pippyg, Pipnat, Pipkuh, piaf, Phofem, Phanan, Phafal, Nycnoc, Nyclei, Nyclas, Myonat, Myomys, MyoGT, Myoema, Myodau, Myogla, Myocap, Myobec, Myoalc, Mussp, Minsch, Mimasp, Micagr, Metbra, mamm, Leppun, Lepbos, Lepalb, Lamsp., Isopyr, Inssp8, Inssp7, Inssp5, Insp12, Insp11, Insp10, Hypsav, gril, Eupsp, Eptser, Eptnil, Epheph, Decalb, Cyrscu, Cympud, criq, Confus, Tetarg, Barfis, Barbar, Antsp, amph;;;;
Car381009-2026-Pass1-Z1-2MU00693_20260729_225729_000;0.0;4.8;39.0;Leppun;0.98;;;;;
Car381009-2026-Pass1-Z1-2MU00693_20260729_225729_000;0.0;4.4;27.0;Phogri;0.81;;;;;
Car381009-2026-Pass1-Z1-2MU00693_20260729_225729_000;0.0;4.9;49.0;Pippip;0.99;;;;;
Car381009-2026-Pass1-Z1-2MU00693_20260729_225743_000;0.0;2.1;35.0;Leppun;0.93;;;;;
Car381009-2026-Pass1-Z1-2MU00693_20260729_225743_000;0.4;1.8;27.0;noise;0.17;;;;;
Car381009-2026-Pass1-Z1-2MU00693_20260729_225746_000;0.0;2.0;36.0;Leppun;0.97;;;;;
Car381009-2026-Pass1-Z1-2MU00693_20260729_225746_000;1.9;2.1;27.0;Phogri;0.66;;;;;
Car381009-2026-Pass1-Z1-2MU00693_20260729_225750_000;0.0;4.1;43.0;Leppun;0.97;;;;;
Car381009-2026-Pass1-Z1-2MU00693_20260729_225750_000;0.2;4.5;24.0;noise;0.22;;;;;
Car381009-2026-Pass1-Z1-2MU00693_20260729_225750_000;0.4;4.6;27.0;Phogri;0.83;;;;;
Car381009-2026-Pass1-Z1-2MU00693_20260729_225755_000;0.0;1.2;38.0;Leppun;0.97;;;;;
Car381009-2026-Pass1-Z1-2MU00693_20260729_225755_000;0.5;1.4;17.0;noise;0.21;;;;;
Car381009-2026-Pass1-Z1-2MU00693_20260729_225757_000;0.0;0.4;36.0;Leppun;0.98;;;;;
Car381009-2026-Pass1-Z1-2MU00693_20260729_225800_000;0.0;0.1;44.0;Leppun;0.98;;;;;
Car381009-2026-Pass1-Z1-2MU00693_20260729_225800_000;1.4;1.8;23.0;Phogri;0.25;;;;;
Car381009-2026-Pass1-Z1-2MU00693_20260729_225802_000;0.0;2.0;38.0;Leppun;0.98;;;;;
Car381009-2026-Pass1-Z1-2MU00693_20260729_225802_000;0.6;0.8;28.0;noise;0.03;Tetvir;;;;
Car381009-2026-Pass1-Z1-2MU00693_20260729_225802_000;0.3;2.0;26.0;Phogri;0.27;;;;;
Car381009-2026-Pass1-Z1-2MU00693_20260729_225805_000;0.0;0.2;38.0;Leppun;0.63;;;;;
Car381009-2026-Pass1-Z1-2MU00693_20260729_225805_000;0.5;0.6;14.0;noise;0.68;;;;;
Car381009-2026-Pass1-Z1-2MU00693_20260729_225807_000;0.0;1.2;41.0;Leppun;0.96;;;;;
Car381009-2026-Pass1-Z1-2MU00693_20260729_225807_000;0.1;2.0;29.0;Rhasp;0.45;;;;;
Car381009-2026-Pass1-Z1-2MU00693_20260729_225810_000;0.0;1.8;36.0;Leppun;0.73;;;;;
Car381009-2026-Pass1-Z1-2MU00693_20260729_225810_000;0.0;1.0;28.0;Phogri;0.04;noise, Tetvir, Pippip;;;;
Car381009-2026-Pass1-Z1-2MU00693_20260729_225813_000;0.0;1.4;33.0;Leppun;0.92;;;;;
Car381009-2026-Pass1-Z1-2MU00693_20260729_225813_000;0.0;1.3;30.0;Phogri;0.69;;;;;
Car381009-2026-Pass1-Z1-2MU00693_20260729_225813_000;1.6;1.7;10.0;Tetvir;0.64;;;;;
Car381009-2026-Pass1-Z1-2MU00693_20260729_225817_000;0.0;1.2;34.0;Leppun;0.91;;;;;
Car381009-2026-Pass1-Z1-2MU00693_20260729_225817_000;0.0;1.9;27.0;Phogri;0.81;;;;;
Car381009-2026-Pass1-Z1-2MU00693_20260729_225817_000;1.5;2.1;48.0;Pippip;0.98;;;;;
Car381009-2026-Pass1-Z1-2MU00693_20260729_225819_000;0.0;3.8;37.0;Leppun;0.96;;;;;
Car381009-2026-Pass1-Z1-2MU00693_20260729_225819_000;1.1;4.9;23.0;noise;0.13;Phogri;;;;
Car381009-2026-Pass1-Z1-2MU00693_20260729_225819_000;0.2;5.0;47.0;Pippip;0.99;;;;;
Car381009-2026-Pass1-Z1-2MU00693_20260729_225819_000;0.0;4.2;34.0;Testes;0.85;;;;;
Car381009-2026-Pass1-Z1-2MU00693_20260729_225832_000;0.0;2.1;27.0;Leppun;0.98;;;;;
Car381009-2026-Pass1-Z1-2MU00693_20260729_225837_000;0.0;4.7;28.0;noise;0.23;;;;;
Car381009-2026-Pass1-Z1-2MU00693_20260729_225837_000;0.0;4.9;54.0;Pippip;0.99;;;;;
Car381009-2026-Pass1-Z1-2MU00693_20260729_225846_000;0.0;1.1;38.0;Leppun;0.98;;;;;
Car381009-2026-Pass1-Z1-2MU00693_20260729_225846_000;0.3;1.2;25.0;Phogri;0.42;;;;;
Car381009-2026-Pass1-Z1-2MU00693_20260729_225849_000;0.0;2.0;33.0;Leppun;0.98;;;;;
Car381009-2026-Pass1-Z1-2MU00693_20260729_225849_000;1.3;1.4;27.0;Phogri;0.47;;;;;
Car381009-2026-Pass1-Z1-2MU00693_20260729_225849_000;1.5;2.0;32.0;Testes;0.71;;;;;
Car381009-2026-Pass1-Z1-2MU00693_20260729_225853_000;0.0;0.9;37.0;Leppun;0.98;;;;;
Car381009-2026-Pass1-Z1-2MU00693_20260729_225853_000;0.8;1.0;22.0;Phogri;0.79;;;;;
Car381009-2026-Pass1-Z1-2MU00693_20260729_225856_000;0.0;0.4;34.0;Leppun;0.98;;;;;
Car381009-2026-Pass1-Z1-2MU00693_20260729_225856_000;1.6;1.7;27.0;Phogri;0.76;;;;;
Car381009-2026-Pass1-Z1-2MU00693_20260729_225858_000;0.0;1.8;37.0;Leppun;0.98;;;;;
Car381009-2026-Pass1-Z1-2MU00693_20260729_225858_000;0.5;0.6;21.0;noise;0.11;;;;;
Car381009-2026-Pass1-Z1-2MU00693_20260729_225901_000;0.0;1.4;37.0;Leppun;0.96;;;;;
Car381009-2026-Pass1-Z1-2MU00693_20260729_225901_000;0.7;1.4;24.0;noise;0.04;Plaint, Phogri, Tetvir;;;;
Car381009-2026-Pass1-Z1-2MU00693_20260729_225904_000;0.0;0.1;49.0;Leppun;0.98;;;;;
Car381009-2026-Pass1-Z1-2MU00693_20260729_225904_000;0.7;0.8;26.0;Phogri;0.51;;;;;
Car381009-2026-Pass1-Z1-2MU00693_20260729_225907_000;0.0;1.0;34.0;Leppun;0.98;;;;;
Car381009-2026-Pass1-Z1-2MU00693_20260729_225907_000;0.5;1.0;23.0;Phogri;0.66;;;;;
Car381009-2026-Pass1-Z1-2MU00693_20260729_225912_000;0.0;1.8;32.0;Leppun;0.98;;;;;
Car381009-2026-Pass1-Z1-2MU00693_20260729_225912_000;0.1;1.4;14.0;noise;0.28;;;;;
Car381009-2026-Pass1-Z1-2MU00693_20260729_225915_000;0.0;2.0;32.0;Leppun;0.98;;;;;
Car381009-2026-Pass1-Z1-2MU00693_20260729_225915_000;0.5;2.0;27.0;noise;0.14;;;;;
Car381009-2026-Pass1-Z1-2MU00693_20260729_225920_000;0.4;1.7;35.0;Leppun;0.1;noise;;;;
Car381009-2026-Pass1-Z1-2MU00693_20260729_225920_000;0.0;2.1;51.0;Pippip;0.99;;;;;
Car381009-2026-Pass1-Z1-2MU00693_20260729_225923_000;1.0;4.1;36.0;Leppun;0.97;;;;;
Car381009-2026-Pass1-Z1-2MU00693_20260729_225923_000;0.3;4.8;26.0;noise;0.11;Phogri;;;;
Car381009-2026-Pass1-Z1-2MU00693_20260729_225923_000;0.0;4.9;49.0;Pippip;0.98;;;;;
Car381009-2026-Pass1-Z1-2MU00693_20260729_225936_000;0.0;1.6;31.0;Leppun;0.98;;;;;
Car381009-2026-Pass1-Z1-2MU00693_20260729_225936_000;0.3;2.0;28.0;noise;0.1;;;;;
Car381009-2026-Pass1-Z1-2MU00693_20260729_225936_000;0.3;2.0;46.0;Pippip;0.97;;;;;
Car381009-2026-Pass1-Z1-2MU00693_20260729_225938_000;0.0;1.9;29.0;Leppun;0.97;;;;;
Car381009-2026-Pass1-Z1-2MU00693_20260729_225938_000;0.5;1.9;26.0;Phogri;0.36;;;;;
Car381009-2026-Pass1-Z1-2MU00693_20260729_225938_000;0.2;1.9;47.0;Pippip;0.99;;;;;
Car381009-2026-Pass1-Z1-2MU00693_20260729_225941_000;0.0;0.7;38.0;Leppun;0.96;;;;;
Car381009-2026-Pass1-Z1-2MU00693_20260729_225941_000;0.5;1.6;28.0;Phogri;0.48;;;;;
Car381009-2026-Pass1-Z1-2MU00693_20260729_225941_000;0.1;1.9;45.0;Pippip;0.99;;;;;
Car381009-2026-Pass1-Z1-2MU00693_20260729_225943_000;0.0;1.3;30.0;Leppun;0.95;;;;;
Car381009-2026-Pass1-Z1-2MU00693_20260729_225943_000;0.1;1.3;29.0;Phogri;0.73;;;;;
Car381009-2026-Pass1-Z1-2MU00693_20260729_225943_000;1.0;1.1;44.0;Pippip;0.78;;;;;
Car381009-2026-Pass1-Z1-2MU00693_20260729_225946_000;0.0;1.4;32.0;Leppun;0.95;;;;;
Car381009-2026-Pass1-Z1-2MU00693_20260729_225946_000;0.1;0.2;27.0;Phogri;0.77;;;;;
Car381009-2026-Pass1-Z1-2MU00693_20260729_225951_000;0.3;1.7;28.0;Eptser;0.12;;;;;
Car381009-2026-Pass1-Z1-2MU00693_20260729_225951_000;0.0;1.1;29.0;Leppun;0.95;;;;;
Car381009-2026-Pass1-Z1-2MU00693_20260729_225951_000;0.9;1.1;20.0;Phogri;0.04;noise, Tetvir, Phofem;;;;
Car381009-2026-Pass1-Z1-2MU00693_20260729_225954_000;0.0;1.9;36.0;Leppun;0.88;;;;;
Car381009-2026-Pass1-Z1-2MU00693_20260729_225954_000;0.5;1.9;25.0;Phogri;0.77;;;;;
Car381009-2026-Pass1-Z1-2MU00693_20260729_225957_000;0.0;1.7;31.0;Leppun;0.97;;;;;
Car381009-2026-Pass1-Z1-2MU00693_20260729_230000_000;0.0;0.4;38.0;Leppun;0.98;;;;;
Car381009-2026-Pass1-Z1-2MU00693_20260729_230000_000;1.3;1.5;27.0;Phogri;0.4;;;;;
Car381009-2026-Pass1-Z1-2MU00693_20260729_230003_000;0.0;2.1;31.0;Leppun;0.95;;;;;
Car381009-2026-Pass1-Z1-2MU00693_20260729_230003_000;0.5;2.1;27.0;Phogri;0.79;;;;;
Car381009-2026-Pass1-Z1-2MU00693_20260729_230003_000;0.5;2.1;29.0;Testes;0.65;;;;;
Car381009-2026-Pass1-Z1-2MU00693_20260729_230006_000;0.0;1.9;34.0;Leppun;0.98;;;;;
Car381009-2026-Pass1-Z1-2MU00693_20260729_230006_000;1.6;1.8;31.0;Rhasp;0.06;noise;;;;
Car381009-2026-Pass1-Z1-2MU00693_20260729_230006_000;0.1;1.8;17.0;Phogri;0.29;;;;;
Car381009-2026-Pass1-Z1-2MU00693_20260729_230008_000;0.0;2.8;32.0;Leppun;0.97;;;;;
Car381009-2026-Pass1-Z1-2MU00693_20260729_230008_000;2.3;2.9;39.0;Testes;0.67;;;;;
Car381009-2026-Pass1-Z1-2MU00693_20260729_230015_000;0.0;1.8;31.0;Leppun;0.93;;;;;
Car381009-2026-Pass1-Z1-2MU00693_20260729_230015_000;0.0;1.8;44.0;Pippip;0.98;;;;;
Car381009-2026-Pass1-Z1-2MU00693_20260729_230018_000;0.0;1.3;34.0;Leppun;0.96;;;;;
Car381009-2026-Pass1-Z1-2MU00693_20260729_230018_000;0.6;1.1;23.0;noise;0.1;;;;;
Car381009-2026-Pass1-Z1-2MU00693_20260729_230018_000;0.3;1.3;45.0;Pippip;0.98;;;;;
Car381009-2026-Pass1-Z1-2MU00693_20260729_230022_000;0.0;1.9;34.0;Leppun;0.93;;;;;
Car381009-2026-Pass1-Z1-2MU00693_20260729_230022_000;1.1;2.0;32.0;noise;0.12;;;;;
Car381009-2026-Pass1-Z1-2MU00693_20260729_230027_000;0.0;1.1;36.0;Leppun;0.96;;;;;
Car381009-2026-Pass1-Z1-2MU00693_20260729_230027_000;0.4;1.9;27.0;Phogri;0.4;;;;;
Car381009-2026-Pass1-Z1-2MU00693_20260729_230030_000;0.0;1.1;40.0;Leppun;0.98;;;;;
Car381009-2026-Pass1-Z1-2MU00693_20260729_230030_000;1.0;1.1;25.0;noise;0.12;;;;;
Car381009-2026-Pass1-Z1-2MU00693_20260729_230033_000;0.0;2.1;35.0;Leppun;0.96;;;;;
Car381009-2026-Pass1-Z1-2MU00693_20260729_230033_000;0.8;2.1;31.0;Testes;0.84;;;;;
Car381009-2026-Pass1-Z1-2MU00693_20260729_230036_000;0.0;1.1;36.0;Leppun;0.97;;;;;
Car381009-2026-Pass1-Z1-2MU00693_20260729_230036_000;0.4;2.1;26.0;noise;0.2;;;;;
Car381009-2026-Pass1-Z1-2MU00693_20260729_230036_000;0.2;0.3;33.0;Testes;0.7;;;;;
Car381009-2026-Pass1-Z1-2MU00693_20260729_230041_000;0.0;2.7;34.0;Leppun;0.95;;;;;
Car381009-2026-Pass1-Z1-2MU00693_20260729_230041_000;0.7;1.3;36.0;Phogri;0.24;;;;;
Car381009-2026-Pass1-Z1-2MU00693_20260729_230046_000;0.0;1.7;33.0;Leppun;0.98;;;;;
Car381009-2026-Pass1-Z1-2MU00693_20260729_230048_000;0.0;0.7;38.0;Leppun;0.98;;;;;
Car381009-2026-Pass1-Z1-2MU00693_20260729_230048_000;0.0;1.6;24.0;noise;0.17;;;;;
Car381009-2026-Pass1-Z1-2MU00693_20260729_230051_000;0.0;2.1;38.0;noise;0.08;;;;;
Car381009-2026-Pass1-Z1-2MU00693_20260729_230051_000;0.0;3.7;37.0;Leppun;0.96;;;;;
Car381009-2026-Pass1-Z1-2MU00693_20260729_230051_000;0.9;2.2;37.0;Myonat;0.11;noise;;;;
Car381009-2026-Pass1-Z1-2MU00693_20260729_230056_000;0.0;4.2;36.0;Leppun;0.97;;;;;
Car381009-2026-Pass1-Z1-2MU00693_20260729_230056_000;0.1;3.5;27.0;Phogri;0.47;;;;;
Car381009-2026-Pass1-Z1-2MU00693_20260729_230107_000;0.0;2.0;33.0;Leppun;0.99;;;;;
Car381009-2026-Pass1-Z1-2MU00693_20260729_230107_000;1.2;1.4;25.0;Phogri;0.82;;;;;
Car381009-2026-Pass1-Z1-2MU00693_20260729_230110_000;0.0;1.5;37.0;Leppun;0.98;;;;;
Car381009-2026-Pass1-Z1-2MU00693_20260729_230110_000;0.3;1.5;26.0;noise;0.21;;;;;
Car381009-2026-Pass1-Z1-2MU00693_20260729_230112_000;0.0;1.1;34.0;Leppun;0.99;;;;;
Car381009-2026-Pass1-Z1-2MU00693_20260729_230112_000;0.3;0.4;30.0;noise;0.13;;;;;
Car381009-2026-Pass1-Z1-2MU00693_20260729_230115_000;0.0;0.9;28.0;Leppun;0.97;;;;;
Car381009-2026-Pass1-Z1-2MU00693_20260729_230115_000;1.2;1.5;14.0;noise;0.37;;;;;
Car381009-2026-Pass1-Z1-2MU00693_20260729_230118_000;0.0;1.8;37.0;Leppun;0.97;;;;;
Car381009-2026-Pass1-Z1-2MU00693_20260729_230118_000;1.0;1.8;21.0;noise;0.21;;;;;
Car381009-2026-Pass1-Z1-2MU00693_20260729_230120_000;0.0;4.4;38.0;Leppun;0.95;;;;;
Car381009-2026-Pass1-Z1-2MU00693_20260729_230120_000;0.0;4.2;37.0;noise;0.11;;;;;
Car381009-2026-Pass1-Z1-2MU00693_20260729_230125_000;0.0;1.9;35.0;Leppun;0.91;;;;;
Car381009-2026-Pass1-Z1-2MU00693_20260729_230125_000;1.0;1.9;25.0;noise;0.08;Phogri;;;;
Car381009-2026-Pass1-Z1-2MU00693_20260729_230125_000;1.6;1.9;35.0;Testes;0.52;;;;;
Car381009-2026-Pass1-Z1-2MU00693_20260729_230128_000;0.0;0.7;34.0;Leppun;0.98;;;;;
Car381009-2026-Pass1-Z1-2MU00693_20260729_230128_000;0.4;0.9;27.0;noise;0.21;;;;;
Car381009-2026-Pass1-Z1-2MU00693_20260729_230128_000;0.4;1.4;26.0;Phogri;0.58;;;;;
Car381009-2026-Pass1-Z1-2MU00693_20260729_230131_000;0.0;1.8;37.0;Leppun;0.73;;;;;
Car381009-2026-Pass1-Z1-2MU00693_20260729_230131_000;0.6;2.0;29.0;noise;0.1;;;;;
Car381009-2026-Pass1-Z1-2MU00693_20260729_230131_000;0.0;2.1;30.0;Yposp;0.06;Roeroe;;;;
Car381009-2026-Pass1-Z1-2MU00693_20260729_230134_000;0.0;0.8;27.0;noise;0.07;;;;;
Car381009-2026-Pass1-Z1-2MU00693_20260729_230134_000;0.2;2.4;34.0;Leppun;0.82;;;;;
Car381009-2026-Pass1-Z1-2MU00693_20260729_230134_000;0.1;1.1;14.0;Phogri;0.05;Phanan;;;;
Car381009-2026-Pass1-Z1-2MU00693_20260729_230134_000;0.0;1.8;28.0;Roeroe;0.34;;;;;
Car381009-2026-Pass1-Z1-2MU00693_20260729_230138_000;0.0;3.8;37.0;Leppun;0.95;;;;;
Car381009-2026-Pass1-Z1-2MU00693_20260729_230138_000;1.3;2.2;39.0;Myonat;0.86;;;;;
Car381009-2026-Pass1-Z1-2MU00693_20260729_230138_000;0.3;4.4;25.0;noise;0.05;Phogri, Confus;;;;
Car381009-2026-Pass1-Z1-2MU00693_20260729_230138_000;1.4;2.6;39.0;Testes;0.44;;;;;
Car381009-2026-Pass1-Z1-2MU00693_20260729_230143_000;0.0;1.9;33.0;Leppun;0.98;;;;;
Car381009-2026-Pass1-Z1-2MU00693_20260729_230143_000;0.5;0.6;28.0;Phogri;0.64;;;;;
Car381009-2026-Pass1-Z1-2MU00693_20260729_230150_000;0.0;0.2;35.0;Confus;0.69;;;;;
Car381009-2026-Pass1-Z1-2MU00693_20260729_230150_000;0.0;2.0;27.0;Phogri;0.27;;;;;
Car381009-2026-Pass1-Z1-2MU00693_20260729_230150_000;0.2;1.0;45.0;Pippip;0.99;;;;;
Car381009-2026-Pass1-Z1-2MU00693_20260729_230156_000;0.0;5.0;45.0;Pippip;0.99;;;;;
Car381009-2026-Pass1-Z1-2MU00693_20260729_230156_000;0.0;4.6;26.0;Phogri;0.05;noise;;;;
Car381009-2026-Pass1-Z1-2MU00693_20260729_230156_000;0.0;4.2;28.0;Tetvir;0.19;;;;;
Car381009-2026-Pass1-Z1-2MU00693_20260729_230207_000;0.0;0.7;34.0;Leppun;0.59;;;;;
Car381009-2026-Pass1-Z1-2MU00693_20260729_230207_000;0.6;0.8;27.0;Phogri;0.74;;;;;
Car381009-2026-Pass1-Z1-2MU00693_20260729_230209_000;0.0;1.4;31.0;Leppun;0.98;;;;;
Car381009-2026-Pass1-Z1-2MU00693_20260729_230209_000;0.0;1.4;31.0;Phogri;0.78;;;;;
Car381009-2026-Pass1-Z1-2MU00693_20260729_230213_000;0.0;0.8;37.0;Leppun;0.98;;;;;
Car381009-2026-Pass1-Z1-2MU00693_20260729_230213_000;0.5;2.0;31.0;Phogri;0.31;;;;;
Car381009-2026-Pass1-Z1-2MU00693_20260729_230216_000;0.0;2.1;36.0;Leppun;0.98;;;;;
Car381009-2026-Pass1-Z1-2MU00693_20260729_230216_000;0.7;0.8;25.0;Phogri;0.57;;;;;
Car381009-2026-Pass1-Z1-2MU00693_20260729_230220_000;0.0;2.0;35.0;Leppun;0.94;;;;;
Car381009-2026-Pass1-Z1-2MU00693_20260729_230220_000;0.3;1.5;26.0;noise;0.04;Tetvir, Metbra;;;;
Car381009-2026-Pass1-Z1-2MU00693_20260729_230220_000;0.3;1.2;26.0;Phogri;0.59;;;;;
Car381009-2026-Pass1-Z1-2MU00693_20260729_230226_000;0.0;1.2;34.0;Leppun;0.96;;;;;
Car381009-2026-Pass1-Z1-2MU00693_20260729_230226_000;1.0;1.2;31.0;Phogri;0.4;;;;;
Car381009-2026-Pass1-Z1-2MU00693_20260729_230228_000;0.0;1.7;34.0;Leppun;0.58;;;;;
Car381009-2026-Pass1-Z1-2MU00693_20260729_230228_000;0.5;1.0;29.0;noise;0.1;;;;;
Car381009-2026-Pass1-Z1-2MU00693_20260729_230232_000;0.4;2.8;37.0;Leppun;0.94;;;;;
Car381009-2026-Pass1-Z1-2MU00693_20260729_230232_000;0.5;2.3;26.0;Phogri;0.67;;;;;
Car381009-2026-Pass1-Z1-2MU00693_20260729_230232_000;0.0;1.9;33.0;Testes;0.34;;;;;
Car381009-2026-Pass1-Z1-2MU00693_20260729_230237_000;0.1;1.4;14.0;noise;0.08;Phogri;;;;
Car381009-2026-Pass1-Z1-2MU00693_20260729_230237_000;0.0;0.3;37.0;Testes;0.82;;;;;
Car381009-2026-Pass1-Z1-2MU00693_20260729_230242_000;0.0;2.1;32.0;Leppun;0.91;;;;;
Car381009-2026-Pass1-Z1-2MU00693_20260729_230242_000;0.0;1.5;27.0;Phogri;0.55;;;;;
Car381009-2026-Pass1-Z1-2MU00693_20260729_230244_000;0.0;1.0;33.0;Leppun;0.65;;;;;
Car381009-2026-Pass1-Z1-2MU00693_20260729_230244_000;0.5;1.2;27.0;noise;0.13;;;;;
Car381009-2026-Pass1-Z1-2MU00693_20260729_230244_000;0.0;1.3;31.0;Testes;0.69;;;;;
Car381009-2026-Pass1-Z1-2MU00693_20260729_230253_000;0.0;5.0;28.0;Phogri;0.52;;;;;
Car381009-2026-Pass1-Z1-2MU00693_20260729_230253_000;0.0;4.9;45.0;Pipkuh;0.99;;;;;
Car381009-2026-Pass1-Z1-2MU00693_20260729_230253_000;0.0;4.4;30.0;Testes;0.65;;;;;
Car381009-2026-Pass1-Z1-2MU00693_20260729_230309_000;1.0;4.3;31.0;Leppun;0.22;;;;;
Car381009-2026-Pass1-Z1-2MU00693_20260729_230309_000;0.2;4.1;29.0;noise;0.12;;;;;
Car381009-2026-Pass1-Z1-2MU00693_20260729_230309_000;0.0;5.0;46.0;Pipkuh;0.97;;;;;
Car381009-2026-Pass1-Z1-2MU00693_20260729_230318_000;0.0;4.8;26.0;noise;0.16;Phogri;;;;
Car381009-2026-Pass1-Z1-2MU00693_20260729_230318_000;0.0;5.0;43.0;Pipkuh;0.99;;;;;
Car381009-2026-Pass1-Z1-2MU00693_20260729_230318_000;0.0;3.0;32.0;Plaalb;0.04;Confus, Tetvir, Phogri, Leppun, Antsp;;;;
Car381009-2026-Pass1-Z1-2MU00693_20260729_230327_000;1.4;4.5;24.0;noise;0.1;Phogri;;;;
Car381009-2026-Pass1-Z1-2MU00693_20260729_230327_000;0.0;5.0;43.0;Pipkuh;0.99;;;;;
Car381009-2026-Pass1-Z1-2MU00693_20260729_230340_000;0.1;5.0;25.0;Phogri;0.42;;;;;
Car381009-2026-Pass1-Z1-2MU00693_20260729_230340_000;0.0;5.0;47.0;Pipkuh;0.99;;;;;
Car381009-2026-Pass1-Z1-2MU00693_20260729_230348_000;4.2;4.5;35.0;Inssp7;0.99;;;;;
Car381009-2026-Pass1-Z1-2MU00693_20260729_230348_000;0.7;5.0;26.0;Phogri;0.51;;;;;
Car381009-2026-Pass1-Z1-2MU00693_20260729_230348_000;0.0;4.9;50.0;Pipkuh;0.99;;;;;
Car381009-2026-Pass1-Z1-2MU00693_20260729_230356_000;0.0;4.7;25.0;Phogri;0.53;;;;;
Car381009-2026-Pass1-Z1-2MU00693_20260729_230356_000;0.0;5.0;42.0;Pipkuh;0.99;;;;;
Car381009-2026-Pass1-Z1-2MU00693_20260729_230424_000;0.1;4.1;29.0;Leppun;0.61;;;;;
Car381009-2026-Pass1-Z1-2MU00693_20260729_230424_000;0.0;4.3;23.0;Phogri;0.74;;;;;
Car381009-2026-Pass1-Z1-2MU00693_20260729_230424_000;0.0;5.0;46.0;Pipkuh;0.99;;;;;
Car381009-2026-Pass1-Z1-2MU00693_20260729_230440_000;0.0;1.3;34.0;Leppun;0.99;;;;;
Car381009-2026-Pass1-Z1-2MU00693_20260729_230440_000;0.7;1.2;28.0;noise;0.39;;;;;
Car381009-2026-Pass1-Z1-2MU00693_20260729_230440_000;0.8;1.2;28.0;Phogri;0.68;;;;;
Car381009-2026-Pass1-Z1-2MU00693_20260729_230500_000;0.0;4.3;34.0;Leppun;0.94;;;;;
Car381009-2026-Pass1-Z1-2MU00693_20260729_230500_000;0.7;4.3;26.0;Phogri;0.7;;;;;
Car381009-2026-Pass1-Z1-2MU00693_20260729_230500_000;0.0;4.7;45.0;Pippip;0.98;;;;;
Car381009-2026-Pass1-Z1-2MU00693_20260729_230500_000;0.0;4.7;31.0;Testes;0.7;;;;;
Car381009-2026-Pass1-Z1-2MU00693_20260729_230500_000;0.0;4.7;20.0;Tetvir;0.37;;;;;
Car381009-2026-Pass1-Z1-2MU00693_20260729_230507_000;0.8;3.8;26.0;Leppun;0.97;;;;;
Car381009-2026-Pass1-Z1-2MU00693_20260729_230507_000;1.2;3.9;25.0;Phogri;0.8;;;;;
Car381009-2026-Pass1-Z1-2MU00693_20260729_230507_000;0.0;4.1;45.0;Pippip;0.99;;;;;
Car381009-2026-Pass1-Z1-2MU00693_20260729_230519_000;0.0;0.4;28.0;Leppun;0.68;;;;;
Car381009-2026-Pass1-Z1-2MU00693_20260729_230519_000;1.0;1.9;25.0;Phogri;0.78;;;;;
Car381009-2026-Pass1-Z1-2MU00693_20260729_230536_000;0.0;1.8;31.0;noise;0.05;Leppun, Tetvir;;;;
Car381009-2026-Pass1-Z1-2MU00693_20260729_230613_000;0.0;1.6;36.0;Leppun;0.98;;;;;
Car381009-2026-Pass1-Z1-2MU00693_20260729_230613_000;1.5;2.8;29.0;Phogri;0.35;;;;;
Car381009-2026-Pass1-Z1-2MU00693_20260729_230624_000;1.5;3.3;34.0;Leppun;0.99;;;;;
Car381009-2026-Pass1-Z1-2MU00693_20260729_230624_000;0.6;2.8;24.0;Phogri;0.71;;;;;
Car381009-2026-Pass1-Z1-2MU00693_20260729_230624_000;0.0;4.1;49.0;Pippip;0.99;;;;;
Car381009-2026-Pass1-Z1-2MU00693_20260729_230630_000;0.0;1.4;33.0;Leppun;0.97;;;;;
Car381009-2026-Pass1-Z1-2MU00693_20260729_230630_000;0.3;1.7;29.0;noise;0.11;;;;;
Car381009-2026-Pass1-Z1-2MU00693_20260729_230641_000;0.0;1.3;32.0;Leppun;0.72;;;;;
Car381009-2026-Pass1-Z1-2MU00693_20260729_230641_000;0.8;1.7;17.0;noise;0.81;;;;;
Car381009-2026-Pass1-Z1-2MU00693_20260729_230648_000;0.0;2.3;23.0;noise;0.14;Phogri;;;;
Car381009-2026-Pass1-Z1-2MU00693_20260729_230648_000;0.2;1.8;28.0;Rhasp;0.77;;;;;
Car381009-2026-Pass1-Z1-2MU00693_20260729_230713_000;0.0;1.4;37.0;Leppun;0.97;;;;;
Car381009-2026-Pass1-Z1-2MU00693_20260729_230713_000;0.5;1.4;27.0;Phogri;0.55;;;;;
Car381009-2026-Pass1-Z1-2MU00693_20260729_230713_000;0.2;2.0;46.0;Pippip;0.99;;;;;
Car381009-2026-Pass1-Z1-2MU00693_20260729_230719_000;0.0;1.8;30.0;Leppun;0.97;;;;;
Car381009-2026-Pass1-Z1-2MU00693_20260729_230719_000;0.4;1.8;26.0;Phogri;0.78;;;;;
Car381009-2026-Pass1-Z1-2MU00693_20260729_230722_000;0.0;0.9;27.0;Leppun;0.97;;;;;
Car381009-2026-Pass1-Z1-2MU00693_20260729_230722_000;0.1;1.2;25.0;noise;0.32;;;;;
Car381009-2026-Pass1-Z1-2MU00693_20260729_230727_000;0.0;0.1;37.0;Leppun;0.98;;;;;
Car381009-2026-Pass1-Z1-2MU00693_20260729_230727_000;0.1;1.8;22.0;noise;0.49;;;;;
Car381009-2026-Pass1-Z1-2MU00693_20260729_230727_000;0.1;0.2;24.0;Phogri;0.68;;;;;
Car381009-2026-Pass1-Z1-2MU00693_20260729_230731_000;0.0;1.7;33.0;Leppun;0.97;;;;;
Car381009-2026-Pass1-Z1-2MU00693_20260729_230739_000;0.0;4.8;27.0;noise;0.14;Phogri;;;;
Car381009-2026-Pass1-Z1-2MU00693_20260729_230739_000;0.0;5.0;50.0;Pippip;0.99;;;;;
Car381009-2026-Pass1-Z1-2MU00693_20260729_230748_000;0.0;1.3;30.0;Leppun;0.97;;;;;
Car381009-2026-Pass1-Z1-2MU00693_20260729_230748_000;0.5;1.9;22.0;Phogri;0.48;;;;;
Car381009-2026-Pass1-Z1-2MU00693_20260729_230752_000;0.0;1.2;31.0;Leppun;0.97;;;;;
Car381009-2026-Pass1-Z1-2MU00693_20260729_230752_000;1.0;1.2;19.0;noise;0.19;;;;;
Car381009-2026-Pass1-Z1-2MU00693_20260729_230802_000;0.0;2.0;51.0;Leppun;0.96;;;;;
Car381009-2026-Pass1-Z1-2MU00693_20260729_230802_000;0.3;2.0;28.0;Phogri;0.8;;;;;
Car381009-2026-Pass1-Z1-2MU00693_20260729_230821_000;0.3;1.6;37.0;Leppun;0.37;;;;;
Car381009-2026-Pass1-Z1-2MU00693_20260729_230821_000;0.3;2.0;26.0;noise;0.12;;;;;
Car381009-2026-Pass1-Z1-2MU00693_20260729_230824_000;0.4;1.4;27.0;noise;0.24;;;;;
Car381009-2026-Pass1-Z1-2MU00693_20260729_230824_000;0.8;2.1;34.0;Testes;0.49;;;;;
Car381009-2026-Pass1-Z1-2MU00693_20260729_230832_000;0.1;4.2;27.0;Phogri;0.68;;;;;
Car381009-2026-Pass1-Z1-2MU00693_20260729_230832_000;0.0;4.7;38.0;Pipnat;0.85;;;;;
Car381009-2026-Pass1-Z1-2MU00693_20260729_230832_000;2.4;4.2;31.0;Testes;0.85;;;;;
Car381009-2026-Pass1-Z1-2MU00693_20260729_230837_000;0.8;4.1;27.0;Phogri;0.12;noise;;;;
Car381009-2026-Pass1-Z1-2MU00693_20260729_230837_000;0.0;4.2;40.0;Pipkuh;0.96;;;;;
Car381009-2026-Pass1-Z1-2MU00693_20260729_230849_000;1.3;2.8;35.0;Leppun;0.49;;;;;
Car381009-2026-Pass1-Z1-2MU00693_20260729_230849_000;0.2;4.6;26.0;noise;0.2;;;;;
Car381009-2026-Pass1-Z1-2MU00693_20260729_230849_000;0.0;5.0;49.0;Pipkuh;0.98;;;;;
Car381009-2026-Pass1-Z1-2MU00693_20260729_230901_000;0.6;4.7;25.0;Phogri;0.69;;;;;
Car381009-2026-Pass1-Z1-2MU00693_20260729_230901_000;0.0;4.1;50.0;Pippip;0.99;;;;;
Car381009-2026-Pass1-Z1-2MU00693_20260729_230907_000;0.7;1.8;30.0;Phogri;0.46;;;;;
Car381009-2026-Pass1-Z1-2MU00693_20260729_230907_000;0.0;0.8;31.0;Testes;0.58;;;;;
Car381009-2026-Pass1-Z1-2MU00693_20260729_230912_000;0.0;1.8;30.0;Testes;0.81;;;;;
Car381009-2026-Pass1-Z1-2MU00693_20260729_230915_000;0.0;4.2;32.0;Leppun;0.9;;;;;
Car381009-2026-Pass1-Z1-2MU00693_20260729_230915_000;1.2;4.1;29.0;Testes;0.08;noise, Antsp;;;;
Car381009-2026-Pass1-Z1-2MU00693_20260729_230924_000;0.2;2.0;38.0;Pipkuh;0.97;;;;;
Car381009-2026-Pass1-Z1-2MU00693_20260729_230924_000;1.9;2.0;46.0;Pippip;0.87;;;;;
Car381009-2026-Pass1-Z1-2MU00693_20260729_230924_000;0.0;1.5;30.0;Testes;0.27;;;;;
Car381009-2026-Pass1-Z1-2MU00693_20260729_230928_000;0.1;3.4;32.0;Leppun;0.12;;;;;
Car381009-2026-Pass1-Z1-2MU00693_20260729_230928_000;0.0;4.3;24.0;noise;0.16;;;;;
Car381009-2026-Pass1-Z1-2MU00693_20260729_230928_000;1.4;3.3;14.0;Phogri;0.65;;;;;
Car381009-2026-Pass1-Z1-2MU00693_20260729_230928_000;0.0;4.8;40.0;Pipkuh;0.98;;;;;
Car381009-2026-Pass1-Z1-2MU00693_20260729_230928_000;0.0;5.0;48.0;Pippip;0.99;;;;;
Car381009-2026-Pass1-Z1-2MU00693_20260729_230935_000;0.0;3.6;31.0;Leppun;0.97;;;;;
Car381009-2026-Pass1-Z1-2MU00693_20260729_230935_000;0.5;4.7;25.0;Phogri;0.73;;;;;
Car381009-2026-Pass1-Z1-2MU00693_20260729_230935_000;0.0;5.0;46.0;Pipkuh;0.99;;;;;
Car381009-2026-Pass1-Z1-2MU00693_20260729_230943_000;0.0;1.6;37.0;Leppun;0.97;;;;;
Car381009-2026-Pass1-Z1-2MU00693_20260729_230943_000;0.6;0.9;22.0;Phogri;0.7;;;;;
Car381009-2026-Pass1-Z1-2MU00693_20260729_230945_000;0.0;2.0;29.0;Leppun;0.9;;;;;
Car381009-2026-Pass1-Z1-2MU00693_20260729_230945_000;1.2;1.6;16.0;Rhasp;0.25;;;;;
Car381009-2026-Pass1-Z1-2MU00693_20260729_230953_000;0.0;1.6;28.0;Leppun;0.96;;;;;
Car381009-2026-Pass1-Z1-2MU00693_20260729_230953_000;0.0;1.9;24.0;noise;0.1;Tetvir;;;;
Car381009-2026-Pass1-Z1-2MU00693_20260729_230953_000;0.5;0.7;13.0;Phogri;0.04;Tetvir, Tadten, Pipkuh;;;;
Car381009-2026-Pass1-Z1-2MU00693_20260729_231004_000;0.0;0.9;31.0;Leppun;0.78;;;;;
Car381009-2026-Pass1-Z1-2MU00693_20260729_231004_000;0.0;1.8;25.0;Phogri;0.72;;;;;
Car381009-2026-Pass1-Z1-2MU00693_20260729_231010_000;0.0;1.8;29.0;Leppun;0.96;;;;;
Car381009-2026-Pass1-Z1-2MU00693_20260729_231010_000;0.5;1.8;25.0;Phogri;0.79;;;;;
Car381009-2026-Pass1-Z1-2MU00693_20260729_231013_000;0.0;1.5;35.0;Leppun;0.98;;;;;
Car381009-2026-Pass1-Z1-2MU00693_20260729_231013_000;0.2;1.5;28.0;noise;0.19;;;;;
Car381009-2026-Pass1-Z1-2MU00693_20260729_231013_000;1.5;1.6;38.0;Pipkuh;0.24;;;;;
Car381009-2026-Pass1-Z1-2MU00693_20260729_231016_000;0.0;1.6;36.0;Leppun;0.97;;;;;
Car381009-2026-Pass1-Z1-2MU00693_20260729_231016_000;0.7;2.0;24.0;Phogri;0.68;;;;;
Car381009-2026-Pass1-Z1-2MU00693_20260729_231016_000;0.6;1.8;40.0;Pipkuh;0.98;;;;;
Car381009-2026-Pass1-Z1-2MU00693_20260729_231021_000;0.4;4.9;36.0;Leppun;0.97;;;;;
Car381009-2026-Pass1-Z1-2MU00693_20260729_231021_000;0.3;4.9;24.0;Phogri;0.8;;;;;
Car381009-2026-Pass1-Z1-2MU00693_20260729_231021_000;0.0;4.9;42.0;Pipkuh;0.99;;;;;
Car381009-2026-Pass1-Z1-2MU00693_20260729_231021_000;2.2;3.2;33.0;Testes;0.83;;;;;
Car381009-2026-Pass1-Z1-2MU00693_20260729_231039_000;0.7;3.5;33.0;Leppun;0.45;;;;;
Car381009-2026-Pass1-Z1-2MU00693_20260729_231039_000;1.4;4.9;26.0;Phogri;0.43;;;;;
Car381009-2026-Pass1-Z1-2MU00693_20260729_231039_000;0.0;4.9;40.0;Pipkuh;0.98;;;;;
Car381009-2026-Pass1-Z1-2MU00693_20260729_231051_000;0.9;4.7;29.0;Leppun;0.67;;;;;
Car381009-2026-Pass1-Z1-2MU00693_20260729_231051_000;0.8;4.6;30.0;noise;0.16;;;;;
Car381009-2026-Pass1-Z1-2MU00693_20260729_231051_000;0.0;5.0;50.0;Pipkuh;0.99;;;;;
Car381009-2026-Pass1-Z1-2MU00693_20260729_231111_000;1.0;5.0;35.0;Leppun;0.66;;;;;
Car381009-2026-Pass1-Z1-2MU00693_20260729_231111_000;0.0;4.8;44.0;Pippip;0.97;;;;;
Car381009-2026-Pass1-Z1-2MU00693_20260729_231111_000;0.9;4.8;33.0;Testes;0.94;;;;;
Car381009-2026-Pass1-Z1-2MU00693_20260729_231111_000;0.9;3.1;26.0;Tetvir;0.51;;;;;
Car381009-2026-Pass1-Z1-2MU00693_20260729_231154_000;0.0;1.6;33.0;Leppun;0.72;;;;;
Car381009-2026-Pass1-Z1-2MU00693_20260729_231154_000;1.1;1.2;17.0;noise;0.56;;;;;
Car381009-2026-Pass1-Z1-2MU00693_20260729_231224_000;0.0;1.3;28.0;noise;0.81;;;;;
Car381009-2026-Pass1-Z1-2MU00693_20260729_231232_000;0.2;4.3;39.0;Leppun;0.21;noise;;;;
Car381009-2026-Pass1-Z1-2MU00693_20260729_231232_000;0.0;4.6;28.0;Phogri;0.79;;;;;
Car381009-2026-Pass1-Z1-2MU00693_20260729_231232_000;0.0;5.0;54.0;Pippip;0.97;;;;;
Car381009-2026-Pass1-Z1-2MU00693_20260729_231255_000;0.0;2.0;32.0;noise;0.05;Leppun, Tetvir;;;;
Car381009-2026-Pass1-Z1-2MU00693_20260729_231255_000;0.3;1.7;32.0;noise;0.04;Tetvir, Rhasp, Pippip, Pipkuh, Phogri, Antsp;;;;
Car381009-2026-Pass1-Z1-2MU00693_20260729_231308_000;0.0;1.9;32.0;Leppun;0.88;;;;;
Car381009-2026-Pass1-Z1-2MU00693_20260729_231308_000;0.4;1.3;28.0;Phogri;0.3;;;;;
Car381009-2026-Pass1-Z1-2MU00693_20260729_231311_000;0.0;1.6;32.0;Leppun;0.56;;;;;
Car381009-2026-Pass1-Z1-2MU00693_20260729_231311_000;0.1;1.3;29.0;Tetvir;0.52;;;;;
Car381009-2026-Pass1-Z1-2MU00693_20260729_231314_000;0.0;1.7;39.0;Leppun;0.98;;;;;
Car381009-2026-Pass1-Z1-2MU00693_20260729_231314_000;1.1;1.2;23.0;Phogri;0.19;;;;;
Car381009-2026-Pass1-Z1-2MU00693_20260729_231320_000;0.0;1.9;28.0;Leppun;0.99;;;;;
Car381009-2026-Pass1-Z1-2MU00693_20260729_231320_000;0.6;1.5;26.0;Phogri;0.76;;;;;
Car381009-2026-Pass1-Z1-2MU00693_20260729_231323_000;0.0;2.1;32.0;Leppun;0.95;;;;;
Car381009-2026-Pass1-Z1-2MU00693_20260729_231323_000;0.1;2.1;31.0;noise;0.11;;;;;
Car381009-2026-Pass1-Z1-2MU00693_20260729_231329_000;0.0;1.9;27.0;Leppun;0.95;;;;;
Car381009-2026-Pass1-Z1-2MU00693_20260729_231329_000;0.2;1.0;16.0;Tetvir;0.63;;;;;
Car381009-2026-Pass1-Z1-2MU00693_20260729_231333_000;0.0;0.5;39.0;Leppun;0.99;;;;;
Car381009-2026-Pass1-Z1-2MU00693_20260729_231333_000;0.2;1.8;17.0;noise;0.19;;;;;
Car381009-2026-Pass1-Z1-2MU00693_20260729_231333_000;0.0;2.3;50.0;Pippip;0.99;;;;;
Car381009-2026-Pass1-Z1-2MU00693_20260729_231336_000;0.0;2.1;31.0;Leppun;0.97;;;;;
Car381009-2026-Pass1-Z1-2MU00693_20260729_231336_000;1.3;1.5;25.0;Phogri;0.68;;;;;
Car381009-2026-Pass1-Z1-2MU00693_20260729_231340_000;0.0;1.3;33.0;Leppun;0.8;;;;;
Car381009-2026-Pass1-Z1-2MU00693_20260729_231340_000;0.2;2.2;29.0;Phogri;0.37;;;;;
Car381009-2026-Pass1-Z1-2MU00693_20260729_231345_000;0.0;0.9;35.0;Leppun;0.99;;;;;
Car381009-2026-Pass1-Z1-2MU00693_20260729_231345_000;1.3;2.1;21.0;noise;0.08;;;;;
Car381009-2026-Pass1-Z1-2MU00693_20260729_231348_000;0.0;1.4;36.0;Leppun;0.98;;;;;
Car381009-2026-Pass1-Z1-2MU00693_20260729_231348_000;1.2;1.4;24.0;Phogri;0.55;;;;;
Car381009-2026-Pass1-Z1-2MU00693_20260729_231351_000;0.0;1.5;38.0;Leppun;0.99;;;;;
Car381009-2026-Pass1-Z1-2MU00693_20260729_231351_000;0.0;1.5;31.0;noise;0.12;;;;;
Car381009-2026-Pass1-Z1-2MU00693_20260729_231355_000;0.0;2.1;32.0;Leppun;0.88;;;;;
Car381009-2026-Pass1-Z1-2MU00693_20260729_231355_000;0.0;1.2;49.0;Pippip;0.99;;;;;
Car381009-2026-Pass1-Z1-2MU00693_20260729_231401_000;0.0;1.4;35.0;Leppun;0.97;;;;;
Car381009-2026-Pass1-Z1-2MU00693_20260729_231401_000;0.0;0.6;37.0;Phogri;0.04;noise, Tetvir;;;;
Car381009-2026-Pass1-Z1-2MU00693_20260729_231401_000;0.1;1.2;49.0;Pippip;0.99;;;;;
Car381009-2026-Pass1-Z1-2MU00693_20260729_231407_000;0.0;1.8;33.0;Leppun;0.1;noise;;;;
Car381009-2026-Pass1-Z1-2MU00693_20260729_231407_000;1.6;1.8;22.0;Phogri;0.5;;;;;
Car381009-2026-Pass1-Z1-2MU00693_20260729_231409_000;0.0;2.1;32.0;Leppun;0.73;;;;;
Car381009-2026-Pass1-Z1-2MU00693_20260729_231409_000;0.2;2.0;32.0;Testes;0.14;noise, Antsp;;;;
Car381009-2026-Pass1-Z1-2MU00693_20260729_231412_000;0.0;2.1;33.0;noise;0.06;Leppun, Yposp, Tetvir, Phogri;;;;
Car381009-2026-Pass1-Z1-2MU00693_20260729_231412_000;0.1;2.0;41.0;Myodau;0.66;;;;;
Car381009-2026-Pass1-Z1-2MU00693_20260729_231414_000;0.0;2.0;29.0;Leppun;0.46;;;;;
Car381009-2026-Pass1-Z1-2MU00693_20260729_231414_000;0.7;1.9;42.0;Pipkuh;0.04;noise, Tetvir, Pippip, Phogri;;;;
Car381009-2026-Pass1-Z1-2MU00693_20260729_231418_000;0.0;1.8;36.0;Leppun;0.98;;;;;
Car381009-2026-Pass1-Z1-2MU00693_20260729_231418_000;0.2;2.0;25.0;Phogri;0.77;;;;;
Car381009-2026-Pass1-Z1-2MU00693_20260729_231418_000;1.8;1.9;13.0;noise;0.05;;;;;
Car381009-2026-Pass1-Z1-2MU00693_20260729_231422_000;0.0;2.1;31.0;Leppun;0.93;;;;;
Car381009-2026-Pass1-Z1-2MU00693_20260729_231422_000;0.2;0.9;41.0;Myodau;0.12;;;;;
Car381009-2026-Pass1-Z1-2MU00693_20260729_231422_000;0.7;2.0;32.0;Phogri;0.49;;;;;
Car381009-2026-Pass1-Z1-2MU00693_20260729_231424_000;0.0;1.9;32.0;Leppun;0.31;;;;;
Car381009-2026-Pass1-Z1-2MU00693_20260729_231424_000;0.1;2.0;32.0;noise;0.05;Antsp, Yposp, Testes, Insp12;;;;
Car381009-2026-Pass1-Z1-2MU00693_20260729_231427_000;0.0;4.4;38.0;Leppun;0.96;;;;;
Car381009-2026-Pass1-Z1-2MU00693_20260729_231427_000;0.2;4.6;17.0;noise;0.12;Tetvir;;;;
Car381009-2026-Pass1-Z1-2MU00693_20260729_231427_000;0.2;4.5;37.0;Phogri;0.71;;;;;
Car381009-2026-Pass1-Z1-2MU00693_20260729_231433_000;0.0;1.3;38.0;Leppun;0.98;;;;;
Car381009-2026-Pass1-Z1-2MU00693_20260729_231433_000;0.1;0.3;17.0;Phanan;0.09;noise;;;;
Car381009-2026-Pass1-Z1-2MU00693_20260729_231433_000;0.0;1.4;25.0;Phogri;0.69;;;;;
Car381009-2026-Pass1-Z1-2MU00693_20260729_231435_000;0.0;1.9;39.0;Leppun;0.98;;;;;
Car381009-2026-Pass1-Z1-2MU00693_20260729_231435_000;1.2;2.1;29.0;noise;0.2;;;;;
Car381009-2026-Pass1-Z1-2MU00693_20260729_231440_000;0.1;2.7;33.0;Leppun;0.88;;;;;
Car381009-2026-Pass1-Z1-2MU00693_20260729_231440_000;0.0;2.8;34.0;Phogri;0.79;;;;;
Car381009-2026-Pass1-Z1-2MU00693_20260729_231444_000;0.0;0.2;38.0;Leppun;0.96;;;;;
Car381009-2026-Pass1-Z1-2MU00693_20260729_231444_000;1.5;1.6;12.0;noise;0.44;;;;;
Car381009-2026-Pass1-Z1-2MU00693_20260729_231446_000;0.0;4.5;37.0;Leppun;0.98;;;;;
Car381009-2026-Pass1-Z1-2MU00693_20260729_231446_000;1.3;3.8;25.0;Nyclei;0.2;;;;;
Car381009-2026-Pass1-Z1-2MU00693_20260729_231446_000;0.4;4.5;29.0;Phogri;0.61;;;;;
Car381009-2026-Pass1-Z1-2MU00693_20260729_231454_000;0.0;3.9;31.0;noise;0.18;;;;;
Car381009-2026-Pass1-Z1-2MU00693_20260729_231454_000;0.0;5.0;41.0;Pipkuh;0.91;;;;;
Car381009-2026-Pass1-Z1-2MU00693_20260729_231502_000;0.0;1.2;35.0;Leppun;0.41;;;;;
Car381009-2026-Pass1-Z1-2MU00693_20260729_231502_000;1.2;1.3;33.0;Phogri;0.55;;;;;
Car381009-2026-Pass1-Z1-2MU00693_20260729_231502_000;0.1;0.9;39.0;Pipkuh;0.97;;;;;
Car381009-2026-Pass1-Z1-2MU00693_20260729_231506_000;0.0;0.9;37.0;Leppun;0.98;;;;;
Car381009-2026-Pass1-Z1-2MU00693_20260729_231506_000;1.8;1.9;9.0;Tetvir;0.45;;;;;
Car381009-2026-Pass1-Z1-2MU00693_20260729_231510_000;0.2;5.0;31.0;noise;0.16;;;;;
Car381009-2026-Pass1-Z1-2MU00693_20260729_231510_000;0.2;3.5;39.0;Pipkuh;0.83;;;;;
Car381009-2026-Pass1-Z1-2MU00693_20260729_231510_000;0.0;5.0;46.0;Pippip;0.98;;;;;
Car381009-2026-Pass1-Z1-2MU00693_20260729_231529_000;0.0;1.9;32.0;Leppun;0.81;;;;;
Car381009-2026-Pass1-Z1-2MU00693_20260729_231529_000;0.2;2.0;32.0;noise;0.06;Testes, Insp12, Antsp;;;;
Car381009-2026-Pass1-Z1-2MU00693_20260729_231533_000;0.0;1.5;28.0;Leppun;0.98;;;;;
Car381009-2026-Pass1-Z1-2MU00693_20260729_231533_000;0.2;0.4;25.0;noise;0.06;Tetvir, Phogri;;;;
Car381009-2026-Pass1-Z1-2MU00693_20260729_231537_000;0.0;3.4;33.0;Leppun;0.96;;;;;
Car381009-2026-Pass1-Z1-2MU00693_20260729_231537_000;2.3;3.5;16.0;noise;0.23;;;;;
Car381009-2026-Pass1-Z1-2MU00693_20260729_231537_000;0.0;5.0;51.0;Pippyg;0.5;;;;;
Car381009-2026-Pass1-Z1-2MU00693_20260729_231547_000;0.0;1.6;29.0;noise;0.12;;;;;
Car381009-2026-Pass1-Z1-2MU00693_20260729_231547_000;0.0;1.5;34.0;Testes;0.3;;;;;
Car381009-2026-Pass1-Z1-2MU00693_20260729_231549_000;0.0;2.0;33.0;Leppun;0.98;;;;;
Car381009-2026-Pass1-Z1-2MU00693_20260729_231549_000;0.7;2.1;29.0;noise;0.1;;;;;
Car381009-2026-Pass1-Z1-2MU00693_20260729_231552_000;0.0;1.6;37.0;Leppun;0.98;;;;;
Car381009-2026-Pass1-Z1-2MU00693_20260729_231552_000;0.2;1.9;30.0;noise;0.34;;;;;
Car381009-2026-Pass1-Z1-2MU00693_20260729_231555_000;0.0;0.8;31.0;Leppun;0.98;;;;;
Car381009-2026-Pass1-Z1-2MU00693_20260729_231555_000;0.3;2.7;22.0;Phogri;0.73;;;;;
Car381009-2026-Pass1-Z1-2MU00693_20260729_231559_000;0.0;1.9;34.0;Leppun;0.99;;;;;
Car381009-2026-Pass1-Z1-2MU00693_20260729_231559_000;0.6;1.2;16.0;noise;0.72;;;;;
Car381009-2026-Pass1-Z1-2MU00693_20260729_231602_000;0.1;2.0;32.0;noise;0.06;Yposp, criq, Antsp;;;;
Car381009-2026-Pass1-Z1-2MU00693_20260729_231602_000;0.0;2.0;38.0;Leppun;0.41;;;;;
Car381009-2026-Pass1-Z1-2MU00693_20260729_231611_000;0.4;1.7;27.0;noise;0.14;;;;;
Car381009-2026-Pass1-Z1-2MU00693_20260729_231611_000;0.0;1.0;29.0;Rhasp;0.07;Yposp, Roeroe;;;;
Car381009-2026-Pass1-Z1-2MU00693_20260729_231614_000;0.1;0.5;16.0;noise;0.09;Phanan;;;;
Car381009-2026-Pass1-Z1-2MU00693_20260729_231614_000;0.7;0.9;26.0;Phogri;0.22;;;;;
Car381009-2026-Pass1-Z1-2MU00693_20260729_231614_000;0.0;0.6;34.0;Testes;0.5;;;;;
Car381009-2026-Pass1-Z1-2MU00693_20260729_231623_000;0.0;1.9;20.0;Phogri;0.63;;;;;
Car381009-2026-Pass1-Z1-2MU00693_20260729_231623_000;0.0;2.0;33.0;Testes;0.36;;;;;
Car381009-2026-Pass1-Z1-2MU00693_20260729_231625_000;0.0;1.3;28.0;noise;0.39;;;;;
Car381009-2026-Pass1-Z1-2MU00693_20260729_231625_000;0.0;0.6;34.0;Testes;0.19;Confus;;;;
Car381009-2026-Pass1-Z1-2MU00693_20260729_231632_000;0.0;4.1;33.0;Leppun;0.56;;;;;
Car381009-2026-Pass1-Z1-2MU00693_20260729_231632_000;0.0;5.0;32.0;noise;0.19;Rhasp, Antsp;;;;
Car381009-2026-Pass1-Z1-2MU00693_20260729_231632_000;3.0;4.1;16.0;Phanan;0.08;Phogri;;;;
Car381009-2026-Pass1-Z1-2MU00693_20260729_231639_000;0.0;0.1;38.0;Leppun;0.99;;;;;
Car381009-2026-Pass1-Z1-2MU00693_20260729_231639_000;1.3;1.5;19.0;noise;0.35;;;;;
Car381009-2026-Pass1-Z1-2MU00693_20260729_231639_000;1.8;1.9;48.0;Pippip;0.91;;;;;
Car381009-2026-Pass1-Z1-2MU00693_20260729_231644_000;0.0;2.0;33.0;Leppun;0.96;;;;;
Car381009-2026-Pass1-Z1-2MU00693_20260729_231644_000;1.1;1.7;16.0;noise;0.45;;;;;
Car381009-2026-Pass1-Z1-2MU00693_20260729_231647_000;0.0;3.6;34.0;Leppun;0.97;;;;;
Car381009-2026-Pass1-Z1-2MU00693_20260729_231647_000;0.3;3.6;28.0;Phogri;0.59;;;;;
Car381009-2026-Pass1-Z1-2MU00693_20260729_231653_000;0.0;2.0;32.0;noise;0.47;;;;;
Car381009-2026-Pass1-Z1-2MU00693_20260729_231653_000;0.0;2.0;32.0;Antsp;0.05;Yposp, Testes, Pipkuh;;;;
Car381009-2026-Pass1-Z1-2MU00693_20260729_231658_000;0.0;1.3;37.0;Leppun;0.99;;;;;
Car381009-2026-Pass1-Z1-2MU00693_20260729_231658_000;0.9;1.7;11.0;noise;0.7;;;;;
Car381009-2026-Pass1-Z1-2MU00693_20260729_231658_000;0.6;1.3;25.0;Phogri;0.53;;;;;
Car381009-2026-Pass1-Z1-2MU00693_20260729_231703_000;0.0;1.9;23.0;noise;0.3;;;;;
Car381009-2026-Pass1-Z1-2MU00693_20260729_231703_000;1.7;1.9;27.0;Phogri;0.03;Tetvir, Rhasp, Plaalb, Antsp;;;;
Car381009-2026-Pass1-Z1-2MU00693_20260729_231717_000;0.0;0.1;27.0;Leppun;0.85;;;;;
Car381009-2026-Pass1-Z1-2MU00693_20260729_231717_000;0.0;1.1;16.0;noise;0.14;;;;;
Car381009-2026-Pass1-Z1-2MU00693_20260729_231732_000;1.5;2.1;36.0;Yposp;0.08;noise, Roeroe;;;;
Car381009-2026-Pass1-Z1-2MU00693_20260729_231732_000;0.0;2.1;36.0;Leppun;0.57;;;;;
Car381009-2026-Pass1-Z1-2MU00693_20260729_231732_000;1.2;2.0;26.0;Phogri;0.73;;;;;
Car381009-2026-Pass1-Z1-2MU00693_20260729_231736_000;1.5;4.9;34.0;Leppun;0.97;;;;;
Car381009-2026-Pass1-Z1-2MU00693_20260729_231736_000;0.0;5.0;43.0;Pipkuh;0.99;;;;;
Car381009-2026-Pass1-Z1-2MU00693_20260729_231736_000;1.5;4.9;27.0;Tetvir;0.46;;;;;
Car381009-2026-Pass1-Z1-2MU00693_20260729_231745_000;0.3;0.4;39.0;Pipkuh;0.8;;;;;
Car381009-2026-Pass1-Z1-2MU00693_20260729_231745_000;1.0;1.9;19.0;Tetvir;0.68;;;;;
Car381009-2026-Pass1-Z1-2MU00693_20260729_231748_000;0.7;1.1;38.0;Leppun;0.97;;;;;
Car381009-2026-Pass1-Z1-2MU00693_20260729_231748_000;0.0;2.5;24.0;noise;0.18;;;;;
Car381009-2026-Pass1-Z1-2MU00693_20260729_231751_000;0.0;1.9;32.0;Leppun;0.97;;;;;
Car381009-2026-Pass1-Z1-2MU00693_20260729_231751_000;0.4;1.4;16.0;noise;0.31;;;;;
Car381009-2026-Pass1-Z1-2MU00693_20260729_231751_000;0.1;0.2;40.0;Pipkuh;0.89;;;;;
Car381009-2026-Pass1-Z1-2MU00693_20260729_231759_000;0.0;0.4;33.0;noise;0.05;Yposp;;;;
Car381009-2026-Pass1-Z1-2MU00693_20260729_231759_000;0.0;1.3;38.0;Leppun;0.08;noise;;;;
Car381009-2026-Pass1-Z1-2MU00693_20260729_231804_000;0.0;5.0;35.0;Leppun;0.98;;;;;
Car381009-2026-Pass1-Z1-2MU00693_20260729_231804_000;1.1;4.2;25.0;noise;0.27;;;;;
Car381009-2026-Pass1-Z1-2MU00693_20260729_231804_000;0.0;4.9;40.0;Pipkuh;0.5;Pipnat;;;;
Car381009-2026-Pass1-Z1-2MU00693_20260729_231816_000;0.0;1.0;37.0;Leppun;0.9;;;;;
Car381009-2026-Pass1-Z1-2MU00693_20260729_231816_000;0.2;0.6;21.0;noise;0.17;;;;;
Car381009-2026-Pass1-Z1-2MU00693_20260729_231816_000;0.1;0.5;30.0;Testes;0.17;;;;;
Car381009-2026-Pass1-Z1-2MU00693_20260729_231823_000;0.0;1.5;34.0;Leppun;0.96;;;;;
Car381009-2026-Pass1-Z1-2MU00693_20260729_231823_000;0.3;1.5;19.0;Phogri;0.67;;;;;
Car381009-2026-Pass1-Z1-2MU00693_20260729_231823_000;0.1;2.1;38.0;Pipkuh;0.99;;;;;
Car381009-2026-Pass1-Z1-2MU00693_20260729_231826_000;0.0;1.3;29.0;Leppun;0.94;;;;;
Car381009-2026-Pass1-Z1-2MU00693_20260729_231826_000;1.6;1.9;17.0;noise;0.17;;;;;
Car381009-2026-Pass1-Z1-2MU00693_20260729_231826_000;0.1;2.0;44.0;Pipkuh;0.95;;;;;
Car381009-2026-Pass1-Z1-2MU00693_20260729_231829_000;0.4;4.2;32.0;Leppun;0.89;;;;;
Car381009-2026-Pass1-Z1-2MU00693_20260729_231829_000;0.0;5.0;43.0;Pipkuh;0.99;;;;;
Car381009-2026-Pass1-Z1-2MU00693_20260729_231838_000;0.0;1.3;34.0;Leppun;0.99;;;;;
Car381009-2026-Pass1-Z1-2MU00693_20260729_231838_000;0.4;1.0;19.0;noise;0.05;Phogri;;;;
Car381009-2026-Pass1-Z1-2MU00693_20260729_231838_000;0.5;0.6;39.0;Pipkuh;0.56;;;;;
Car381009-2026-Pass1-Z1-2MU00693_20260729_231845_000;0.0;1.2;32.0;Leppun;0.68;;;;;
Car381009-2026-Pass1-Z1-2MU00693_20260729_231845_000;1.1;1.2;25.0;Phogri;0.62;;;;;
Car381009-2026-Pass1-Z1-2MU00693_20260729_231847_000;0.0;0.1;37.0;Leppun;0.99;;;;;
Car381009-2026-Pass1-Z1-2MU00693_20260729_231847_000;1.6;1.7;20.0;noise;0.67;;;;;
Car381009-2026-Pass1-Z1-2MU00693_20260729_231852_000;0.0;0.8;38.0;Leppun;0.98;;;;;
Car381009-2026-Pass1-Z1-2MU00693_20260729_231852_000;0.3;1.0;18.0;noise;0.11;;;;;
Car381009-2026-Pass1-Z1-2MU00693_20260729_231854_000;0.0;2.0;33.0;Leppun;0.98;;;;;
Car381009-2026-Pass1-Z1-2MU00693_20260729_231854_000;0.9;2.0;21.0;Phogri;0.84;;;;;
Car381009-2026-Pass1-Z1-2MU00693_20260729_231858_000;0.0;0.4;31.0;Leppun;0.98;;;;;
Car381009-2026-Pass1-Z1-2MU00693_20260729_231858_000;0.2;1.0;18.0;noise;0.14;;;;;
Car381009-2026-Pass1-Z1-2MU00693_20260729_231902_000;0.0;0.4;37.0;Leppun;0.98;;;;;
Car381009-2026-Pass1-Z1-2MU00693_20260729_231906_000;0.0;2.1;35.0;Leppun;0.98;;;;;
Car381009-2026-Pass1-Z1-2MU00693_20260729_231906_000;0.2;1.8;22.0;noise;0.09;;;;;
Car381009-2026-Pass1-Z1-2MU00693_20260729_231908_000;0.0;1.6;43.0;Leppun;0.97;;;;;
Car381009-2026-Pass1-Z1-2MU00693_20260729_231908_000;1.7;1.8;26.0;Phogri;0.43;;;;;
Car381009-2026-Pass1-Z1-2MU00693_20260729_231911_000;0.0;1.8;36.0;Leppun;0.96;;;;;
Car381009-2026-Pass1-Z1-2MU00693_20260729_231911_000;1.7;1.9;26.0;Phogri;0.63;;;;;
Car381009-2026-Pass1-Z1-2MU00693_20260729_231916_000;0.0;1.7;33.0;Leppun;0.97;;;;;
Car381009-2026-Pass1-Z1-2MU00693_20260729_231916_000;1.0;2.0;24.0;noise;0.16;;;;;
Car381009-2026-Pass1-Z1-2MU00693_20260729_231916_000;1.6;1.7;40.0;Pipkuh;0.94;;;;;
Car381009-2026-Pass1-Z1-2MU00693_20260729_231918_000;0.0;1.8;35.0;Leppun;0.97;;;;;
Car381009-2026-Pass1-Z1-2MU00693_20260729_231918_000;0.2;0.3;22.0;noise;0.05;Phogri;;;;
Car381009-2026-Pass1-Z1-2MU00693_20260729_231922_000;0.0;0.1;39.0;Leppun;0.96;;;;;
Car381009-2026-Pass1-Z1-2MU00693_20260729_231922_000;0.4;0.5;24.0;noise;0.07;;;;;
Car381009-2026-Pass1-Z1-2MU00693_20260729_231922_000;0.0;2.0;40.0;Pipkuh;0.99;;;;;
Car381009-2026-Pass1-Z1-2MU00693_20260729_231926_000;1.0;4.9;19.0;noise;0.12;;;;;
Car381009-2026-Pass1-Z1-2MU00693_20260729_231926_000;0.0;5.0;43.0;Pipkuh;0.99;;;;;
Car381009-2026-Pass1-Z1-2MU00693_20260729_231935_000;0.0;1.0;34.0;Leppun;0.98;;;;;
Car381009-2026-Pass1-Z1-2MU00693_20260729_231935_000;1.7;1.8;16.0;noise;0.12;;;;;
Car381009-2026-Pass1-Z1-2MU00693_20260729_231935_000;0.1;1.0;23.0;Tetvir;0.02;Plaint, Phogri, Yposp, Yerray, Yerbey, Vesmur, Urosp, Tyllil, Thycor, Tetpyg, Tetarg, Testes, Tadten, Sepsep, Rusnit, Roeroe, Rhihip, Rhifer, Rhieur, Rhasp, Ratnor, Plemac, Pleaus, Pleaur, Plasab, Plafal, Plaalb, Plaaff, Pippyg, Pippip, Pipnat, Pipkuh, piaf, Phofem, Phanan, Phafal, Nycnoc, Nyclei, Nyclas, Myonat, Myomys, MyoGT, Myoema, Myodau, Myogla, Myocap, Myobec, Myoalc, Mussp, Minsch, Mimasp, Micagr, Metbra, mamm, Lepbos, Lepalb, Lamsp., Isopyr, Inssp8, Inssp7, Inssp5, Insp12, Insp11, Insp10, Hypsav, gril, Eupsp, Eptser, Eptnil, Epheph, Decalb, Cyrscu, Cympud, criq, Confus, Tetarg, Barfis, Barbar, Antsp, amph;;;;
Car381009-2026-Pass1-Z1-2MU00693_20260729_231939_000;0.0;1.1;28.0;Leppun;0.96;;;;;
Car381009-2026-Pass1-Z1-2MU00693_20260729_231939_000;0.0;1.8;20.0;noise;0.16;;;;;
Car381009-2026-Pass1-Z1-2MU00693_20260729_231939_000;1.1;1.6;21.0;Plaint;0.04;Tetvir, Sepsep, Phogri;;;;
Car381009-2026-Pass1-Z1-2MU00693_20260729_231942_000;0.0;1.6;37.0;Leppun;0.98;;;;;
Car381009-2026-Pass1-Z1-2MU00693_20260729_231942_000;0.9;1.4;19.0;noise;0.13;;;;;
Car381009-2026-Pass1-Z1-2MU00693_20260729_231942_000;0.2;2.0;41.0;Pipkuh;0.99;;;;;
Car381009-2026-Pass1-Z1-2MU00693_20260729_231945_000;0.0;1.7;32.0;Leppun;0.97;;;;;
Car381009-2026-Pass1-Z1-2MU00693_20260729_231945_000;0.3;1.7;30.0;noise;0.05;Phogri;;;;
Car381009-2026-Pass1-Z1-2MU00693_20260729_231948_000;0.0;1.5;32.0;Leppun;0.97;;;;;
Car381009-2026-Pass1-Z1-2MU00693_20260729_231948_000;1.2;1.9;16.0;noise;0.22;;;;;
Car381009-2026-Pass1-Z1-2MU00693_20260729_231948_000;0.3;2.0;38.0;Pipkuh;0.92;;;;;
Car381009-2026-Pass1-Z1-2MU00693_20260729_231951_000;0.0;3.5;32.0;Leppun;0.96;;;;;
Car381009-2026-Pass1-Z1-2MU00693_20260729_231951_000;0.5;3.5;26.0;noise;0.15;;;;;
Car381009-2026-Pass1-Z1-2MU00693_20260729_231951_000;0.1;3.5;43.0;Pipkuh;0.99;;;;;
Car381009-2026-Pass1-Z1-2MU00693_20260729_231955_000;0.0;1.8;37.0;Leppun;0.98;;;;;
Car381009-2026-Pass1-Z1-2MU00693_20260729_231955_000;0.2;0.9;24.0;noise;0.1;;;;;
Car381009-2026-Pass1-Z1-2MU00693_20260729_231955_000;0.4;1.3;39.0;Pipkuh;0.98;;;;;
Car381009-2026-Pass1-Z1-2MU00693_20260729_231955_000;0.8;1.8;48.0;Pippip;0.98;;;;;
Car381009-2026-Pass1-Z1-2MU00693_20260729_231957_000;1.1;4.1;37.0;Leppun;0.95;;;;;
Car381009-2026-Pass1-Z1-2MU00693_20260729_231957_000;0.6;4.9;24.0;noise;0.18;;;;;
Car381009-2026-Pass1-Z1-2MU00693_20260729_231957_000;0.0;4.0;46.0;Pippip;0.98;;;;;
Car381009-2026-Pass1-Z1-2MU00693_20260729_232005_000;0.0;1.7;28.0;Leppun;0.96;;;;;
Car381009-2026-Pass1-Z1-2MU00693_20260729_232005_000;0.1;1.2;26.0;Phogri;0.57;;;;;
Car381009-2026-Pass1-Z1-2MU00693_20260729_232012_000;0.0;1.9;29.0;Leppun;0.96;;;;;
Car381009-2026-Pass1-Z1-2MU00693_20260729_232012_000;0.2;1.9;25.0;noise;0.23;;;;;
Car381009-2026-Pass1-Z1-2MU00693_20260729_232012_000;0.2;1.9;39.0;Pipkuh;0.96;;;;;
Car381009-2026-Pass1-Z1-2MU00693_20260729_232012_000;0.1;2.0;44.0;Pippip;0.98;;;;;
Car381009-2026-Pass1-Z1-2MU00693_20260729_232015_000;0.8;4.1;30.0;Leppun;0.34;;;;;
Car381009-2026-Pass1-Z1-2MU00693_20260729_232015_000;0.0;4.6;25.0;noise;0.09;;;;;
Car381009-2026-Pass1-Z1-2MU00693_20260729_232015_000;0.0;0.8;17.0;Phanan;0.04;Tetvir, Phogri;;;;
Car381009-2026-Pass1-Z1-2MU00693_20260729_232015_000;0.0;4.3;41.0;Pipkuh;0.96;;;;;
Car381009-2026-Pass1-Z1-2MU00693_20260729_232015_000;0.1;4.9;47.0;Pippip;0.98;;;;;
Car381009-2026-Pass1-Z1-2MU00693_20260729_232015_000;0.5;4.6;29.0;Testes;0.38;;;;;
Car381009-2026-Pass1-Z1-2MU00693_20260729_232027_000;0.0;2.0;32.0;Leppun;0.97;;;;;
Car381009-2026-Pass1-Z1-2MU00693_20260729_232027_000;0.3;2.0;17.0;noise;0.15;;;;;
Car381009-2026-Pass1-Z1-2MU00693_20260729_232030_000;0.0;1.8;33.0;Leppun;0.98;;;;;
Car381009-2026-Pass1-Z1-2MU00693_20260729_232030_000;0.0;1.9;18.0;noise;0.15;;;;;
Car381009-2026-Pass1-Z1-2MU00693_20260729_232030_000;1.3;2.0;42.0;Pipkuh;0.97;;;;;
Car381009-2026-Pass1-Z1-2MU00693_20260729_232032_000;0.0;0.2;37.0;Leppun;0.92;;;;;
Car381009-2026-Pass1-Z1-2MU00693_20260729_232032_000;0.0;0.3;22.0;noise;0.49;;;;;
Car381009-2026-Pass1-Z1-2MU00693_20260729_232032_000;0.1;2.1;44.0;Pipnat;0.59;;;;;
Car381009-2026-Pass1-Z1-2MU00693_20260729_232034_000;0.0;4.3;38.0;Leppun;0.91;;;;;
Car381009-2026-Pass1-Z1-2MU00693_20260729_232034_000;0.2;4.2;26.0;noise;0.09;Pipkuh;;;;
Car381009-2026-Pass1-Z1-2MU00693_20260729_232034_000;0.1;5.0;40.0;Pipnat;0.82;;;;;
Car381009-2026-Pass1-Z1-2MU00693_20260729_232048_000;0.0;2.0;37.0;Leppun;0.75;;;;;
Car381009-2026-Pass1-Z1-2MU00693_20260729_232048_000;0.5;2.0;26.0;noise;0.23;;;;;
Car381009-2026-Pass1-Z1-2MU00693_20260729_232048_000;0.1;0.2;39.0;Pipkuh;0.92;;;;;
Car381009-2026-Pass1-Z1-2MU00693_20260729_232048_000;0.1;2.0;32.0;Testes;0.23;;;;;
Car381009-2026-Pass1-Z1-2MU00693_20260729_232051_000;0.0;3.3;39.0;Leppun;0.95;;;;;
Car381009-2026-Pass1-Z1-2MU00693_20260729_232051_000;0.4;3.4;27.0;Phogri;0.87;;;;;
Car381009-2026-Pass1-Z1-2MU00693_20260729_232057_000;0.0;1.8;37.0;Leppun;0.85;;;;;
Car381009-2026-Pass1-Z1-2MU00693_20260729_232057_000;0.7;1.9;26.0;noise;0.16;;;;;
Car381009-2026-Pass1-Z1-2MU00693_20260729_232057_000;0.0;2.0;39.0;Pipkuh;0.98;;;;;
Car381009-2026-Pass1-Z1-2MU00693_20260729_232057_000;0.8;2.0;30.0;Testes;0.56;;;;;
Car381009-2026-Pass1-Z1-2MU00693_20260729_232101_000;0.0;1.2;27.0;Leppun;0.4;;;;;
Car381009-2026-Pass1-Z1-2MU00693_20260729_232101_000;0.8;0.9;29.0;noise;0.67;;;;;
Car381009-2026-Pass1-Z1-2MU00693_20260729_232101_000;0.0;2.0;39.0;Pipkuh;0.99;;;;;
Car381009-2026-Pass1-Z1-2MU00693_20260729_232103_000;0.0;4.9;31.0;Leppun;0.87;;;;;
Car381009-2026-Pass1-Z1-2MU00693_20260729_232103_000;2.6;4.9;13.0;noise;0.19;;;;;
Car381009-2026-Pass1-Z1-2MU00693_20260729_232103_000;0.1;5.0;40.0;Pipkuh;0.88;;;;;
Car381009-2026-Pass1-Z1-2MU00693_20260729_232103_000;0.5;4.9;19.0;Plaint;0.04;Phogri, Tetvir;;;;
Car381009-2026-Pass1-Z1-2MU00693_20260729_232120_000;0.0;1.9;28.0;Leppun;0.93;;;;;
Car381009-2026-Pass1-Z1-2MU00693_20260729_232120_000;0.3;0.6;42.0;Pipkuh;0.26;;;;;
Car381009-2026-Pass1-Z1-2MU00693_20260729_232122_000;0.0;4.6;30.0;Leppun;0.91;;;;;
Car381009-2026-Pass1-Z1-2MU00693_20260729_232122_000;0.1;3.6;25.0;noise;0.19;;;;;
Car381009-2026-Pass1-Z1-2MU00693_20260729_232122_000;0.2;5.0;44.0;Pipkuh;0.98;;;;;
Car381009-2026-Pass1-Z1-2MU00693_20260729_232142_000;0.0;3.0;30.0;Leppun;0.51;;;;;
Car381009-2026-Pass1-Z1-2MU00693_20260729_232142_000;1.2;3.0;18.0;noise;0.09;Phogri;;;;
Car381009-2026-Pass1-Z1-2MU00693_20260729_232142_000;0.4;3.5;43.0;Pipkuh;0.97;;;;;
Car381009-2026-Pass1-Z1-2MU00693_20260729_232146_000;0.0;4.6;37.0;Leppun;0.94;;;;;
Car381009-2026-Pass1-Z1-2MU00693_20260729_232146_000;0.2;4.6;26.0;noise;0.09;;;;;
Car381009-2026-Pass1-Z1-2MU00693_20260729_232146_000;0.0;5.0;41.0;Pipkuh;0.99;;;;;
Car381009-2026-Pass1-Z1-2MU00693_20260729_232153_000;0.0;3.8;38.0;Leppun;0.95;;;;;
Car381009-2026-Pass1-Z1-2MU00693_20260729_232153_000;0.5;3.5;27.0;noise;0.18;;;;;
Car381009-2026-Pass1-Z1-2MU00693_20260729_232153_000;0.4;3.9;42.0;Pipkuh;0.99;;;;;
Car381009-2026-Pass1-Z1-2MU00693_20260729_232153_000;1.4;1.5;45.0;Pippip;0.53;;;;;
Car381009-2026-Pass1-Z1-2MU00693_20260729_232158_000;0.0;4.8;38.0;Leppun;0.29;;;;;
Car381009-2026-Pass1-Z1-2MU00693_20260729_232158_000;0.4;2.6;20.0;noise;0.34;;;;;
Car381009-2026-Pass1-Z1-2MU00693_20260729_232158_000;0.5;4.9;42.0;Pipnat;0.79;;;;;
Car381009-2026-Pass1-Z1-2MU00693_20260729_232210_000;0.2;1.9;35.0;Barbar;0.97;;;;;
Car381009-2026-Pass1-Z1-2MU00693_20260729_232210_000;0.0;1.9;35.0;Leppun;0.87;;;;;
Car381009-2026-Pass1-Z1-2MU00693_20260729_232212_000;0.0;3.7;36.0;Barbar;0.99;;;;;
Car381009-2026-Pass1-Z1-2MU00693_20260729_232212_000;0.0;4.0;39.0;Leppun;0.64;;;;;
Car381009-2026-Pass1-Z1-2MU00693_20260729_232212_000;0.1;4.1;28.0;noise;0.16;;;;;
Car381009-2026-Pass1-Z1-2MU00693_20260729_232212_000;0.3;1.7;44.0;Pippip;0.88;;;;;
Car381009-2026-Pass1-Z1-2MU00693_20260729_232219_000;0.0;1.9;45.0;Leppun;0.13;Yposp;;;;
Car381009-2026-Pass1-Z1-2MU00693_20260729_232219_000;0.0;1.9;33.0;noise;0.23;;;;;
Car381009-2026-Pass1-Z1-2MU00693_20260729_232219_000;0.1;2.0;47.0;Yposp;0.04;Rhihip, Pippip;;;;
Car381009-2026-Pass1-Z1-2MU00693_20260729_232221_000;0.0;0.6;36.0;Leppun;0.5;;;;;
Car381009-2026-Pass1-Z1-2MU00693_20260729_232221_000;0.0;1.9;48.0;noise;0.11;;;;;
Car381009-2026-Pass1-Z1-2MU00693_20260729_232225_000;0.0;4.5;37.0;Leppun;0.97;;;;;
Car381009-2026-Pass1-Z1-2MU00693_20260729_232225_000;0.8;4.5;27.0;Tetvir;0.53;;;;;
Car381009-2026-Pass1-Z1-2MU00693_20260729_232233_000;0.0;4.9;36.0;Leppun;0.98;;;;;
Car381009-2026-Pass1-Z1-2MU00693_20260729_232233_000;0.3;3.7;26.0;noise;0.27;;;;;
Car381009-2026-Pass1-Z1-2MU00693_20260729_232240_000;0.4;1.0;25.0;noise;0.3;;;;;
Car381009-2026-Pass1-Z1-2MU00693_20260729_232240_000;0.0;3.9;32.0;Testes;0.79;;;;;
Car381009-2026-Pass1-Z1-2MU00693_20260729_232245_000;0.0;4.8;33.0;Leppun;0.93;;;;;
Car381009-2026-Pass1-Z1-2MU00693_20260729_232245_000;0.0;4.2;28.0;noise;0.04;Insp12, Tetvir, Testes, Eptser, Antsp;;;;
Car381009-2026-Pass1-Z1-2MU00693_20260729_232251_000;0.0;0.6;38.0;Leppun;0.99;;;;;
Car381009-2026-Pass1-Z1-2MU00693_20260729_232251_000;0.6;0.7;25.0;Phogri;0.34;;;;;
Car381009-2026-Pass1-Z1-2MU00693_20260729_232254_000;0.0;3.8;37.0;Leppun;0.95;;;;;
Car381009-2026-Pass1-Z1-2MU00693_20260729_232254_000;0.4;3.5;27.0;Phogri;0.05;noise;;;;
Car381009-2026-Pass1-Z1-2MU00693_20260729_232300_000;0.0;3.1;34.0;Leppun;0.98;;;;;
Car381009-2026-Pass1-Z1-2MU00693_20260729_232300_000;0.0;2.9;28.0;Phogri;0.04;noise, Tetvir, Rhasp;;;;
Car381009-2026-Pass1-Z1-2MU00693_20260729_232304_000;0.4;0.5;25.0;Isopyr;0.24;;;;;
Car381009-2026-Pass1-Z1-2MU00693_20260729_232304_000;0.0;1.2;34.0;Leppun;0.96;;;;;
Car381009-2026-Pass1-Z1-2MU00693_20260729_232308_000;0.0;5.0;37.0;Leppun;0.94;;;;;
Car381009-2026-Pass1-Z1-2MU00693_20260729_232308_000;0.1;4.7;26.0;noise;0.15;;;;;
Car381009-2026-Pass1-Z1-2MU00693_20260729_232308_000;0.2;4.8;43.0;Pipkuh;0.99;;;;;
Car381009-2026-Pass1-Z1-2MU00693_20260729_232335_000;0.0;0.4;37.0;Leppun;0.99;;;;;
Car381009-2026-Pass1-Z1-2MU00693_20260729_232335_000;0.0;0.2;28.0;Phogri;0.66;;;;;
Car381009-2026-Pass1-Z1-2MU00693_20260729_232335_000;0.0;2.0;53.0;Pippip;0.99;;;;;
Car381009-2026-Pass1-Z1-2MU00693_20260729_232337_000;0.0;4.2;37.0;Leppun;0.95;;;;;
Car381009-2026-Pass1-Z1-2MU00693_20260729_232337_000;3.7;3.8;21.0;noise;0.11;;;;;
Car381009-2026-Pass1-Z1-2MU00693_20260729_232337_000;0.0;5.0;50.0;Pippip;0.99;;;;;
Car381009-2026-Pass1-Z1-2MU00693_20260729_232356_000;0.7;5.0;36.0;Leppun;0.96;;;;;
Car381009-2026-Pass1-Z1-2MU00693_20260729_232356_000;0.0;4.9;40.0;Pipkuh;0.98;;;;;
Car381009-2026-Pass1-Z1-2MU00693_20260729_232356_000;0.5;3.9;18.0;Tetvir;0.38;;;;;
Car381009-2026-Pass1-Z1-2MU00693_20260729_232417_000;0.0;4.0;32.0;Leppun;0.95;;;;;
Car381009-2026-Pass1-Z1-2MU00693_20260729_232417_000;1.7;4.0;20.0;noise;0.1;Phogri;;;;
Car381009-2026-Pass1-Z1-2MU00693_20260729_232417_000;0.4;2.8;29.0;Phogri;0.04;Tetvir, Rhasp, Plaint;;;;
Car381009-2026-Pass1-Z1-2MU00693_20260729_232421_000;0.0;2.1;36.0;Leppun;0.94;;;;;
Car381009-2026-Pass1-Z1-2MU00693_20260729_232421_000;1.3;1.9;22.0;noise;0.05;Phogri;;;;
Car381009-2026-Pass1-Z1-2MU00693_20260729_232425_000;0.0;2.1;27.0;Leppun;0.96;;;;;
Car381009-2026-Pass1-Z1-2MU00693_20260729_232425_000;0.6;1.7;26.0;Phogri;0.65;;;;;
Car381009-2026-Pass1-Z1-2MU00693_20260729_232428_000;0.0;5.0;37.0;Leppun;0.96;;;;;
Car381009-2026-Pass1-Z1-2MU00693_20260729_232428_000;0.5;5.0;26.0;Phogri;0.58;;;;;
Car381009-2026-Pass1-Z1-2MU00693_20260729_232438_000;1.4;2.9;56.0;Yposp;0.02;Tetvir, Phogri, Yerray, Yerbey, Vesmur, Urosp, Tyllil, Thycor, Tetpyg, Tetarg, Testes, Tadten, Sepsep, Rusnit, Roeroe, Rhihip, Rhifer, Rhieur, Rhasp, Ratnor, Plemac, Pleaus, Pleaur, Plasab, Plaint, Plafal, Plaalb, Plaaff, Pippyg, Pippip, Pipnat, Pipkuh, piaf, Phofem, Phanan, Phafal, Nycnoc, Nyclei, Nyclas, Myonat, Myomys, MyoGT, Myoema, Myodau, Myogla, Myocap, Myobec, Myoalc, Mussp, Minsch, Mimasp, Micagr, Metbra, mamm, Lepbos, Lepalb, Lamsp., Isopyr, Inssp8, Inssp7, Inssp5, Insp12, Insp11, Insp10, Hypsav, gril, Eupsp, Eptser, Eptnil, Epheph, Decalb, Cyrscu, Cympud, criq, Confus, Tetarg, Barfis, Barbar, Antsp, amph;;;;
Car381009-2026-Pass1-Z1-2MU00693_20260729_232438_000;0.0;3.8;36.0;Leppun;0.98;;;;;
Car381009-2026-Pass1-Z1-2MU00693_20260729_232438_000;0.2;2.5;10.0;noise;0.12;;;;;
Car381009-2026-Pass1-Z1-2MU00693_20260729_232444_000;0.0;2.0;36.0;Leppun;0.98;;;;;
Car381009-2026-Pass1-Z1-2MU00693_20260729_232444_000;0.9;1.9;27.0;Phogri;0.47;;;;;
Car381009-2026-Pass1-Z1-2MU00693_20260729_232448_000;0.0;2.0;38.0;Leppun;0.98;;;;;
Car381009-2026-Pass1-Z1-2MU00693_20260729_232448_000;1.6;1.7;17.0;noise;0.15;;;;;
Car381009-2026-Pass1-Z1-2MU00693_20260729_232453_000;0.0;1.7;37.0;Leppun;0.98;;;;;
Car381009-2026-Pass1-Z1-2MU00693_20260729_232453_000;0.8;0.9;8.0;noise;0.17;;;;;
Car381009-2026-Pass1-Z1-2MU00693_20260729_232457_000;0.0;1.8;37.0;Leppun;0.97;;;;;
Car381009-2026-Pass1-Z1-2MU00693_20260729_232457_000;1.6;2.0;45.0;Myodau;0.44;Myomys;;;;
Car381009-2026-Pass1-Z1-2MU00693_20260729_232457_000;1.9;2.0;19.0;noise;0.19;;;;;
Car381009-2026-Pass1-Z1-2MU00693_20260729_232457_000;0.2;1.8;41.0;Pipkuh;0.14;Myomys;;;;
Car381009-2026-Pass1-Z1-2MU00693_20260729_232500_000;0.6;1.8;41.0;Phogri;0.08;Leppun;;;;
Car381009-2026-Pass1-Z1-2MU00693_20260729_232500_000;0.0;2.4;48.0;Myomys;0.94;;;;;
Car381009-2026-Pass1-Z1-2MU00693_20260729_232500_000;0.0;1.8;25.0;noise;0.32;;;;;
Car381009-2026-Pass1-Z1-2MU00693_20260729_232503_000;0.9;4.0;32.0;Leppun;0.27;;;;;
Car381009-2026-Pass1-Z1-2MU00693_20260729_232503_000;0.0;3.0;47.0;Myomys;0.83;;;;;
Car381009-2026-Pass1-Z1-2MU00693_20260729_232503_000;2.3;4.8;33.0;Tetvir;0.29;;;;;
Car381009-2026-Pass1-Z1-2MU00693_20260729_232513_000;0.0;1.4;30.0;Leppun;0.95;;;;;
Car381009-2026-Pass1-Z1-2MU00693_20260729_232513_000;0.4;1.4;24.0;Phogri;0.42;;;;;
Car381009-2026-Pass1-Z1-2MU00693_20260729_232515_000;0.0;2.6;35.0;Leppun;0.96;;;;;
Car381009-2026-Pass1-Z1-2MU00693_20260729_232515_000;0.7;3.7;26.0;noise;0.07;Phogri;;;;
Car381009-2026-Pass1-Z1-2MU00693_20260729_232515_000;3.5;3.6;47.0;Pippip;0.65;;;;;
Car381009-2026-Pass1-Z1-2MU00693_20260729_232521_000;0.3;4.7;36.0;Leppun;0.97;;;;;
Car381009-2026-Pass1-Z1-2MU00693_20260729_232521_000;0.2;4.2;27.0;noise;0.12;;;;;
Car381009-2026-Pass1-Z1-2MU00693_20260729_232529_000;0.0;4.9;40.0;Leppun;0.94;;;;;
Car381009-2026-Pass1-Z1-2MU00693_20260729_232529_000;0.3;4.5;27.0;Phogri;0.15;;;;;
Car381009-2026-Pass1-Z1-2MU00693_20260729_232529_000;1.8;4.5;25.0;noise;0.04;Tetvir, Plaint;;;;
Car381009-2026-Pass1-Z1-2MU00693_20260729_232536_000;0.0;1.9;28.0;Leppun;0.89;;;;;
Car381009-2026-Pass1-Z1-2MU00693_20260729_232538_000;0.0;2.3;35.0;Leppun;0.98;;;;;
Car381009-2026-Pass1-Z1-2MU00693_20260729_232538_000;1.3;1.4;25.0;Rhasp;0.1;;;;;
Car381009-2026-Pass1-Z1-2MU00693_20260729_232542_000;0.0;0.6;40.0;Leppun;0.98;;;;;
Car381009-2026-Pass1-Z1-2MU00693_20260729_232542_000;0.1;0.6;21.0;noise;0.25;;;;;
Car381009-2026-Pass1-Z1-2MU00693_20260729_232545_000;0.5;4.1;30.0;Antsp;0.13;noise;;;;
Car381009-2026-Pass1-Z1-2MU00693_20260729_232545_000;0.0;3.3;33.0;Testes;0.83;;;;;
Car381009-2026-Pass1-Z1-2MU00693_20260729_232554_000;0.6;1.9;29.0;noise;0.13;;;;;
Car381009-2026-Pass1-Z1-2MU00693_20260729_232554_000;0.2;2.0;40.0;Pipkuh;0.96;;;;;
Car381009-2026-Pass1-Z1-2MU00693_20260729_232554_000;0.2;2.1;33.0;Testes;0.74;;;;;
Car381009-2026-Pass1-Z1-2MU00693_20260729_232556_000;1.3;5.0;36.0;Leppun;0.5;;;;;
Car381009-2026-Pass1-Z1-2MU00693_20260729_232556_000;0.0;4.0;26.0;noise;0.1;Isopyr;;;;
Car381009-2026-Pass1-Z1-2MU00693_20260729_232556_000;0.0;4.0;24.0;Nyclei;0.99;;;;;
Car381009-2026-Pass1-Z1-2MU00693_20260729_232556_000;0.1;5.0;44.0;Pipkuh;0.97;;;;;
Car381009-2026-Pass1-Z1-2MU00693_20260729_232614_000;0.0;1.6;34.0;Leppun;0.36;;;;;
Car381009-2026-Pass1-Z1-2MU00693_20260729_232614_000;0.7;1.8;27.0;noise;0.35;;;;;
Car381009-2026-Pass1-Z1-2MU00693_20260729_232617_000;0.0;2.9;36.0;noise;0.05;Yposp, Tetvir;;;;
Car381009-2026-Pass1-Z1-2MU00693_20260729_232617_000;0.0;3.4;34.0;Leppun;0.27;;;;;
Car381009-2026-Pass1-Z1-2MU00693_20260729_232617_000;2.7;2.9;46.0;Pippip;0.45;;;;;
Car381009-2026-Pass1-Z1-2MU00693_20260729_232617_000;0.0;2.9;32.0;Testes;0.75;;;;;
Car381009-2026-Pass1-Z1-2MU00693_20260729_232621_000;0.0;0.1;43.0;Leppun;0.96;;;;;
Car381009-2026-Pass1-Z1-2MU00693_20260729_232621_000;1.2;4.7;24.0;noise;0.21;;;;;
Car381009-2026-Pass1-Z1-2MU00693_20260729_232621_000;0.4;2.7;45.0;Pippip;0.98;;;;;
Car381009-2026-Pass1-Z1-2MU00693_20260729_232621_000;0.9;3.3;33.0;Testes;0.84;;;;;
Car381009-2026-Pass1-Z1-2MU00693_20260729_232627_000;0.0;1.7;29.0;Leppun;0.97;;;;;
Car381009-2026-Pass1-Z1-2MU00693_20260729_232627_000;0.1;2.0;21.0;noise;0.22;;;;;
Car381009-2026-Pass1-Z1-2MU00693_20260729_232629_000;0.0;2.0;36.0;Leppun;0.96;;;;;
Car381009-2026-Pass1-Z1-2MU00693_20260729_232629_000;0.6;1.0;30.0;Testes;0.44;;;;;
Car381009-2026-Pass1-Z1-2MU00693_20260729_232632_000;1.5;1.6;39.0;Leppun;0.89;;;;;
Car381009-2026-Pass1-Z1-2MU00693_20260729_232632_000;0.0;4.4;24.0;noise;0.24;;;;;
Car381009-2026-Pass1-Z1-2MU00693_20260729_232632_000;0.0;3.9;38.0;Pipkuh;0.96;;;;;
Car381009-2026-Pass1-Z1-2MU00693_20260729_232632_000;0.0;4.9;31.0;Testes;0.9;;;;;
Car381009-2026-Pass1-Z1-2MU00693_20260729_232639_000;0.0;1.7;37.0;Leppun;0.9;;;;;
Car381009-2026-Pass1-Z1-2MU00693_20260729_232639_000;0.2;1.1;22.0;Phogri;0.03;noise, Tetvir, Plaint;;;;
Car381009-2026-Pass1-Z1-2MU00693_20260729_232642_000;0.6;3.0;24.0;noise;0.08;Tetvir, Phogri;;;;
Car381009-2026-Pass1-Z1-2MU00693_20260729_232642_000;0.0;3.3;33.0;Testes;0.78;;;;;
Car381009-2026-Pass1-Z1-2MU00693_20260729_232647_000;0.6;3.6;36.0;Leppun;0.98;;;;;
Car381009-2026-Pass1-Z1-2MU00693_20260729_232647_000;0.0;3.9;24.0;Phogri;0.06;noise;;;;
Car381009-2026-Pass1-Z1-2MU00693_20260729_232659_000;0.0;4.5;37.0;Leppun;0.88;;;;;
Car381009-2026-Pass1-Z1-2MU00693_20260729_232659_000;0.0;2.2;31.0;Testes;0.36;;;;;
Car381009-2026-Pass1-Z1-2MU00693_20260729_232705_000;0.8;1.8;31.0;noise;0.18;;;;;
Car381009-2026-Pass1-Z1-2MU00693_20260729_232705_000;0.0;2.1;33.0;Testes;0.82;;;;;
Car381009-2026-Pass1-Z1-2MU00693_20260729_232709_000;0.0;0.1;34.0;Leppun;0.95;;;;;
Car381009-2026-Pass1-Z1-2MU00693_20260729_232709_000;0.7;0.8;25.0;noise;0.1;;;;;
Car381009-2026-Pass1-Z1-2MU00693_20260729_232713_000;0.0;1.3;30.0;Leppun;0.97;;;;;
Car381009-2026-Pass1-Z1-2MU00693_20260729_232718_000;0.5;1.5;19.0;noise;0.31;;;;;
Car381009-2026-Pass1-Z1-2MU00693_20260729_232718_000;0.0;2.1;32.0;Testes;0.86;;;;;
Car381009-2026-Pass1-Z1-2MU00693_20260729_232724_000;0.0;4.5;35.0;Leppun;0.96;;;;;
Car381009-2026-Pass1-Z1-2MU00693_20260729_232724_000;0.1;5.0;44.0;Pipkuh;0.99;;;;;
Car381009-2026-Pass1-Z1-2MU00693_20260729_232724_000;1.0;4.5;26.0;Phogri;0.05;noise;;;;
Car381009-2026-Pass1-Z1-2MU00693_20260729_232734_000;0.0;1.6;30.0;noise;0.13;;;;;
Car381009-2026-Pass1-Z1-2MU00693_20260729_232734_000;0.7;1.9;40.0;Pipkuh;0.91;;;;;
Car381009-2026-Pass1-Z1-2MU00693_20260729_232734_000;0.0;1.9;33.0;Testes;0.79;;;;;
Car381009-2026-Pass1-Z1-2MU00693_20260729_232741_000;0.6;5.0;35.0;Leppun;0.82;;;;;
Car381009-2026-Pass1-Z1-2MU00693_20260729_232741_000;0.0;5.0;43.0;Pipkuh;0.99;;;;;
Car381009-2026-Pass1-Z1-2MU00693_20260729_232741_000;0.2;4.4;24.0;Phogri;0.06;noise;;;;
Car381009-2026-Pass1-Z1-2MU00693_20260729_232802_000;0.5;4.7;35.0;Leppun;0.96;;;;;
Car381009-2026-Pass1-Z1-2MU00693_20260729_232802_000;0.0;5.0;38.0;Pipkuh;0.98;;;;;
Car381009-2026-Pass1-Z1-2MU00693_20260729_232802_000;0.4;2.6;25.0;Phogri;0.04;noise, Plaint, Tetvir;;;;
Car381009-2026-Pass1-Z1-2MU00693_20260729_232812_000;0.0;2.0;36.0;Leppun;0.97;;;;;
Car381009-2026-Pass1-Z1-2MU00693_20260729_232812_000;1.7;1.9;37.0;Phogri;0.03;Yposp, Tetvir, Metbra;;;;
Car381009-2026-Pass1-Z1-2MU00693_20260729_232812_000;0.0;2.2;26.0;noise;0.5;;;;;
Car381009-2026-Pass1-Z1-2MU00693_20260729_232818_000;0.0;1.4;35.0;Leppun;0.98;;;;;
Car381009-2026-Pass1-Z1-2MU00693_20260729_232818_000;0.3;0.4;52.0;Myoema;0.09;Myomys;;;;
Car381009-2026-Pass1-Z1-2MU00693_20260729_232818_000;1.4;1.5;22.0;Phogri;0.33;;;;;
Car381009-2026-Pass1-Z1-2MU00693_20260729_232823_000;3.0;3.3;27.0;Leppun;0.98;;;;;
Car381009-2026-Pass1-Z1-2MU00693_20260729_232823_000;0.6;3.9;22.0;noise;0.19;;;;;
Car381009-2026-Pass1-Z1-2MU00693_20260729_232823_000;0.0;5.0;33.0;Testes;0.92;;;;;
Car381009-2026-Pass1-Z1-2MU00693_20260729_232832_000;0.0;0.1;39.0;Leppun;0.7;;;;;
Car381009-2026-Pass1-Z1-2MU00693_20260729_232832_000;0.7;3.8;23.0;noise;0.17;;;;;
Car381009-2026-Pass1-Z1-2MU00693_20260729_232832_000;0.0;4.9;44.0;Pipkuh;0.82;;;;;
Car381009-2026-Pass1-Z1-2MU00693_20260729_232842_000;0.0;3.7;42.0;Leppun;0.71;;;;;
Car381009-2026-Pass1-Z1-2MU00693_20260729_232842_000;0.0;4.9;22.0;noise;0.04;Phogri, Tetvir, Plaint, gril;;;;
Car381009-2026-Pass1-Z1-2MU00693_20260729_232856_000;0.0;3.9;36.0;Leppun;0.96;;;;;
Car381009-2026-Pass1-Z1-2MU00693_20260729_232856_000;0.9;4.4;28.0;Phogri;0.47;;;;;
Car381009-2026-Pass1-Z1-2MU00693_20260729_232856_000;0.8;4.8;10.0;Tetvir;0.82;;;;;
Car381009-2026-Pass1-Z1-2MU00693_20260729_232903_000;0.7;1.8;39.0;Leppun;0.89;;;;;
Car381009-2026-Pass1-Z1-2MU00693_20260729_232903_000;0.0;0.8;27.0;Phogri;0.54;;;;;
Car381009-2026-Pass1-Z1-2MU00693_20260729_232907_000;0.0;1.8;39.0;Leppun;0.7;;;;;
Car381009-2026-Pass1-Z1-2MU00693_20260729_232907_000;0.2;1.7;20.0;noise;0.28;;;;;
Car381009-2026-Pass1-Z1-2MU00693_20260729_232911_000;0.0;4.3;37.0;Leppun;0.97;;;;;
Car381009-2026-Pass1-Z1-2MU00693_20260729_232911_000;0.6;2.9;26.0;Phogri;0.61;;;;;
Car381009-2026-Pass1-Z1-2MU00693_20260729_232917_000;0.0;3.8;36.0;Leppun;0.94;;;;;
Car381009-2026-Pass1-Z1-2MU00693_20260729_232917_000;1.9;4.5;26.0;noise;0.04;Cyrscu, Phogri, Tetvir, Eptser, Antsp;;;;
Car381009-2026-Pass1-Z1-2MU00693_20260729_232924_000;0.0;3.7;38.0;Leppun;0.95;;;;;
Car381009-2026-Pass1-Z1-2MU00693_20260729_232924_000;1.4;4.6;27.0;Phogri;0.07;noise, Cyrscu, Rhasp, Eptser;;;;
Car381009-2026-Pass1-Z1-2MU00693_20260729_232924_000;2.0;5.0;49.0;Pippip;0.76;;;;;
Car381009-2026-Pass1-Z1-2MU00693_20260729_232933_000;0.0;2.7;33.0;Leppun;0.96;;;;;
Car381009-2026-Pass1-Z1-2MU00693_20260729_232933_000;0.0;3.3;25.0;noise;0.17;;;;;
Car381009-2026-Pass1-Z1-2MU00693_20260729_232937_000;0.0;1.3;27.0;Leppun;0.93;;;;;
Car381009-2026-Pass1-Z1-2MU00693_20260729_232937_000;1.9;2.0;30.0;noise;0.15;;;;;
Car381009-2026-Pass1-Z1-2MU00693_20260729_232937_000;0.9;1.9;42.0;Pipkuh;0.99;;;;;
Car381009-2026-Pass1-Z1-2MU00693_20260729_232941_000;0.8;4.5;31.0;Leppun;0.87;;;;;
Car381009-2026-Pass1-Z1-2MU00693_20260729_232941_000;0.0;4.6;26.0;Phogri;0.85;;;;;
Car381009-2026-Pass1-Z1-2MU00693_20260729_232941_000;0.1;4.8;39.0;Pipkuh;0.64;Pipnat;;;;
Car381009-2026-Pass1-Z1-2MU00693_20260729_232951_000;0.0;4.8;33.0;Leppun;0.95;;;;;
Car381009-2026-Pass1-Z1-2MU00693_20260729_232951_000;0.7;5.0;26.0;Phogri;0.57;;;;;
Car381009-2026-Pass1-Z1-2MU00693_20260729_232958_000;0.0;5.0;38.0;Leppun;0.97;;;;;
Car381009-2026-Pass1-Z1-2MU00693_20260729_232958_000;1.9;5.0;42.0;Pipkuh;0.99;;;;;
Car381009-2026-Pass1-Z1-2MU00693_20260729_232958_000;0.7;4.8;25.0;Phogri;0.13;Antsp;;;;
Car381009-2026-Pass1-Z1-2MU00693_20260729_233023_000;0.0;3.7;39.0;Leppun;0.95;;;;;
Car381009-2026-Pass1-Z1-2MU00693_20260729_233023_000;0.1;4.9;27.0;Phogri;0.6;;;;;
Car381009-2026-Pass1-Z1-2MU00693_20260729_233023_000;0.0;5.0;41.0;Pipkuh;0.97;;;;;
Car381009-2026-Pass1-Z1-2MU00693_20260729_233034_000;0.0;3.2;38.0;Leppun;0.96;;;;;
Car381009-2026-Pass1-Z1-2MU00693_20260729_233034_000;0.2;1.4;33.0;noise;0.19;;;;;
Car381009-2026-Pass1-Z1-2MU00693_20260729_233038_000;0.0;4.4;39.0;Leppun;0.96;;;;;
Car381009-2026-Pass1-Z1-2MU00693_20260729_233038_000;0.9;4.6;22.0;noise;0.11;Phogri;;;;
Car381009-2026-Pass1-Z1-2MU00693_20260729_233038_000;0.0;3.6;40.0;Pipkuh;0.98;;;;;
Car381009-2026-Pass1-Z1-2MU00693_20260729_233116_000;0.7;5.0;39.0;Leppun;0.97;;;;;
Car381009-2026-Pass1-Z1-2MU00693_20260729_233116_000;0.0;5.0;27.0;Phogri;0.47;;;;;
Car381009-2026-Pass1-Z1-2MU00693_20260729_233116_000;0.2;5.0;40.0;Pipkuh;0.98;;;;;
Car381009-2026-Pass1-Z1-2MU00693_20260729_233217_000;0.5;5.0;37.0;Leppun;0.97;;;;;
Car381009-2026-Pass1-Z1-2MU00693_20260729_233217_000;0.8;4.2;28.0;Phogri;0.79;;;;;
Car381009-2026-Pass1-Z1-2MU00693_20260729_233217_000;0.0;1.8;40.0;Pipkuh;0.99;;;;;
Car381009-2026-Pass1-Z1-2MU00693_20260729_233317_000;0.4;4.4;36.0;Leppun;0.92;;;;;
Car381009-2026-Pass1-Z1-2MU00693_20260729_233317_000;0.0;4.5;31.0;Barfis;0.24;;;;;
Car381009-2026-Pass1-Z1-2MU00693_20260729_233342_000;0.2;5.0;37.0;Leppun;0.98;;;;;
Car381009-2026-Pass1-Z1-2MU00693_20260729_233342_000;0.0;4.2;27.0;Phogri;0.87;;;;;
Car381009-2026-Pass1-Z1-2MU00693_20260729_233342_000;0.0;5.0;44.0;Pipkuh;0.99;;;;;
Car381009-2026-Pass1-Z1-2MU00693_20260729_233353_000;0.1;2.9;32.0;Leppun;0.95;;;;;
Car381009-2026-Pass1-Z1-2MU00693_20260729_233353_000;0.0;3.5;25.0;Phogri;0.87;;;;;
Car381009-2026-Pass1-Z1-2MU00693_20260729_233353_000;0.0;3.4;41.0;Pipkuh;0.88;;;;;
Car381009-2026-Pass1-Z1-2MU00693_20260729_233358_000;0.1;4.6;37.0;Leppun;0.94;;;;;
Car381009-2026-Pass1-Z1-2MU00693_20260729_233358_000;0.1;5.0;42.0;Pipkuh;0.94;;;;;
Car381009-2026-Pass1-Z1-2MU00693_20260729_233358_000;0.0;4.8;26.0;Phogri;0.38;;;;;
Car381009-2026-Pass1-Z1-2MU00693_20260729_233459_000;0.9;4.6;37.0;Leppun;0.98;;;;;
Car381009-2026-Pass1-Z1-2MU00693_20260729_233459_000;0.6;4.9;31.0;noise;0.35;;;;;
Car381009-2026-Pass1-Z1-2MU00693_20260729_233459_000;0.0;4.1;36.0;Phogri;0.87;;;;;
Car381009-2026-Pass1-Z1-2MU00693_20260729_233459_000;2.4;4.9;38.0;Pipkuh;0.99;;;;;
Car381009-2026-Pass1-Z1-2MU00693_20260729_233600_000;0.7;4.9;34.0;Leppun;0.85;;;;;
Car381009-2026-Pass1-Z1-2MU00693_20260729_233600_000;0.0;4.4;44.0;Phogri;0.87;;;;;
Car381009-2026-Pass1-Z1-2MU00693_20260729_233612_000;0.0;3.4;32.0;Leppun;0.88;;;;;
Car381009-2026-Pass1-Z1-2MU00693_20260729_233612_000;0.0;3.5;39.0;Phogri;0.8;;;;;
Car381009-2026-Pass1-Z1-2MU00693_20260729_233617_000;0.0;4.3;33.0;Leppun;0.73;;;;;
Car381009-2026-Pass1-Z1-2MU00693_20260729_233617_000;0.0;4.3;28.0;Phogri;0.95;;;;;
Car381009-2026-Pass1-Z1-2MU00693_20260729_233626_000;0.8;4.2;31.0;Leppun;0.94;;;;;
Car381009-2026-Pass1-Z1-2MU00693_20260729_233626_000;0.0;5.0;29.0;Phogri;0.96;;;;;
Car381009-2026-Pass1-Z1-2MU00693_20260729_233640_000;0.0;5.0;33.0;Phogri;0.86;;;;;
Car381009-2026-Pass1-Z1-2MU00693_20260729_233640_000;0.2;0.7;47.0;Pippip;0.98;;;;;
Car381009-2026-Pass1-Z1-2MU00693_20260729_233648_000;0.0;2.0;30.0;Phogri;0.96;;;;;
Car381009-2026-Pass1-Z1-2MU00693_20260729_233652_000;1.2;4.5;31.0;Leppun;0.54;;;;;
Car381009-2026-Pass1-Z1-2MU00693_20260729_233652_000;0.0;3.1;29.0;Phogri;0.99;;;;;
Car381009-2026-Pass1-Z1-2MU00693_20260729_233652_000;0.9;5.0;46.0;Pippip;0.99;;;;;
Car381009-2026-Pass1-Z1-2MU00693_20260729_233709_000;0.0;3.8;35.0;Leppun;0.93;;;;;
Car381009-2026-Pass1-Z1-2MU00693_20260729_233709_000;1.4;2.8;31.0;noise;0.12;;;;;
Car381009-2026-Pass1-Z1-2MU00693_20260729_233709_000;0.1;4.3;28.0;Phogri;0.9;;;;;
Car381009-2026-Pass1-Z1-2MU00693_20260729_233725_000;0.0;1.4;31.0;Leppun;0.97;;;;;
Car381009-2026-Pass1-Z1-2MU00693_20260729_233725_000;0.3;2.8;27.0;Phogri;0.71;;;;;
Car381009-2026-Pass1-Z1-2MU00693_20260729_233725_000;0.0;1.4;29.0;Testes;0.16;Antsp;;;;
Car381009-2026-Pass1-Z1-2MU00693_20260729_233730_000;0.0;4.3;30.0;Leppun;0.92;;;;;
Car381009-2026-Pass1-Z1-2MU00693_20260729_233730_000;0.0;5.0;28.0;Phogri;0.91;;;;;
Car381009-2026-Pass1-Z1-2MU00693_20260729_233738_000;0.0;1.8;33.0;Leppun;0.97;;;;;
Car381009-2026-Pass1-Z1-2MU00693_20260729_233738_000;0.0;1.8;30.0;noise;0.08;Phogri;;;;
Car381009-2026-Pass1-Z1-2MU00693_20260729_233740_000;0.4;4.0;31.0;Leppun;0.87;;;;;
Car381009-2026-Pass1-Z1-2MU00693_20260729_233740_000;0.0;4.0;26.0;Phogri;0.89;;;;;
Car381009-2026-Pass1-Z1-2MU00693_20260729_233745_000;0.0;4.4;32.0;Leppun;0.94;;;;;
Car381009-2026-Pass1-Z1-2MU00693_20260729_233745_000;1.0;4.9;27.0;Phogri;0.88;;;;;
Car381009-2026-Pass1-Z1-2MU00693_20260729_233755_000;0.0;2.1;35.0;Leppun;0.12;Phogri;;;;
Car381009-2026-Pass1-Z1-2MU00693_20260729_233755_000;0.0;1.0;16.0;noise;0.17;;;;;
Car381009-2026-Pass1-Z1-2MU00693_20260729_233757_000;0.0;1.6;38.0;Leppun;0.99;;;;;
Car381009-2026-Pass1-Z1-2MU00693_20260729_233757_000;0.8;1.8;26.0;Tetvir;0.09;noise;;;;
Car381009-2026-Pass1-Z1-2MU00693_20260729_233800_000;0.0;2.1;28.0;Phogri;0.56;;;;;
Car381009-2026-Pass1-Z1-2MU00693_20260729_233802_000;0.2;2.1;34.0;Phogri;0.77;;;;;
Car381009-2026-Pass1-Z1-2MU00693_20260729_233804_000;0.3;1.3;28.0;noise;0.04;Phogri, Tetvir, Plaint;;;;
Car381009-2026-Pass1-Z1-2MU00693_20260729_233809_000;0.0;1.7;29.0;Leppun;0.97;;;;;
Car381009-2026-Pass1-Z1-2MU00693_20260729_233809_000;0.0;0.6;18.0;noise;0.49;;;;;
Car381009-2026-Pass1-Z1-2MU00693_20260729_233811_000;0.0;3.6;31.0;Leppun;0.84;;;;;
Car381009-2026-Pass1-Z1-2MU00693_20260729_233811_000;0.8;0.9;20.0;noise;0.22;;;;;
Car381009-2026-Pass1-Z1-2MU00693_20260729_233811_000;0.0;3.7;26.0;Phogri;0.94;;;;;
Car381009-2026-Pass1-Z1-2MU00693_20260729_233815_000;0.0;0.1;44.0;Leppun;0.98;;;;;
Car381009-2026-Pass1-Z1-2MU00693_20260729_233815_000;0.2;1.7;20.0;noise;0.13;;;;;
Car381009-2026-Pass1-Z1-2MU00693_20260729_233815_000;0.0;1.6;51.0;Pippip;0.98;;;;;
Car381009-2026-Pass1-Z1-2MU00693_20260729_233822_000;0.0;2.3;32.0;Leppun;0.97;;;;;
Car381009-2026-Pass1-Z1-2MU00693_20260729_233822_000;0.7;1.5;34.0;Phogri;0.67;;;;;
Car381009-2026-Pass1-Z1-2MU00693_20260729_233825_000;0.0;2.6;37.0;Leppun;0.97;;;;;
Car381009-2026-Pass1-Z1-2MU00693_20260729_233825_000;0.2;3.3;27.0;noise;0.43;;;;;
Car381009-2026-Pass1-Z1-2MU00693_20260729_233825_000;0.9;1.4;50.0;Pippip;0.1;Pippyg;;;;
Car381009-2026-Pass1-Z1-2MU00693_20260729_233830_000;0.0;1.9;31.0;Leppun;0.49;;;;;
Car381009-2026-Pass1-Z1-2MU00693_20260729_233830_000;0.9;2.0;50.0;Pippip;0.93;;;;;
Car381009-2026-Pass1-Z1-2MU00693_20260729_233832_000;0.0;1.0;35.0;Leppun;0.98;;;;;
Car381009-2026-Pass1-Z1-2MU00693_20260729_233832_000;0.0;1.4;49.0;Pippip;0.98;;;;;
Car381009-2026-Pass1-Z1-2MU00693_20260729_233834_000;0.0;3.9;34.0;Leppun;0.96;;;;;
Car381009-2026-Pass1-Z1-2MU00693_20260729_233834_000;0.7;2.6;30.0;Phogri;0.88;;;;;
Car381009-2026-Pass1-Z1-2MU00693_20260729_233839_000;0.0;1.6;34.0;Leppun;0.97;;;;;
Car381009-2026-Pass1-Z1-2MU00693_20260729_233842_000;0.1;1.1;28.0;Barfis;0.28;;;;;
Car381009-2026-Pass1-Z1-2MU00693_20260729_233842_000;0.0;1.3;35.0;Leppun;0.98;;;;;
Car381009-2026-Pass1-Z1-2MU00693_20260729_233845_000;0.0;1.7;37.0;Leppun;0.99;;;;;
Car381009-2026-Pass1-Z1-2MU00693_20260729_233845_000;1.0;1.3;53.0;noise;0.35;;;;;
Car381009-2026-Pass1-Z1-2MU00693_20260729_233847_000;0.0;1.7;33.0;Leppun;0.98;;;;;
Car381009-2026-Pass1-Z1-2MU00693_20260729_233847_000;1.2;1.7;28.0;noise;0.07;Phogri;;;;
Car381009-2026-Pass1-Z1-2MU00693_20260729_233903_000;0.0;2.1;33.0;Leppun;0.79;;;;;
Car381009-2026-Pass1-Z1-2MU00693_20260729_233903_000;0.4;0.5;11.0;noise;0.08;Tetvir;;;;
Car381009-2026-Pass1-Z1-2MU00693_20260729_233906_000;0.0;2.0;33.0;Leppun;0.98;;;;;
Car381009-2026-Pass1-Z1-2MU00693_20260729_233906_000;1.4;2.0;27.0;Phogri;0.54;;;;;
Car381009-2026-Pass1-Z1-2MU00693_20260729_233909_000;0.0;2.0;35.0;Leppun;0.99;;;;;
Car381009-2026-Pass1-Z1-2MU00693_20260729_233909_000;0.0;1.2;18.0;noise;0.59;;;;;
Car381009-2026-Pass1-Z1-2MU00693_20260729_233912_000;0.0;4.4;36.0;Leppun;0.96;;;;;
Car381009-2026-Pass1-Z1-2MU00693_20260729_233912_000;1.2;1.3;37.0;Phogri;0.96;;;;;
Car381009-2026-Pass1-Z1-2MU00693_20260729_233918_000;0.0;4.6;28.0;Leppun;0.97;;;;;
Car381009-2026-Pass1-Z1-2MU00693_20260729_233918_000;0.0;5.0;25.0;noise;0.23;;;;;
Car381009-2026-Pass1-Z1-2MU00693_20260729_233918_000;0.0;2.8;37.0;Phogri;0.85;;;;;
Car381009-2026-Pass1-Z1-2MU00693_20260729_233925_000;0.0;4.3;32.0;Leppun;0.96;;;;;
Car381009-2026-Pass1-Z1-2MU00693_20260729_233925_000;3.7;4.2;30.0;noise;0.21;;;;;
Car381009-2026-Pass1-Z1-2MU00693_20260729_233925_000;0.0;4.5;28.0;Phogri;0.92;;;;;
Car381009-2026-Pass1-Z1-2MU00693_20260729_233925_000;3.8;5.0;50.0;Pippip;0.99;;;;;
Car381009-2026-Pass1-Z1-2MU00693_20260729_233941_000;1.6;1.8;29.0;noise;0.05;;;;;
Car381009-2026-Pass1-Z1-2MU00693_20260729_233941_000;0.0;2.1;30.0;Leppun;0.95;;;;;
Car381009-2026-Pass1-Z1-2MU00693_20260729_233946_000;0.0;1.2;32.0;Leppun;0.98;;;;;
Car381009-2026-Pass1-Z1-2MU00693_20260729_233949_000;0.0;1.7;30.0;Leppun;0.98;;;;;
Car381009-2026-Pass1-Z1-2MU00693_20260729_233949_000;0.3;0.4;27.0;noise;0.16;;;;;
Car381009-2026-Pass1-Z1-2MU00693_20260729_233953_000;0.0;2.0;28.0;Leppun;0.98;;;;;
Car381009-2026-Pass1-Z1-2MU00693_20260729_233956_000;0.0;1.7;34.0;Leppun;0.98;;;;;
Car381009-2026-Pass1-Z1-2MU00693_20260729_233956_000;0.5;0.6;23.0;noise;0.15;;;;;
Car381009-2026-Pass1-Z1-2MU00693_20260729_234000_000;0.0;2.1;33.0;Leppun;0.23;;;;;
Car381009-2026-Pass1-Z1-2MU00693_20260729_234000_000;0.1;1.4;51.0;Pippip;0.99;;;;;
Car381009-2026-Pass1-Z1-2MU00693_20260729_234002_000;0.0;0.1;39.0;Leppun;0.8;;;;;
Car381009-2026-Pass1-Z1-2MU00693_20260729_234002_000;0.2;1.8;26.0;noise;0.31;;;;;
Car381009-2026-Pass1-Z1-2MU00693_20260729_234002_000;0.0;2.0;33.0;Testes;0.74;;;;;
Car381009-2026-Pass1-Z1-2MU00693_20260729_234006_000;0.0;1.5;34.0;Leppun;0.98;;;;;
Car381009-2026-Pass1-Z1-2MU00693_20260729_234010_000;0.0;2.3;33.0;Leppun;0.97;;;;;
Car381009-2026-Pass1-Z1-2MU00693_20260729_234010_000;2.7;2.8;27.0;Nyclei;0.27;;;;;
Car381009-2026-Pass1-Z1-2MU00693_20260729_234010_000;0.0;3.3;26.0;Phogri;0.85;;;;;
Car381009-2026-Pass1-Z1-2MU00693_20260729_234015_000;0.0;2.0;33.0;Leppun;0.95;;;;;
Car381009-2026-Pass1-Z1-2MU00693_20260729_234015_000;1.6;2.0;30.0;Insp12;0.05;noise, Testes;;;;
Car381009-2026-Pass1-Z1-2MU00693_20260729_234017_000;0.0;1.7;34.0;noise;0.1;Leppun;;;;
Car381009-2026-Pass1-Z1-2MU00693_20260729_234017_000;0.0;1.4;33.0;Testes;0.43;;;;;
Car381009-2026-Pass1-Z1-2MU00693_20260729_234019_000;0.0;3.4;29.0;Leppun;0.94;;;;;
Car381009-2026-Pass1-Z1-2MU00693_20260729_234019_000;0.7;3.2;24.0;noise;0.13;;;;;
Car381009-2026-Pass1-Z1-2MU00693_20260729_234024_000;0.0;1.9;38.0;Leppun;0.98;;;;;
Car381009-2026-Pass1-Z1-2MU00693_20260729_234027_000;0.0;3.7;35.0;Leppun;0.76;;;;;
Car381009-2026-Pass1-Z1-2MU00693_20260729_234027_000;0.9;4.6;24.0;noise;0.1;;;;;
Car381009-2026-Pass1-Z1-2MU00693_20260729_234027_000;0.0;5.0;32.0;Testes;0.8;;;;;
Car381009-2026-Pass1-Z1-2MU00693_20260729_234043_000;0.0;1.6;28.0;Leppun;0.97;;;;;
Car381009-2026-Pass1-Z1-2MU00693_20260729_234046_000;0.0;0.8;37.0;Leppun;0.98;;;;;
Car381009-2026-Pass1-Z1-2MU00693_20260729_234049_000;0.0;4.7;38.0;Leppun;0.83;;;;;
Car381009-2026-Pass1-Z1-2MU00693_20260729_234049_000;0.0;5.0;26.0;noise;0.14;;;;;
Car381009-2026-Pass1-Z1-2MU00693_20260729_234049_000;0.0;5.0;32.0;Testes;0.9;;;;;
Car381009-2026-Pass1-Z1-2MU00693_20260729_234111_000;0.0;1.8;41.0;Leppun;0.96;;;;;
Car381009-2026-Pass1-Z1-2MU00693_20260729_234111_000;0.1;0.2;9.0;Tetvir;0.32;;;;;
Car381009-2026-Pass1-Z1-2MU00693_20260729_234116_000;0.0;3.6;38.0;Leppun;0.93;;;;;
Car381009-2026-Pass1-Z1-2MU00693_20260729_234116_000;0.0;3.7;41.0;Pipkuh;0.89;;;;;
Car381009-2026-Pass1-Z1-2MU00693_20260729_234121_000;0.8;4.8;35.0;Leppun;0.97;;;;;
Car381009-2026-Pass1-Z1-2MU00693_20260729_234121_000;1.9;4.2;38.0;Myodau;0.67;;;;;
Car381009-2026-Pass1-Z1-2MU00693_20260729_234121_000;0.1;4.8;21.0;noise;0.11;;;;;
Car381009-2026-Pass1-Z1-2MU00693_20260729_234121_000;0.0;5.0;42.0;Pipkuh;0.84;;;;;
Car381009-2026-Pass1-Z1-2MU00693_20260729_234121_000;0.0;5.0;46.0;Pippip;0.96;;;;;
Car381009-2026-Pass1-Z1-2MU00693_20260729_234121_000;0.5;4.9;32.0;Testes;0.78;;;;;
Car381009-2026-Pass1-Z1-2MU00693_20260729_234136_000;0.0;5.0;35.0;Leppun;0.89;;;;;
Car381009-2026-Pass1-Z1-2MU00693_20260729_234136_000;0.4;4.6;27.0;noise;0.29;;;;;
Car381009-2026-Pass1-Z1-2MU00693_20260729_234136_000;0.0;5.0;41.0;Pipkuh;0.97;;;;;
Car381009-2026-Pass1-Z1-2MU00693_20260729_234144_000;0.7;4.6;39.0;Leppun;0.93;;;;;
Car381009-2026-Pass1-Z1-2MU00693_20260729_234144_000;0.1;4.5;32.0;noise;0.21;;;;;
Car381009-2026-Pass1-Z1-2MU00693_20260729_234144_000;0.0;5.0;46.0;Pipkuh;0.98;;;;;
Car381009-2026-Pass1-Z1-2MU00693_20260729_234155_000;0.3;4.6;14.0;noise;0.27;;;;;
Car381009-2026-Pass1-Z1-2MU00693_20260729_234155_000;0.0;4.7;35.0;Testes;0.96;;;;;
Car381009-2026-Pass1-Z1-2MU00693_20260729_234204_000;0.1;1.8;36.0;Leppun;0.94;;;;;
Car381009-2026-Pass1-Z1-2MU00693_20260729_234204_000;0.0;2.0;39.0;Pipkuh;0.84;;;;;
Car381009-2026-Pass1-Z1-2MU00693_20260729_234207_000;0.9;4.3;38.0;Leppun;0.98;;;;;
Car381009-2026-Pass1-Z1-2MU00693_20260729_234207_000;0.0;4.0;42.0;Pipkuh;0.99;;;;;
Car381009-2026-Pass1-Z1-2MU00693_20260729_234207_000;1.0;3.9;23.0;Tetvir;0.63;;;;;
Car381009-2026-Pass1-Z1-2MU00693_20260729_234212_000;0.0;4.9;37.0;Leppun;0.95;;;;;
Car381009-2026-Pass1-Z1-2MU00693_20260729_234212_000;0.1;5.0;32.0;noise;0.16;;;;;
Car381009-2026-Pass1-Z1-2MU00693_20260729_234212_000;0.0;5.0;41.0;Pipkuh;0.98;;;;;
Car381009-2026-Pass1-Z1-2MU00693_20260729_234224_000;0.0;1.8;40.0;Leppun;0.98;;;;;
Car381009-2026-Pass1-Z1-2MU00693_20260729_234224_000;0.3;1.2;25.0;Phogri;0.05;noise, Cyrscu;;;;
Car381009-2026-Pass1-Z1-2MU00693_20260729_234229_000;0.0;5.0;36.0;Leppun;0.98;;;;;
Car381009-2026-Pass1-Z1-2MU00693_20260729_234229_000;0.9;4.9;26.0;noise;0.17;;;;;
Car381009-2026-Pass1-Z1-2MU00693_20260729_234229_000;1.8;5.0;39.0;Pipkuh;0.99;;;;;
Car381009-2026-Pass1-Z1-2MU00693_20260729_234235_000;0.0;4.9;32.0;Leppun;0.92;;;;;
Car381009-2026-Pass1-Z1-2MU00693_20260729_234235_000;1.1;4.8;23.0;noise;0.13;;;;;
Car381009-2026-Pass1-Z1-2MU00693_20260729_234235_000;0.0;3.9;38.0;Pipkuh;0.92;;;;;
Car381009-2026-Pass1-Z1-2MU00693_20260729_234235_000;0.1;2.0;29.0;Testes;0.23;;;;;
Car381009-2026-Pass1-Z1-2MU00693_20260729_234242_000;0.0;3.7;41.0;Leppun;0.27;;;;;
Car381009-2026-Pass1-Z1-2MU00693_20260729_234242_000;0.5;4.8;24.0;noise;0.1;;;;;
Car381009-2026-Pass1-Z1-2MU00693_20260729_234242_000;0.2;5.0;33.0;Testes;0.92;;;;;
Car381009-2026-Pass1-Z1-2MU00693_20260729_234254_000;0.0;5.0;34.0;Leppun;0.93;;;;;
Car381009-2026-Pass1-Z1-2MU00693_20260729_234254_000;0.0;3.6;25.0;noise;0.09;Phogri;;;;
Car381009-2026-Pass1-Z1-2MU00693_20260729_234254_000;0.2;4.8;39.0;Pipkuh;0.81;;;;;
Car381009-2026-Pass1-Z1-2MU00693_20260729_234254_000;0.4;5.0;46.0;Pippip;0.99;;;;;
Car381009-2026-Pass1-Z1-2MU00693_20260729_234309_000;0.3;4.7;34.0;noise;0.11;;;;;
Car381009-2026-Pass1-Z1-2MU00693_20260729_234309_000;0.0;4.5;46.0;Pippip;0.98;;;;;
Car381009-2026-Pass1-Z1-2MU00693_20260729_234309_000;0.2;5.0;33.0;Testes;0.91;;;;;
Car381009-2026-Pass1-Z1-2MU00693_20260729_234323_000;0.6;5.0;25.0;noise;0.21;;;;;
Car381009-2026-Pass1-Z1-2MU00693_20260729_234323_000;0.0;4.9;38.0;Pipkuh;0.44;Pipnat;;;;
Car381009-2026-Pass1-Z1-2MU00693_20260729_234335_000;2.2;5.0;40.0;Pipkuh;0.97;;;;;
Car381009-2026-Pass1-Z1-2MU00693_20260729_234335_000;0.0;4.3;33.0;Testes;0.88;;;;;
Car381009-2026-Pass1-Z1-2MU00693_20260729_234335_000;0.4;3.9;9.0;Tetvir;0.58;;;;;
Car381009-2026-Pass1-Z1-2MU00693_20260729_234342_000;0.0;2.7;30.0;noise;0.5;;;;;
Car381009-2026-Pass1-Z1-2MU00693_20260729_234342_000;0.0;2.8;44.0;Pipkuh;0.99;;;;;
Car381009-2026-Pass1-Z1-2MU00693_20260729_234342_000;2.1;2.8;16.0;Urosp;0.04;Tetvir, Rusnit, Phogri, Phanan, mamm, Eupsp;;;;
Car381009-2026-Pass1-Z1-2MU00693_20260729_234346_000;0.2;2.1;19.0;noise;0.05;Tetvir, Phanan;;;;
Car381009-2026-Pass1-Z1-2MU00693_20260729_234346_000;0.0;4.9;42.0;Pipkuh;0.99;;;;;
Car381009-2026-Pass1-Z1-2MU00693_20260729_234346_000;0.4;3.2;31.0;Testes;0.37;;;;;
Car381009-2026-Pass1-Z1-2MU00693_20260729_234358_000;0.6;4.4;26.0;noise;0.19;;;;;
Car381009-2026-Pass1-Z1-2MU00693_20260729_234358_000;2.1;4.9;40.0;Pipkuh;0.89;;;;;
Car381009-2026-Pass1-Z1-2MU00693_20260729_234358_000;0.0;4.7;32.0;Testes;0.86;;;;;
Car381009-2026-Pass1-Z1-2MU00693_20260729_234407_000;0.1;3.0;37.0;Leppun;0.46;;;;;
Car381009-2026-Pass1-Z1-2MU00693_20260729_234407_000;0.0;3.2;41.0;Pipkuh;0.99;;;;;
Car381009-2026-Pass1-Z1-2MU00693_20260729_234407_000;0.6;2.3;49.0;Pippip;0.99;;;;;
Car381009-2026-Pass1-Z1-2MU00693_20260729_234407_000;0.0;3.0;24.0;noise;0.05;Plaint, Phogri;;;;
Car381009-2026-Pass1-Z1-2MU00693_20260729_234420_000;1.4;3.5;41.0;Leppun;0.66;;;;;
Car381009-2026-Pass1-Z1-2MU00693_20260729_234420_000;0.7;5.0;16.0;noise;0.15;;;;;
Car381009-2026-Pass1-Z1-2MU00693_20260729_234420_000;1.0;3.5;39.0;Pipkuh;0.42;;;;;
Car381009-2026-Pass1-Z1-2MU00693_20260729_234420_000;0.0;5.0;32.0;Testes;0.95;;;;;
Car381009-2026-Pass1-Z1-2MU00693_20260729_234427_000;0.0;1.9;34.0;Leppun;0.88;;;;;
Car381009-2026-Pass1-Z1-2MU00693_20260729_234427_000;0.5;1.7;38.0;Pipkuh;0.73;;;;;
Car381009-2026-Pass1-Z1-2MU00693_20260729_234438_000;0.2;5.0;28.0;noise;0.2;;;;;
Car381009-2026-Pass1-Z1-2MU00693_20260729_234438_000;0.0;4.8;39.0;Pipkuh;0.91;;;;;
Car381009-2026-Pass1-Z1-2MU00693_20260729_234438_000;1.0;5.0;30.0;Testes;0.39;;;;;
Car381009-2026-Pass1-Z1-2MU00693_20260729_234453_000;0.0;1.9;35.0;Phogri;0.64;;;;;
Car381009-2026-Pass1-Z1-2MU00693_20260729_234505_000;0.9;4.9;22.0;noise;0.15;;;;;
Car381009-2026-Pass1-Z1-2MU00693_20260729_234505_000;0.1;2.9;38.0;Pipkuh;0.48;Pipnat;;;;
Car381009-2026-Pass1-Z1-2MU00693_20260729_234505_000;0.0;5.0;48.0;Pippip;0.98;;;;;
Car381009-2026-Pass1-Z1-2MU00693_20260729_234505_000;0.5;5.0;32.0;Testes;0.88;;;;;
Car381009-2026-Pass1-Z1-2MU00693_20260729_234513_000;0.0;3.7;37.0;Leppun;0.85;;;;;
Car381009-2026-Pass1-Z1-2MU00693_20260729_234513_000;0.1;3.0;23.0;Phogri;0.05;noise;;;;
Car381009-2026-Pass1-Z1-2MU00693_20260729_234518_000;0.0;2.0;35.0;Leppun;0.96;;;;;
Car381009-2026-Pass1-Z1-2MU00693_20260729_234518_000;0.7;2.0;25.0;noise;0.06;Phogri, Tetvir;;;;
Car381009-2026-Pass1-Z1-2MU00693_20260729_234518_000;1.0;1.7;38.0;Pipkuh;0.6;;;;;
Car381009-2026-Pass1-Z1-2MU00693_20260729_234521_000;0.0;4.1;34.0;Leppun;0.68;;;;;
Car381009-2026-Pass1-Z1-2MU00693_20260729_234521_000;2.6;5.0;23.0;noise;0.18;;;;;
Car381009-2026-Pass1-Z1-2MU00693_20260729_234521_000;1.0;5.0;38.0;Pipnat;0.48;Pipkuh;;;;
Car381009-2026-Pass1-Z1-2MU00693_20260729_234538_000;0.0;1.3;29.0;Leppun;0.98;;;;;
Car381009-2026-Pass1-Z1-2MU00693_20260729_234538_000;1.2;1.3;23.0;Phogri;0.28;;;;;
Car381009-2026-Pass1-Z1-2MU00693_20260729_234540_000;0.0;3.2;33.0;Leppun;0.97;;;;;
Car381009-2026-Pass1-Z1-2MU00693_20260729_234540_000;1.3;1.4;12.0;noise;0.5;;;;;
Car381009-2026-Pass1-Z1-2MU00693_20260729_234545_000;0.0;2.0;34.0;Leppun;0.92;;;;;
Car381009-2026-Pass1-Z1-2MU00693_20260729_234553_000;4.2;4.4;37.0;Leppun;0.91;;;;;
Car381009-2026-Pass1-Z1-2MU00693_20260729_234553_000;0.0;4.8;33.0;Testes;0.94;;;;;
Car381009-2026-Pass1-Z1-2MU00693_20260729_234612_000;2.6;4.5;42.0;Leppun;0.17;;;;;
Car381009-2026-Pass1-Z1-2MU00693_20260729_234612_000;0.0;4.9;41.0;Pipkuh;0.98;;;;;
Car381009-2026-Pass1-Z1-2MU00693_20260729_234612_000;0.2;5.0;32.0;Testes;0.85;;;;;
Car381009-2026-Pass1-Z1-2MU00693_20260729_234627_000;0.0;1.1;34.0;Leppun;0.32;;;;;
Car381009-2026-Pass1-Z1-2MU00693_20260729_234631_000;0.0;2.0;36.0;Leppun;0.14;;;;;
Car381009-2026-Pass1-Z1-2MU00693_20260729_234631_000;0.0;0.6;25.0;Phogri;0.07;noise;;;;
Car381009-2026-Pass1-Z1-2MU00693_20260729_234639_000;1.2;3.3;14.0;noise;0.11;;;;;
Car381009-2026-Pass1-Z1-2MU00693_20260729_234639_000;0.0;4.7;33.0;Testes;0.93;;;;;
Car381009-2026-Pass1-Z1-2MU00693_20260729_234654_000;0.0;1.5;36.0;noise;0.74;;;;;
Car381009-2026-Pass1-Z1-2MU00693_20260729_234654_000;0.0;0.1;63.0;Phogri;0.26;;;;;
Car381009-2026-Pass1-Z1-2MU00693_20260729_234701_000;0.0;3.8;28.0;Phogri;0.55;;;;;
Car381009-2026-Pass1-Z1-2MU00693_20260729_234701_000;0.0;4.8;33.0;Testes;0.91;;;;;
Car381009-2026-Pass1-Z1-2MU00693_20260729_234710_000;0.0;1.8;28.0;noise;0.1;;;;;
Car381009-2026-Pass1-Z1-2MU00693_20260729_234723_000;0.0;3.5;30.0;noise;0.09;;;;;
Car381009-2026-Pass1-Z1-2MU00693_20260729_234723_000;0.1;4.3;33.0;Testes;0.94;;;;;
Car381009-2026-Pass1-Z1-2MU00693_20260729_234746_000;0.2;2.0;30.0;Leppun;0.06;Tetvir, Phogri;;;;
Car381009-2026-Pass1-Z1-2MU00693_20260729_234746_000;0.2;1.9;28.0;noise;0.11;Phogri;;;;
Car381009-2026-Pass1-Z1-2MU00693_20260729_234749_000;0.5;4.4;58.0;noise;0.05;;;;;
Car381009-2026-Pass1-Z1-2MU00693_20260729_234749_000;0.0;4.9;32.0;Testes;0.9;;;;;
Car381009-2026-Pass1-Z1-2MU00693_20260729_234755_000;0.7;1.8;27.0;noise;0.24;;;;;
Car381009-2026-Pass1-Z1-2MU00693_20260729_234801_000;0.0;1.7;37.0;Leppun;0.47;;;;;
Car381009-2026-Pass1-Z1-2MU00693_20260729_234815_000;0.0;4.9;39.0;Pipkuh;0.94;;;;;
Car381009-2026-Pass1-Z1-2MU00693_20260729_234815_000;0.0;4.7;32.0;Testes;0.87;;;;;
Car381009-2026-Pass1-Z1-2MU00693_20260729_234815_000;2.8;2.9;10.0;Tetvir;0.26;;;;;
Car381009-2026-Pass1-Z1-2MU00693_20260729_234826_000;2.0;5.0;25.0;noise;0.27;;;;;
Car381009-2026-Pass1-Z1-2MU00693_20260729_234826_000;0.0;4.6;40.0;Pipkuh;0.99;;;;;
Car381009-2026-Pass1-Z1-2MU00693_20260729_234826_000;0.0;5.0;45.0;Pippip;0.98;;;;;
Car381009-2026-Pass1-Z1-2MU00693_20260729_234826_000;1.1;4.8;30.0;Tetvir;0.72;;;;;
Car381009-2026-Pass1-Z1-2MU00693_20260729_234836_000;0.0;2.8;39.0;Pipkuh;0.97;;;;;
Car381009-2026-Pass1-Z1-2MU00693_20260729_234836_000;0.1;4.3;33.0;Testes;0.89;;;;;
Car381009-2026-Pass1-Z1-2MU00693_20260729_234843_000;0.0;1.8;38.0;noise;0.1;;;;;
Car381009-2026-Pass1-Z1-2MU00693_20260729_234857_000;0.3;4.0;14.0;noise;0.29;;;;;
Car381009-2026-Pass1-Z1-2MU00693_20260729_234857_000;0.0;4.7;32.0;Testes;0.91;;;;;
Car381009-2026-Pass1-Z1-2MU00693_20260729_234909_000;0.9;4.8;27.0;noise;0.28;;;;;
Car381009-2026-Pass1-Z1-2MU00693_20260729_234909_000;0.0;5.0;61.0;Pipkuh;0.95;;;;;
Car381009-2026-Pass1-Z1-2MU00693_20260729_234921_000;0.0;4.4;62.0;noise;0.13;Antsp;;;;
Car381009-2026-Pass1-Z1-2MU00693_20260729_234921_000;0.0;5.0;33.0;Testes;0.95;;;;;
Car381009-2026-Pass1-Z1-2MU00693_20260729_234930_000;0.0;1.8;33.0;Leppun;0.48;;;;;
Car381009-2026-Pass1-Z1-2MU00693_20260729_234930_000;0.0;0.1;27.0;Phogri;0.62;;;;;
Car381009-2026-Pass1-Z1-2MU00693_20260729_234935_000;0.1;2.0;20.0;noise;0.14;;;;;
Car381009-2026-Pass1-Z1-2MU00693_20260729_234935_000;0.0;2.0;26.0;Phogri;0.45;;;;;
Car381009-2026-Pass1-Z1-2MU00693_20260729_234943_000;0.0;5.0;45.0;Pippip;0.93;;;;;
Car381009-2026-Pass1-Z1-2MU00693_20260729_234943_000;0.0;5.0;33.0;Testes;0.93;;;;;
Car381009-2026-Pass1-Z1-2MU00693_20260729_234958_000;0.3;2.0;35.0;Leppun;0.65;;;;;
Car381009-2026-Pass1-Z1-2MU00693_20260729_234958_000;0.0;1.8;31.0;Phogri;0.8;;;;;
Car381009-2026-Pass1-Z1-2MU00693_20260729_234958_000;1.4;1.5;46.0;Pippip;0.73;;;;;
Car381009-2026-Pass1-Z1-2MU00693_20260729_235001_000;0.6;4.0;38.0;Leppun;0.15;;;;;
Car381009-2026-Pass1-Z1-2MU00693_20260729_235001_000;0.6;4.9;27.0;noise;0.07;Phogri;;;;
Car381009-2026-Pass1-Z1-2MU00693_20260729_235001_000;0.0;5.0;45.0;Pippip;0.99;;;;;
Car381009-2026-Pass1-Z1-2MU00693_20260729_235018_000;0.3;1.8;27.0;noise;0.39;;;;;
Car381009-2026-Pass1-Z1-2MU00693_20260729_235018_000;0.0;0.5;25.0;Phogri;0.69;;;;;
Car381009-2026-Pass1-Z1-2MU00693_20260729_235021_000;0.8;5.0;38.0;noise;0.12;;;;;
Car381009-2026-Pass1-Z1-2MU00693_20260729_235021_000;0.0;4.8;31.0;Phogri;0.79;;;;;
Car381009-2026-Pass1-Z1-2MU00693_20260729_235027_000;0.0;4.8;28.0;noise;0.15;Phogri;;;;
Car381009-2026-Pass1-Z1-2MU00693_20260729_235027_000;0.1;5.0;30.0;Testes;0.93;;;;;
Car381009-2026-Pass1-Z1-2MU00693_20260729_235053_000;2.9;5.0;45.0;Pippip;0.8;;;;;
Car381009-2026-Pass1-Z1-2MU00693_20260729_235053_000;0.0;5.0;32.0;Testes;0.88;;;;;
Car381009-2026-Pass1-Z1-2MU00693_20260729_235102_000;0.0;4.3;30.0;Phogri;0.71;;;;;
Car381009-2026-Pass1-Z1-2MU00693_20260729_235102_000;0.0;5.0;45.0;Pippip;0.99;;;;;
Car381009-2026-Pass1-Z1-2MU00693_20260729_235102_000;0.0;5.0;32.0;Testes;0.81;;;;;
Car381009-2026-Pass1-Z1-2MU00693_20260729_235111_000;0.0;1.2;33.0;noise;0.14;;;;;
Car381009-2026-Pass1-Z1-2MU00693_20260729_235111_000;0.0;1.3;33.0;Testes;0.67;;;;;
Car381009-2026-Pass1-Z1-2MU00693_20260729_235116_000;0.0;5.0;33.0;Phogri;0.59;;;;;
Car381009-2026-Pass1-Z1-2MU00693_20260729_235116_000;0.0;5.0;30.0;Testes;0.79;;;;;
Car381009-2026-Pass1-Z1-2MU00693_20260729_235124_000;0.4;3.3;47.0;Phogri;0.54;;;;;
Car381009-2026-Pass1-Z1-2MU00693_20260729_235124_000;0.0;3.9;33.0;Testes;0.86;;;;;
Car381009-2026-Pass1-Z1-2MU00693_20260729_235124_000;0.4;3.2;24.0;Tetvir;0.69;;;;;
Car381009-2026-Pass1-Z1-2MU00693_20260729_235133_000;0.4;1.4;26.0;noise;0.06;;;;;
Car381009-2026-Pass1-Z1-2MU00693_20260729_235133_000;0.0;1.4;30.0;Testes;0.59;;;;;
Car381009-2026-Pass1-Z1-2MU00693_20260729_235140_000;0.0;1.3;29.0;Phogri;0.61;;;;;
Car381009-2026-Pass1-Z1-2MU00693_20260729_235142_000;0.0;1.8;27.0;Phogri;0.66;;;;;
Car381009-2026-Pass1-Z1-2MU00693_20260729_235146_000;0.0;0.1;40.0;Phogri;0.06;noise;;;;
Car381009-2026-Pass1-Z1-2MU00693_20260729_235146_000;0.0;1.5;36.0;Leppun;0.06;noise, Tetvir;;;;
Car381009-2026-Pass1-Z1-2MU00693_20260729_235148_000;0.7;0.8;33.0;noise;0.35;;;;;
Car381009-2026-Pass1-Z1-2MU00693_20260729_235148_000;0.0;1.7;30.0;Phogri;0.84;;;;;
Car381009-2026-Pass1-Z1-2MU00693_20260729_235148_000;0.3;1.9;44.0;Pippip;0.98;;;;;
Car381009-2026-Pass1-Z1-2MU00693_20260729_235152_000;0.0;4.4;26.0;noise;0.12;;;;;
Car381009-2026-Pass1-Z1-2MU00693_20260729_235152_000;0.1;4.3;45.0;Pippip;0.99;;;;;
Car381009-2026-Pass1-Z1-2MU00693_20260729_235152_000;0.0;5.0;25.0;Phogri;0.06;Plaint;;;;
Car381009-2026-Pass1-Z1-2MU00693_20260729_235158_000;0.0;5.0;29.0;noise;0.13;Phogri;;;;
Car381009-2026-Pass1-Z1-2MU00693_20260729_235158_000;0.0;4.1;45.0;Pippip;0.96;;;;;
Car381009-2026-Pass1-Z1-2MU00693_20260729_235207_000;0.0;4.6;28.0;Phogri;0.91;;;;;
Car381009-2026-Pass1-Z1-2MU00693_20260729_235207_000;0.2;3.6;45.0;Pippip;0.99;;;;;
Car381009-2026-Pass1-Z1-2MU00693_20260729_235228_000;0.0;5.0;28.0;Phogri;0.66;;;;;
Car381009-2026-Pass1-Z1-2MU00693_20260729_235237_000;0.0;3.9;27.0;Phogri;0.58;;;;;
Car381009-2026-Pass1-Z1-2MU00693_20260729_235243_000;0.0;1.4;29.0;Leppun;0.19;;;;;
Car381009-2026-Pass1-Z1-2MU00693_20260729_235243_000;0.0;0.2;27.0;Testes;0.09;noise;;;;
Car381009-2026-Pass1-Z1-2MU00693_20260729_235246_000;0.0;5.0;26.0;noise;0.18;Phogri;;;;
Car381009-2026-Pass1-Z1-2MU00693_20260729_235256_000;0.0;4.9;26.0;Phogri;0.05;noise, Rhasp;;;;
Car381009-2026-Pass1-Z1-2MU00693_20260729_235256_000;0.0;4.9;34.0;Testes;0.75;;;;;
Car381009-2026-Pass1-Z1-2MU00693_20260729_235301_000;0.0;3.8;32.0;Leppun;0.19;;;;;
Car381009-2026-Pass1-Z1-2MU00693_20260729_235301_000;0.0;5.0;27.0;Phogri;0.06;Rhasp, noise, Metbra;;;;
Car381009-2026-Pass1-Z1-2MU00693_20260729_235326_000;0.0;5.0;26.0;Phogri;0.15;noise;;;;
Car381009-2026-Pass1-Z1-2MU00693_20260729_235326_000;0.0;4.9;33.0;Testes;0.88;;;;;
Car381009-2026-Pass1-Z1-2MU00693_20260729_235334_000;0.3;4.4;34.0;Leppun;0.25;;;;;
Car381009-2026-Pass1-Z1-2MU00693_20260729_235334_000;0.0;5.0;27.0;Phogri;0.82;;;;;
Car381009-2026-Pass1-Z1-2MU00693_20260729_235350_000;0.7;3.0;31.0;Leppun;0.17;;;;;
Car381009-2026-Pass1-Z1-2MU00693_20260729_235350_000;0.6;4.7;28.0;noise;0.1;Tetvir;;;;
Car381009-2026-Pass1-Z1-2MU00693_20260729_235350_000;0.0;3.1;29.0;Phogri;0.78;;;;;
Car381009-2026-Pass1-Z1-2MU00693_20260729_235355_000;1.1;1.8;26.0;Nyclei;0.95;;;;;
Car381009-2026-Pass1-Z1-2MU00693_20260729_235355_000;0.0;1.4;26.0;Phogri;0.41;;;;;
Car381009-2026-Pass1-Z1-2MU00693_20260729_235359_000;0.9;1.7;28.0;Leppun;0.16;;;;;
Car381009-2026-Pass1-Z1-2MU00693_20260729_235401_000;0.3;2.0;27.0;Leppun;0.77;;;;;
Car381009-2026-Pass1-Z1-2MU00693_20260729_235401_000;0.2;2.0;28.0;noise;0.06;Phogri;;;;
Car381009-2026-Pass1-Z1-2MU00693_20260729_235411_000;0.0;2.0;27.0;Phogri;0.63;;;;;
Car381009-2026-Pass1-Z1-2MU00693_20260729_235415_000;0.0;1.7;28.0;noise;0.04;Leppun, Tetvir;;;;
Car381009-2026-Pass1-Z1-2MU00693_20260729_235415_000;0.0;1.8;26.0;Phogri;0.15;;;;;
Car381009-2026-Pass1-Z1-2MU00693_20260729_235419_000;1.3;1.5;25.0;noise;0.05;Phogri, Leppun;;;;
Car381009-2026-Pass1-Z1-2MU00693_20260729_235419_000;0.0;1.9;32.0;Testes;0.72;;;;;
Car381009-2026-Pass1-Z1-2MU00693_20260729_235434_000;0.0;2.0;29.0;Phogri;0.79;;;;;
Car381009-2026-Pass1-Z1-2MU00693_20260729_235434_000;0.0;1.9;49.0;Pippip;0.99;;;;;
Car381009-2026-Pass1-Z1-2MU00693_20260729_235440_000;1.3;1.4;35.0;Leppun;0.31;;;;;
Car381009-2026-Pass1-Z1-2MU00693_20260729_235440_000;0.0;2.0;30.0;noise;0.29;;;;;
Car381009-2026-Pass1-Z1-2MU00693_20260729_235446_000;0.0;2.0;36.0;Leppun;0.98;;;;;
Car381009-2026-Pass1-Z1-2MU00693_20260729_235446_000;0.2;1.0;18.0;noise;0.24;;;;;
Car381009-2026-Pass1-Z1-2MU00693_20260729_235446_000;1.6;1.7;48.0;Pippip;0.91;;;;;
Car381009-2026-Pass1-Z1-2MU00693_20260729_235449_000;0.0;1.5;36.0;Leppun;0.2;;;;;
Car381009-2026-Pass1-Z1-2MU00693_20260729_235449_000;0.0;1.5;40.0;Phogri;0.78;;;;;
Car381009-2026-Pass1-Z1-2MU00693_20260729_235449_000;0.2;2.0;47.0;Pippip;0.99;;;;;
Car381009-2026-Pass1-Z1-2MU00693_20260729_235452_000;0.0;0.1;50.0;Leppun;0.32;;;;;
Car381009-2026-Pass1-Z1-2MU00693_20260729_235452_000;0.0;1.8;25.0;Phogri;0.84;;;;;
Car381009-2026-Pass1-Z1-2MU00693_20260729_235455_000;0.0;1.4;30.0;Leppun;0.32;;;;;
Car381009-2026-Pass1-Z1-2MU00693_20260729_235455_000;0.0;1.3;28.0;noise;0.04;Phogri, Cyrscu, Tetvir, Metbra, Antsp;;;;
Car381009-2026-Pass1-Z1-2MU00693_20260729_235501_000;0.0;1.3;32.0;Phogri;0.59;;;;;
Car381009-2026-Pass1-Z1-2MU00693_20260729_235501_000;0.2;0.9;36.0;Testes;0.06;noise, Antsp;;;;
Car381009-2026-Pass1-Z1-2MU00693_20260729_235504_000;0.0;0.1;33.0;Phogri;0.52;;;;;
Car381009-2026-Pass1-Z1-2MU00693_20260729_235508_000;0.0;2.5;26.0;Leppun;0.94;;;;;
Car381009-2026-Pass1-Z1-2MU00693_20260729_235508_000;0.1;2.5;24.0;Phogri;0.66;;;;;
Car381009-2026-Pass1-Z1-2MU00693_20260729_235515_000;0.0;1.4;30.0;Phogri;0.59;;;;;
Car381009-2026-Pass1-Z1-2MU00693_20260729_235515_000;0.2;1.9;34.0;Testes;0.1;noise;;;;
Car381009-2026-Pass1-Z1-2MU00693_20260729_235523_000;0.2;4.7;29.0;Phogri;0.63;;;;;
Car381009-2026-Pass1-Z1-2MU00693_20260729_235523_000;4.0;5.0;34.0;noise;0.07;Testes, Antsp;;;;
Car381009-2026-Pass1-Z1-2MU00693_20260729_235530_000;0.0;3.3;24.0;Phogri;0.51;;;;;
Car381009-2026-Pass1-Z1-2MU00693_20260729_235534_000;0.0;1.9;29.0;Phogri;0.44;;;;;
Car381009-2026-Pass1-Z1-2MU00693_20260729_235537_000;1.3;1.4;89.0;noise;0.37;;;;;
Car381009-2026-Pass1-Z1-2MU00693_20260729_235537_000;0.0;2.0;27.0;Phogri;0.82;;;;;
Car381009-2026-Pass1-Z1-2MU00693_20260729_235541_000;0.6;2.0;36.0;Leppun;0.11;Phogri;;;;
Car381009-2026-Pass1-Z1-2MU00693_20260729_235541_000;0.0;2.0;34.0;noise;0.47;;;;;
Car381009-2026-Pass1-Z1-2MU00693_20260729_235544_000;0.0;1.5;30.0;Leppun;0.16;;;;;
Car381009-2026-Pass1-Z1-2MU00693_20260729_235544_000;0.7;1.5;25.0;Phogri;0.15;;;;;
Car381009-2026-Pass1-Z1-2MU00693_20260729_235548_000;0.0;2.0;21.0;Phogri;0.1;noise;;;;
Car381009-2026-Pass1-Z1-2MU00693_20260729_235548_000;0.5;1.8;20.0;Tetvir;0.17;;;;;
Car381009-2026-Pass1-Z1-2MU00693_20260729_235554_000;1.5;4.9;36.0;Leppun;0.71;;;;;
Car381009-2026-Pass1-Z1-2MU00693_20260729_235554_000;0.0;4.8;20.0;noise;0.18;;;;;
Car381009-2026-Pass1-Z1-2MU00693_20260729_235554_000;0.4;4.9;51.0;Pippip;0.99;;;;;
Car381009-2026-Pass1-Z1-2MU00693_20260729_235554_000;1.4;3.5;18.0;Tetvir;0.25;;;;;
Car381009-2026-Pass1-Z1-2MU00693_20260729_235602_000;0.0;1.8;33.0;Leppun;0.11;noise;;;;
Car381009-2026-Pass1-Z1-2MU00693_20260729_235602_000;0.0;2.1;22.0;Phogri;0.74;;;;;
Car381009-2026-Pass1-Z1-2MU00693_20260729_235602_000;0.0;0.9;31.0;Testes;0.8;;;;;
Car381009-2026-Pass1-Z1-2MU00693_20260729_235605_000;0.0;0.8;32.0;Leppun;0.18;;;;;
Car381009-2026-Pass1-Z1-2MU00693_20260729_235605_000;0.0;2.1;19.0;noise;0.1;Tetvir, Phogri;;;;
Car381009-2026-Pass1-Z1-2MU00693_20260729_235605_000;0.4;2.0;22.0;Pippip;0.96;;;;;
Car381009-2026-Pass1-Z1-2MU00693_20260729_235608_000;0.2;4.8;44.0;Pippip;0.97;;;;;
Car381009-2026-Pass1-Z1-2MU00693_20260729_235608_000;0.0;4.8;24.0;Phogri;0.1;noise;;;;
Car381009-2026-Pass1-Z1-2MU00693_20260729_235608_000;0.0;5.0;33.0;Testes;0.75;;;;;
Car381009-2026-Pass1-Z1-2MU00693_20260729_235616_000;0.6;0.7;17.0;noise;0.31;;;;;
Car381009-2026-Pass1-Z1-2MU00693_20260729_235616_000;0.0;1.1;26.0;Phogri;0.67;;;;;
Car381009-2026-Pass1-Z1-2MU00693_20260729_235623_000;0.0;0.1;34.0;Leppun;0.22;;;;;
Car381009-2026-Pass1-Z1-2MU00693_20260729_235623_000;0.0;1.7;18.0;noise;0.26;;;;;
Car381009-2026-Pass1-Z1-2MU00693_20260729_235623_000;0.2;1.6;28.0;Phogri;0.85;;;;;
Car381009-2026-Pass1-Z1-2MU00693_20260729_235625_000;0.0;2.0;35.0;Leppun;0.23;;;;;
Car381009-2026-Pass1-Z1-2MU00693_20260729_235625_000;0.2;2.0;18.0;Phogri;0.2;;;;;
Car381009-2026-Pass1-Z1-2MU00693_20260729_235632_000;0.0;2.0;24.0;noise;0.14;;;;;
Car381009-2026-Pass1-Z1-2MU00693_20260729_235632_000;0.0;0.7;32.0;Testes;0.73;;;;;
Car381009-2026-Pass1-Z1-2MU00693_20260729_235635_000;0.0;1.9;37.0;Leppun;0.23;;;;;
Car381009-2026-Pass1-Z1-2MU00693_20260729_235635_000;0.0;1.8;24.0;noise;0.1;Phogri;;;;
Car381009-2026-Pass1-Z1-2MU00693_20260729_235640_000;0.0;4.8;20.0;Phogri;0.18;noise;;;;
Car381009-2026-Pass1-Z1-2MU00693_20260729_235640_000;0.0;3.9;34.0;Testes;0.72;;;;;
Car381009-2026-Pass1-Z1-2MU00693_20260729_235650_000;0.0;4.2;34.0;Leppun;0.79;;;;;
Car381009-2026-Pass1-Z1-2MU00693_20260729_235650_000;0.2;3.9;28.0;noise;0.15;Phogri;;;;
Car381009-2026-Pass1-Z1-2MU00693_20260729_235656_000;0.0;1.5;27.0;Phogri;0.41;;;;;
Car381009-2026-Pass1-Z1-2MU00693_20260729_235656_000;0.4;1.5;32.0;Testes;0.64;;;;;
Car381009-2026-Pass1-Z1-2MU00693_20260729_235704_000;0.0;1.7;23.0;Phogri;0.74;;;;;
Car381009-2026-Pass1-Z1-2MU00693_20260729_235704_000;0.0;1.5;31.0;Testes;0.58;;;;;
Car381009-2026-Pass1-Z1-2MU00693_20260729_235712_000;0.1;2.3;34.0;Leppun;0.32;;;;;
Car381009-2026-Pass1-Z1-2MU00693_20260729_235712_000;0.0;1.9;31.0;Testes;0.45;;;;;
Car381009-2026-Pass1-Z1-2MU00693_20260729_235712_000;0.0;3.1;18.0;Tetvir;0.28;;;;;
Car381009-2026-Pass1-Z1-2MU00693_20260729_235716_000;0.0;1.9;23.0;noise;0.17;;;;;
Car381009-2026-Pass1-Z1-2MU00693_20260729_235716_000;0.8;1.8;32.0;Testes;0.45;;;;;
Car381009-2026-Pass1-Z1-2MU00693_20260729_235718_000;0.6;3.8;19.0;noise;0.13;;;;;
Car381009-2026-Pass1-Z1-2MU00693_20260729_235718_000;0.0;5.0;26.0;Phogri;0.85;;;;;
Car381009-2026-Pass1-Z1-2MU00693_20260729_235718_000;0.0;2.6;32.0;Testes;0.68;;;;;
Car381009-2026-Pass1-Z1-2MU00693_20260729_235725_000;0.0;1.4;25.0;Phogri;0.65;;;;;
Car381009-2026-Pass1-Z1-2MU00693_20260729_235725_000;0.0;0.3;32.0;Testes;0.17;;;;;
Car381009-2026-Pass1-Z1-2MU00693_20260729_235736_000;1.1;1.2;16.0;noise;0.25;;;;;
Car381009-2026-Pass1-Z1-2MU00693_20260729_235736_000;0.0;1.8;24.0;Phogri;0.71;;;;;
Car381009-2026-Pass1-Z1-2MU00693_20260729_235736_000;0.5;1.9;32.0;Testes;0.54;;;;;
Car381009-2026-Pass1-Z1-2MU00693_20260729_235744_000;0.0;2.1;24.0;Phogri;0.1;noise;;;;
Car381009-2026-Pass1-Z1-2MU00693_20260729_235744_000;0.0;2.9;32.0;Testes;0.74;;;;;
Car381009-2026-Pass1-Z1-2MU00693_20260729_235802_000;0.0;0.6;29.0;Leppun;0.94;;;;;
Car381009-2026-Pass1-Z1-2MU00693_20260729_235802_000;0.4;2.1;21.0;Phogri;0.14;;;;;
Car381009-2026-Pass1-Z1-2MU00693_20260729_235814_000;0.0;1.8;34.0;Leppun;0.97;;;;;
Car381009-2026-Pass1-Z1-2MU00693_20260729_235814_000;0.5;1.9;22.0;Tetvir;0.15;;;;;
Car381009-2026-Pass1-Z1-2MU00693_20260729_235819_000;0.0;1.4;35.0;Leppun;0.98;;;;;
Car381009-2026-Pass1-Z1-2MU00693_20260729_235819_000;0.0;2.0;22.0;Tetvir;0.29;;;;;
Car381009-2026-Pass1-Z1-2MU00693_20260729_235829_000;1.4;1.9;24.0;Isopyr;0.85;;;;;
Car381009-2026-Pass1-Z1-2MU00693_20260729_235829_000;0.0;1.5;27.0;Leppun;0.88;;;;;
Car381009-2026-Pass1-Z1-2MU00693_20260729_235829_000;0.2;2.0;18.0;noise;0.15;;;;;
Car381009-2026-Pass1-Z1-2MU00693_20260729_235903_000;0.0;1.8;25.0;Phogri;0.46;;;;;
Car381009-2026-Pass1-Z1-2MU00693_20260729_235915_000;0.3;1.6;24.0;Phogri;0.04;Plaint, noise, Tetvir;;;;
Car381009-2026-Pass1-Z1-2MU00693_20260729_235950_000;0.8;2.0;25.0;Isopyr;0.26;;;;;
Car381009-2026-Pass1-Z1-2MU00693_20260729_235950_000;0.0;0.1;33.0;Leppun;0.97;;;;;
Car381009-2026-Pass1-Z1-2MU00693_20260729_235950_000;1.1;1.9;46.0;Pippip;0.96;;;;;
Car381009-2026-Pass1-Z1-2MU00693_20260730_000007_000;0.0;2.0;28.0;Leppun;0.93;;;;;
Car381009-2026-Pass1-Z1-2MU00693_20260730_000007_000;0.1;2.0;21.0;Phogri;0.17;;;;;
Car381009-2026-Pass1-Z1-2MU00693_20260730_000015_000;0.0;1.8;30.0;Leppun;0.99;;;;;
Car381009-2026-Pass1-Z1-2MU00693_20260730_000015_000;0.5;1.9;21.0;noise;0.05;Plaint, Phogri;;;;
Car381009-2026-Pass1-Z1-2MU00693_20260730_000029_000;0.0;0.1;35.0;Leppun;0.92;;;;;
Car381009-2026-Pass1-Z1-2MU00693_20260730_000029_000;0.0;1.6;23.0;Phogri;0.13;;;;;
Car381009-2026-Pass1-Z1-2MU00693_20260730_000037_000;0.0;1.9;32.0;Leppun;0.29;;;;;
Car381009-2026-Pass1-Z1-2MU00693_20260730_000037_000;0.1;1.6;26.0;noise;0.07;Phogri;;;;
Car381009-2026-Pass1-Z1-2MU00693_20260730_000037_000;0.6;1.8;25.0;Phogri;0.04;Tetvir, Plaint, Isopyr;;;;
Car381009-2026-Pass1-Z1-2MU00693_20260730_000050_000;0.3;4.4;28.0;Leppun;0.28;;;;;
Car381009-2026-Pass1-Z1-2MU00693_20260730_000050_000;0.2;4.9;23.0;Phogri;0.15;;;;;
Car381009-2026-Pass1-Z1-2MU00693_20260730_000050_000;0.0;5.0;64.0;Pippip;0.98;;;;;
Car381009-2026-Pass1-Z1-2MU00693_20260730_000103_000;0.5;4.4;33.0;Leppun;0.2;;;;;
Car381009-2026-Pass1-Z1-2MU00693_20260730_000103_000;0.0;4.8;23.0;Phogri;0.12;noise;;;;
Car381009-2026-Pass1-Z1-2MU00693_20260730_000103_000;0.0;5.0;60.0;Pippip;0.99;;;;;
Car381009-2026-Pass1-Z1-2MU00693_20260730_000103_000;0.7;4.9;21.0;noise;0.03;Tetvir, Plaint, Plaalb;;;;
Car381009-2026-Pass1-Z1-2MU00693_20260730_000116_000;0.0;2.6;41.0;Leppun;0.31;;;;;
Car381009-2026-Pass1-Z1-2MU00693_20260730_000116_000;0.3;2.2;25.0;noise;0.11;;;;;
Car381009-2026-Pass1-Z1-2MU00693_20260730_000116_000;0.0;1.7;32.0;Testes;0.86;;;;;
Car381009-2026-Pass1-Z1-2MU00693_20260730_000124_000;0.0;1.6;30.0;Leppun;0.39;;;;;
Car381009-2026-Pass1-Z1-2MU00693_20260730_000124_000;0.7;1.5;20.0;noise;0.07;;;;;
Car381009-2026-Pass1-Z1-2MU00693_20260730_000138_000;0.0;2.5;23.0;Phogri;0.38;;;;;
Car381009-2026-Pass1-Z1-2MU00693_20260730_000138_000;0.0;1.3;33.0;Testes;0.56;;;;;
Car381009-2026-Pass1-Z1-2MU00693_20260730_000147_000;0.0;4.8;33.0;Leppun;0.41;;;;;
Car381009-2026-Pass1-Z1-2MU00693_20260730_000147_000;0.3;4.6;45.0;Myomys;0.8;;;;;
Car381009-2026-Pass1-Z1-2MU00693_20260730_000147_000;0.2;4.9;57.0;Myonat;0.82;;;;;
Car381009-2026-Pass1-Z1-2MU00693_20260730_000147_000;0.3;5.0;23.0;noise;0.12;Tetvir, Phogri;;;;
Car381009-2026-Pass1-Z1-2MU00693_20260730_000147_000;1.1;4.9;42.0;Pipkuh;0.21;;;;;
Car381009-2026-Pass1-Z1-2MU00693_20260730_000203_000;0.0;2.0;35.0;Leppun;0.93;;;;;
Car381009-2026-Pass1-Z1-2MU00693_20260730_000203_000;0.4;2.0;25.0;Phogri;0.04;noise, Isopyr, Tetvir, Rhasp, Plaint, Cyrscu;;;;
Car381009-2026-Pass1-Z1-2MU00693_20260730_000216_000;0.0;1.1;34.0;Leppun;0.93;;;;;
Car381009-2026-Pass1-Z1-2MU00693_20260730_000216_000;0.0;2.0;23.0;Phogri;0.03;noise, Tetvir, Plaint, Cyrscu;;;;
Car381009-2026-Pass1-Z1-2MU00693_20260730_000226_000;0.0;2.0;29.0;Leppun;0.92;;;;;
Car381009-2026-Pass1-Z1-2MU00693_20260730_000226_000;0.4;1.4;20.0;Phanan;0.05;Phogri, noise;;;;
Car381009-2026-Pass1-Z1-2MU00693_20260730_000232_000;0.0;1.9;25.0;Leppun;0.11;noise;;;;
Car381009-2026-Pass1-Z1-2MU00693_20260730_000232_000;0.3;1.9;21.0;Cyrscu;0.11;Phogri;;;;
Car381009-2026-Pass1-Z1-2MU00693_20260730_000240_000;0.0;1.9;28.0;Eptser;0.13;;;;;
Car381009-2026-Pass1-Z1-2MU00693_20260730_000240_000;0.0;1.4;27.0;Leppun;0.23;;;;;
Car381009-2026-Pass1-Z1-2MU00693_20260730_000240_000;0.2;1.4;24.0;Phogri;0.31;;;;;
Car381009-2026-Pass1-Z1-2MU00693_20260730_000248_000;0.0;0.1;36.0;Leppun;0.94;;;;;
Car381009-2026-Pass1-Z1-2MU00693_20260730_000248_000;0.0;1.9;26.0;noise;0.14;;;;;
Car381009-2026-Pass1-Z1-2MU00693_20260730_000313_000;0.0;2.0;34.0;Leppun;0.96;;;;;
Car381009-2026-Pass1-Z1-2MU00693_20260730_000313_000;0.6;1.9;21.0;Phogri;0.62;;;;;
Car381009-2026-Pass1-Z1-2MU00693_20260730_000313_000;0.8;2.0;33.0;Testes;0.7;;;;;
Car381009-2026-Pass1-Z1-2MU00693_20260730_000408_000;0.2;5.0;24.0;noise;0.11;Tetvir, Phogri;;;;
Car381009-2026-Pass1-Z1-2MU00693_20260730_000408_000;0.0;4.8;45.0;Pippip;0.99;;;;;
Car381009-2026-Pass1-Z1-2MU00693_20260730_000408_000;0.3;4.8;21.0;Phogri;0.06;Plaint;;;;
Car381009-2026-Pass1-Z1-2MU00693_20260730_000425_000;0.1;2.0;20.0;noise;0.25;;;;;
Car381009-2026-Pass1-Z1-2MU00693_20260730_000425_000;0.0;1.5;25.0;Phogri;0.44;;;;;
Car381009-2026-Pass1-Z1-2MU00693_20260730_000428_000;0.0;1.7;26.0;Leppun;0.94;;;;;
Car381009-2026-Pass1-Z1-2MU00693_20260730_000428_000;0.9;1.7;21.0;Phogri;0.16;;;;;
Car381009-2026-Pass1-Z1-2MU00693_20260730_000431_000;0.0;1.1;29.0;Leppun;0.97;;;;;
Car381009-2026-Pass1-Z1-2MU00693_20260730_000431_000;0.4;2.1;22.0;Phogri;0.09;noise;;;;
Car381009-2026-Pass1-Z1-2MU00693_20260730_000440_000;0.0;0.3;30.0;Leppun;0.97;;;;;
Car381009-2026-Pass1-Z1-2MU00693_20260730_000440_000;0.2;1.2;21.0;Phogri;0.6;;;;;
Car381009-2026-Pass1-Z1-2MU00693_20260730_000440_000;0.2;1.8;22.0;noise;0.05;Plaint;;;;
Car381009-2026-Pass1-Z1-2MU00693_20260730_000444_000;0.0;1.9;26.0;Leppun;0.16;;;;;
Car381009-2026-Pass1-Z1-2MU00693_20260730_000444_000;0.0;1.4;20.0;noise;0.05;Tetvir, Phogri, Phanan, Cyrscu;;;;
Car381009-2026-Pass1-Z1-2MU00693_20260730_000458_000;0.0;1.1;36.0;Leppun;0.84;;;;;
Car381009-2026-Pass1-Z1-2MU00693_20260730_000458_000;0.1;1.9;24.0;Phogri;0.05;noise;;;;
Car381009-2026-Pass1-Z1-2MU00693_20260730_000506_000;0.0;2.0;24.0;Leppun;0.48;;;;;
Car381009-2026-Pass1-Z1-2MU00693_20260730_000506_000;0.1;2.1;23.0;Phogri;0.63;;;;;
Car381009-2026-Pass1-Z1-2MU00693_20260730_000511_000;0.0;1.6;32.0;Leppun;0.74;;;;;
Car381009-2026-Pass1-Z1-2MU00693_20260730_000511_000;0.1;1.7;21.0;noise;0.1;;;;;
Car381009-2026-Pass1-Z1-2MU00693_20260730_000518_000;0.4;2.5;33.0;Leppun;0.38;;;;;
Car381009-2026-Pass1-Z1-2MU00693_20260730_000518_000;0.4;2.6;22.0;Phogri;0.05;Plaint, noise;;;;
Car381009-2026-Pass1-Z1-2MU00693_20260730_000520_000;1.0;1.1;37.0;Leppun;0.97;;;;;
Car381009-2026-Pass1-Z1-2MU00693_20260730_000520_000;0.1;3.1;19.0;noise;0.15;;;;;
Car381009-2026-Pass1-Z1-2MU00693_20260730_000532_000;1.3;1.4;38.0;Leppun;0.65;;;;;
Car381009-2026-Pass1-Z1-2MU00693_20260730_000532_000;0.9;4.7;22.0;noise;0.12;;;;;
Car381009-2026-Pass1-Z1-2MU00693_20260730_000532_000;0.0;4.6;57.0;Pippip;0.99;;;;;
Car381009-2026-Pass1-Z1-2MU00693_20260730_000532_000;0.9;4.6;24.0;Phogri;0.09;;;;;
Car381009-2026-Pass1-Z1-2MU00693_20260730_000547_000;0.0;0.1;34.0;Leppun;0.97;;;;;
Car381009-2026-Pass1-Z1-2MU00693_20260730_000547_000;0.3;2.0;16.0;noise;0.09;;;;;
Car381009-2026-Pass1-Z1-2MU00693_20260730_000547_000;0.3;1.4;21.0;Phogri;0.09;;;;;
Car381009-2026-Pass1-Z1-2MU00693_20260730_000619_000;0.0;1.6;28.0;Leppun;0.16;;;;;
Car381009-2026-Pass1-Z1-2MU00693_20260730_000619_000;0.3;2.4;24.0;Cyrscu;0.05;noise, Phogri, Phanan;;;;
Car381009-2026-Pass1-Z1-2MU00693_20260730_000619_000;1.2;1.3;41.0;Pipkuh;0.52;;;;;
Car381009-2026-Pass1-Z1-2MU00693_20260730_000619_000;0.0;1.9;44.0;Pippip;0.78;;;;;
Car381009-2026-Pass1-Z1-2MU00693_20260730_000623_000;0.0;1.1;31.0;Testes;0.26;;;;;
Car381009-2026-Pass1-Z1-2MU00693_20260730_000644_000;0.0;1.9;29.0;Leppun;0.12;;;;;
Car381009-2026-Pass1-Z1-2MU00693_20260730_000644_000;0.5;2.0;24.0;Phogri;0.38;;;;;
Car381009-2026-Pass1-Z1-2MU00693_20260730_000651_000;0.0;2.3;38.0;Leppun;0.97;;;;;
Car381009-2026-Pass1-Z1-2MU00693_20260730_000651_000;0.5;2.4;23.0;Phogri;0.63;;;;;
Car381009-2026-Pass1-Z1-2MU00693_20260730_000651_000;0.5;2.6;31.0;Testes;0.8;;;;;
Car381009-2026-Pass1-Z1-2MU00693_20260730_000655_000;1.3;1.9;25.0;Leppun;0.89;;;;;
Car381009-2026-Pass1-Z1-2MU00693_20260730_000655_000;0.0;2.0;24.0;Phogri;0.6;;;;;
Car381009-2026-Pass1-Z1-2MU00693_20260730_000701_000;0.0;1.4;31.0;Leppun;0.98;;;;;
Car381009-2026-Pass1-Z1-2MU00693_20260730_000701_000;0.4;1.4;24.0;Phogri;0.79;;;;;
Car381009-2026-Pass1-Z1-2MU00693_20260730_000701_000;0.4;1.0;48.0;Pippip;0.96;;;;;
Car381009-2026-Pass1-Z1-2MU00693_20260730_000724_000;0.0;3.2;35.0;Leppun;0.95;;;;;
Car381009-2026-Pass1-Z1-2MU00693_20260730_000724_000;0.2;3.3;24.0;Phogri;0.79;;;;;
Car381009-2026-Pass1-Z1-2MU00693_20260730_000729_000;0.0;2.0;35.0;Leppun;0.97;;;;;
Car381009-2026-Pass1-Z1-2MU00693_20260730_000729_000;0.4;1.7;24.0;Phogri;0.75;;;;;
Car381009-2026-Pass1-Z1-2MU00693_20260730_000745_000;0.0;4.7;36.0;Leppun;0.95;;;;;
Car381009-2026-Pass1-Z1-2MU00693_20260730_000745_000;0.1;5.0;63.0;Pippip;0.79;;;;;
Car381009-2026-Pass1-Z1-2MU00693_20260730_000745_000;0.3;4.8;24.0;Phogri;0.06;noise, Plaint;;;;
Car381009-2026-Pass1-Z1-2MU00693_20260730_000745_000;0.9;1.4;10.0;Tetvir;0.52;;;;;
Car381009-2026-Pass1-Z1-2MU00693_20260730_000802_000;0.0;2.8;36.0;Leppun;0.97;;;;;
Car381009-2026-Pass1-Z1-2MU00693_20260730_000802_000;0.3;2.4;24.0;noise;0.11;;;;;
Car381009-2026-Pass1-Z1-2MU00693_20260730_000802_000;0.3;2.5;24.0;Phogri;0.74;;;;;
Car381009-2026-Pass1-Z1-2MU00693_20260730_000802_000;1.4;2.9;43.0;Pipkuh;0.99;;;;;
Car381009-2026-Pass1-Z1-2MU00693_20260730_000807_000;0.7;4.5;24.0;Isopyr;0.09;;;;;
Car381009-2026-Pass1-Z1-2MU00693_20260730_000807_000;0.0;4.7;35.0;Leppun;0.91;;;;;
Car381009-2026-Pass1-Z1-2MU00693_20260730_000807_000;0.0;4.9;42.0;Pipkuh;0.99;;;;;
Car381009-2026-Pass1-Z1-2MU00693_20260730_000812_000;0.2;2.5;35.0;Leppun;0.98;;;;;
Car381009-2026-Pass1-Z1-2MU00693_20260730_000812_000;0.0;2.7;24.0;noise;0.16;;;;;
Car381009-2026-Pass1-Z1-2MU00693_20260730_000812_000;0.0;2.6;39.0;Pipkuh;0.99;;;;;
Car381009-2026-Pass1-Z1-2MU00693_20260730_000820_000;0.0;1.3;36.0;Leppun;0.98;;;;;
Car381009-2026-Pass1-Z1-2MU00693_20260730_000820_000;0.4;2.0;24.0;Phogri;0.71;;;;;
Car381009-2026-Pass1-Z1-2MU00693_20260730_000823_000;0.0;4.5;37.0;Leppun;0.95;;;;;
Car381009-2026-Pass1-Z1-2MU00693_20260730_000823_000;3.0;3.1;9.0;noise;0.31;;;;;
Car381009-2026-Pass1-Z1-2MU00693_20260730_000823_000;0.9;5.0;41.0;Pipkuh;0.99;;;;;
Car381009-2026-Pass1-Z1-2MU00693_20260730_000823_000;0.0;4.8;24.0;Phogri;0.2;;;;;
Car381009-2026-Pass1-Z1-2MU00693_20260730_000835_000;0.0;1.9;39.0;Leppun;0.97;;;;;
Car381009-2026-Pass1-Z1-2MU00693_20260730_000835_000;0.0;1.5;25.0;Phogri;0.64;;;;;
Car381009-2026-Pass1-Z1-2MU00693_20260730_000835_000;0.1;1.9;42.0;Pipkuh;0.99;;;;;
Car381009-2026-Pass1-Z1-2MU00693_20260730_000839_000;0.4;4.6;37.0;Leppun;0.93;;;;;
Car381009-2026-Pass1-Z1-2MU00693_20260730_000839_000;0.1;4.9;24.0;Phogri;0.73;;;;;
Car381009-2026-Pass1-Z1-2MU00693_20260730_000839_000;0.0;5.0;50.0;Pipkuh;0.99;;;;;
Car381009-2026-Pass1-Z1-2MU00693_20260730_000848_000;0.3;2.3;24.0;Isopyr;0.45;;;;;
Car381009-2026-Pass1-Z1-2MU00693_20260730_000848_000;0.0;2.3;36.0;Leppun;0.95;;;;;
Car381009-2026-Pass1-Z1-2MU00693_20260730_000848_000;0.6;2.4;22.0;Phogri;0.7;;;;;
Car381009-2026-Pass1-Z1-2MU00693_20260730_000852_000;0.0;1.9;35.0;Leppun;0.72;;;;;
Car381009-2026-Pass1-Z1-2MU00693_20260730_000852_000;0.1;2.0;23.0;Phogri;0.77;;;;;
Car381009-2026-Pass1-Z1-2MU00693_20260730_000852_000;1.3;2.0;32.0;Testes;0.25;;;;;
Car381009-2026-Pass1-Z1-2MU00693_20260730_000900_000;0.0;1.8;37.0;Leppun;0.94;;;;;
Car381009-2026-Pass1-Z1-2MU00693_20260730_000900_000;0.4;2.5;24.0;Phogri;0.04;Plaint, noise, Tetvir;;;;
Car381009-2026-Pass1-Z1-2MU00693_20260730_000903_000;0.0;1.6;35.0;Leppun;0.97;;;;;
Car381009-2026-Pass1-Z1-2MU00693_20260730_000903_000;0.8;1.9;23.0;noise;0.19;;;;;
Car381009-2026-Pass1-Z1-2MU00693_20260730_000907_000;0.3;4.7;37.0;Leppun;0.97;;;;;
Car381009-2026-Pass1-Z1-2MU00693_20260730_000907_000;0.0;5.0;42.0;Pipkuh;0.99;;;;;
Car381009-2026-Pass1-Z1-2MU00693_20260730_000907_000;0.7;4.7;24.0;noise;0.05;Phogri, Plaint;;;;
Car381009-2026-Pass1-Z1-2MU00693_20260730_000914_000;0.0;2.7;39.0;Leppun;0.97;;;;;
Car381009-2026-Pass1-Z1-2MU00693_20260730_000914_000;0.4;2.7;23.0;noise;0.14;;;;;
Car381009-2026-Pass1-Z1-2MU00693_20260730_000918_000;0.0;4.6;38.0;Leppun;0.93;;;;;
Car381009-2026-Pass1-Z1-2MU00693_20260730_000918_000;0.9;4.5;23.0;Rhasp;0.26;;;;;
Car381009-2026-Pass1-Z1-2MU00693_20260730_000918_000;0.0;5.0;42.0;Pipkuh;0.99;;;;;
Car381009-2026-Pass1-Z1-2MU00693_20260730_000918_000;1.7;5.0;50.0;Pippip;0.98;;;;;
Car381009-2026-Pass1-Z1-2MU00693_20260730_000918_000;3.6;4.8;26.0;Tetvir;0.27;;;;;
Car381009-2026-Pass1-Z1-2MU00693_20260730_000938_000;0.0;1.8;34.0;Leppun;0.93;;;;;
Car381009-2026-Pass1-Z1-2MU00693_20260730_000938_000;0.0;1.8;22.0;Phogri;0.42;;;;;
Car381009-2026-Pass1-Z1-2MU00693_20260730_000942_000;0.0;1.7;32.0;Leppun;0.84;;;;;
Car381009-2026-Pass1-Z1-2MU00693_20260730_000942_000;0.5;1.6;25.0;Phogri;0.45;;;;;
Car381009-2026-Pass1-Z1-2MU00693_20260730_001001_000;0.9;1.9;50.0;Pippip;0.97;;;;;
Car381009-2026-Pass1-Z1-2MU00693_20260730_001001_000;0.0;1.3;32.0;Testes;0.59;;;;;
Car381009-2026-Pass1-Z1-2MU00693_20260730_001004_000;0.0;4.4;37.0;Leppun;0.95;;;;;
Car381009-2026-Pass1-Z1-2MU00693_20260730_001004_000;1.8;4.8;25.0;noise;0.1;Phogri;;;;
Car381009-2026-Pass1-Z1-2MU00693_20260730_001004_000;0.0;4.5;47.0;Pippip;0.97;;;;;
Car381009-2026-Pass1-Z1-2MU00693_20260730_001010_000;0.6;4.1;36.0;Leppun;0.91;;;;;
Car381009-2026-Pass1-Z1-2MU00693_20260730_001010_000;0.3;2.5;25.0;noise;0.08;Phogri;;;;
Car381009-2026-Pass1-Z1-2MU00693_20260730_001010_000;0.0;3.9;41.0;Pipkuh;0.96;;;;;
Car381009-2026-Pass1-Z1-2MU00693_20260730_001016_000;0.0;1.0;36.0;Leppun;0.89;;;;;
Car381009-2026-Pass1-Z1-2MU00693_20260730_001016_000;0.0;1.0;26.0;Phogri;0.55;;;;;
Car381009-2026-Pass1-Z1-2MU00693_20260730_001016_000;0.0;2.0;41.0;Pipkuh;0.56;Pipnat;;;;
Car381009-2026-Pass1-Z1-2MU00693_20260730_001022_000;0.8;3.1;36.0;Leppun;0.86;;;;;
Car381009-2026-Pass1-Z1-2MU00693_20260730_001022_000;0.1;3.1;26.0;noise;0.16;;;;;
Car381009-2026-Pass1-Z1-2MU00693_20260730_001022_000;0.0;2.9;39.0;Pipkuh;0.98;;;;;
Car381009-2026-Pass1-Z1-2MU00693_20260730_001028_000;0.4;4.1;34.0;Leppun;0.96;;;;;
Car381009-2026-Pass1-Z1-2MU00693_20260730_001028_000;1.8;3.8;21.0;Tetvir;0.15;noise;;;;
Car381009-2026-Pass1-Z1-2MU00693_20260730_001028_000;0.0;4.2;40.0;Pipkuh;0.99;;;;;
Car381009-2026-Pass1-Z1-2MU00693_20260730_001036_000;0.0;1.3;34.0;Leppun;0.97;;;;;
Car381009-2026-Pass1-Z1-2MU00693_20260730_001036_000;0.4;1.9;22.0;noise;0.32;;;;;
Car381009-2026-Pass1-Z1-2MU00693_20260730_001043_000;0.9;1.6;29.0;Leppun;0.95;;;;;
Car381009-2026-Pass1-Z1-2MU00693_20260730_001043_000;0.2;2.3;22.0;Phogri;0.41;;;;;
Car381009-2026-Pass1-Z1-2MU00693_20260730_001043_000;0.0;0.8;43.0;Pipkuh;0.98;;;;;
Car381009-2026-Pass1-Z1-2MU00693_20260730_001057_000;0.0;1.8;28.0;Leppun;0.5;;;;;
Car381009-2026-Pass1-Z1-2MU00693_20260730_001057_000;0.5;1.7;25.0;Phogri;0.32;;;;;
Car381009-2026-Pass1-Z1-2MU00693_20260730_001108_000;0.0;2.0;36.0;Leppun;0.97;;;;;
Car381009-2026-Pass1-Z1-2MU00693_20260730_001108_000;1.2;2.0;24.0;noise;0.12;;;;;
Car381009-2026-Pass1-Z1-2MU00693_20260730_001118_000;4.5;4.6;38.0;Leppun;0.79;;;;;
Car381009-2026-Pass1-Z1-2MU00693_20260730_001118_000;1.0;4.8;23.0;noise;0.27;;;;;
Car381009-2026-Pass1-Z1-2MU00693_20260730_001118_000;0.0;5.0;51.0;Pipkuh;0.98;;;;;
Car381009-2026-Pass1-Z1-2MU00693_20260730_001142_000;0.0;3.1;40.0;Leppun;0.92;;;;;
Car381009-2026-Pass1-Z1-2MU00693_20260730_001142_000;0.0;3.7;46.0;Pippip;0.45;;;;;
Car381009-2026-Pass1-Z1-2MU00693_20260730_001152_000;1.7;5.0;27.0;noise;0.21;;;;;
Car381009-2026-Pass1-Z1-2MU00693_20260730_001152_000;0.0;5.0;41.0;Pipkuh;0.99;;;;;
Car381009-2026-Pass1-Z1-2MU00693_20260730_001202_000;0.1;4.0;36.0;Leppun;0.34;;;;;
Car381009-2026-Pass1-Z1-2MU00693_20260730_001202_000;0.0;4.9;45.0;Pipkuh;0.99;;;;;
Car381009-2026-Pass1-Z1-2MU00693_20260730_001202_000;0.0;5.0;25.0;Plaint;0.04;noise, Phogri, Tetvir;;;;
Car381009-2026-Pass1-Z1-2MU00693_20260730_001213_000;0.4;4.5;25.0;noise;0.22;;;;;
Car381009-2026-Pass1-Z1-2MU00693_20260730_001213_000;0.0;4.9;47.0;Pipkuh;0.97;;;;;
Car381009-2026-Pass1-Z1-2MU00693_20260730_001229_000;0.0;1.6;28.0;Leppun;0.98;;;;;
Car381009-2026-Pass1-Z1-2MU00693_20260730_001229_000;0.3;1.6;23.0;noise;0.09;Phogri;;;;
Car381009-2026-Pass1-Z1-2MU00693_20260730_001238_000;0.0;2.0;30.0;Leppun;0.61;;;;;
Car381009-2026-Pass1-Z1-2MU00693_20260730_001238_000;0.2;2.0;23.0;Phogri;0.57;;;;;
Car381009-2026-Pass1-Z1-2MU00693_20260730_001241_000;0.0;1.4;39.0;Leppun;0.42;;;;;
Car381009-2026-Pass1-Z1-2MU00693_20260730_001241_000;0.0;1.2;9.0;noise;0.38;;;;;
Car381009-2026-Pass1-Z1-2MU00693_20260730_001248_000;0.0;2.8;34.0;Leppun;0.89;;;;;
Car381009-2026-Pass1-Z1-2MU00693_20260730_001248_000;1.8;3.1;23.0;Phogri;0.69;;;;;
Car381009-2026-Pass1-Z1-2MU00693_20260730_001248_000;0.0;3.1;41.0;Pipkuh;0.99;;;;;
Car381009-2026-Pass1-Z1-2MU00693_20260730_001257_000;1.0;4.4;34.0;Leppun;0.84;;;;;
Car381009-2026-Pass1-Z1-2MU00693_20260730_001257_000;1.8;5.0;34.0;noise;0.17;;;;;
Car381009-2026-Pass1-Z1-2MU00693_20260730_001257_000;0.0;4.9;43.0;Pipkuh;0.99;;;;;
Car381009-2026-Pass1-Z1-2MU00693_20260730_001257_000;0.2;5.0;24.0;Phogri;0.07;Plaint;;;;
Car381009-2026-Pass1-Z1-2MU00693_20260730_001308_000;0.9;4.9;23.0;noise;0.11;Phogri;;;;
Car381009-2026-Pass1-Z1-2MU00693_20260730_001308_000;0.0;5.0;39.0;Pipkuh;0.96;;;;;
Car381009-2026-Pass1-Z1-2MU00693_20260730_001327_000;0.0;5.0;34.0;Leppun;0.85;;;;;
Car381009-2026-Pass1-Z1-2MU00693_20260730_001327_000;1.1;5.0;25.0;noise;0.12;;;;;
Car381009-2026-Pass1-Z1-2MU00693_20260730_001327_000;0.1;4.9;39.0;Pipkuh;0.5;Pipnat;;;;
Car381009-2026-Pass1-Z1-2MU00693_20260730_001327_000;0.7;5.0;50.0;Pippip;0.98;;;;;
Car381009-2026-Pass1-Z1-2MU00693_20260730_001344_000;0.0;2.9;27.0;noise;0.18;;;;;
Car381009-2026-Pass1-Z1-2MU00693_20260730_001344_000;0.0;2.6;33.0;Testes;0.72;;;;;
Car381009-2026-Pass1-Z1-2MU00693_20260730_001356_000;0.0;1.7;30.0;Leppun;0.21;;;;;
Car381009-2026-Pass1-Z1-2MU00693_20260730_001356_000;0.4;2.0;24.0;noise;0.07;Rhasp;;;;
Car381009-2026-Pass1-Z1-2MU00693_20260730_001406_000;0.0;2.8;26.0;noise;0.07;;;;;
Car381009-2026-Pass1-Z1-2MU00693_20260730_001406_000;0.0;0.9;29.0;Testes;0.12;Antsp;;;;
Car381009-2026-Pass1-Z1-2MU00693_20260730_001410_000;0.0;2.0;36.0;Leppun;0.99;;;;;
Car381009-2026-Pass1-Z1-2MU00693_20260730_001410_000;0.0;1.9;25.0;noise;0.1;;;;;
Car381009-2026-Pass1-Z1-2MU00693_20260730_001425_000;0.8;3.1;35.0;Leppun;0.61;;;;;
Car381009-2026-Pass1-Z1-2MU00693_20260730_001425_000;1.0;3.1;26.0;noise;0.16;;;;;
Car381009-2026-Pass1-Z1-2MU00693_20260730_001425_000;0.0;2.9;47.0;Pippip;0.98;;;;;
Car381009-2026-Pass1-Z1-2MU00693_20260730_001442_000;0.0;2.0;37.0;Leppun;0.59;;;;;
Car381009-2026-Pass1-Z1-2MU00693_20260730_001442_000;0.0;1.8;25.0;Phogri;0.28;;;;;
Car381009-2026-Pass1-Z1-2MU00693_20260730_001442_000;0.0;1.5;25.0;noise;0.06;Plaint;;;;
Car381009-2026-Pass1-Z1-2MU00693_20260730_001458_000;0.0;1.2;38.0;Leppun;0.94;;;;;
Car381009-2026-Pass1-Z1-2MU00693_20260730_001458_000;0.0;1.7;25.0;noise;0.22;;;;;
Car381009-2026-Pass1-Z1-2MU00693_20260730_001509_000;0.0;1.5;36.0;Leppun;0.96;;;;;
Car381009-2026-Pass1-Z1-2MU00693_20260730_001509_000;0.3;1.9;24.0;noise;0.08;;;;;
Car381009-2026-Pass1-Z1-2MU00693_20260730_001520_000;0.0;1.8;37.0;Leppun;0.98;;;;;
Car381009-2026-Pass1-Z1-2MU00693_20260730_001520_000;0.2;2.0;25.0;noise;0.16;;;;;
Car381009-2026-Pass1-Z1-2MU00693_20260730_001530_000;0.8;2.1;37.0;Leppun;0.97;;;;;
Car381009-2026-Pass1-Z1-2MU00693_20260730_001530_000;0.0;2.1;25.0;noise;0.16;;;;;
Car381009-2026-Pass1-Z1-2MU00693_20260730_001530_000;0.1;2.0;25.0;Tetvir;0.31;;;;;
Car381009-2026-Pass1-Z1-2MU00693_20260730_001532_000;0.0;0.7;36.0;Leppun;0.94;;;;;
Car381009-2026-Pass1-Z1-2MU00693_20260730_001532_000;0.0;2.1;25.0;noise;0.12;;;;;
Car381009-2026-Pass1-Z1-2MU00693_20260730_001546_000;0.0;1.3;33.0;Leppun;0.59;;;;;
Car381009-2026-Pass1-Z1-2MU00693_20260730_001546_000;0.0;1.9;25.0;noise;0.07;Phogri;;;;
Car381009-2026-Pass1-Z1-2MU00693_20260730_001554_000;0.0;1.9;28.0;noise;0.28;;;;;
Car381009-2026-Pass1-Z1-2MU00693_20260730_001611_000;0.0;2.4;34.0;Leppun;0.85;;;;;
Car381009-2026-Pass1-Z1-2MU00693_20260730_001611_000;0.2;2.5;26.0;noise;0.05;;;;;
Car381009-2026-Pass1-Z1-2MU00693_20260730_001614_000;0.1;1.9;26.0;noise;0.1;Phogri;;;;
Car381009-2026-Pass1-Z1-2MU00693_20260730_001617_000;0.0;0.1;33.0;Leppun;0.9;;;;;
Car381009-2026-Pass1-Z1-2MU00693_20260730_001617_000;0.1;1.9;26.0;noise;0.13;;;;;
Car381009-2026-Pass1-Z1-2MU00693_20260730_001624_000;0.0;0.6;32.0;Leppun;0.96;;;;;
Car381009-2026-Pass1-Z1-2MU00693_20260730_001624_000;0.0;1.9;25.0;noise;0.3;;;;;
Car381009-2026-Pass1-Z1-2MU00693_20260730_001624_000;0.1;1.9;25.0;Pleaus;0.06;;;;;
Car381009-2026-Pass1-Z1-2MU00693_20260730_001635_000;0.0;1.8;30.0;Leppun;0.15;noise;;;;
Car381009-2026-Pass1-Z1-2MU00693_20260730_001635_000;0.1;2.0;25.0;noise;0.04;Tetvir, Rhasp, Pleaus, Phogri, Eptser, Cyrscu, Barfis;;;;
Car381009-2026-Pass1-Z1-2MU00693_20260730_001639_000;0.0;1.7;30.0;Leppun;0.29;;;;;
Car381009-2026-Pass1-Z1-2MU00693_20260730_001639_000;0.4;1.4;25.0;noise;0.1;;;;;
Car381009-2026-Pass1-Z1-2MU00693_20260730_001700_000;0.0;2.0;35.0;Leppun;0.16;;;;;
Car381009-2026-Pass1-Z1-2MU00693_20260730_001700_000;0.0;2.0;25.0;noise;0.06;Pleaus;;;;
Car381009-2026-Pass1-Z1-2MU00693_20260730_001704_000;0.0;1.9;32.0;Leppun;0.92;;;;;
Car381009-2026-Pass1-Z1-2MU00693_20260730_001704_000;0.0;1.9;25.0;noise;0.12;;;;;
Car381009-2026-Pass1-Z1-2MU00693_20260730_001707_000;0.0;3.3;34.0;Leppun;0.23;;;;;
Car381009-2026-Pass1-Z1-2MU00693_20260730_001707_000;0.2;3.1;28.0;Phogri;0.41;;;;;
Car381009-2026-Pass1-Z1-2MU00693_20260730_001716_000;0.1;2.0;30.0;noise;0.15;;;;;
Car381009-2026-Pass1-Z1-2MU00693_20260730_001716_000;0.0;2.1;32.0;Testes;0.3;;;;;
Car381009-2026-Pass1-Z1-2MU00693_20260730_001739_000;0.0;1.6;36.0;Leppun;0.13;;;;;
Car381009-2026-Pass1-Z1-2MU00693_20260730_001739_000;0.7;2.0;32.0;Testes;0.77;;;;;
Car381009-2026-Pass1-Z1-2MU00693_20260730_001751_000;0.0;2.7;37.0;Leppun;0.92;;;;;
Car381009-2026-Pass1-Z1-2MU00693_20260730_001751_000;0.0;2.6;25.0;Tetvir;0.25;;;;;
Car381009-2026-Pass1-Z1-2MU00693_20260730_001758_000;0.4;4.7;37.0;Leppun;0.9;;;;;
Car381009-2026-Pass1-Z1-2MU00693_20260730_001758_000;0.0;4.8;26.0;noise;0.1;Tetvir;;;;
Car381009-2026-Pass1-Z1-2MU00693_20260730_001758_000;0.0;4.6;25.0;Phogri;0.05;Tetvir;;;;
Car381009-2026-Pass1-Z1-2MU00693_20260730_001806_000;0.0;2.0;36.0;Leppun;0.57;;;;;
Car381009-2026-Pass1-Z1-2MU00693_20260730_001806_000;0.3;1.4;27.0;Phogri;0.31;;;;;
Car381009-2026-Pass1-Z1-2MU00693_20260730_001806_000;0.0;1.3;30.0;Testes;0.33;;;;;
Car381009-2026-Pass1-Z1-2MU00693_20260730_001810_000;0.0;1.0;37.0;Leppun;0.98;;;;;
Car381009-2026-Pass1-Z1-2MU00693_20260730_001810_000;0.1;2.0;25.0;Tetvir;0.21;;;;;
Car381009-2026-Pass1-Z1-2MU00693_20260730_001812_000;0.0;2.0;36.0;Leppun;0.98;;;;;
Car381009-2026-Pass1-Z1-2MU00693_20260730_001812_000;0.2;2.0;22.0;noise;0.24;;;;;
Car381009-2026-Pass1-Z1-2MU00693_20260730_001816_000;0.0;1.6;30.0;Leppun;0.6;;;;;
Car381009-2026-Pass1-Z1-2MU00693_20260730_001816_000;0.0;1.5;27.0;noise;0.11;;;;;
Car381009-2026-Pass1-Z1-2MU00693_20260730_001820_000;0.0;2.0;37.0;Leppun;0.53;;;;;
Car381009-2026-Pass1-Z1-2MU00693_20260730_001820_000;0.5;1.9;26.0;noise;0.15;;;;;
Car381009-2026-Pass1-Z1-2MU00693_20260730_001820_000;0.3;1.9;26.0;Phogri;0.03;Tetvir, Plaint;;;;
Car381009-2026-Pass1-Z1-2MU00693_20260730_001836_000;0.0;1.7;32.0;Leppun;0.44;;;;;
Car381009-2026-Pass1-Z1-2MU00693_20260730_001836_000;0.3;1.7;26.0;Phogri;0.25;;;;;
Car381009-2026-Pass1-Z1-2MU00693_20260730_001838_000;0.0;1.8;42.0;Leppun;0.66;;;;;
Car381009-2026-Pass1-Z1-2MU00693_20260730_001838_000;0.0;1.8;28.0;Rhasp;0.08;noise;;;;
Car381009-2026-Pass1-Z1-2MU00693_20260730_001850_000;0.0;2.4;38.0;Leppun;0.88;;;;;
Car381009-2026-Pass1-Z1-2MU00693_20260730_001850_000;0.0;1.9;25.0;noise;0.17;;;;;
Car381009-2026-Pass1-Z1-2MU00693_20260730_001858_000;0.0;1.6;36.0;Leppun;0.25;;;;;
Car381009-2026-Pass1-Z1-2MU00693_20260730_001858_000;0.1;1.6;25.0;noise;0.12;;;;;
Car381009-2026-Pass1-Z1-2MU00693_20260730_001902_000;0.0;1.9;34.0;Leppun;0.19;;;;;
Car381009-2026-Pass1-Z1-2MU00693_20260730_001902_000;0.1;1.9;28.0;noise;0.12;Phogri;;;;
Car381009-2026-Pass1-Z1-2MU00693_20260730_001924_000;0.0;2.0;26.0;noise;0.11;;;;;
Car381009-2026-Pass1-Z1-2MU00693_20260730_001924_000;0.0;0.5;34.0;Testes;0.66;;;;;
Car381009-2026-Pass1-Z1-2MU00693_20260730_001927_000;0.0;2.0;33.0;Leppun;0.89;;;;;
Car381009-2026-Pass1-Z1-2MU00693_20260730_001927_000;0.4;1.8;25.0;noise;0.09;;;;;
Car381009-2026-Pass1-Z1-2MU00693_20260730_001931_000;0.0;1.8;34.0;Leppun;0.53;;;;;
Car381009-2026-Pass1-Z1-2MU00693_20260730_001931_000;0.3;2.0;25.0;noise;0.1;;;;;
Car381009-2026-Pass1-Z1-2MU00693_20260730_001934_000;0.0;1.9;34.0;Leppun;0.21;;;;;
Car381009-2026-Pass1-Z1-2MU00693_20260730_001934_000;0.6;2.0;26.0;noise;0.19;;;;;
Car381009-2026-Pass1-Z1-2MU00693_20260730_001938_000;0.1;1.8;37.0;Leppun;0.88;;;;;
Car381009-2026-Pass1-Z1-2MU00693_20260730_001938_000;0.1;2.2;25.0;noise;0.2;;;;;
Car381009-2026-Pass1-Z1-2MU00693_20260730_001938_000;0.0;1.8;35.0;Testes;0.69;;;;;
Car381009-2026-Pass1-Z1-2MU00693_20260730_001941_000;0.0;1.3;38.0;Leppun;0.46;;;;;
Car381009-2026-Pass1-Z1-2MU00693_20260730_001941_000;0.5;1.7;33.0;noise;0.23;;;;;
Car381009-2026-Pass1-Z1-2MU00693_20260730_001941_000;0.0;1.9;32.0;Testes;0.35;;;;;
Car381009-2026-Pass1-Z1-2MU00693_20260730_001945_000;0.0;1.8;34.0;Leppun;0.75;;;;;
Car381009-2026-Pass1-Z1-2MU00693_20260730_001945_000;0.0;2.0;27.0;noise;0.09;;;;;
Car381009-2026-Pass1-Z1-2MU00693_20260730_001950_000;0.0;1.4;34.0;Leppun;0.92;;;;;
Car381009-2026-Pass1-Z1-2MU00693_20260730_001950_000;0.0;1.9;25.0;Tetvir;0.12;;;;;
Car381009-2026-Pass1-Z1-2MU00693_20260730_001954_000;0.0;2.4;39.0;Leppun;0.95;;;;;
Car381009-2026-Pass1-Z1-2MU00693_20260730_001954_000;0.0;2.3;26.0;noise;0.05;Pleaus;;;;
Car381009-2026-Pass1-Z1-2MU00693_20260730_002006_000;0.0;4.5;38.0;Leppun;0.93;;;;;
Car381009-2026-Pass1-Z1-2MU00693_20260730_002006_000;0.2;4.4;25.0;noise;0.11;;;;;
Car381009-2026-Pass1-Z1-2MU00693_20260730_002015_000;0.0;2.0;35.0;Leppun;0.95;;;;;
Car381009-2026-Pass1-Z1-2MU00693_20260730_002015_000;0.0;2.0;26.0;noise;0.11;;;;;
Car381009-2026-Pass1-Z1-2MU00693_20260730_002021_000;0.0;3.2;37.0;Leppun;0.13;;;;;
Car381009-2026-Pass1-Z1-2MU00693_20260730_002021_000;0.0;3.3;46.0;Myomys;0.83;;;;;
Car381009-2026-Pass1-Z1-2MU00693_20260730_002044_000;0.0;1.7;39.0;Leppun;0.44;;;;;
Car381009-2026-Pass1-Z1-2MU00693_20260730_002044_000;0.0;1.8;25.0;noise;0.04;Phogri, Cyrscu, Tetvir, Barfis;;;;
Car381009-2026-Pass1-Z1-2MU00693_20260730_002048_000;0.4;1.7;32.0;noise;0.12;;;;;
Car381009-2026-Pass1-Z1-2MU00693_20260730_002048_000;1.1;1.7;26.0;Plaint;0.04;Tetvir, Plaalb, Phogri;;;;
Car381009-2026-Pass1-Z1-2MU00693_20260730_002048_000;0.0;1.6;36.0;Testes;0.76;;;;;
Car381009-2026-Pass1-Z1-2MU00693_20260730_002052_000;0.0;3.2;34.0;Leppun;0.95;;;;;
Car381009-2026-Pass1-Z1-2MU00693_20260730_002052_000;0.0;3.1;51.0;Pippip;0.82;;;;;
Car381009-2026-Pass1-Z1-2MU00693_20260730_002052_000;0.0;3.2;26.0;noise;0.03;Tetvir, Pleaus, Phogri, Barfis;;;;
Car381009-2026-Pass1-Z1-2MU00693_20260730_002121_000;0.0;5.0;26.0;noise;0.11;;;;;
Car381009-2026-Pass1-Z1-2MU00693_20260730_002121_000;0.0;5.0;52.0;Pippip;0.91;;;;;
Car381009-2026-Pass1-Z1-2MU00693_20260730_002129_000;0.0;1.8;38.0;Leppun;0.55;;;;;
Car381009-2026-Pass1-Z1-2MU00693_20260730_002129_000;0.0;2.0;25.0;noise;0.11;;;;;
Car381009-2026-Pass1-Z1-2MU00693_20260730_002158_000;0.0;1.4;34.0;Leppun;0.91;;;;;
Car381009-2026-Pass1-Z1-2MU00693_20260730_002158_000;0.6;2.0;43.0;Pipkuh;0.99;;;;;
Car381009-2026-Pass1-Z1-2MU00693_20260730_002204_000;0.1;1.6;32.0;Leppun;0.65;;;;;
Car381009-2026-Pass1-Z1-2MU00693_20260730_002204_000;0.1;2.6;26.0;noise;0.11;Phogri;;;;
Car381009-2026-Pass1-Z1-2MU00693_20260730_002204_000;0.0;2.5;42.0;Pipkuh;0.99;;;;;
Car381009-2026-Pass1-Z1-2MU00693_20260730_002213_000;0.0;2.0;28.0;Leppun;0.37;;;;;
Car381009-2026-Pass1-Z1-2MU00693_20260730_002213_000;0.9;2.0;25.0;noise;0.05;Phogri;;;;
Car381009-2026-Pass1-Z1-2MU00693_20260730_002221_000;0.0;1.5;31.0;Leppun;0.69;;;;;
Car381009-2026-Pass1-Z1-2MU00693_20260730_002221_000;0.8;1.5;30.0;Phogri;0.26;;;;;
Car381009-2026-Pass1-Z1-2MU00693_20260730_002228_000;0.0;1.7;35.0;Leppun;0.69;;;;;
Car381009-2026-Pass1-Z1-2MU00693_20260730_002228_000;0.0;1.5;24.0;noise;0.11;;;;;
Car381009-2026-Pass1-Z1-2MU00693_20260730_002228_000;0.0;1.9;26.0;Tetvir;0.3;;;;;
Car381009-2026-Pass1-Z1-2MU00693_20260730_002231_000;1.2;1.9;35.0;Leppun;0.95;;;;;
Car381009-2026-Pass1-Z1-2MU00693_20260730_002231_000;0.0;1.8;26.0;noise;0.1;;;;;
Car381009-2026-Pass1-Z1-2MU00693_20260730_002237_000;0.2;2.0;26.0;noise;0.06;Eptser, Cyrscu, Phogri;;;;
Car381009-2026-Pass1-Z1-2MU00693_20260730_002237_000;0.0;1.4;35.0;Leppun;0.65;;;;;
Car381009-2026-Pass1-Z1-2MU00693_20260730_002244_000;0.0;0.5;38.0;Leppun;0.61;;;;;
Car381009-2026-Pass1-Z1-2MU00693_20260730_002244_000;0.0;1.5;26.0;noise;0.08;Phogri;;;;
Car381009-2026-Pass1-Z1-2MU00693_20260730_002251_000;0.0;1.2;36.0;Leppun;0.97;;;;;
Car381009-2026-Pass1-Z1-2MU00693_20260730_002251_000;0.1;1.9;26.0;Phogri;0.56;;;;;
Car381009-2026-Pass1-Z1-2MU00693_20260730_002255_000;0.0;4.1;35.0;Leppun;0.92;;;;;
Car381009-2026-Pass1-Z1-2MU00693_20260730_002255_000;0.1;4.1;27.0;noise;0.09;Phogri;;;;
Car381009-2026-Pass1-Z1-2MU00693_20260730_002255_000;0.2;3.8;25.0;Cyrscu;0.1;;;;;
Car381009-2026-Pass1-Z1-2MU00693_20260730_002303_000;0.2;1.6;32.0;Leppun;0.95;;;;;
Car381009-2026-Pass1-Z1-2MU00693_20260730_002303_000;0.0;1.6;26.0;Phogri;0.06;noise, Tetvir;;;;
Car381009-2026-Pass1-Z1-2MU00693_20260730_002306_000;0.4;1.4;35.0;Leppun;0.95;;;;;
Car381009-2026-Pass1-Z1-2MU00693_20260730_002306_000;0.0;2.1;26.0;Phogri;0.54;;;;;
Car381009-2026-Pass1-Z1-2MU00693_20260730_002325_000;0.1;1.7;26.0;noise;0.11;;;;;
Car381009-2026-Pass1-Z1-2MU00693_20260730_002325_000;0.0;1.5;31.0;Testes;0.83;;;;;
Car381009-2026-Pass1-Z1-2MU00693_20260730_002333_000;0.0;4.6;37.0;Leppun;0.96;;;;;
Car381009-2026-Pass1-Z1-2MU00693_20260730_002333_000;0.3;4.7;26.0;noise;0.09;Phogri;;;;
Car381009-2026-Pass1-Z1-2MU00693_20260730_002333_000;0.0;4.9;44.0;Pipkuh;0.99;;;;;
Car381009-2026-Pass1-Z1-2MU00693_20260730_002346_000;0.3;4.7;27.0;Leppun;0.55;;;;;
Car381009-2026-Pass1-Z1-2MU00693_20260730_002346_000;0.3;4.1;26.0;noise;0.14;;;;;
Car381009-2026-Pass1-Z1-2MU00693_20260730_002346_000;0.1;4.7;39.0;Pipkuh;0.9;;;;;
Car381009-2026-Pass1-Z1-2MU00693_20260730_002346_000;0.0;4.9;46.0;Pippip;0.98;;;;;
Car381009-2026-Pass1-Z1-2MU00693_20260730_002346_000;0.8;4.4;31.0;Testes;0.87;;;;;
Car381009-2026-Pass1-Z1-2MU00693_20260730_002359_000;0.0;3.0;31.0;Leppun;0.92;;;;;
Car381009-2026-Pass1-Z1-2MU00693_20260730_002359_000;0.7;5.0;25.0;noise;0.12;;;;;
Car381009-2026-Pass1-Z1-2MU00693_20260730_002359_000;0.0;5.0;39.0;Pipkuh;0.74;;;;;
Car381009-2026-Pass1-Z1-2MU00693_20260730_002359_000;0.7;5.0;30.0;Testes;0.75;;;;;
Car381009-2026-Pass1-Z1-2MU00693_20260730_002408_000;0.0;2.0;26.0;noise;0.11;;;;;
Car381009-2026-Pass1-Z1-2MU00693_20260730_002408_000;0.4;2.0;40.0;Pipkuh;0.97;;;;;
Car381009-2026-Pass1-Z1-2MU00693_20260730_002410_000;0.4;1.4;34.0;Leppun;0.33;;;;;
Car381009-2026-Pass1-Z1-2MU00693_20260730_002410_000;0.2;1.9;26.0;noise;0.15;;;;;
Car381009-2026-Pass1-Z1-2MU00693_20260730_002410_000;0.2;2.0;40.0;Pipkuh;0.99;;;;;
Car381009-2026-Pass1-Z1-2MU00693_20260730_002413_000;0.1;2.1;34.0;Leppun;0.47;;;;;
Car381009-2026-Pass1-Z1-2MU00693_20260730_002413_000;0.1;2.1;26.0;noise;0.13;;;;;
Car381009-2026-Pass1-Z1-2MU00693_20260730_002413_000;0.0;1.8;40.0;Pipkuh;0.99;;;;;
Car381009-2026-Pass1-Z1-2MU00693_20260730_002425_000;0.0;3.5;33.0;Leppun;0.43;;;;;
Car381009-2026-Pass1-Z1-2MU00693_20260730_002425_000;0.0;3.5;26.0;noise;0.15;;;;;
Car381009-2026-Pass1-Z1-2MU00693_20260730_002425_000;0.0;2.2;39.0;Pipkuh;0.98;;;;;
Car381009-2026-Pass1-Z1-2MU00693_20260730_002433_000;0.4;2.2;32.0;Leppun;0.93;;;;;
Car381009-2026-Pass1-Z1-2MU00693_20260730_002433_000;0.3;2.7;26.0;noise;0.1;;;;;
Car381009-2026-Pass1-Z1-2MU00693_20260730_002433_000;0.0;2.4;26.0;Nyclei;0.99;;;;;
Car381009-2026-Pass1-Z1-2MU00693_20260730_002443_000;0.3;3.4;30.0;Leppun;0.65;;;;;
Car381009-2026-Pass1-Z1-2MU00693_20260730_002443_000;0.2;4.7;26.0;noise;0.07;;;;;
Car381009-2026-Pass1-Z1-2MU00693_20260730_002443_000;0.2;5.0;39.0;Pipnat;0.49;Pipkuh;;;;
Car381009-2026-Pass1-Z1-2MU00693_20260730_002443_000;0.9;5.0;51.0;Pippip;0.96;;;;;
Car381009-2026-Pass1-Z1-2MU00693_20260730_002443_000;0.6;3.4;31.0;Testes;0.74;;;;;
Car381009-2026-Pass1-Z1-2MU00693_20260730_002508_000;1.5;4.5;33.0;Leppun;0.37;;;;;
Car381009-2026-Pass1-Z1-2MU00693_20260730_002508_000;0.2;5.0;26.0;noise;0.13;;;;;
Car381009-2026-Pass1-Z1-2MU00693_20260730_002508_000;0.1;5.0;42.0;Pipkuh;0.99;;;;;
Car381009-2026-Pass1-Z1-2MU00693_20260730_002508_000;0.0;5.0;49.0;Pippip;0.99;;;;;
Car381009-2026-Pass1-Z1-2MU00693_20260730_002524_000;0.0;4.9;30.0;Leppun;0.53;;;;;
Car381009-2026-Pass1-Z1-2MU00693_20260730_002524_000;0.0;5.0;39.0;Pipkuh;0.98;;;;;
Car381009-2026-Pass1-Z1-2MU00693_20260730_002524_000;0.0;5.0;26.0;Rhasp;0.16;Phogri;;;;
Car381009-2026-Pass1-Z1-2MU00693_20260730_002551_000;0.0;2.1;33.0;Leppun;0.3;;;;;
Car381009-2026-Pass1-Z1-2MU00693_20260730_002551_000;0.0;1.6;24.0;noise;0.13;;;;;
Car381009-2026-Pass1-Z1-2MU00693_20260730_002551_000;0.0;0.8;46.0;Pippip;0.96;;;;;
Car381009-2026-Pass1-Z1-2MU00693_20260730_002557_000;0.1;1.3;26.0;Phogri;0.05;noise;;;;
Car381009-2026-Pass1-Z1-2MU00693_20260730_002557_000;0.0;1.9;39.0;Pipkuh;0.5;Pipnat;;;;
Car381009-2026-Pass1-Z1-2MU00693_20260730_002600_000;1.2;3.8;24.0;noise;0.15;;;;;
Car381009-2026-Pass1-Z1-2MU00693_20260730_002600_000;0.0;3.0;37.0;Pipkuh;0.4;;;;;
Car381009-2026-Pass1-Z1-2MU00693_20260730_002600_000;0.0;3.8;31.0;Testes;0.69;;;;;
Car381009-2026-Pass1-Z1-2MU00693_20260730_002604_000;0.0;1.5;28.0;Leppun;0.17;;;;;
Car381009-2026-Pass1-Z1-2MU00693_20260730_002604_000;0.2;1.7;39.0;Pipkuh;0.57;;;;;
Car381009-2026-Pass1-Z1-2MU00693_20260730_002611_000;0.0;4.4;26.0;Leppun;0.69;;;;;
Car381009-2026-Pass1-Z1-2MU00693_20260730_002611_000;1.2;5.0;27.0;Phogri;0.86;;;;;
Car381009-2026-Pass1-Z1-2MU00693_20260730_002611_000;0.5;5.0;40.0;Pipkuh;0.98;;;;;
Car381009-2026-Pass1-Z1-2MU00693_20260730_002611_000;1.1;1.3;49.0;Pippip;0.91;;;;;
Car381009-2026-Pass1-Z1-2MU00693_20260730_002620_000;0.3;5.0;29.0;noise;0.16;;;;;
Car381009-2026-Pass1-Z1-2MU00693_20260730_002620_000;0.0;4.9;38.0;Pipkuh;0.98;;;;;
Car381009-2026-Pass1-Z1-2MU00693_20260730_002620_000;0.0;4.9;55.0;Pippip;0.99;;;;;
Car381009-2026-Pass1-Z1-2MU00693_20260730_002628_000;0.0;4.9;29.0;Leppun;0.2;;;;;
Car381009-2026-Pass1-Z1-2MU00693_20260730_002628_000;0.1;5.0;40.0;Pipkuh;0.99;;;;;
Car381009-2026-Pass1-Z1-2MU00693_20260730_002637_000;0.0;1.5;26.0;Phogri;0.49;;;;;
Car381009-2026-Pass1-Z1-2MU00693_20260730_002637_000;0.2;2.0;39.0;Pipkuh;0.97;;;;;
Car381009-2026-Pass1-Z1-2MU00693_20260730_002642_000;0.0;5.0;31.0;noise;0.12;Phogri;;;;
Car381009-2026-Pass1-Z1-2MU00693_20260730_002642_000;0.0;5.0;38.0;Pipkuh;0.98;;;;;
Car381009-2026-Pass1-Z1-2MU00693_20260730_002658_000;0.0;2.0;33.0;Leppun;0.52;;;;;
Car381009-2026-Pass1-Z1-2MU00693_20260730_002658_000;0.0;2.0;23.0;Phogri;0.48;;;;;
Car381009-2026-Pass1-Z1-2MU00693_20260730_002658_000;1.2;1.8;48.0;Pippip;0.94;;;;;
Car381009-2026-Pass1-Z1-2MU00693_20260730_002658_000;0.0;2.1;33.0;Testes;0.05;noise, Yposp, Antsp;;;;
Car381009-2026-Pass1-Z1-2MU00693_20260730_002704_000;0.0;2.0;33.0;Leppun;0.26;;;;;
Car381009-2026-Pass1-Z1-2MU00693_20260730_002704_000;0.0;2.0;38.0;Pipnat;0.51;Pipkuh;;;;
Car381009-2026-Pass1-Z1-2MU00693_20260730_002704_000;0.4;2.0;22.0;Phogri;0.05;noise, Plaint;;;;
Car381009-2026-Pass1-Z1-2MU00693_20260730_002707_000;0.0;5.0;32.0;Leppun;0.94;;;;;
Car381009-2026-Pass1-Z1-2MU00693_20260730_002707_000;0.1;4.4;26.0;noise;0.13;Phogri;;;;
Car381009-2026-Pass1-Z1-2MU00693_20260730_002707_000;0.0;5.0;39.0;Pipkuh;0.98;;;;;
Car381009-2026-Pass1-Z1-2MU00693_20260730_002707_000;1.1;4.7;46.0;Pippip;0.97;;;;;
Car381009-2026-Pass1-Z1-2MU00693_20260730_002718_000;0.0;1.4;35.0;Leppun;0.53;;;;;
Car381009-2026-Pass1-Z1-2MU00693_20260730_002718_000;0.1;2.0;30.0;noise;0.16;;;;;
Car381009-2026-Pass1-Z1-2MU00693_20260730_002718_000;1.1;2.0;39.0;Pipkuh;0.96;;;;;
Car381009-2026-Pass1-Z1-2MU00693_20260730_002726_000;0.0;1.9;37.0;Leppun;0.95;;;;;
Car381009-2026-Pass1-Z1-2MU00693_20260730_002726_000;0.4;2.0;26.0;noise;0.12;;;;;
Car381009-2026-Pass1-Z1-2MU00693_20260730_002726_000;0.2;2.1;39.0;Pipkuh;0.99;;;;;
Car381009-2026-Pass1-Z1-2MU00693_20260730_002726_000;0.0;2.1;46.0;Pippip;0.97;;;;;
Car381009-2026-Pass1-Z1-2MU00693_20260730_002729_000;0.2;3.9;36.0;Leppun;0.77;;;;;
Car381009-2026-Pass1-Z1-2MU00693_20260730_002729_000;0.1;4.0;31.0;noise;0.07;Phogri;;;;
Car381009-2026-Pass1-Z1-2MU00693_20260730_002729_000;0.0;3.9;39.0;Pipkuh;0.96;;;;;
Car381009-2026-Pass1-Z1-2MU00693_20260730_002729_000;0.5;3.8;30.0;Tetvir;0.53;;;;;
Car381009-2026-Pass1-Z1-2MU00693_20260730_002735_000;0.0;1.6;36.0;Leppun;0.56;;;;;
Car381009-2026-Pass1-Z1-2MU00693_20260730_002735_000;0.2;2.0;26.0;noise;0.09;;;;;
Car381009-2026-Pass1-Z1-2MU00693_20260730_002735_000;0.6;0.7;39.0;Pipkuh;0.54;;;;;
Car381009-2026-Pass1-Z1-2MU00693_20260730_002739_000;0.0;1.9;30.0;Leppun;0.59;;;;;
Car381009-2026-Pass1-Z1-2MU00693_20260730_002739_000;0.0;1.9;27.0;noise;0.12;;;;;
Car381009-2026-Pass1-Z1-2MU00693_20260730_002739_000;1.5;1.9;46.0;Pipkuh;0.94;;;;;
Car381009-2026-Pass1-Z1-2MU00693_20260730_002745_000;0.2;2.0;38.0;Pipkuh;0.33;;;;;
Car381009-2026-Pass1-Z1-2MU00693_20260730_002745_000;0.1;1.9;49.0;Pippip;0.89;;;;;
Car381009-2026-Pass1-Z1-2MU00693_20260730_002748_000;0.3;5.0;32.0;Leppun;0.26;;;;;
Car381009-2026-Pass1-Z1-2MU00693_20260730_002748_000;0.0;5.0;30.0;noise;0.22;;;;;
Car381009-2026-Pass1-Z1-2MU00693_20260730_002748_000;0.0;4.9;38.0;Pipkuh;0.98;;;;;
Car381009-2026-Pass1-Z1-2MU00693_20260730_002748_000;0.2;4.1;48.0;Pippip;0.91;;;;;
Car381009-2026-Pass1-Z1-2MU00693_20260730_002800_000;0.0;2.0;28.0;Leppun;0.87;;;;;
Car381009-2026-Pass1-Z1-2MU00693_20260730_002800_000;0.1;2.0;28.0;Phogri;0.38;;;;;
Car381009-2026-Pass1-Z1-2MU00693_20260730_002812_000;0.0;1.9;32.0;Leppun;0.68;;;;;
Car381009-2026-Pass1-Z1-2MU00693_20260730_002812_000;0.4;1.9;23.0;noise;0.09;;;;;
Car381009-2026-Pass1-Z1-2MU00693_20260730_002812_000;0.3;1.4;44.0;Pipkuh;0.78;;;;;
Car381009-2026-Pass1-Z1-2MU00693_20260730_002818_000;0.7;5.0;31.0;noise;0.1;;;;;
Car381009-2026-Pass1-Z1-2MU00693_20260730_002818_000;0.0;4.8;40.0;Pipnat;0.65;Pipkuh;;;;
Car381009-2026-Pass1-Z1-2MU00693_20260730_002818_000;0.7;5.0;32.0;Antsp;0.08;;;;;
Car381009-2026-Pass1-Z1-2MU00693_20260730_002830_000;0.2;1.7;32.0;Leppun;0.32;;;;;
Car381009-2026-Pass1-Z1-2MU00693_20260730_002830_000;0.3;2.0;49.0;Pippip;0.62;;;;;
Car381009-2026-Pass1-Z1-2MU00693_20260730_002830_000;0.0;2.1;30.0;Testes;0.79;;;;;
Car381009-2026-Pass1-Z1-2MU00693_20260730_002833_000;0.0;4.7;36.0;Leppun;0.84;;;;;
Car381009-2026-Pass1-Z1-2MU00693_20260730_002833_000;0.0;4.8;23.0;noise;0.13;;;;;
Car381009-2026-Pass1-Z1-2MU00693_20260730_002833_000;0.0;4.9;52.0;Pippip;0.94;;;;;
Car381009-2026-Pass1-Z1-2MU00693_20260730_002833_000;0.0;4.4;29.0;Testes;0.59;;;;;
Car381009-2026-Pass1-Z1-2MU00693_20260730_002900_000;0.0;3.1;35.0;Leppun;0.95;;;;;
Car381009-2026-Pass1-Z1-2MU00693_20260730_002900_000;0.7;3.2;26.0;Phogri;0.84;;;;;
Car381009-2026-Pass1-Z1-2MU00693_20260730_002900_000;0.8;3.2;45.0;Pippip;0.95;;;;;
Car381009-2026-Pass1-Z1-2MU00693_20260730_002903_000;0.0;2.1;33.0;Leppun;0.76;;;;;
Car381009-2026-Pass1-Z1-2MU00693_20260730_002903_000;0.0;2.0;21.0;Phanan;0.04;noise, Tetvir, Pippip, Cyrscu;;;;
Car381009-2026-Pass1-Z1-2MU00693_20260730_002903_000;0.2;1.8;29.0;Phogri;0.39;;;;;
Car381009-2026-Pass1-Z1-2MU00693_20260730_002910_000;0.0;2.4;35.0;Leppun;0.21;;;;;
Car381009-2026-Pass1-Z1-2MU00693_20260730_002910_000;0.0;3.4;26.0;noise;0.34;;;;;
Car381009-2026-Pass1-Z1-2MU00693_20260730_002910_000;0.2;3.1;20.0;Phogri;0.81;;;;;
Car381009-2026-Pass1-Z1-2MU00693_20260730_002910_000;0.0;3.8;49.0;Pippip;0.99;;;;;
Car381009-2026-Pass1-Z1-2MU00693_20260730_002914_000;0.0;3.1;30.0;Leppun;0.77;;;;;
Car381009-2026-Pass1-Z1-2MU00693_20260730_002914_000;0.1;3.2;28.0;noise;0.11;Phogri;;;;
Car381009-2026-Pass1-Z1-2MU00693_20260730_002914_000;0.0;2.8;49.0;Pippip;0.99;;;;;
Car381009-2026-Pass1-Z1-2MU00693_20260730_002919_000;0.2;1.9;27.0;noise;0.43;;;;;
Car381009-2026-Pass1-Z1-2MU00693_20260730_002919_000;0.0;1.9;23.0;Cyrscu;0.18;;;;;
Car381009-2026-Pass1-Z1-2MU00693_20260730_002946_000;1.3;2.5;31.0;Leppun;0.25;;;;;
Car381009-2026-Pass1-Z1-2MU00693_20260730_002946_000;0.0;2.1;43.0;Pipkuh;0.99;;;;;
Car381009-2026-Pass1-Z1-2MU00693_20260730_002957_000;0.0;4.7;32.0;noise;0.1;;;;;
Car381009-2026-Pass1-Z1-2MU00693_20260730_002957_000;0.0;4.9;39.0;Pipkuh;0.98;;;;;
Car381009-2026-Pass1-Z1-2MU00693_20260730_002957_000;2.8;4.1;46.0;Pippip;0.97;;;;;
Car381009-2026-Pass1-Z1-2MU00693_20260730_003019_000;0.3;4.3;35.0;Leppun;0.19;;;;;
Car381009-2026-Pass1-Z1-2MU00693_20260730_003019_000;0.9;4.3;27.0;Phogri;0.75;;;;;
Car381009-2026-Pass1-Z1-2MU00693_20260730_003019_000;0.0;4.7;39.0;Pipkuh;0.53;Pipnat;;;;
Car381009-2026-Pass1-Z1-2MU00693_20260730_003031_000;0.1;2.6;28.0;Phogri;0.26;;;;;
Car381009-2026-Pass1-Z1-2MU00693_20260730_003031_000;0.0;2.7;39.0;Pipkuh;0.99;;;;;
Car381009-2026-Pass1-Z1-2MU00693_20260730_003036_000;0.7;3.7;27.0;Phogri;0.29;;;;;
Car381009-2026-Pass1-Z1-2MU00693_20260730_003036_000;0.0;4.9;38.0;Pipkuh;0.96;;;;;
Car381009-2026-Pass1-Z1-2MU00693_20260730_003045_000;0.0;0.9;28.0;Leppun;0.97;;;;;
Car381009-2026-Pass1-Z1-2MU00693_20260730_003045_000;0.7;0.8;18.0;noise;0.05;;;;;
Car381009-2026-Pass1-Z1-2MU00693_20260730_003050_000;0.0;1.5;32.0;Leppun;0.93;;;;;
Car381009-2026-Pass1-Z1-2MU00693_20260730_003050_000;0.0;1.5;22.0;noise;0.17;;;;;
Car381009-2026-Pass1-Z1-2MU00693_20260730_003054_000;0.0;2.9;34.0;Leppun;0.85;;;;;
Car381009-2026-Pass1-Z1-2MU00693_20260730_003054_000;0.5;2.9;27.0;noise;0.06;Phogri;;;;
Car381009-2026-Pass1-Z1-2MU00693_20260730_003054_000;0.0;2.7;34.0;Antsp;0.1;Testes, noise;;;;
Car381009-2026-Pass1-Z1-2MU00693_20260730_003059_000;0.0;1.9;37.0;Leppun;0.95;;;;;
Car381009-2026-Pass1-Z1-2MU00693_20260730_003059_000;1.1;1.2;10.0;noise;0.11;;;;;
Car381009-2026-Pass1-Z1-2MU00693_20260730_003059_000;0.0;2.5;38.0;Pipnat;0.44;Pipkuh;;;;
Car381009-2026-Pass1-Z1-2MU00693_20260730_003059_000;0.0;1.4;23.0;Phogri;0.05;;;;;
Car381009-2026-Pass1-Z1-2MU00693_20260730_003103_000;0.1;3.7;36.0;Leppun;0.93;;;;;
Car381009-2026-Pass1-Z1-2MU00693_20260730_003103_000;0.2;4.8;26.0;Phogri;0.4;;;;;
Car381009-2026-Pass1-Z1-2MU00693_20260730_003103_000;0.0;5.0;40.0;Pipkuh;0.44;Pipnat;;;;
Car381009-2026-Pass1-Z1-2MU00693_20260730_003103_000;3.8;5.0;80.0;Pippip;0.57;;;;;
Car381009-2026-Pass1-Z1-2MU00693_20260730_003126_000;0.2;4.7;29.0;noise;0.17;;;;;
Car381009-2026-Pass1-Z1-2MU00693_20260730_003126_000;0.0;5.0;45.0;Pipkuh;0.98;;;;;
Car381009-2026-Pass1-Z1-2MU00693_20260730_003137_000;0.0;4.1;32.0;Leppun;0.17;;;;;
Car381009-2026-Pass1-Z1-2MU00693_20260730_003137_000;0.0;5.0;38.0;Pipkuh;0.98;;;;;
Car381009-2026-Pass1-Z1-2MU00693_20260730_003137_000;0.0;4.9;19.0;Tetvir;0.38;;;;;
Car381009-2026-Pass1-Z1-2MU00693_20260730_003149_000;0.4;1.9;33.0;Leppun;0.95;;;;;
Car381009-2026-Pass1-Z1-2MU00693_20260730_003149_000;0.0;1.5;25.0;Plaint;0.03;Phogri, noise, Tetvir;;;;
Car381009-2026-Pass1-Z1-2MU00693_20260730_003200_000;0.0;1.4;34.0;Leppun;0.54;;;;;
Car381009-2026-Pass1-Z1-2MU00693_20260730_003200_000;1.0;1.9;21.0;Phanan;0.04;noise, Tetvir, Pippip;;;;
Car381009-2026-Pass1-Z1-2MU00693_20260730_003200_000;0.6;1.9;24.0;Phogri;0.75;;;;;
Car381009-2026-Pass1-Z1-2MU00693_20260730_003206_000;0.0;2.9;32.0;Leppun;0.16;;;;;
Car381009-2026-Pass1-Z1-2MU00693_20260730_003206_000;1.6;2.9;25.0;noise;0.2;;;;;
Car381009-2026-Pass1-Z1-2MU00693_20260730_003214_000;0.1;4.3;32.0;noise;0.27;;;;;
Car381009-2026-Pass1-Z1-2MU00693_20260730_003214_000;0.0;5.0;40.0;Pipkuh;0.99;;;;;
Car381009-2026-Pass1-Z1-2MU00693_20260730_003223_000;1.9;4.8;26.0;Phogri;0.49;;;;;
Car381009-2026-Pass1-Z1-2MU00693_20260730_003223_000;0.0;5.0;44.0;Pipkuh;0.99;;;;;
Car381009-2026-Pass1-Z1-2MU00693_20260730_003240_000;0.1;0.2;39.0;Pipkuh;0.42;;;;;
Car381009-2026-Pass1-Z1-2MU00693_20260730_003240_000;0.1;1.9;22.0;noise;0.05;Phogri, Tetvir;;;;
Car381009-2026-Pass1-Z1-2MU00693_20260730_003243_000;0.3;1.8;26.0;noise;0.28;;;;;
Car381009-2026-Pass1-Z1-2MU00693_20260730_003243_000;0.5;0.6;40.0;Pipkuh;0.16;;;;;
Car381009-2026-Pass1-Z1-2MU00693_20260730_003303_000;0.0;1.8;35.0;Leppun;0.96;;;;;
Car381009-2026-Pass1-Z1-2MU00693_20260730_003303_000;0.1;1.8;39.0;Pipkuh;0.98;;;;;
Car381009-2026-Pass1-Z1-2MU00693_20260730_003303_000;0.3;1.8;22.0;noise;0.05;Phogri, Tetvir, Plaint;;;;
Car381009-2026-Pass1-Z1-2MU00693_20260730_003307_000;0.0;4.8;39.0;Pipkuh;0.96;;;;;
Car381009-2026-Pass1-Z1-2MU00693_20260730_003307_000;1.4;4.8;32.0;Testes;0.18;;;;;
Car381009-2026-Pass1-Z1-2MU00693_20260730_003307_000;0.3;4.5;30.0;Tetvir;0.38;;;;;
Car381009-2026-Pass1-Z1-2MU00693_20260730_003331_000;0.4;2.2;32.0;Leppun;0.24;;;;;
Car381009-2026-Pass1-Z1-2MU00693_20260730_003331_000;0.0;0.5;30.0;Testes;0.22;;;;;
Car381009-2026-Pass1-Z1-2MU00693_20260730_003331_000;0.4;2.2;17.0;Tetvir;0.16;;;;;
Car381009-2026-Pass1-Z1-2MU00693_20260730_003336_000;0.1;1.9;27.0;noise;0.1;;;;;
Car381009-2026-Pass1-Z1-2MU00693_20260730_003336_000;0.0;1.8;39.0;Pipkuh;0.99;;;;;
Car381009-2026-Pass1-Z1-2MU00693_20260730_003350_000;0.0;1.3;30.0;Leppun;0.97;;;;;
Car381009-2026-Pass1-Z1-2MU00693_20260730_003350_000;1.0;1.4;25.0;Phogri;0.49;;;;;
Car381009-2026-Pass1-Z1-2MU00693_20260730_003356_000;0.1;4.7;31.0;noise;0.14;;;;;
Car381009-2026-Pass1-Z1-2MU00693_20260730_003356_000;0.1;5.0;38.0;Pipkuh;0.98;;;;;
Car381009-2026-Pass1-Z1-2MU00693_20260730_003356_000;0.0;4.9;45.0;Pippip;0.98;;;;;
Car381009-2026-Pass1-Z1-2MU00693_20260730_003406_000;0.0;1.9;28.0;Phogri;0.49;;;;;
Car381009-2026-Pass1-Z1-2MU00693_20260730_003406_000;0.0;1.8;40.0;Pipkuh;0.98;;;;;
Car381009-2026-Pass1-Z1-2MU00693_20260730_003406_000;1.5;1.6;10.0;Tetvir;0.81;;;;;
Car381009-2026-Pass1-Z1-2MU00693_20260730_003409_000;0.0;2.6;33.0;noise;0.3;;;;;
Car381009-2026-Pass1-Z1-2MU00693_20260730_003409_000;0.5;0.6;27.0;Phogri;0.88;;;;;
Car381009-2026-Pass1-Z1-2MU00693_20260730_003409_000;0.0;2.6;40.0;Pipkuh;0.99;;;;;
Car381009-2026-Pass1-Z1-2MU00693_20260730_003415_000;0.0;0.9;32.0;Leppun;0.85;;;;;
Car381009-2026-Pass1-Z1-2MU00693_20260730_003415_000;0.7;0.9;20.0;Phogri;0.15;;;;;
Car381009-2026-Pass1-Z1-2MU00693_20260730_003415_000;0.8;2.0;27.0;Pipkuh;0.36;;;;;
Car381009-2026-Pass1-Z1-2MU00693_20260730_003421_000;0.0;1.8;30.0;Leppun;0.76;;;;;
Car381009-2026-Pass1-Z1-2MU00693_20260730_003421_000;0.0;1.2;20.0;Phogri;0.93;;;;;
Car381009-2026-Pass1-Z1-2MU00693_20260730_003421_000;0.2;1.9;39.0;Pipnat;0.74;;;;;
Car381009-2026-Pass1-Z1-2MU00693_20260730_003421_000;1.0;1.7;51.0;Pippip;0.92;;;;;
Car381009-2026-Pass1-Z1-2MU00693_20260730_003424_000;0.0;3.6;39.0;Pipnat;0.9;;;;;
Car381009-2026-Pass1-Z1-2MU00693_20260730_003424_000;1.0;2.8;27.0;noise;0.05;;;;;
Car381009-2026-Pass1-Z1-2MU00693_20260730_003429_000;0.0;0.9;26.0;noise;0.21;;;;;
Car381009-2026-Pass1-Z1-2MU00693_20260730_003429_000;0.1;1.5;40.0;Pipkuh;0.38;;;;;
Car381009-2026-Pass1-Z1-2MU00693_20260730_003433_000;1.9;4.9;29.0;noise;0.2;;;;;
Car381009-2026-Pass1-Z1-2MU00693_20260730_003433_000;0.0;5.0;61.0;Pipkuh;0.98;;;;;
Car381009-2026-Pass1-Z1-2MU00693_20260730_003444_000;0.2;4.9;24.0;noise;0.06;Tetvir, Phanan;;;;
Car381009-2026-Pass1-Z1-2MU00693_20260730_003444_000;0.1;4.9;28.0;Phogri;0.34;;;;;
Car381009-2026-Pass1-Z1-2MU00693_20260730_003444_000;0.1;5.0;39.0;Pipnat;0.86;;;;;
Car381009-2026-Pass1-Z1-2MU00693_20260730_003444_000;0.0;4.5;36.0;Yerray;0.32;;;;;
Car381009-2026-Pass1-Z1-2MU00693_20260730_003455_000;0.0;1.6;30.0;Leppun;0.44;;;;;
Car381009-2026-Pass1-Z1-2MU00693_20260730_003455_000;0.1;1.6;19.0;noise;0.16;;;;;
Car381009-2026-Pass1-Z1-2MU00693_20260730_003458_000;0.9;2.5;36.0;Leppun;0.84;;;;;
Car381009-2026-Pass1-Z1-2MU00693_20260730_003458_000;0.5;1.1;27.0;noise;0.17;;;;;
Car381009-2026-Pass1-Z1-2MU00693_20260730_003458_000;2.8;3.0;40.0;Pipkuh;0.09;Pipnat;;;;
Car381009-2026-Pass1-Z1-2MU00693_20260730_003508_000;1.5;4.1;37.0;Leppun;0.55;;;;;
Car381009-2026-Pass1-Z1-2MU00693_20260730_003508_000;1.8;5.0;25.0;noise;0.18;;;;;
Car381009-2026-Pass1-Z1-2MU00693_20260730_003508_000;0.0;4.2;26.0;Phogri;0.68;;;;;
Car381009-2026-Pass1-Z1-2MU00693_20260730_003508_000;0.0;4.7;39.0;Pipnat;0.82;;;;;
Car381009-2026-Pass1-Z1-2MU00693_20260730_003508_000;1.7;5.0;53.0;Pippip;0.98;;;;;
Car381009-2026-Pass1-Z1-2MU00693_20260730_003519_000;1.2;3.6;39.0;Leppun;0.98;;;;;
Car381009-2026-Pass1-Z1-2MU00693_20260730_003519_000;1.8;2.9;24.0;noise;0.18;;;;;
Car381009-2026-Pass1-Z1-2MU00693_20260730_003519_000;0.0;3.3;39.0;Pipnat;0.88;;;;;
Car381009-2026-Pass1-Z1-2MU00693_20260730_003519_000;0.0;3.1;48.0;Pippip;0.68;;;;;
Car381009-2026-Pass1-Z1-2MU00693_20260730_003527_000;0.0;1.7;40.0;Leppun;0.95;;;;;
Car381009-2026-Pass1-Z1-2MU00693_20260730_003527_000;1.5;1.7;28.0;Phogri;0.05;noise;;;;
Car381009-2026-Pass1-Z1-2MU00693_20260730_003527_000;0.1;1.2;38.0;Pipkuh;0.88;;;;;
Car381009-2026-Pass1-Z1-2MU00693_20260730_003527_000;1.1;2.0;50.0;Pippip;0.98;;;;;
Car381009-2026-Pass1-Z1-2MU00693_20260730_003530_000;1.6;5.0;36.0;Leppun;0.95;;;;;
Car381009-2026-Pass1-Z1-2MU00693_20260730_003530_000;0.5;5.0;21.0;noise;0.29;;;;;
Car381009-2026-Pass1-Z1-2MU00693_20260730_003530_000;0.4;5.0;39.0;Pipkuh;0.99;;;;;
Car381009-2026-Pass1-Z1-2MU00693_20260730_003530_000;0.0;5.0;53.0;Pippip;0.99;;;;;
Car381009-2026-Pass1-Z1-2MU00693_20260730_003537_000;0.0;4.9;38.0;Pipkuh;0.87;;;;;
Car381009-2026-Pass1-Z1-2MU00693_20260730_003537_000;0.6;4.3;27.0;Phogri;0.1;;;;;
Car381009-2026-Pass1-Z1-2MU00693_20260730_003537_000;0.0;4.3;22.0;Tetvir;0.66;;;;;
Car381009-2026-Pass1-Z1-2MU00693_20260730_003543_000;1.3;1.4;19.0;noise;0.15;;;;;
Car381009-2026-Pass1-Z1-2MU00693_20260730_003543_000;0.4;1.1;23.0;Nyclei;0.98;;;;;
Car381009-2026-Pass1-Z1-2MU00693_20260730_003543_000;0.0;1.8;38.0;Pipkuh;0.41;Pipnat;;;;
Car381009-2026-Pass1-Z1-2MU00693_20260730_003550_000;0.0;1.6;37.0;Leppun;0.16;;;;;
Car381009-2026-Pass1-Z1-2MU00693_20260730_003550_000;0.2;1.6;12.0;noise;0.36;;;;;
Car381009-2026-Pass1-Z1-2MU00693_20260730_003550_000;0.1;0.8;37.0;Pipnat;0.15;Micagr;;;;
Car381009-2026-Pass1-Z1-2MU00693_20260730_003617_000;3.5;5.0;52.0;Myomys;0.05;Pipkuh, noise, Myodau;;;;
Car381009-2026-Pass1-Z1-2MU00693_20260730_003617_000;0.1;4.9;25.0;Phogri;0.07;noise;;;;
Car381009-2026-Pass1-Z1-2MU00693_20260730_003617_000;0.0;4.8;39.0;Pipnat;0.66;Pipkuh;;;;
Car381009-2026-Pass1-Z1-2MU00693_20260730_003642_000;0.3;4.5;32.0;Leppun;0.52;;;;;
Car381009-2026-Pass1-Z1-2MU00693_20260730_003642_000;0.4;3.3;52.0;Myodau;0.7;Myomys;;;;
Car381009-2026-Pass1-Z1-2MU00693_20260730_003642_000;0.3;4.6;23.0;noise;0.18;;;;;
Car381009-2026-Pass1-Z1-2MU00693_20260730_003642_000;0.0;4.7;42.0;Pipkuh;0.56;;;;;
Car381009-2026-Pass1-Z1-2MU00693_20260730_003648_000;0.6;4.5;25.0;noise;0.12;;;;;
Car381009-2026-Pass1-Z1-2MU00693_20260730_003648_000;0.0;4.8;38.0;Pipkuh;0.97;;;;;
Car381009-2026-Pass1-Z1-2MU00693_20260730_003648_000;0.0;4.0;30.0;Testes;0.55;;;;;
Car381009-2026-Pass1-Z1-2MU00693_20260730_003656_000;0.7;3.2;36.0;Leppun;0.55;;;;;
Car381009-2026-Pass1-Z1-2MU00693_20260730_003656_000;0.1;4.4;23.0;Phogri;0.12;noise;;;;
Car381009-2026-Pass1-Z1-2MU00693_20260730_003656_000;0.0;5.0;39.0;Pipnat;0.73;;;;;
Car381009-2026-Pass1-Z1-2MU00693_20260730_003656_000;0.0;4.1;49.0;Pippip;0.98;;;;;
Car381009-2026-Pass1-Z1-2MU00693_20260730_003714_000;0.5;1.7;35.0;Leppun;0.67;;;;;
Car381009-2026-Pass1-Z1-2MU00693_20260730_003714_000;0.0;1.2;30.0;Phogri;0.58;;;;;
Car381009-2026-Pass1-Z1-2MU00693_20260730_003714_000;0.0;1.4;50.0;Pippip;0.92;;;;;
Car381009-2026-Pass1-Z1-2MU00693_20260730_003714_000;0.0;0.3;10.0;Tetvir;0.79;;;;;
Car381009-2026-Pass1-Z1-2MU00693_20260730_003720_000;0.2;2.9;34.0;Leppun;0.93;;;;;
Car381009-2026-Pass1-Z1-2MU00693_20260730_003720_000;0.0;2.3;18.0;noise;0.19;;;;;
Car381009-2026-Pass1-Z1-2MU00693_20260730_003720_000;2.9;3.1;50.0;Pippip;0.9;;;;;
Car381009-2026-Pass1-Z1-2MU00693_20260730_003724_000;0.0;5.0;29.0;Leppun;0.16;;;;;
Car381009-2026-Pass1-Z1-2MU00693_20260730_003724_000;0.0;4.1;29.0;Phogri;0.73;;;;;
Car381009-2026-Pass1-Z1-2MU00693_20260730_003724_000;2.1;5.0;39.0;Pipkuh;0.98;;;;;
Car381009-2026-Pass1-Z1-2MU00693_20260730_003724_000;0.0;5.0;58.0;Pippip;0.99;;;;;
Car381009-2026-Pass1-Z1-2MU00693_20260730_003744_000;0.4;4.7;38.0;Leppun;0.96;;;;;
Car381009-2026-Pass1-Z1-2MU00693_20260730_003744_000;0.0;4.3;39.0;Pipkuh;0.87;;;;;
Car381009-2026-Pass1-Z1-2MU00693_20260730_003744_000;3.2;4.9;13.0;Tetvir;0.42;;;;;
Car381009-2026-Pass1-Z1-2MU00693_20260730_003754_000;0.0;4.7;51.0;Myomys;0.92;;;;;
Car381009-2026-Pass1-Z1-2MU00693_20260730_003800_000;0.6;3.1;37.0;Leppun;0.82;;;;;
Car381009-2026-Pass1-Z1-2MU00693_20260730_003800_000;0.8;2.2;63.0;noise;0.31;;;;;
Car381009-2026-Pass1-Z1-2MU00693_20260730_003800_000;1.7;4.7;29.0;Rhasp;0.4;;;;;
Car381009-2026-Pass1-Z1-2MU00693_20260730_003808_000;0.0;1.7;34.0;Leppun;0.96;;;;;
Car381009-2026-Pass1-Z1-2MU00693_20260730_003808_000;0.1;1.9;37.0;Pipnat;0.49;;;;;
Car381009-2026-Pass1-Z1-2MU00693_20260730_003808_000;1.1;1.4;19.0;Tetvir;0.28;;;;;
Car381009-2026-Pass1-Z1-2MU00693_20260730_003811_000;0.6;2.5;38.0;Leppun;0.87;;;;;
Car381009-2026-Pass1-Z1-2MU00693_20260730_003811_000;2.3;2.5;25.0;Phogri;0.83;;;;;
Car381009-2026-Pass1-Z1-2MU00693_20260730_003811_000;0.0;2.7;37.0;Pipnat;0.51;;;;;
Car381009-2026-Pass1-Z1-2MU00693_20260730_003815_000;0.0;3.2;38.0;Leppun;0.97;;;;;
Car381009-2026-Pass1-Z1-2MU00693_20260730_003815_000;0.2;4.0;25.0;Phogri;0.61;;;;;
Car381009-2026-Pass1-Z1-2MU00693_20260730_003815_000;0.0;4.9;40.0;Pipkuh;0.99;;;;;
Car381009-2026-Pass1-Z1-2MU00693_20260730_003821_000;0.0;2.1;33.0;Leppun;0.93;;;;;
Car381009-2026-Pass1-Z1-2MU00693_20260730_003821_000;0.4;2.1;22.0;noise;0.15;;;;;
Car381009-2026-Pass1-Z1-2MU00693_20260730_003821_000;0.1;1.0;40.0;Pipkuh;0.97;;;;;
Car381009-2026-Pass1-Z1-2MU00693_20260730_003821_000;0.5;0.6;11.0;Tetvir;0.61;;;;;
Car381009-2026-Pass1-Z1-2MU00693_20260730_003823_000;0.0;1.9;29.0;Leppun;0.97;;;;;
Car381009-2026-Pass1-Z1-2MU00693_20260730_003823_000;1.7;1.8;10.0;Tetvir;0.46;;;;;
Car381009-2026-Pass1-Z1-2MU00693_20260730_003825_000;0.0;1.6;38.0;Leppun;0.91;;;;;
Car381009-2026-Pass1-Z1-2MU00693_20260730_003825_000;0.0;2.0;27.0;Phogri;0.47;;;;;
Car381009-2026-Pass1-Z1-2MU00693_20260730_003830_000;0.0;2.0;38.0;Leppun;0.77;;;;;
Car381009-2026-Pass1-Z1-2MU00693_20260730_003830_000;0.3;1.8;26.0;Phogri;0.65;;;;;
Car381009-2026-Pass1-Z1-2MU00693_20260730_003830_000;0.1;1.6;38.0;Pipkuh;0.33;Pipnat;;;;
Car381009-2026-Pass1-Z1-2MU00693_20260730_003833_000;0.0;1.7;37.0;Leppun;0.96;;;;;
Car381009-2026-Pass1-Z1-2MU00693_20260730_003833_000;0.0;1.5;31.0;noise;0.24;;;;;
Car381009-2026-Pass1-Z1-2MU00693_20260730_003833_000;0.2;2.0;38.0;Pipnat;0.38;;;;;
Car381009-2026-Pass1-Z1-2MU00693_20260730_003837_000;0.0;1.4;38.0;Leppun;0.98;;;;;
Car381009-2026-Pass1-Z1-2MU00693_20260730_003837_000;0.0;1.4;27.0;Phogri;0.85;;;;;
Car381009-2026-Pass1-Z1-2MU00693_20260730_003840_000;0.2;2.1;37.0;Leppun;0.54;;;;;
Car381009-2026-Pass1-Z1-2MU00693_20260730_003840_000;0.0;2.1;26.0;Phogri;0.51;;;;;
Car381009-2026-Pass1-Z1-2MU00693_20260730_003851_000;0.0;1.9;36.0;Leppun;0.93;;;;;
Car381009-2026-Pass1-Z1-2MU00693_20260730_003851_000;0.1;2.0;25.0;Phogri;0.43;;;;;
Car381009-2026-Pass1-Z1-2MU00693_20260730_003855_000;0.0;1.9;34.0;Leppun;0.97;;;;;
Car381009-2026-Pass1-Z1-2MU00693_20260730_003855_000;0.2;1.9;27.0;Phogri;0.32;;;;;
Car381009-2026-Pass1-Z1-2MU00693_20260730_003910_000;0.0;1.9;38.0;Leppun;0.95;;;;;
Car381009-2026-Pass1-Z1-2MU00693_20260730_003910_000;0.4;1.9;24.0;noise;0.08;Phogri;;;;
Car381009-2026-Pass1-Z1-2MU00693_20260730_003916_000;0.0;4.9;38.0;Leppun;0.98;;;;;
Car381009-2026-Pass1-Z1-2MU00693_20260730_003916_000;1.3;4.4;28.0;Phogri;0.65;;;;;
Car381009-2026-Pass1-Z1-2MU00693_20260730_003939_000;0.0;2.6;32.0;Leppun;0.98;;;;;
Car381009-2026-Pass1-Z1-2MU00693_20260730_003939_000;1.9;2.0;12.0;noise;0.68;;;;;
Car381009-2026-Pass1-Z1-2MU00693_20260730_003939_000;0.0;2.9;50.0;Pippip;0.99;;;;;
Car381009-2026-Pass1-Z1-2MU00693_20260730_003943_000;0.4;4.6;36.0;Leppun;0.96;;;;;
Car381009-2026-Pass1-Z1-2MU00693_20260730_003943_000;0.9;3.4;26.0;noise;0.12;;;;;
Car381009-2026-Pass1-Z1-2MU00693_20260730_003943_000;0.0;5.0;48.0;Pippip;0.99;;;;;
Car381009-2026-Pass1-Z1-2MU00693_20260730_003958_000;0.0;1.3;38.0;Leppun;0.94;;;;;
Car381009-2026-Pass1-Z1-2MU00693_20260730_003958_000;1.1;1.5;45.0;Pippip;0.97;;;;;
Car381009-2026-Pass1-Z1-2MU00693_20260730_004009_000;0.0;1.5;38.0;Leppun;0.97;;;;;
Car381009-2026-Pass1-Z1-2MU00693_20260730_004009_000;0.0;1.1;14.0;noise;0.4;;;;;
Car381009-2026-Pass1-Z1-2MU00693_20260730_004012_000;0.0;3.3;36.0;Leppun;0.97;;;;;
Car381009-2026-Pass1-Z1-2MU00693_20260730_004012_000;0.5;2.8;28.0;Phogri;0.69;;;;;
Car381009-2026-Pass1-Z1-2MU00693_20260730_004012_000;0.6;2.1;9.0;Tetvir;0.76;;;;;
Car381009-2026-Pass1-Z1-2MU00693_20260730_004020_000;0.1;3.7;26.0;noise;0.18;;;;;
Car381009-2026-Pass1-Z1-2MU00693_20260730_004020_000;0.1;2.8;49.0;Pippip;0.99;;;;;
Car381009-2026-Pass1-Z1-2MU00693_20260730_004038_000;0.2;3.5;23.0;noise;0.23;;;;;
Car381009-2026-Pass1-Z1-2MU00693_20260730_004038_000;0.0;3.6;47.0;Pippip;0.99;;;;;
Car381009-2026-Pass1-Z1-2MU00693_20260730_004049_000;0.0;1.8;38.0;Leppun;0.98;;;;;
Car381009-2026-Pass1-Z1-2MU00693_20260730_004049_000;1.3;1.4;12.0;noise;0.28;;;;;
Car381009-2026-Pass1-Z1-2MU00693_20260730_004049_000;1.3;1.5;29.0;Phogri;0.81;;;;;
Car381009-2026-Pass1-Z1-2MU00693_20260730_004057_000;0.0;2.2;35.0;Leppun;0.15;;;;;
Car381009-2026-Pass1-Z1-2MU00693_20260730_004057_000;0.0;2.7;24.0;Phogri;0.14;noise;;;;
Car381009-2026-Pass1-Z1-2MU00693_20260730_004057_000;0.0;2.5;51.0;Pippip;0.99;;;;;
Car381009-2026-Pass1-Z1-2MU00693_20260730_004057_000;0.1;2.3;37.0;Testes;0.69;;;;;
Car381009-2026-Pass1-Z1-2MU00693_20260730_004102_000;0.0;4.8;36.0;Leppun;0.91;;;;;
Car381009-2026-Pass1-Z1-2MU00693_20260730_004102_000;0.0;4.9;28.0;Phogri;0.81;;;;;
Car381009-2026-Pass1-Z1-2MU00693_20260730_004102_000;0.0;4.9;49.0;Pippip;0.99;;;;;
Car381009-2026-Pass1-Z1-2MU00693_20260730_004102_000;0.4;4.8;22.0;Tetvir;0.48;;;;;
Car381009-2026-Pass1-Z1-2MU00693_20260730_004108_000;0.4;2.1;40.0;Leppun;0.97;;;;;
Car381009-2026-Pass1-Z1-2MU00693_20260730_004108_000;0.4;1.8;17.0;noise;0.12;Tetvir;;;;
Car381009-2026-Pass1-Z1-2MU00693_20260730_004108_000;0.0;1.5;50.0;Pippip;0.99;;;;;
Car381009-2026-Pass1-Z1-2MU00693_20260730_004112_000;0.0;1.9;30.0;Leppun;0.88;;;;;
Car381009-2026-Pass1-Z1-2MU00693_20260730_004112_000;1.3;1.9;11.0;noise;0.19;Tetvir;;;;
Car381009-2026-Pass1-Z1-2MU00693_20260730_004117_000;0.0;4.1;40.0;Leppun;0.83;;;;;
Car381009-2026-Pass1-Z1-2MU00693_20260730_004117_000;0.0;4.4;28.0;Phogri;0.58;;;;;
Car381009-2026-Pass1-Z1-2MU00693_20260730_004122_000;0.0;2.0;39.0;Leppun;0.86;;;;;
Car381009-2026-Pass1-Z1-2MU00693_20260730_004122_000;0.8;2.0;23.0;noise;0.66;;;;;
Car381009-2026-Pass1-Z1-2MU00693_20260730_004127_000;0.0;4.7;36.0;Leppun;0.96;;;;;
Car381009-2026-Pass1-Z1-2MU00693_20260730_004127_000;0.3;4.2;26.0;Phogri;0.7;;;;;
Car381009-2026-Pass1-Z1-2MU00693_20260730_004127_000;1.4;2.3;15.0;Tetvir;0.46;;;;;
Car381009-2026-Pass1-Z1-2MU00693_20260730_004138_000;1.0;4.3;40.0;Leppun;0.97;;;;;
Car381009-2026-Pass1-Z1-2MU00693_20260730_004138_000;0.0;4.7;25.0;noise;0.15;;;;;
Car381009-2026-Pass1-Z1-2MU00693_20260730_004143_000;0.0;3.4;37.0;Leppun;0.96;;;;;
Car381009-2026-Pass1-Z1-2MU00693_20260730_004143_000;0.1;3.1;28.0;Phogri;0.89;;;;;
Car381009-2026-Pass1-Z1-2MU00693_20260730_004153_000;0.0;2.0;40.0;Leppun;0.91;;;;;
Car381009-2026-Pass1-Z1-2MU00693_20260730_004153_000;0.2;1.9;25.0;Phogri;0.07;noise;;;;
Car381009-2026-Pass1-Z1-2MU00693_20260730_004157_000;0.0;4.8;39.0;Leppun;0.97;;;;;
Car381009-2026-Pass1-Z1-2MU00693_20260730_004157_000;1.2;1.3;18.0;noise;0.25;;;;;
Car381009-2026-Pass1-Z1-2MU00693_20260730_004157_000;0.4;4.2;29.0;Phogri;0.89;;;;;
Car381009-2026-Pass1-Z1-2MU00693_20260730_004212_000;0.0;1.7;32.0;Leppun;0.96;;;;;
Car381009-2026-Pass1-Z1-2MU00693_20260730_004212_000;0.7;2.0;26.0;Phogri;0.55;;;;;
Car381009-2026-Pass1-Z1-2MU00693_20260730_004214_000;0.0;0.8;40.0;Leppun;0.92;;;;;
Car381009-2026-Pass1-Z1-2MU00693_20260730_004214_000;0.7;1.8;24.0;noise;0.22;;;;;
Car381009-2026-Pass1-Z1-2MU00693_20260730_004214_000;0.0;0.8;27.0;Phogri;0.72;;;;;
Car381009-2026-Pass1-Z1-2MU00693_20260730_004217_000;0.0;1.1;27.0;Leppun;0.35;;;;;
Car381009-2026-Pass1-Z1-2MU00693_20260730_004217_000;0.1;2.0;43.0;Pipkuh;0.98;;;;;
Car381009-2026-Pass1-Z1-2MU00693_20260730_004221_000;0.0;4.3;33.0;Leppun;0.96;;;;;
Car381009-2026-Pass1-Z1-2MU00693_20260730_004221_000;0.0;4.3;23.0;noise;0.1;Tetvir, Phogri;;;;
Car381009-2026-Pass1-Z1-2MU00693_20260730_004221_000;0.0;5.0;42.0;Pipkuh;0.98;;;;;
Car381009-2026-Pass1-Z1-2MU00693_20260730_004221_000;0.3;3.3;33.0;Testes;0.35;;;;;
Car381009-2026-Pass1-Z1-2MU00693_20260730_004228_000;0.7;4.7;36.0;Hypsav;0.9;;;;;
Car381009-2026-Pass1-Z1-2MU00693_20260730_004228_000;0.1;3.8;39.0;Leppun;0.95;;;;;
Car381009-2026-Pass1-Z1-2MU00693_20260730_004228_000;3.9;4.3;46.0;Pippip;0.91;;;;;
Car381009-2026-Pass1-Z1-2MU00693_20260730_004228_000;0.0;4.8;26.0;Phogri;0.08;;;;;
Car381009-2026-Pass1-Z1-2MU00693_20260730_004228_000;0.8;4.8;23.0;Tetvir;0.67;;;;;
Car381009-2026-Pass1-Z1-2MU00693_20260730_004241_000;0.0;4.4;38.0;Leppun;0.98;;;;;
Car381009-2026-Pass1-Z1-2MU00693_20260730_004241_000;0.8;3.4;27.0;Phogri;0.59;;;;;
Car381009-2026-Pass1-Z1-2MU00693_20260730_004241_000;1.2;4.9;18.0;Tetvir;0.47;;;;;
Car381009-2026-Pass1-Z1-2MU00693_20260730_004251_000;0.0;5.0;39.0;Leppun;0.97;;;;;
Car381009-2026-Pass1-Z1-2MU00693_20260730_004251_000;0.2;5.0;26.0;Phogri;0.72;;;;;
Car381009-2026-Pass1-Z1-2MU00693_20260730_004251_000;0.1;4.7;22.0;Tetvir;0.81;;;;;
Car381009-2026-Pass1-Z1-2MU00693_20260730_004302_000;0.0;1.8;33.0;Leppun;0.37;;;;;
Car381009-2026-Pass1-Z1-2MU00693_20260730_004302_000;0.4;1.9;26.0;noise;0.15;;;;;
Car381009-2026-Pass1-Z1-2MU00693_20260730_004304_000;0.9;3.1;32.0;Hypsav;0.9;;;;;
Car381009-2026-Pass1-Z1-2MU00693_20260730_004304_000;0.0;3.6;34.0;Leppun;0.82;;;;;
Car381009-2026-Pass1-Z1-2MU00693_20260730_004304_000;1.2;3.7;25.0;Phogri;0.57;;;;;
Car381009-2026-Pass1-Z1-2MU00693_20260730_004322_000;0.0;1.9;26.0;noise;0.16;;;;;
Car381009-2026-Pass1-Z1-2MU00693_20260730_004328_000;0.0;1.9;25.0;Phogri;0.26;;;;;
Car381009-2026-Pass1-Z1-2MU00693_20260730_004337_000;0.0;1.6;36.0;Leppun;0.95;;;;;
Car381009-2026-Pass1-Z1-2MU00693_20260730_004337_000;1.0;1.2;25.0;Phogri;0.83;;;;;
Car381009-2026-Pass1-Z1-2MU00693_20260730_004337_000;0.3;0.4;46.0;Pippip;0.79;;;;;
Car381009-2026-Pass1-Z1-2MU00693_20260730_004341_000;0.0;1.7;28.0;noise;0.12;;;;;
Car381009-2026-Pass1-Z1-2MU00693_20260730_004410_000;0.0;1.5;50.0;Leppun;0.93;;;;;
Car381009-2026-Pass1-Z1-2MU00693_20260730_004410_000;0.9;1.5;28.0;Phogri;0.04;noise, Tetvir, Rhasp, Plaint, Eptser;;;;
Car381009-2026-Pass1-Z1-2MU00693_20260730_004419_000;0.4;4.8;22.0;noise;0.08;Tetvir, Phogri;;;;
Car381009-2026-Pass1-Z1-2MU00693_20260730_004419_000;0.0;5.0;45.0;Pipkuh;0.98;;;;;
Car381009-2026-Pass1-Z1-2MU00693_20260730_004419_000;0.0;4.9;46.0;Pippip;0.98;;;;;
Car381009-2026-Pass1-Z1-2MU00693_20260730_004419_000;0.0;4.7;31.0;Testes;0.78;;;;;
Car381009-2026-Pass1-Z1-2MU00693_20260730_004432_000;0.5;0.8;26.0;Eptser;0.44;;;;;
Car381009-2026-Pass1-Z1-2MU00693_20260730_004432_000;0.0;1.9;41.0;Leppun;0.85;;;;;
Car381009-2026-Pass1-Z1-2MU00693_20260730_004432_000;0.0;1.6;39.0;Pipkuh;0.98;;;;;
Car381009-2026-Pass1-Z1-2MU00693_20260730_004441_000;0.1;4.9;27.0;Phogri;0.26;;;;;
Car381009-2026-Pass1-Z1-2MU00693_20260730_004441_000;0.0;5.0;38.0;Pipnat;0.83;;;;;
Car381009-2026-Pass1-Z1-2MU00693_20260730_004441_000;0.3;4.2;27.0;Tetvir;0.8;;;;;
Car381009-2026-Pass1-Z1-2MU00693_20260730_004449_000;0.0;5.0;40.0;Pipkuh;0.87;;;;;
Car381009-2026-Pass1-Z1-2MU00693_20260730_004449_000;0.2;4.2;26.0;Tetvir;0.24;;;;;
Car381009-2026-Pass1-Z1-2MU00693_20260730_004500_000;0.0;3.3;38.0;Leppun;0.91;;;;;
Car381009-2026-Pass1-Z1-2MU00693_20260730_004500_000;0.3;2.4;27.0;Phogri;0.86;;;;;
Car381009-2026-Pass1-Z1-2MU00693_20260730_004500_000;3.1;3.9;39.0;Pipkuh;0.97;;;;;
Car381009-2026-Pass1-Z1-2MU00693_20260730_004506_000;0.0;4.5;39.0;Leppun;0.93;;;;;
Car381009-2026-Pass1-Z1-2MU00693_20260730_004506_000;0.2;4.6;26.0;noise;0.28;;;;;
Car381009-2026-Pass1-Z1-2MU00693_20260730_004506_000;0.2;5.0;39.0;Pipnat;0.52;Pipkuh;;;;
Car381009-2026-Pass1-Z1-2MU00693_20260730_004516_000;2.1;3.8;43.0;Leppun;0.35;;;;;
Car381009-2026-Pass1-Z1-2MU00693_20260730_004516_000;0.0;5.0;50.0;Pipkuh;0.99;;;;;
Car381009-2026-Pass1-Z1-2MU00693_20260730_004516_000;0.7;5.0;25.0;Phogri;0.3;;;;;
Car381009-2026-Pass1-Z1-2MU00693_20260730_004516_000;0.3;4.8;22.0;Tetvir;0.7;;;;;
Car381009-2026-Pass1-Z1-2MU00693_20260730_004532_000;0.1;2.6;35.0;Leppun;0.72;;;;;
Car381009-2026-Pass1-Z1-2MU00693_20260730_004532_000;0.0;3.3;42.0;Pipkuh;0.99;;;;;
Car381009-2026-Pass1-Z1-2MU00693_20260730_004535_000;0.2;4.3;34.0;Leppun;0.9;;;;;
Car381009-2026-Pass1-Z1-2MU00693_20260730_004535_000;0.0;4.2;41.0;Pipkuh;0.98;;;;;
Car381009-2026-Pass1-Z1-2MU00693_20260730_004535_000;0.3;4.3;23.0;Phogri;0.17;;;;;
Car381009-2026-Pass1-Z1-2MU00693_20260730_004544_000;0.0;5.0;36.0;Leppun;0.96;;;;;
Car381009-2026-Pass1-Z1-2MU00693_20260730_004544_000;0.1;4.5;26.0;noise;0.15;Tetvir;;;;
Car381009-2026-Pass1-Z1-2MU00693_20260730_004544_000;0.1;3.5;40.0;Pipkuh;0.98;;;;;
Car381009-2026-Pass1-Z1-2MU00693_20260730_004551_000;0.0;2.5;28.0;Leppun;0.92;;;;;
Car381009-2026-Pass1-Z1-2MU00693_20260730_004551_000;0.2;2.4;21.0;noise;0.36;;;;;
Car381009-2026-Pass1-Z1-2MU00693_20260730_004551_000;0.6;3.0;40.0;Pipkuh;0.99;;;;;
Car381009-2026-Pass1-Z1-2MU00693_20260730_004554_000;0.7;4.9;34.0;Leppun;0.95;;;;;
Car381009-2026-Pass1-Z1-2MU00693_20260730_004554_000;0.4;3.5;26.0;Phogri;0.52;;;;;
Car381009-2026-Pass1-Z1-2MU00693_20260730_004554_000;0.0;5.0;40.0;Pipkuh;0.99;;;;;
Car381009-2026-Pass1-Z1-2MU00693_20260730_004554_000;0.7;4.8;25.0;Tetvir;0.72;;;;;
Car381009-2026-Pass1-Z1-2MU00693_20260730_004608_000;0.0;4.7;38.0;Leppun;0.9;;;;;
Car381009-2026-Pass1-Z1-2MU00693_20260730_004608_000;0.1;4.3;30.0;Phogri;0.67;;;;;
Car381009-2026-Pass1-Z1-2MU00693_20260730_004608_000;0.1;4.2;33.0;Testes;0.35;;;;;
Car381009-2026-Pass1-Z1-2MU00693_20260730_004615_000;0.4;4.6;37.0;Leppun;0.87;;;;;
Car381009-2026-Pass1-Z1-2MU00693_20260730_004615_000;0.1;4.9;28.0;noise;0.15;;;;;
Car381009-2026-Pass1-Z1-2MU00693_20260730_004615_000;0.0;5.0;50.0;Pipkuh;0.99;;;;;
Car381009-2026-Pass1-Z1-2MU00693_20260730_004615_000;0.1;5.0;17.0;Tetvir;0.73;;;;;
Car381009-2026-Pass1-Z1-2MU00693_20260730_004643_000;0.0;3.3;40.0;Leppun;0.95;;;;;
Car381009-2026-Pass1-Z1-2MU00693_20260730_004643_000;0.0;3.2;26.0;Phogri;0.47;;;;;
Car381009-2026-Pass1-Z1-2MU00693_20260730_004643_000;1.4;3.3;40.0;Pipkuh;0.98;;;;;
Car381009-2026-Pass1-Z1-2MU00693_20260730_004648_000;1.1;4.0;37.0;Leppun;0.96;;;;;
Car381009-2026-Pass1-Z1-2MU00693_20260730_004648_000;0.0;4.9;26.0;Phogri;0.81;;;;;
Car381009-2026-Pass1-Z1-2MU00693_20260730_004648_000;0.0;5.0;43.0;Pipkuh;0.93;;;;;
Car381009-2026-Pass1-Z1-2MU00693_20260730_004648_000;2.2;3.6;11.0;Tetvir;0.49;;;;;
Car381009-2026-Pass1-Z1-2MU00693_20260730_004713_000;0.0;2.0;25.0;noise;0.51;;;;;
Car381009-2026-Pass1-Z1-2MU00693_20260730_004713_000;1.5;1.7;28.0;Phogri;0.4;;;;;
Car381009-2026-Pass1-Z1-2MU00693_20260730_004718_000;0.0;4.4;39.0;Pipnat;0.76;;;;;
Car381009-2026-Pass1-Z1-2MU00693_20260730_004718_000;0.2;4.5;26.0;noise;0.06;Plaint, Phogri;;;;
Car381009-2026-Pass1-Z1-2MU00693_20260730_004728_000;0.2;4.8;37.0;Leppun;0.95;;;;;
Car381009-2026-Pass1-Z1-2MU00693_20260730_004728_000;0.0;5.0;41.0;Pipkuh;0.96;;;;;
Car381009-2026-Pass1-Z1-2MU00693_20260730_004728_000;0.4;4.8;25.0;Tetvir;0.88;;;;;
Car381009-2026-Pass1-Z1-2MU00693_20260730_004739_000;0.0;4.9;42.0;Pipkuh;0.82;;;;;
Car381009-2026-Pass1-Z1-2MU00693_20260730_004739_000;0.2;4.3;24.0;noise;0.05;Phogri;;;;
Car381009-2026-Pass1-Z1-2MU00693_20260730_004800_000;0.1;5.0;35.0;Leppun;0.87;;;;;
Car381009-2026-Pass1-Z1-2MU00693_20260730_004800_000;0.0;4.0;40.0;Pipkuh;0.98;;;;;
Car381009-2026-Pass1-Z1-2MU00693_20260730_004800_000;0.0;5.0;52.0;Pippip;0.98;;;;;
Car381009-2026-Pass1-Z1-2MU00693_20260730_004800_000;0.4;4.8;24.0;noise;0.05;Phogri;;;;
Car381009-2026-Pass1-Z1-2MU00693_20260730_004809_000;0.7;3.6;39.0;Leppun;0.92;;;;;
Car381009-2026-Pass1-Z1-2MU00693_20260730_004809_000;0.0;5.0;23.0;noise;0.15;;;;;
Car381009-2026-Pass1-Z1-2MU00693_20260730_004809_000;0.0;4.6;42.0;Pipkuh;0.91;;;;;
Car381009-2026-Pass1-Z1-2MU00693_20260730_004809_000;0.0;5.0;47.0;Pippip;0.95;;;;;
Car381009-2026-Pass1-Z1-2MU00693_20260730_004836_000;0.4;5.0;38.0;Leppun;0.86;;;;;
Car381009-2026-Pass1-Z1-2MU00693_20260730_004836_000;0.0;5.0;23.0;Isopyr;0.07;;;;;
Car381009-2026-Pass1-Z1-2MU00693_20260730_004836_000;0.0;5.0;25.0;Phogri;0.19;;;;;
Car381009-2026-Pass1-Z1-2MU00693_20260730_004836_000;0.0;4.8;43.0;Pipkuh;0.99;;;;;
Car381009-2026-Pass1-Z1-2MU00693_20260730_004836_000;0.2;3.8;16.0;Tetvir;0.78;;;;;
Car381009-2026-Pass1-Z1-2MU00693_20260730_004853_000;0.1;4.7;38.0;Leppun;0.9;;;;;
Car381009-2026-Pass1-Z1-2MU00693_20260730_004853_000;4.3;4.4;12.0;noise;0.13;;;;;
Car381009-2026-Pass1-Z1-2MU00693_20260730_004853_000;0.0;5.0;41.0;Pipkuh;0.97;;;;;
Car381009-2026-Pass1-Z1-2MU00693_20260730_004853_000;0.4;4.9;24.0;Phogri;0.06;Plaint;;;;
Car381009-2026-Pass1-Z1-2MU00693_20260730_004940_000;0.2;4.8;35.0;Leppun;0.61;;;;;
Car381009-2026-Pass1-Z1-2MU00693_20260730_004940_000;0.9;1.6;36.0;noise;0.05;;;;;
Car381009-2026-Pass1-Z1-2MU00693_20260730_004940_000;0.0;5.0;40.0;Pipkuh;0.38;Pipnat;;;;
Car381009-2026-Pass1-Z1-2MU00693_20260730_004940_000;0.1;4.6;27.0;Tetvir;0.9;;;;;
Car381009-2026-Pass1-Z1-2MU00693_20260730_004957_000;0.2;5.0;30.0;Leppun;0.75;;;;;
Car381009-2026-Pass1-Z1-2MU00693_20260730_004957_000;0.0;4.8;24.0;Phogri;0.36;;;;;
Car381009-2026-Pass1-Z1-2MU00693_20260730_004957_000;1.5;3.2;41.0;Pipkuh;0.82;;;;;
Car381009-2026-Pass1-Z1-2MU00693_20260730_004957_000;0.0;5.0;41.0;Pipnat;0.35;;;;;
Car381009-2026-Pass1-Z1-2MU00693_20260730_005011_000;0.1;4.7;36.0;Leppun;0.92;;;;;
Car381009-2026-Pass1-Z1-2MU00693_20260730_005011_000;0.1;1.3;45.0;Myocap;0.04;Pippip, Tetvir, Myomys, Myodau;;;;
Car381009-2026-Pass1-Z1-2MU00693_20260730_005011_000;0.1;5.0;23.0;noise;0.11;Phogri, Tetvir;;;;
Car381009-2026-Pass1-Z1-2MU00693_20260730_005011_000;0.0;5.0;41.0;Pipkuh;0.48;Pipnat;;;;
Car381009-2026-Pass1-Z1-2MU00693_20260730_005017_000;0.3;5.0;39.0;Leppun;0.97;;;;;
Car381009-2026-Pass1-Z1-2MU00693_20260730_005017_000;0.0;5.0;40.0;Pipnat;0.51;Pipkuh;;;;
Car381009-2026-Pass1-Z1-2MU00693_20260730_005017_000;0.7;4.7;22.0;Tetvir;0.22;;;;;
Car381009-2026-Pass1-Z1-2MU00693_20260730_005034_000;0.0;4.4;39.0;Leppun;0.8;;;;;
Car381009-2026-Pass1-Z1-2MU00693_20260730_005034_000;0.4;5.0;26.0;noise;0.08;Rhasp, Phogri;;;;
Car381009-2026-Pass1-Z1-2MU00693_20260730_005034_000;0.2;4.8;45.0;Pipkuh;0.89;;;;;
Car381009-2026-Pass1-Z1-2MU00693_20260730_005034_000;0.2;5.0;45.0;Pippip;0.96;;;;;
Car381009-2026-Pass1-Z1-2MU00693_20260730_005114_000;0.1;4.7;26.0;noise;0.22;;;;;
Car381009-2026-Pass1-Z1-2MU00693_20260730_005114_000;0.0;5.0;42.0;Pipkuh;0.87;;;;;
Car381009-2026-Pass1-Z1-2MU00693_20260730_005206_000;0.0;5.0;32.0;Leppun;0.55;;;;;
Car381009-2026-Pass1-Z1-2MU00693_20260730_005206_000;0.9;5.0;26.0;Phogri;0.3;;;;;
Car381009-2026-Pass1-Z1-2MU00693_20260730_005206_000;0.1;5.0;40.0;Pipkuh;0.99;;;;;
Car381009-2026-Pass1-Z1-2MU00693_20260730_005206_000;0.1;5.0;46.0;Pippip;0.98;;;;;
Car381009-2026-Pass1-Z1-2MU00693_20260730_005206_000;3.0;4.5;11.0;Tetvir;0.76;;;;;
Car381009-2026-Pass1-Z1-2MU00693_20260730_005233_000;2.2;2.5;32.0;Hypsav;0.86;;;;;
Car381009-2026-Pass1-Z1-2MU00693_20260730_005233_000;0.0;5.0;39.0;Leppun;0.75;;;;;
Car381009-2026-Pass1-Z1-2MU00693_20260730_005233_000;0.5;3.7;30.0;noise;0.11;Phogri, Isopyr;;;;
Car381009-2026-Pass1-Z1-2MU00693_20260730_005233_000;0.1;4.5;39.0;Pipkuh;0.7;;;;;
Car381009-2026-Pass1-Z1-2MU00693_20260730_005243_000;0.2;5.0;24.0;Isopyr;0.95;;;;;
Car381009-2026-Pass1-Z1-2MU00693_20260730_005243_000;0.0;4.3;38.0;Leppun;0.88;;;;;
Car381009-2026-Pass1-Z1-2MU00693_20260730_005243_000;1.8;4.3;27.0;noise;0.15;;;;;
Car381009-2026-Pass1-Z1-2MU00693_20260730_005243_000;0.1;5.0;40.0;Pipnat;0.64;Pipkuh;;;;
Car381009-2026-Pass1-Z1-2MU00693_20260730_005301_000;0.4;4.9;32.0;Hypsav;0.97;;;;;
Car381009-2026-Pass1-Z1-2MU00693_20260730_005301_000;3.4;4.2;34.0;Leppun;0.52;;;;;
Car381009-2026-Pass1-Z1-2MU00693_20260730_005301_000;0.0;4.8;42.0;Pipkuh;0.95;;;;;
Car381009-2026-Pass1-Z1-2MU00693_20260730_005301_000;0.0;5.0;46.0;Pippip;0.96;;;;;
Car381009-2026-Pass1-Z1-2MU00693_20260730_005301_000;0.0;4.9;22.0;Tetvir;0.36;;;;;
Car381009-2026-Pass1-Z1-2MU00693_20260730_005321_000;3.2;4.7;31.0;Hypsav;0.94;;;;;
Car381009-2026-Pass1-Z1-2MU00693_20260730_005321_000;2.4;3.7;29.0;Leppun;0.79;;;;;
Car381009-2026-Pass1-Z1-2MU00693_20260730_005321_000;0.2;4.4;26.0;noise;0.27;;;;;
Car381009-2026-Pass1-Z1-2MU00693_20260730_005321_000;0.0;5.0;41.0;Pipkuh;0.98;;;;;
Car381009-2026-Pass1-Z1-2MU00693_20260730_005321_000;3.0;4.3;26.0;Testes;0.07;;;;;
Car381009-2026-Pass1-Z1-2MU00693_20260730_005331_000;1.0;2.0;40.0;Pipkuh;0.97;;;;;
Car381009-2026-Pass1-Z1-2MU00693_20260730_005331_000;0.0;1.5;30.0;Testes;0.46;;;;;
Car381009-2026-Pass1-Z1-2MU00693_20260730_005334_000;0.0;2.8;27.0;Phogri;0.65;;;;;
Car381009-2026-Pass1-Z1-2MU00693_20260730_005334_000;0.0;2.4;39.0;Pipkuh;0.98;;;;;
Car381009-2026-Pass1-Z1-2MU00693_20260730_005338_000;0.3;3.2;36.0;Leppun;0.66;;;;;
Car381009-2026-Pass1-Z1-2MU00693_20260730_005338_000;1.0;3.2;24.0;noise;0.16;;;;;
Car381009-2026-Pass1-Z1-2MU00693_20260730_005338_000;0.0;2.8;40.0;Pipkuh;0.95;;;;;
Car381009-2026-Pass1-Z1-2MU00693_20260730_005338_000;0.6;3.1;27.0;Testes;0.3;;;;;
Car381009-2026-Pass1-Z1-2MU00693_20260730_005344_000;0.0;3.8;38.0;Leppun;0.97;;;;;
Car381009-2026-Pass1-Z1-2MU00693_20260730_005344_000;1.3;1.4;11.0;noise;0.21;;;;;
Car381009-2026-Pass1-Z1-2MU00693_20260730_005344_000;0.1;5.0;39.0;Pipkuh;0.98;;;;;
Car381009-2026-Pass1-Z1-2MU00693_20260730_005344_000;0.1;4.7;23.0;Phogri;0.08;Plaint;;;;
Car381009-2026-Pass1-Z1-2MU00693_20260730_005415_000;0.0;1.5;34.0;Leppun;0.84;;;;;
Car381009-2026-Pass1-Z1-2MU00693_20260730_005415_000;1.2;2.0;17.0;noise;0.17;;;;;
Car381009-2026-Pass1-Z1-2MU00693_20260730_005415_000;0.5;1.9;41.0;Pipkuh;0.98;;;;;
Car381009-2026-Pass1-Z1-2MU00693_20260730_005418_000;0.0;3.9;34.0;Leppun;0.95;;;;;
Car381009-2026-Pass1-Z1-2MU00693_20260730_005418_000;0.1;4.8;41.0;Pipkuh;0.99;;;;;
Car381009-2026-Pass1-Z1-2MU00693_20260730_005418_000;0.4;3.7;21.0;Tetvir;0.48;;;;;
Car381009-2026-Pass1-Z1-2MU00693_20260730_005424_000;0.0;0.1;34.0;Leppun;0.26;;;;;
Car381009-2026-Pass1-Z1-2MU00693_20260730_005424_000;0.4;5.0;29.0;noise;0.32;;;;;
Car381009-2026-Pass1-Z1-2MU00693_20260730_005424_000;0.3;5.0;44.0;Pipkuh;0.98;;;;;
Car381009-2026-Pass1-Z1-2MU00693_20260730_005424_000;0.4;4.1;33.0;Testes;0.56;;;;;
Car381009-2026-Pass1-Z1-2MU00693_20260730_005436_000;0.0;4.7;29.0;Leppun;0.94;;;;;
Car381009-2026-Pass1-Z1-2MU00693_20260730_005436_000;0.6;5.0;41.0;Pipkuh;0.98;;;;;
Car381009-2026-Pass1-Z1-2MU00693_20260730_005436_000;1.0;4.8;30.0;Testes;0.86;;;;;
Car381009-2026-Pass1-Z1-2MU00693_20260730_005436_000;0.0;4.9;23.0;Pippip;0.12;;;;;
Car381009-2026-Pass1-Z1-2MU00693_20260730_005448_000;0.0;2.0;33.0;Leppun;0.61;;;;;
Car381009-2026-Pass1-Z1-2MU00693_20260730_005448_000;0.4;0.6;41.0;Pipkuh;0.71;;;;;
Car381009-2026-Pass1-Z1-2MU00693_20260730_005448_000;0.0;0.9;41.0;Pippip;0.61;;;;;
Car381009-2026-Pass1-Z1-2MU00693_20260730_005448_000;0.4;1.3;25.0;Rhasp;0.75;;;;;
Car381009-2026-Pass1-Z1-2MU00693_20260730_005453_000;0.0;1.6;34.0;Leppun;0.97;;;;;
Car381009-2026-Pass1-Z1-2MU00693_20260730_005453_000;0.5;2.0;23.0;Phogri;0.6;;;;;
Car381009-2026-Pass1-Z1-2MU00693_20260730_005453_000;0.0;0.1;42.0;Pipkuh;0.93;;;;;
Car381009-2026-Pass1-Z1-2MU00693_20260730_005453_000;0.5;1.8;46.0;Pippip;0.99;;;;;
Car381009-2026-Pass1-Z1-2MU00693_20260730_005458_000;1.2;2.4;33.0;Leppun;0.98;;;;;
Car381009-2026-Pass1-Z1-2MU00693_20260730_005458_000;0.0;2.1;42.0;Pipkuh;0.99;;;;;
Car381009-2026-Pass1-Z1-2MU00693_20260730_005458_000;0.1;2.3;45.0;Pippip;0.98;;;;;
Car381009-2026-Pass1-Z1-2MU00693_20260730_005458_000;0.0;2.4;24.0;noise;0.06;Phogri, Plaint;;;;
Car381009-2026-Pass1-Z1-2MU00693_20260730_005503_000;0.0;0.8;37.0;Leppun;0.36;;;;;
Car381009-2026-Pass1-Z1-2MU00693_20260730_005503_000;0.4;1.9;23.0;Phogri;0.74;;;;;
Car381009-2026-Pass1-Z1-2MU00693_20260730_005503_000;0.2;0.7;38.0;Pipkuh;0.98;;;;;
Car381009-2026-Pass1-Z1-2MU00693_20260730_005507_000;1.1;1.2;32.0;Hypsav;0.21;;;;;
Car381009-2026-Pass1-Z1-2MU00693_20260730_005507_000;0.0;1.9;35.0;Leppun;0.44;;;;;
Car381009-2026-Pass1-Z1-2MU00693_20260730_005507_000;1.5;2.0;39.0;Pipkuh;0.96;;;;;
Car381009-2026-Pass1-Z1-2MU00693_20260730_005507_000;0.3;0.8;23.0;Tetvir;0.73;;;;;
Car381009-2026-Pass1-Z1-2MU00693_20260730_005513_000;1.7;4.1;35.0;Leppun;0.26;;;;;
Car381009-2026-Pass1-Z1-2MU00693_20260730_005513_000;1.4;4.9;24.0;noise;0.08;Phogri;;;;
Car381009-2026-Pass1-Z1-2MU00693_20260730_005513_000;0.0;5.0;40.0;Pipkuh;0.55;;;;;
Car381009-2026-Pass1-Z1-2MU00693_20260730_005513_000;1.3;4.9;23.0;Tetvir;0.77;;;;;
Car381009-2026-Pass1-Z1-2MU00693_20260730_005525_000;0.3;1.0;23.0;noise;0.11;Phogri;;;;
Car381009-2026-Pass1-Z1-2MU00693_20260730_005525_000;0.0;0.9;21.0;Tetvir;0.57;;;;;
Car381009-2026-Pass1-Z1-2MU00693_20260730_005536_000;1.8;4.5;33.0;Leppun;0.97;;;;;
Car381009-2026-Pass1-Z1-2MU00693_20260730_005536_000;0.1;5.0;24.0;Phogri;0.83;;;;;
Car381009-2026-Pass1-Z1-2MU00693_20260730_005536_000;0.0;5.0;41.0;Pipkuh;0.96;;;;;
Car381009-2026-Pass1-Z1-2MU00693_20260730_005536_000;4.4;4.5;45.0;Pippip;0.83;;;;;
Car381009-2026-Pass1-Z1-2MU00693_20260730_005552_000;0.0;4.9;28.0;noise;0.15;;;;;
Car381009-2026-Pass1-Z1-2MU00693_20260730_005552_000;0.0;5.0;41.0;Pipkuh;0.97;;;;;
Car381009-2026-Pass1-Z1-2MU00693_20260730_005653_000;0.0;2.0;40.0;Leppun;0.97;;;;;
Car381009-2026-Pass1-Z1-2MU00693_20260730_005653_000;0.2;2.8;24.0;Phogri;0.71;;;;;
Car381009-2026-Pass1-Z1-2MU00693_20260730_005653_000;0.1;0.3;39.0;Pipkuh;0.92;;;;;
Car381009-2026-Pass1-Z1-2MU00693_20260730_005653_000;2.4;2.7;49.0;Pippip;0.94;;;;;
Car381009-2026-Pass1-Z1-2MU00693_20260730_005657_000;0.0;4.9;40.0;Leppun;0.97;;;;;
Car381009-2026-Pass1-Z1-2MU00693_20260730_005657_000;2.8;4.6;10.0;noise;0.15;;;;;
Car381009-2026-Pass1-Z1-2MU00693_20260730_005657_000;0.2;4.9;39.0;Pipkuh;0.97;;;;;
Car381009-2026-Pass1-Z1-2MU00693_20260730_005657_000;0.3;4.2;47.0;Pippip;0.99;;;;;
Car381009-2026-Pass1-Z1-2MU00693_20260730_005657_000;0.1;4.7;24.0;Phogri;0.12;;;;;
Car381009-2026-Pass1-Z1-2MU00693_20260730_005738_000;0.0;4.8;34.0;Leppun;0.56;;;;;
Car381009-2026-Pass1-Z1-2MU00693_20260730_005738_000;0.1;3.9;42.0;Pipkuh;0.99;;;;;
Car381009-2026-Pass1-Z1-2MU00693_20260730_005738_000;0.2;4.3;24.0;Plaint;0.15;;;;;
Car381009-2026-Pass1-Z1-2MU00693_20260730_005744_000;2.5;3.6;34.0;Hypsav;0.85;;;;;
Car381009-2026-Pass1-Z1-2MU00693_20260730_005744_000;0.5;4.8;39.0;Leppun;0.54;;;;;
Car381009-2026-Pass1-Z1-2MU00693_20260730_005744_000;0.0;5.0;39.0;Pipkuh;0.39;Pipnat;;;;
Car381009-2026-Pass1-Z1-2MU00693_20260730_005744_000;0.8;5.0;51.0;Pippip;0.96;;;;;
Car381009-2026-Pass1-Z1-2MU00693_20260730_005744_000;0.2;4.6;24.0;Phogri;0.07;Plaint, noise;;;;
Car381009-2026-Pass1-Z1-2MU00693_20260730_005744_000;0.0;3.6;10.0;Tetvir;0.45;;;;;
Car381009-2026-Pass1-Z1-2MU00693_20260730_005844_000;0.1;1.9;26.0;noise;0.11;;;;;
Car381009-2026-Pass1-Z1-2MU00693_20260730_005844_000;0.0;1.9;37.0;Pipnat;0.25;;;;;
Car381009-2026-Pass1-Z1-2MU00693_20260730_005848_000;0.0;0.1;34.0;Leppun;0.84;;;;;
Car381009-2026-Pass1-Z1-2MU00693_20260730_005848_000;0.9;5.0;25.0;noise;0.11;Phogri;;;;
Car381009-2026-Pass1-Z1-2MU00693_20260730_005848_000;0.0;4.3;39.0;Pipkuh;0.99;;;;;
Car381009-2026-Pass1-Z1-2MU00693_20260730_005848_000;0.1;5.0;45.0;Pippip;0.98;;;;;
Car381009-2026-Pass1-Z1-2MU00693_20260730_005858_000;0.6;3.3;36.0;Leppun;0.98;;;;;
Car381009-2026-Pass1-Z1-2MU00693_20260730_005858_000;0.0;5.0;40.0;Pipkuh;0.97;;;;;
Car381009-2026-Pass1-Z1-2MU00693_20260730_005858_000;0.1;5.0;22.0;noise;0.06;Phogri, Plaint;;;;
Car381009-2026-Pass1-Z1-2MU00693_20260730_005858_000;2.9;3.8;19.0;Tetvir;0.46;;;;;
Car381009-2026-Pass1-Z1-2MU00693_20260730_005909_000;0.0;4.7;31.0;Leppun;0.96;;;;;
Car381009-2026-Pass1-Z1-2MU00693_20260730_005909_000;2.2;3.5;26.0;noise;0.14;;;;;
Car381009-2026-Pass1-Z1-2MU00693_20260730_005909_000;0.7;0.8;38.0;Pipkuh;0.63;;;;;
Car381009-2026-Pass1-Z1-2MU00693_20260730_005909_000;0.1;5.0;45.0;Pippip;0.97;;;;;
Car381009-2026-Pass1-Z1-2MU00693_20260730_005909_000;0.0;4.9;24.0;Phogri;0.06;Plaint;;;;
Car381009-2026-Pass1-Z1-2MU00693_20260730_005915_000;0.4;5.0;27.0;Leppun;0.49;;;;;
Car381009-2026-Pass1-Z1-2MU00693_20260730_005915_000;0.8;5.0;23.0;noise;0.13;;;;;
Car381009-2026-Pass1-Z1-2MU00693_20260730_005915_000;0.0;4.9;40.0;Pipkuh;0.97;;;;;
Car381009-2026-Pass1-Z1-2MU00693_20260730_005933_000;2.6;2.7;36.0;Leppun;0.29;;;;;
Car381009-2026-Pass1-Z1-2MU00693_20260730_005933_000;1.8;2.5;28.0;noise;0.06;Tetvir, Plaint, Phogri;;;;
Car381009-2026-Pass1-Z1-2MU00693_20260730_005933_000;0.2;2.8;20.0;Phanan;0.05;;;;;
Car381009-2026-Pass1-Z1-2MU00693_20260730_005933_000;0.4;2.9;41.0;Pipkuh;0.99;;;;;
Car381009-2026-Pass1-Z1-2MU00693_20260730_005933_000;0.0;2.3;46.0;Pippip;0.99;;;;;
Car381009-2026-Pass1-Z1-2MU00693_20260730_005937_000;0.4;4.0;39.0;Leppun;0.97;;;;;
Car381009-2026-Pass1-Z1-2MU00693_20260730_005937_000;0.0;4.9;39.0;Pipkuh;0.94;;;;;
Car381009-2026-Pass1-Z1-2MU00693_20260730_005937_000;0.1;4.6;22.0;Phogri;0.12;;;;;
Car381009-2026-Pass1-Z1-2MU00693_20260730_005937_000;0.2;0.5;18.0;Tetvir;0.52;;;;;
Car381009-2026-Pass1-Z1-2MU00693_20260730_005947_000;0.0;1.8;34.0;Leppun;0.98;;;;;
Car381009-2026-Pass1-Z1-2MU00693_20260730_005947_000;0.5;1.9;24.0;Tetvir;0.07;Phogri, noise;;;;
Car381009-2026-Pass1-Z1-2MU00693_20260730_005947_000;0.1;2.0;38.0;Pipnat;0.33;Pipkuh;;;;
Car381009-2026-Pass1-Z1-2MU00693_20260730_005949_000;0.0;4.3;36.0;Leppun;0.84;;;;;
Car381009-2026-Pass1-Z1-2MU00693_20260730_005949_000;0.0;5.0;39.0;Pipkuh;0.91;;;;;
Car381009-2026-Pass1-Z1-2MU00693_20260730_005949_000;0.5;5.0;24.0;Isopyr;0.28;;;;;
Car381009-2026-Pass1-Z1-2MU00693_20260730_005949_000;0.6;4.8;21.0;Tetvir;0.62;;;;;
Car381009-2026-Pass1-Z1-2MU00693_20260730_010050_000;1.8;1.9;33.0;Leppun;0.94;;;;;
Car381009-2026-Pass1-Z1-2MU00693_20260730_010050_000;0.5;4.7;20.0;noise;0.25;;;;;
Car381009-2026-Pass1-Z1-2MU00693_20260730_010050_000;0.0;5.0;39.0;Pipkuh;0.95;;;;;
Car381009-2026-Pass1-Z1-2MU00693_20260730_010113_000;0.5;4.7;32.0;Leppun;0.69;;;;;
Car381009-2026-Pass1-Z1-2MU00693_20260730_010113_000;0.1;4.2;16.0;noise;0.23;;;;;
Car381009-2026-Pass1-Z1-2MU00693_20260730_010113_000;0.0;5.0;43.0;Pipkuh;0.98;;;;;
Car381009-2026-Pass1-Z1-2MU00693_20260730_010113_000;0.1;5.0;22.0;Plaint;0.09;;;;;
Car381009-2026-Pass1-Z1-2MU00693_20260730_010121_000;0.4;1.8;21.0;noise;0.21;;;;;
Car381009-2026-Pass1-Z1-2MU00693_20260730_010121_000;0.0;1.9;38.0;Pipkuh;0.95;;;;;
Car381009-2026-Pass1-Z1-2MU00693_20260730_010125_000;0.0;1.9;29.0;Leppun;0.98;;;;;
Car381009-2026-Pass1-Z1-2MU00693_20260730_010125_000;1.6;2.0;45.0;Pippip;0.95;;;;;
Car381009-2026-Pass1-Z1-2MU00693_20260730_010125_000;1.6;1.8;18.0;Tetvir;0.42;;;;;
Car381009-2026-Pass1-Z1-2MU00693_20260730_010135_000;0.3;2.0;33.0;Hypsav;0.34;;;;;
Car381009-2026-Pass1-Z1-2MU00693_20260730_010135_000;0.0;1.2;36.0;Leppun;0.96;;;;;
Car381009-2026-Pass1-Z1-2MU00693_20260730_010137_000;0.0;5.0;32.0;Hypsav;0.88;;;;;
Car381009-2026-Pass1-Z1-2MU00693_20260730_010137_000;0.6;4.2;35.0;Leppun;0.97;;;;;
Car381009-2026-Pass1-Z1-2MU00693_20260730_010137_000;1.1;4.2;40.0;Pipkuh;0.97;;;;;
Car381009-2026-Pass1-Z1-2MU00693_20260730_010137_000;0.1;4.6;24.0;Phogri;0.14;;;;;
Car381009-2026-Pass1-Z1-2MU00693_20260730_010137_000;0.6;5.0;23.0;Tetvir;0.68;;;;;
Car381009-2026-Pass1-Z1-2MU00693_20260730_010145_000;0.1;3.8;33.0;Leppun;0.98;;;;;
Car381009-2026-Pass1-Z1-2MU00693_20260730_010145_000;0.0;4.9;44.0;Pipkuh;0.99;;;;;
Car381009-2026-Pass1-Z1-2MU00693_20260730_010145_000;0.1;4.4;24.0;Phogri;0.07;noise;;;;
Car381009-2026-Pass1-Z1-2MU00693_20260730_010145_000;0.1;4.7;23.0;Tetvir;0.65;;;;;
Car381009-2026-Pass1-Z1-2MU00693_20260730_010204_000;0.0;1.7;38.0;Leppun;0.97;;;;;
Car381009-2026-Pass1-Z1-2MU00693_20260730_010204_000;0.7;1.9;15.0;noise;0.2;;;;;
Car381009-2026-Pass1-Z1-2MU00693_20260730_010204_000;0.2;1.4;39.0;Pipkuh;0.95;;;;;
Car381009-2026-Pass1-Z1-2MU00693_20260730_010207_000;0.0;4.9;39.0;Leppun;0.98;;;;;
Car381009-2026-Pass1-Z1-2MU00693_20260730_010207_000;0.5;4.7;25.0;Phogri;0.47;;;;;
Car381009-2026-Pass1-Z1-2MU00693_20260730_010207_000;0.5;4.4;13.0;Tetvir;0.87;;;;;
Car381009-2026-Pass1-Z1-2MU00693_20260730_010213_000;0.0;1.5;36.0;Leppun;0.98;;;;;
Car381009-2026-Pass1-Z1-2MU00693_20260730_010213_000;0.8;3.2;39.0;Pipkuh;0.75;;;;;
Car381009-2026-Pass1-Z1-2MU00693_20260730_010213_000;0.2;3.4;19.0;Tetvir;0.26;;;;;
Car381009-2026-Pass1-Z1-2MU00693_20260730_010217_000;0.0;3.4;38.0;Leppun;0.97;;;;;
Car381009-2026-Pass1-Z1-2MU00693_20260730_010217_000;0.0;4.8;22.0;noise;0.31;;;;;
Car381009-2026-Pass1-Z1-2MU00693_20260730_010217_000;0.1;5.0;42.0;Pipkuh;0.99;;;;;
Car381009-2026-Pass1-Z1-2MU00693_20260730_010235_000;0.0;4.9;38.0;Leppun;0.97;;;;;
Car381009-2026-Pass1-Z1-2MU00693_20260730_010235_000;0.2;5.0;39.0;Pipkuh;0.93;;;;;
Car381009-2026-Pass1-Z1-2MU00693_20260730_010235_000;0.0;4.5;13.0;Tetvir;0.91;;;;;
Car381009-2026-Pass1-Z1-2MU00693_20260730_010302_000;0.0;1.9;36.0;Leppun;0.91;;;;;
Car381009-2026-Pass1-Z1-2MU00693_20260730_010302_000;0.1;1.9;25.0;Phogri;0.08;noise;;;;
Car381009-2026-Pass1-Z1-2MU00693_20260730_010308_000;0.0;1.3;37.0;Leppun;0.97;;;;;
Car381009-2026-Pass1-Z1-2MU00693_20260730_010308_000;0.4;2.0;20.0;Tetvir;0.82;;;;;
Car381009-2026-Pass1-Z1-2MU00693_20260730_010312_000;0.0;0.1;27.0;Leppun;0.26;;;;;
Car381009-2026-Pass1-Z1-2MU00693_20260730_010312_000;0.4;1.9;23.0;Phogri;0.06;noise, Plaint;;;;
Car381009-2026-Pass1-Z1-2MU00693_20260730_010312_000;0.0;1.6;12.0;Tetvir;0.83;;;;;
Car381009-2026-Pass1-Z1-2MU00693_20260730_010321_000;0.0;1.8;33.0;Leppun;0.73;;;;;
Car381009-2026-Pass1-Z1-2MU00693_20260730_010321_000;0.0;1.9;22.0;noise;0.17;;;;;
Car381009-2026-Pass1-Z1-2MU00693_20260730_010321_000;0.2;1.9;26.0;Phogri;0.62;;;;;
Car381009-2026-Pass1-Z1-2MU00693_20260730_010324_000;0.0;2.3;36.0;Leppun;0.97;;;;;
Car381009-2026-Pass1-Z1-2MU00693_20260730_010324_000;0.0;2.8;25.0;Phogri;0.34;;;;;
Car381009-2026-Pass1-Z1-2MU00693_20260730_010324_000;1.0;2.8;13.0;Tetvir;0.92;;;;;
Car381009-2026-Pass1-Z1-2MU00693_20260730_010328_000;0.0;2.1;37.0;Leppun;0.92;;;;;
Car381009-2026-Pass1-Z1-2MU00693_20260730_010328_000;0.0;1.5;24.0;Phogri;0.83;;;;;
Car381009-2026-Pass1-Z1-2MU00693_20260730_010328_000;0.7;1.7;38.0;Pipnat;0.24;Pipkuh;;;;
Car381009-2026-Pass1-Z1-2MU00693_20260730_010328_000;0.0;1.9;13.0;Tetvir;0.91;;;;;
Car381009-2026-Pass1-Z1-2MU00693_20260730_010337_000;0.0;4.9;40.0;Pipkuh;0.97;;;;;
Car381009-2026-Pass1-Z1-2MU00693_20260730_010337_000;0.3;4.5;25.0;Phogri;0.06;noise, Plaint;;;;
Car381009-2026-Pass1-Z1-2MU00693_20260730_010337_000;0.0;4.1;23.0;Tetvir;0.72;;;;;
Car381009-2026-Pass1-Z1-2MU00693_20260730_010403_000;0.0;3.3;27.0;Leppun;0.94;;;;;
Car381009-2026-Pass1-Z1-2MU00693_20260730_010403_000;0.0;3.0;24.0;Phogri;0.41;;;;;
Car381009-2026-Pass1-Z1-2MU00693_20260730_010403_000;0.6;3.3;11.0;noise;0.11;;;;;
Car381009-2026-Pass1-Z1-2MU00693_20260730_010415_000;0.0;2.0;36.0;Leppun;0.97;;;;;
Car381009-2026-Pass1-Z1-2MU00693_20260730_010415_000;0.3;2.0;22.0;Phogri;0.45;;;;;
Car381009-2026-Pass1-Z1-2MU00693_20260730_010420_000;0.5;1.4;24.0;noise;0.06;Phogri;;;;
Car381009-2026-Pass1-Z1-2MU00693_20260730_010420_000;0.0;1.9;19.0;Tetvir;0.88;;;;;
Car381009-2026-Pass1-Z1-2MU00693_20260730_010428_000;0.0;1.6;34.0;Leppun;0.24;;;;;
Car381009-2026-Pass1-Z1-2MU00693_20260730_010428_000;0.1;2.0;50.0;Pippip;0.98;;;;;
Car381009-2026-Pass1-Z1-2MU00693_20260730_010428_000;0.1;1.7;31.0;Testes;0.07;noise, Antsp;;;;
Car381009-2026-Pass1-Z1-2MU00693_20260730_010428_000;0.5;2.1;12.0;Tetvir;0.66;;;;;
Car381009-2026-Pass1-Z1-2MU00693_20260730_010430_000;1.6;5.0;38.0;Leppun;0.26;;;;;
Car381009-2026-Pass1-Z1-2MU00693_20260730_010430_000;0.0;4.9;48.0;Pippip;0.99;;;;;
Car381009-2026-Pass1-Z1-2MU00693_20260730_010430_000;1.7;3.3;33.0;Testes;0.8;;;;;
Car381009-2026-Pass1-Z1-2MU00693_20260730_010430_000;0.0;4.8;10.0;Tetvir;0.93;;;;;
Car381009-2026-Pass1-Z1-2MU00693_20260730_010449_000;0.0;0.3;30.0;Leppun;0.18;;;;;
Car381009-2026-Pass1-Z1-2MU00693_20260730_010449_000;0.0;1.8;12.0;Tetvir;0.64;;;;;
Car381009-2026-Pass1-Z1-2MU00693_20260730_010453_000;0.0;2.2;34.0;Leppun;0.62;;;;;
Car381009-2026-Pass1-Z1-2MU00693_20260730_010453_000;0.0;2.2;21.0;noise;0.16;Tetvir;;;;
Car381009-2026-Pass1-Z1-2MU00693_20260730_010459_000;0.0;0.1;36.0;Leppun;0.95;;;;;
Car381009-2026-Pass1-Z1-2MU00693_20260730_010459_000;0.0;1.9;23.0;noise;0.21;;;;;
Car381009-2026-Pass1-Z1-2MU00693_20260730_010459_000;0.8;2.0;35.0;Testes;0.75;;;;;
Car381009-2026-Pass1-Z1-2MU00693_20260730_010505_000;0.0;3.1;34.0;Leppun;0.39;;;;;
Car381009-2026-Pass1-Z1-2MU00693_20260730_010505_000;0.6;3.3;26.0;noise;0.06;Phogri;;;;
Car381009-2026-Pass1-Z1-2MU00693_20260730_010505_000;1.1;2.8;35.0;Testes;0.73;;;;;
Car381009-2026-Pass1-Z1-2MU00693_20260730_010505_000;0.2;3.5;15.0;Tetvir;0.61;;;;;
Car381009-2026-Pass1-Z1-2MU00693_20260730_010512_000;0.0;3.2;37.0;Leppun;0.87;;;;;
Car381009-2026-Pass1-Z1-2MU00693_20260730_010512_000;0.4;2.4;35.0;Testes;0.15;;;;;
Car381009-2026-Pass1-Z1-2MU00693_20260730_010512_000;0.6;3.7;10.0;Tetvir;0.77;;;;;
Car381009-2026-Pass1-Z1-2MU00693_20260730_010519_000;0.0;0.6;25.0;noise;0.12;;;;;
Car381009-2026-Pass1-Z1-2MU00693_20260730_010519_000;0.0;1.0;37.0;Testes;0.55;;;;;
Car381009-2026-Pass1-Z1-2MU00693_20260730_010519_000;0.0;2.1;10.0;Tetvir;0.59;;;;;
Car381009-2026-Pass1-Z1-2MU00693_20260730_010526_000;0.0;0.1;36.0;Leppun;0.97;;;;;
Car381009-2026-Pass1-Z1-2MU00693_20260730_010526_000;0.1;1.9;26.0;Phogri;0.79;;;;;
Car381009-2026-Pass1-Z1-2MU00693_20260730_010526_000;0.1;1.8;10.0;Tetvir;0.94;;;;;
Car381009-2026-Pass1-Z1-2MU00693_20260730_010531_000;0.1;2.3;39.0;Leppun;0.18;;;;;
Car381009-2026-Pass1-Z1-2MU00693_20260730_010531_000;0.0;1.4;36.0;Testes;0.08;Inssp7, Yposp, noise;;;;
Car381009-2026-Pass1-Z1-2MU00693_20260730_010531_000;0.1;2.5;10.0;Tetvir;0.63;;;;;
Car381009-2026-Pass1-Z1-2MU00693_20260730_010534_000;0.0;2.0;32.0;Hypsav;0.97;;;;;
Car381009-2026-Pass1-Z1-2MU00693_20260730_010534_000;0.1;1.8;26.0;Phogri;0.32;;;;;
Car381009-2026-Pass1-Z1-2MU00693_20260730_010534_000;0.2;2.0;10.0;Tetvir;0.92;;;;;
Car381009-2026-Pass1-Z1-2MU00693_20260730_010537_000;0.0;1.3;33.0;Hypsav;0.97;;;;;
Car381009-2026-Pass1-Z1-2MU00693_20260730_010537_000;0.0;2.3;11.0;Tetvir;0.87;;;;;
Car381009-2026-Pass1-Z1-2MU00693_20260730_010543_000;0.0;1.8;38.0;Leppun;0.99;;;;;
Car381009-2026-Pass1-Z1-2MU00693_20260730_010543_000;0.1;1.8;24.0;Phogri;0.26;;;;;
Car381009-2026-Pass1-Z1-2MU00693_20260730_010543_000;0.0;1.8;11.0;Tetvir;0.68;;;;;
Car381009-2026-Pass1-Z1-2MU00693_20260730_010548_000;0.0;5.0;25.0;Nyclei;0.99;;;;;
Car381009-2026-Pass1-Z1-2MU00693_20260730_010548_000;1.8;4.0;26.0;Phogri;0.17;;;;;
Car381009-2026-Pass1-Z1-2MU00693_20260730_010548_000;0.1;5.0;10.0;Tetvir;0.92;;;;;
Car381009-2026-Pass1-Z1-2MU00693_20260730_010601_000;0.0;1.5;38.0;Testes;0.45;;;;;
Car381009-2026-Pass1-Z1-2MU00693_20260730_010601_000;0.0;2.2;13.0;Tetvir;0.92;;;;;
Car381009-2026-Pass1-Z1-2MU00693_20260730_010604_000;0.0;0.2;36.0;Leppun;0.94;;;;;
Car381009-2026-Pass1-Z1-2MU00693_20260730_010604_000;0.0;2.0;10.0;Tetvir;0.92;;;;;
Car381009-2026-Pass1-Z1-2MU00693_20260730_010607_000;1.0;3.1;32.0;Leppun;0.89;;;;;
Car381009-2026-Pass1-Z1-2MU00693_20260730_010607_000;0.0;2.8;47.0;Pippip;0.94;;;;;
Car381009-2026-Pass1-Z1-2MU00693_20260730_010607_000;0.0;3.1;11.0;Tetvir;0.78;;;;;
Car381009-2026-Pass1-Z1-2MU00693_20260730_010611_000;0.0;3.7;38.0;Leppun;0.89;;;;;
Car381009-2026-Pass1-Z1-2MU00693_20260730_010611_000;0.0;3.9;46.0;Pippip;0.98;;;;;
Car381009-2026-Pass1-Z1-2MU00693_20260730_010611_000;1.2;3.2;35.0;Testes;0.67;;;;;
Car381009-2026-Pass1-Z1-2MU00693_20260730_010611_000;0.0;3.4;12.0;Tetvir;0.91;;;;;
Car381009-2026-Pass1-Z1-2MU00693_20260730_010621_000;0.0;1.6;33.0;Leppun;0.5;;;;;
Car381009-2026-Pass1-Z1-2MU00693_20260730_010621_000;0.5;1.6;24.0;noise;0.12;;;;;
Car381009-2026-Pass1-Z1-2MU00693_20260730_010621_000;0.0;1.5;15.0;Tetvir;0.61;;;;;
Car381009-2026-Pass1-Z1-2MU00693_20260730_010624_000;0.0;0.1;37.0;Leppun;0.92;;;;;
Car381009-2026-Pass1-Z1-2MU00693_20260730_010624_000;0.4;2.1;9.0;Tetvir;0.96;;;;;
Car381009-2026-Pass1-Z1-2MU00693_20260730_010629_000;0.0;2.0;28.0;Leppun;0.98;;;;;
Car381009-2026-Pass1-Z1-2MU00693_20260730_010629_000;1.3;1.9;18.0;noise;0.62;;;;;
Car381009-2026-Pass1-Z1-2MU00693_20260730_010629_000;1.1;2.0;10.0;Tetvir;0.92;;;;;
Car381009-2026-Pass1-Z1-2MU00693_20260730_010642_000;0.4;2.0;31.0;Leppun;0.95;;;;;
Car381009-2026-Pass1-Z1-2MU00693_20260730_010642_000;0.9;2.0;22.0;noise;0.13;;;;;
Car381009-2026-Pass1-Z1-2MU00693_20260730_010642_000;0.0;2.0;50.0;Pippip;0.99;;;;;
Car381009-2026-Pass1-Z1-2MU00693_20260730_010645_000;0.0;2.1;51.0;Pippip;0.98;;;;;
Car381009-2026-Pass1-Z1-2MU00693_20260730_010645_000;0.4;1.9;20.0;Tetvir;0.48;;;;;
Car381009-2026-Pass1-Z1-2MU00693_20260730_010648_000;0.0;1.8;36.0;Leppun;0.95;;;;;
Car381009-2026-Pass1-Z1-2MU00693_20260730_010648_000;0.3;1.8;26.0;noise;0.22;;;;;
Car381009-2026-Pass1-Z1-2MU00693_20260730_010648_000;0.1;3.2;11.0;Tetvir;0.94;;;;;
Car381009-2026-Pass1-Z1-2MU00693_20260730_010701_000;0.0;1.7;38.0;Leppun;0.36;;;;;
Car381009-2026-Pass1-Z1-2MU00693_20260730_010701_000;0.9;1.7;23.0;Phogri;0.71;;;;;
Car381009-2026-Pass1-Z1-2MU00693_20260730_010701_000;0.0;1.9;10.0;Tetvir;0.95;;;;;
Car381009-2026-Pass1-Z1-2MU00693_20260730_010704_000;0.0;2.0;32.0;Leppun;0.91;;;;;
Car381009-2026-Pass1-Z1-2MU00693_20260730_010704_000;0.0;2.0;10.0;Tetvir;0.96;;;;;
Car381009-2026-Pass1-Z1-2MU00693_20260730_010707_000;0.8;4.2;33.0;Leppun;0.93;;;;;
Car381009-2026-Pass1-Z1-2MU00693_20260730_010707_000;0.1;4.3;25.0;Phogri;0.08;noise;;;;
Car381009-2026-Pass1-Z1-2MU00693_20260730_010707_000;0.0;4.6;10.0;Tetvir;0.93;;;;;
Car381009-2026-Pass1-Z1-2MU00693_20260730_010722_000;0.0;1.7;26.0;Leppun;0.18;;;;;
Car381009-2026-Pass1-Z1-2MU00693_20260730_010722_000;0.6;2.1;22.0;noise;0.17;Isopyr;;;;
Car381009-2026-Pass1-Z1-2MU00693_20260730_010722_000;0.2;2.0;48.0;Pippip;0.99;;;;;
Car381009-2026-Pass1-Z1-2MU00693_20260730_010722_000;0.2;2.0;10.0;Tetvir;0.89;;;;;
Car381009-2026-Pass1-Z1-2MU00693_20260730_010725_000;3.0;4.3;34.0;Leppun;0.55;;;;;
Car381009-2026-Pass1-Z1-2MU00693_20260730_010725_000;0.7;3.8;25.0;noise;0.23;;;;;
Car381009-2026-Pass1-Z1-2MU00693_20260730_010725_000;0.0;5.0;48.0;Pippip;0.99;;;;;
Car381009-2026-Pass1-Z1-2MU00693_20260730_010725_000;0.0;5.0;12.0;Tetvir;0.96;;;;;
Car381009-2026-Pass1-Z1-2MU00693_20260730_010732_000;0.0;3.3;43.0;Leppun;0.97;;;;;
Car381009-2026-Pass1-Z1-2MU00693_20260730_010732_000;2.2;3.1;24.0;Phogri;0.07;noise;;;;
Car381009-2026-Pass1-Z1-2MU00693_20260730_010732_000;0.0;3.8;11.0;Tetvir;0.96;;;;;
Car381009-2026-Pass1-Z1-2MU00693_20260730_010738_000;0.0;0.2;36.0;Leppun;0.93;;;;;
Car381009-2026-Pass1-Z1-2MU00693_20260730_010738_000;0.0;2.1;11.0;Tetvir;0.96;;;;;
Car381009-2026-Pass1-Z1-2MU00693_20260730_010741_000;0.0;1.0;37.0;Leppun;0.98;;;;;
Car381009-2026-Pass1-Z1-2MU00693_20260730_010741_000;0.1;2.0;12.0;Tetvir;0.84;;;;;
Car381009-2026-Pass1-Z1-2MU00693_20260730_010745_000;0.2;1.2;32.0;Hypsav;0.92;;;;;
Car381009-2026-Pass1-Z1-2MU00693_20260730_010745_000;0.0;0.9;27.0;Leppun;0.63;;;;;
Car381009-2026-Pass1-Z1-2MU00693_20260730_010745_000;0.0;1.6;12.0;Tetvir;0.69;;;;;
Car381009-2026-Pass1-Z1-2MU00693_20260730_010752_000;0.0;1.6;28.0;Leppun;0.17;;;;;
Car381009-2026-Pass1-Z1-2MU00693_20260730_010752_000;0.0;1.9;10.0;Tetvir;0.97;;;;;
Car381009-2026-Pass1-Z1-2MU00693_20260730_010756_000;0.0;1.7;39.0;Leppun;0.91;;;;;
Car381009-2026-Pass1-Z1-2MU00693_20260730_010756_000;0.0;2.0;10.0;Tetvir;0.95;;;;;
Car381009-2026-Pass1-Z1-2MU00693_20260730_010813_000;0.0;0.1;33.0;Leppun;0.47;;;;;
Car381009-2026-Pass1-Z1-2MU00693_20260730_010813_000;0.0;2.0;11.0;Tetvir;0.92;;;;;
Car381009-2026-Pass1-Z1-2MU00693_20260730_010818_000;0.0;1.3;30.0;Leppun;0.96;;;;;
Car381009-2026-Pass1-Z1-2MU00693_20260730_010818_000;1.3;1.4;173.0;noise;0.77;;;;;
Car381009-2026-Pass1-Z1-2MU00693_20260730_010818_000;0.0;2.0;10.0;Tetvir;0.94;;;;;
Car381009-2026-Pass1-Z1-2MU00693_20260730_010824_000;0.0;0.8;30.0;Leppun;0.97;;;;;
Car381009-2026-Pass1-Z1-2MU00693_20260730_010824_000;0.4;2.0;9.0;Tetvir;0.95;;;;;
Car381009-2026-Pass1-Z1-2MU00693_20260730_010827_000;0.0;1.9;35.0;Leppun;0.97;;;;;
Car381009-2026-Pass1-Z1-2MU00693_20260730_010827_000;1.3;2.0;41.0;Pipkuh;0.98;;;;;
Car381009-2026-Pass1-Z1-2MU00693_20260730_010827_000;0.0;1.3;13.0;Tetvir;0.73;;;;;
Car381009-2026-Pass1-Z1-2MU00693_20260730_010834_000;0.0;1.5;31.0;Leppun;0.98;;;;;
Car381009-2026-Pass1-Z1-2MU00693_20260730_010834_000;0.5;2.1;10.0;Tetvir;0.81;;;;;
Car381009-2026-Pass1-Z1-2MU00693_20260730_010838_000;0.0;2.0;25.0;noise;0.08;Phogri;;;;
Car381009-2026-Pass1-Z1-2MU00693_20260730_010838_000;0.0;1.9;12.0;Tetvir;0.79;;;;;
Car381009-2026-Pass1-Z1-2MU00693_20260730_010844_000;0.0;0.1;36.0;Leppun;0.93;;;;;
Car381009-2026-Pass1-Z1-2MU00693_20260730_010844_000;0.0;1.8;11.0;noise;0.74;;;;;
Car381009-2026-Pass1-Z1-2MU00693_20260730_010844_000;0.6;1.6;23.0;Phogri;0.8;;;;;
Car381009-2026-Pass1-Z1-2MU00693_20260730_010848_000;0.0;2.0;35.0;Leppun;0.81;;;;;
Car381009-2026-Pass1-Z1-2MU00693_20260730_010848_000;0.1;2.0;11.0;Tetvir;0.95;;;;;
Car381009-2026-Pass1-Z1-2MU00693_20260730_010853_000;0.0;5.0;36.0;Leppun;0.97;;;;;
Car381009-2026-Pass1-Z1-2MU00693_20260730_010853_000;0.1;4.5;38.0;Pipkuh;0.98;;;;;
Car381009-2026-Pass1-Z1-2MU00693_20260730_010853_000;0.2;5.0;51.0;Pippip;0.99;;;;;
Car381009-2026-Pass1-Z1-2MU00693_20260730_010853_000;0.7;5.0;11.0;Tetvir;0.92;;;;;
Car381009-2026-Pass1-Z1-2MU00693_20260730_010925_000;0.0;5.0;36.0;Leppun;0.95;;;;;
Car381009-2026-Pass1-Z1-2MU00693_20260730_010925_000;1.0;5.0;51.0;Pippip;0.99;;;;;
Car381009-2026-Pass1-Z1-2MU00693_20260730_010925_000;0.0;5.0;11.0;Tetvir;0.93;;;;;
Car381009-2026-Pass1-Z1-2MU00693_20260730_011023_000;0.0;4.1;44.0;Leppun;0.41;;;;;
Car381009-2026-Pass1-Z1-2MU00693_20260730_011023_000;0.4;5.0;40.0;Pipnat;0.51;Pipkuh;;;;
Car381009-2026-Pass1-Z1-2MU00693_20260730_011023_000;0.0;5.0;11.0;Tetvir;0.95;;;;;
Car381009-2026-Pass1-Z1-2MU00693_20260730_011124_000;0.0;4.5;34.0;Barbar;0.98;;;;;
Car381009-2026-Pass1-Z1-2MU00693_20260730_011124_000;0.0;3.5;33.0;Leppun;0.25;;;;;
Car381009-2026-Pass1-Z1-2MU00693_20260730_011124_000;0.0;4.9;41.0;Pipkuh;0.93;;;;;
Car381009-2026-Pass1-Z1-2MU00693_20260730_011124_000;0.3;4.7;11.0;Tetvir;0.91;;;;;
Car381009-2026-Pass1-Z1-2MU00693_20260730_011222_000;0.0;4.7;41.0;Leppun;0.84;;;;;
Car381009-2026-Pass1-Z1-2MU00693_20260730_011222_000;0.0;4.9;38.0;Pipkuh;0.44;Pipnat;;;;
Car381009-2026-Pass1-Z1-2MU00693_20260730_011222_000;0.6;4.0;49.0;Pippip;0.96;;;;;
Car381009-2026-Pass1-Z1-2MU00693_20260730_011222_000;0.0;5.0;10.0;Tetvir;0.96;;;;;
Car381009-2026-Pass1-Z1-2MU00693_20260730_011322_000;0.0;4.6;35.0;Leppun;0.83;;;;;
Car381009-2026-Pass1-Z1-2MU00693_20260730_011322_000;1.3;4.3;24.0;Phogri;0.48;;;;;
Car381009-2026-Pass1-Z1-2MU00693_20260730_011322_000;0.0;4.9;40.0;Pipkuh;0.83;;;;;
Car381009-2026-Pass1-Z1-2MU00693_20260730_011322_000;0.4;5.0;11.0;Tetvir;0.84;;;;;
Car381009-2026-Pass1-Z1-2MU00693_20260730_011411_000;1.4;4.6;36.0;Leppun;0.92;;;;;
Car381009-2026-Pass1-Z1-2MU00693_20260730_011411_000;0.1;4.9;38.0;Pipnat;0.83;;;;;
Car381009-2026-Pass1-Z1-2MU00693_20260730_011411_000;0.0;5.0;10.0;Tetvir;0.94;;;;;
Car381009-2026-Pass1-Z1-2MU00693_20260730_011418_000;1.1;1.2;36.0;Leppun;0.92;;;;;
Car381009-2026-Pass1-Z1-2MU00693_20260730_011418_000;1.2;4.8;25.0;Phogri;0.95;;;;;
Car381009-2026-Pass1-Z1-2MU00693_20260730_011418_000;0.0;5.0;38.0;Pipnat;0.87;;;;;
Car381009-2026-Pass1-Z1-2MU00693_20260730_011418_000;0.4;5.0;10.0;Tetvir;0.97;;;;;
Car381009-2026-Pass1-Z1-2MU00693_20260730_011431_000;0.0;4.8;33.0;Leppun;0.96;;;;;
Car381009-2026-Pass1-Z1-2MU00693_20260730_011431_000;0.4;4.8;26.0;noise;0.31;;;;;
Car381009-2026-Pass1-Z1-2MU00693_20260730_011431_000;0.0;5.0;42.0;Pipkuh;0.95;;;;;
Car381009-2026-Pass1-Z1-2MU00693_20260730_011431_000;0.3;4.8;11.0;Tetvir;0.94;;;;;
Car381009-2026-Pass1-Z1-2MU00693_20260730_011451_000;0.0;4.2;37.0;Leppun;0.85;;;;;
Car381009-2026-Pass1-Z1-2MU00693_20260730_011451_000;0.1;2.1;25.0;noise;0.26;;;;;
Car381009-2026-Pass1-Z1-2MU00693_20260730_011451_000;0.2;4.4;24.0;Phogri;0.65;;;;;
Car381009-2026-Pass1-Z1-2MU00693_20260730_011451_000;4.6;5.0;40.0;Pipkuh;0.71;;;;;
Car381009-2026-Pass1-Z1-2MU00693_20260730_011451_000;0.0;0.4;43.0;Pippip;0.55;;;;;
Car381009-2026-Pass1-Z1-2MU00693_20260730_011451_000;0.0;5.0;10.0;Tetvir;0.98;;;;;
Car381009-2026-Pass1-Z1-2MU00693_20260730_011532_000;0.1;3.0;26.0;Phogri;0.4;;;;;
Car381009-2026-Pass1-Z1-2MU00693_20260730_011532_000;0.0;3.6;38.0;Pipnat;0.71;;;;;
Car381009-2026-Pass1-Z1-2MU00693_20260730_011532_000;0.1;3.6;10.0;Tetvir;0.91;;;;;
Car381009-2026-Pass1-Z1-2MU00693_20260730_011536_000;0.0;4.7;39.0;Leppun;0.93;;;;;
Car381009-2026-Pass1-Z1-2MU00693_20260730_011536_000;0.1;4.5;39.0;Pipkuh;0.22;;;;;
Car381009-2026-Pass1-Z1-2MU00693_20260730_011536_000;0.8;5.0;47.0;Pippip;0.96;;;;;
Car381009-2026-Pass1-Z1-2MU00693_20260730_011536_000;0.0;5.0;10.0;Tetvir;0.93;;;;;
Car381009-2026-Pass1-Z1-2MU00693_20260730_011636_000;0.4;2.5;39.0;Leppun;0.96;;;;;
Car381009-2026-Pass1-Z1-2MU00693_20260730_011636_000;1.1;3.2;24.0;Phogri;0.14;noise;;;;
Car381009-2026-Pass1-Z1-2MU00693_20260730_011636_000;0.1;3.7;40.0;Pipkuh;0.99;;;;;
Car381009-2026-Pass1-Z1-2MU00693_20260730_011636_000;0.0;3.3;50.0;Pippip;0.98;;;;;
Car381009-2026-Pass1-Z1-2MU00693_20260730_011636_000;0.0;3.6;10.0;Tetvir;0.82;;;;;
Car381009-2026-Pass1-Z1-2MU00693_20260730_011640_000;0.0;5.0;10.0;noise;0.59;;;;;
Car381009-2026-Pass1-Z1-2MU00693_20260730_011640_000;0.4;5.0;39.0;Pipkuh;0.83;;;;;
Car381009-2026-Pass1-Z1-2MU00693_20260730_011640_000;0.1;4.7;46.0;Pippip;0.95;;;;;
Car381009-2026-Pass1-Z1-2MU00693_20260730_011640_000;0.5;4.8;10.0;Tetvir;0.89;;;;;
Car381009-2026-Pass1-Z1-2MU00693_20260730_011659_000;0.0;2.7;33.0;noise;0.23;;;;;
Car381009-2026-Pass1-Z1-2MU00693_20260730_011659_000;0.1;1.0;50.0;Pippyg;0.15;Pippip;;;;
Car381009-2026-Pass1-Z1-2MU00693_20260730_011659_000;0.1;2.8;24.0;Tetvir;0.85;;;;;
Car381009-2026-Pass1-Z1-2MU00693_20260730_011704_000;0.0;2.5;35.0;noise;0.29;;;;;
Car381009-2026-Pass1-Z1-2MU00693_20260730_011704_000;2.3;2.6;49.0;Pippip;0.04;Tetvir, Pippyg, Phogri, mamm, Leppun;;;;
Car381009-2026-Pass1-Z1-2MU00693_20260730_011707_000;0.0;1.4;41.0;Leppun;0.95;;;;;
Car381009-2026-Pass1-Z1-2MU00693_20260730_011707_000;0.7;1.6;24.0;Phogri;0.78;;;;;
Car381009-2026-Pass1-Z1-2MU00693_20260730_011707_000;0.0;0.1;49.0;Pippip;0.61;;;;;
Car381009-2026-Pass1-Z1-2MU00693_20260730_011707_000;0.0;1.6;10.0;Tetvir;0.84;;;;;
Car381009-2026-Pass1-Z1-2MU00693_20260730_011711_000;0.0;0.1;33.0;Leppun;0.87;;;;;
Car381009-2026-Pass1-Z1-2MU00693_20260730_011711_000;0.3;1.8;39.0;Pipkuh;0.98;;;;;
Car381009-2026-Pass1-Z1-2MU00693_20260730_011711_000;0.1;1.9;43.0;Pippip;0.95;;;;;
Car381009-2026-Pass1-Z1-2MU00693_20260730_011711_000;0.4;2.0;10.0;Tetvir;0.96;;;;;
Car381009-2026-Pass1-Z1-2MU00693_20260730_011720_000;1.4;2.7;32.0;Leppun;0.96;;;;;
Car381009-2026-Pass1-Z1-2MU00693_20260730_011720_000;3.0;3.1;50.0;Pippip;0.13;;;;;
Car381009-2026-Pass1-Z1-2MU00693_20260730_011720_000;0.0;3.6;23.0;Phogri;0.1;noise;;;;
Car381009-2026-Pass1-Z1-2MU00693_20260730_011720_000;0.0;2.0;43.0;Pipkuh;0.99;;;;;
Car381009-2026-Pass1-Z1-2MU00693_20260730_011720_000;0.0;3.8;9.0;Tetvir;0.95;;;;;
Car381009-2026-Pass1-Z1-2MU00693_20260730_011724_000;0.3;2.0;27.0;noise;0.22;;;;;
Car381009-2026-Pass1-Z1-2MU00693_20260730_011724_000;0.5;1.1;42.0;Pipkuh;0.98;;;;;
Car381009-2026-Pass1-Z1-2MU00693_20260730_011724_000;0.4;2.1;50.0;Pippip;0.99;;;;;
Car381009-2026-Pass1-Z1-2MU00693_20260730_011724_000;0.5;2.0;10.0;Tetvir;0.92;;;;;
Car381009-2026-Pass1-Z1-2MU00693_20260730_011730_000;0.5;4.6;21.0;noise;0.53;;;;;
Car381009-2026-Pass1-Z1-2MU00693_20260730_011730_000;2.4;4.8;39.0;Pipkuh;0.82;;;;;
Car381009-2026-Pass1-Z1-2MU00693_20260730_011730_000;0.0;5.0;50.0;Pippip;0.94;;;;;
Car381009-2026-Pass1-Z1-2MU00693_20260730_011824_000;0.7;4.8;36.0;Leppun;0.89;;;;;
Car381009-2026-Pass1-Z1-2MU00693_20260730_011824_000;0.6;4.8;24.0;Cyrscu;0.14;Phogri;;;;
Car381009-2026-Pass1-Z1-2MU00693_20260730_011824_000;0.0;5.0;39.0;Pipkuh;0.97;;;;;
Car381009-2026-Pass1-Z1-2MU00693_20260730_011824_000;0.0;4.9;51.0;Pippip;0.93;;;;;
Car381009-2026-Pass1-Z1-2MU00693_20260730_011824_000;0.4;4.1;10.0;Tetvir;0.97;;;;;
Car381009-2026-Pass1-Z1-2MU00693_20260730_011858_000;0.0;1.0;26.0;Leppun;0.94;;;;;
Car381009-2026-Pass1-Z1-2MU00693_20260730_011858_000;0.4;1.3;39.0;Pipkuh;0.83;;;;;
Car381009-2026-Pass1-Z1-2MU00693_20260730_011858_000;0.0;0.1;47.0;Pippip;0.95;;;;;
Car381009-2026-Pass1-Z1-2MU00693_20260730_011858_000;1.7;1.9;13.0;Tetvir;0.71;;;;;
Car381009-2026-Pass1-Z1-2MU00693_20260730_011916_000;0.0;5.0;41.0;Pipkuh;0.99;;;;;
Car381009-2026-Pass1-Z1-2MU00693_20260730_011916_000;1.1;4.0;23.0;Tetvir;0.46;;;;;
Car381009-2026-Pass1-Z1-2MU00693_20260730_011936_000;0.0;0.1;28.0;Phogri;0.81;;;;;
Car381009-2026-Pass1-Z1-2MU00693_20260730_011936_000;0.0;1.4;38.0;Pipkuh;0.98;;;;;
Car381009-2026-Pass1-Z1-2MU00693_20260730_011936_000;0.3;1.2;10.0;Tetvir;0.9;;;;;
Car381009-2026-Pass1-Z1-2MU00693_20260730_011942_000;0.3;4.8;32.0;Leppun;0.41;;;;;
Car381009-2026-Pass1-Z1-2MU00693_20260730_011942_000;0.3;4.8;28.0;Phogri;0.39;;;;;
Car381009-2026-Pass1-Z1-2MU00693_20260730_011942_000;0.0;5.0;42.0;Pipkuh;0.98;;;;;
Car381009-2026-Pass1-Z1-2MU00693_20260730_011942_000;1.5;4.2;11.0;Tetvir;0.85;;;;;
Car381009-2026-Pass1-Z1-2MU00693_20260730_011957_000;0.0;1.1;37.0;noise;0.07;Leppun;;;;
Car381009-2026-Pass1-Z1-2MU00693_20260730_011957_000;0.0;2.1;40.0;Pipkuh;0.98;;;;;
Car381009-2026-Pass1-Z1-2MU00693_20260730_011957_000;1.1;1.8;11.0;Tetvir;0.33;;;;;
Car381009-2026-Pass1-Z1-2MU00693_20260730_012000_000;3.1;3.9;33.0;Leppun;0.17;;;;;
Car381009-2026-Pass1-Z1-2MU00693_20260730_012000_000;0.0;4.9;39.0;Pipkuh;0.98;;;;;
Car381009-2026-Pass1-Z1-2MU00693_20260730_012000_000;0.1;4.0;46.0;Pippip;0.98;;;;;
Car381009-2026-Pass1-Z1-2MU00693_20260730_012000_000;1.0;5.0;11.0;Tetvir;0.91;;;;;
Car381009-2026-Pass1-Z1-2MU00693_20260730_012010_000;0.0;5.0;40.0;Pipkuh;0.94;;;;;
Car381009-2026-Pass1-Z1-2MU00693_20260730_012010_000;0.3;4.8;47.0;Pippip;0.98;;;;;
Car381009-2026-Pass1-Z1-2MU00693_20260730_012010_000;0.1;5.0;30.0;Testes;0.1;noise;;;;
Car381009-2026-Pass1-Z1-2MU00693_20260730_012010_000;0.0;5.0;10.0;Tetvir;0.93;;;;;
Car381009-2026-Pass1-Z1-2MU00693_20260730_012030_000;0.0;5.0;38.0;Leppun;0.44;;;;;
Car381009-2026-Pass1-Z1-2MU00693_20260730_012030_000;0.0;5.0;41.0;Pipkuh;0.95;;;;;
Car381009-2026-Pass1-Z1-2MU00693_20260730_012030_000;0.0;4.4;10.0;Tetvir;0.97;;;;;
Car381009-2026-Pass1-Z1-2MU00693_20260730_012055_000;1.0;2.9;51.0;Leppun;0.37;;;;;
Car381009-2026-Pass1-Z1-2MU00693_20260730_012055_000;0.0;4.9;40.0;Pipkuh;0.97;;;;;
Car381009-2026-Pass1-Z1-2MU00693_20260730_012055_000;0.0;4.6;10.0;Tetvir;0.93;;;;;
Car381009-2026-Pass1-Z1-2MU00693_20260730_012113_000;0.2;1.8;50.0;Leppun;0.38;;;;;
Car381009-2026-Pass1-Z1-2MU00693_20260730_012113_000;0.3;2.3;40.0;Pipkuh;0.99;;;;;
Car381009-2026-Pass1-Z1-2MU00693_20260730_012113_000;0.0;1.8;48.0;Pippip;0.98;;;;;
Car381009-2026-Pass1-Z1-2MU00693_20260730_012113_000;0.6;2.3;10.0;Tetvir;0.88;;;;;
Car381009-2026-Pass1-Z1-2MU00693_20260730_012116_000;3.9;4.0;34.0;Leppun;0.49;;;;;
Car381009-2026-Pass1-Z1-2MU00693_20260730_012116_000;0.0;4.5;41.0;Pipkuh;0.99;;;;;
Car381009-2026-Pass1-Z1-2MU00693_20260730_012116_000;0.0;4.9;48.0;Pippip;0.99;;;;;
Car381009-2026-Pass1-Z1-2MU00693_20260730_012116_000;0.0;4.9;11.0;Tetvir;0.95;;;;;
Car381009-2026-Pass1-Z1-2MU00693_20260730_012216_000;0.0;4.9;44.0;Pipkuh;0.96;;;;;
Car381009-2026-Pass1-Z1-2MU00693_20260730_012216_000;1.0;4.9;31.0;Testes;0.49;;;;;
Car381009-2026-Pass1-Z1-2MU00693_20260730_012216_000;0.2;4.2;12.0;Tetvir;0.88;;;;;
Car381009-2026-Pass1-Z1-2MU00693_20260730_012317_000;0.3;4.9;34.0;Leppun;0.38;;;;;
Car381009-2026-Pass1-Z1-2MU00693_20260730_012317_000;0.0;4.8;39.0;Pipkuh;0.98;;;;;
Car381009-2026-Pass1-Z1-2MU00693_20260730_012317_000;1.3;4.8;46.0;Pippip;0.92;;;;;
Car381009-2026-Pass1-Z1-2MU00693_20260730_012317_000;0.0;5.0;10.0;Tetvir;0.85;;;;;
Car381009-2026-Pass1-Z1-2MU00693_20260730_012417_000;3.0;4.2;37.0;Leppun;0.91;;;;;
Car381009-2026-Pass1-Z1-2MU00693_20260730_012417_000;0.0;4.2;41.0;Pipkuh;0.98;;;;;
Car381009-2026-Pass1-Z1-2MU00693_20260730_012417_000;0.0;4.3;45.0;Pippip;0.97;;;;;
Car381009-2026-Pass1-Z1-2MU00693_20260730_012417_000;0.2;1.7;32.0;Testes;0.44;;;;;
Car381009-2026-Pass1-Z1-2MU00693_20260730_012417_000;0.0;4.3;10.0;Tetvir;0.96;;;;;
Car381009-2026-Pass1-Z1-2MU00693_20260730_012518_000;0.4;4.1;30.0;Leppun;0.86;;;;;
Car381009-2026-Pass1-Z1-2MU00693_20260730_012518_000;1.4;3.5;22.0;noise;0.05;Phogri, Phanan;;;;
Car381009-2026-Pass1-Z1-2MU00693_20260730_012518_000;0.2;4.8;39.0;Pipkuh;0.98;;;;;
Car381009-2026-Pass1-Z1-2MU00693_20260730_012518_000;0.0;5.0;49.0;Pippip;0.88;;;;;
Car381009-2026-Pass1-Z1-2MU00693_20260730_012518_000;0.0;5.0;10.0;Tetvir;0.95;;;;;
Car381009-2026-Pass1-Z1-2MU00693_20260730_012619_000;0.0;4.9;42.0;Leppun;0.82;;;;;
Car381009-2026-Pass1-Z1-2MU00693_20260730_012619_000;0.4;4.8;26.0;Phogri;0.09;noise;;;;
Car381009-2026-Pass1-Z1-2MU00693_20260730_012619_000;0.2;4.7;39.0;Pipkuh;0.99;;;;;
Car381009-2026-Pass1-Z1-2MU00693_20260730_012619_000;0.0;5.0;10.0;Tetvir;0.84;;;;;
Car381009-2026-Pass1-Z1-2MU00693_20260730_012714_000;0.0;3.0;38.0;Leppun;0.93;;;;;
Car381009-2026-Pass1-Z1-2MU00693_20260730_012714_000;1.6;3.5;39.0;Pipkuh;0.61;;;;;
Car381009-2026-Pass1-Z1-2MU00693_20260730_012714_000;0.0;3.7;10.0;Tetvir;0.87;;;;;
Car381009-2026-Pass1-Z1-2MU00693_20260730_012718_000;0.0;4.1;40.0;Leppun;0.92;;;;;
Car381009-2026-Pass1-Z1-2MU00693_20260730_012718_000;0.4;4.6;25.0;Phogri;0.54;;;;;
Car381009-2026-Pass1-Z1-2MU00693_20260730_012718_000;0.0;5.0;10.0;Tetvir;0.96;;;;;
Car381009-2026-Pass1-Z1-2MU00693_20260730_012725_000;0.0;1.9;34.0;Leppun;0.71;;;;;
Car381009-2026-Pass1-Z1-2MU00693_20260730_012725_000;1.0;1.1;18.0;noise;0.38;;;;;
Car381009-2026-Pass1-Z1-2MU00693_20260730_012725_000;0.0;1.8;12.0;Tetvir;0.94;;;;;
Car381009-2026-Pass1-Z1-2MU00693_20260730_012727_000;0.0;5.0;37.0;Leppun;0.93;;;;;
Car381009-2026-Pass1-Z1-2MU00693_20260730_012727_000;1.0;5.0;39.0;Pipkuh;0.97;;;;;
Car381009-2026-Pass1-Z1-2MU00693_20260730_012727_000;4.4;5.0;33.0;Testes;0.22;;;;;
Car381009-2026-Pass1-Z1-2MU00693_20260730_012727_000;0.0;4.7;10.0;Tetvir;0.93;;;;;
Car381009-2026-Pass1-Z1-2MU00693_20260730_012827_000;0.3;4.6;40.0;Leppun;0.75;;;;;
Car381009-2026-Pass1-Z1-2MU00693_20260730_012827_000;0.2;2.7;26.0;noise;0.13;;;;;
Car381009-2026-Pass1-Z1-2MU00693_20260730_012827_000;0.0;4.6;39.0;Pipkuh;0.97;;;;;
Car381009-2026-Pass1-Z1-2MU00693_20260730_012827_000;0.0;4.9;46.0;Pippip;0.97;;;;;
Car381009-2026-Pass1-Z1-2MU00693_20260730_012827_000;0.0;5.0;10.0;Tetvir;0.81;;;;;
Car381009-2026-Pass1-Z1-2MU00693_20260730_012906_000;0.0;2.8;38.0;Leppun;0.76;;;;;
Car381009-2026-Pass1-Z1-2MU00693_20260730_012906_000;0.7;5.0;25.0;Phogri;0.83;;;;;
Car381009-2026-Pass1-Z1-2MU00693_20260730_012906_000;0.5;2.4;39.0;Pipkuh;0.96;;;;;
Car381009-2026-Pass1-Z1-2MU00693_20260730_012906_000;0.1;5.0;46.0;Pippip;0.99;;;;;
Car381009-2026-Pass1-Z1-2MU00693_20260730_012935_000;0.1;3.0;29.0;Leppun;0.53;;;;;
Car381009-2026-Pass1-Z1-2MU00693_20260730_012935_000;0.0;5.0;41.0;Pipkuh;0.97;;;;;
Car381009-2026-Pass1-Z1-2MU00693_20260730_012935_000;0.2;4.9;45.0;Pippip;0.98;;;;;
Car381009-2026-Pass1-Z1-2MU00693_20260730_012935_000;0.4;4.5;24.0;Phogri;0.05;Pleaus, noise;;;;
Car381009-2026-Pass1-Z1-2MU00693_20260730_013036_000;0.0;3.5;37.0;Leppun;0.95;;;;;
Car381009-2026-Pass1-Z1-2MU00693_20260730_013036_000;0.6;3.7;42.0;Pipkuh;0.93;;;;;
Car381009-2026-Pass1-Z1-2MU00693_20260730_013036_000;0.5;3.2;25.0;Phogri;0.24;;;;;
Car381009-2026-Pass1-Z1-2MU00693_20260730_013040_000;0.0;3.5;40.0;Leppun;0.98;;;;;
Car381009-2026-Pass1-Z1-2MU00693_20260730_013040_000;1.0;3.0;20.0;noise;0.05;Phogri, Cyrscu, Phanan;;;;
Car381009-2026-Pass1-Z1-2MU00693_20260730_013040_000;0.0;3.3;43.0;Pipkuh;0.97;;;;;
Car381009-2026-Pass1-Z1-2MU00693_20260730_013044_000;0.0;1.1;33.0;Leppun;0.98;;;;;
Car381009-2026-Pass1-Z1-2MU00693_20260730_013044_000;0.3;1.9;24.0;Phogri;0.71;;;;;
Car381009-2026-Pass1-Z1-2MU00693_20260730_013044_000;0.9;2.0;48.0;Pippip;0.9;;;;;
Car381009-2026-Pass1-Z1-2MU00693_20260730_013048_000;0.0;1.1;36.0;Leppun;0.98;;;;;
Car381009-2026-Pass1-Z1-2MU00693_20260730_013048_000;0.2;0.3;22.0;Phogri;0.36;;;;;
Car381009-2026-Pass1-Z1-2MU00693_20260730_013048_000;0.3;1.5;48.0;Pippip;0.98;;;;;
Car381009-2026-Pass1-Z1-2MU00693_20260730_013050_000;0.0;1.9;32.0;Leppun;0.92;;;;;
Car381009-2026-Pass1-Z1-2MU00693_20260730_013050_000;0.5;1.8;41.0;Pipkuh;0.99;;;;;
Car381009-2026-Pass1-Z1-2MU00693_20260730_013050_000;1.2;1.8;47.0;Pippip;0.86;;;;;
Car381009-2026-Pass1-Z1-2MU00693_20260730_013053_000;1.0;4.3;27.0;Leppun;0.68;;;;;
Car381009-2026-Pass1-Z1-2MU00693_20260730_013053_000;0.5;5.0;22.0;noise;0.08;Phogri;;;;
Car381009-2026-Pass1-Z1-2MU00693_20260730_013053_000;0.0;5.0;42.0;Pipkuh;0.99;;;;;
Car381009-2026-Pass1-Z1-2MU00693_20260730_013053_000;0.1;4.8;48.0;Pippip;0.98;;;;;
Car381009-2026-Pass1-Z1-2MU00693_20260730_013123_000;0.1;3.9;33.0;Leppun;0.12;;;;;
Car381009-2026-Pass1-Z1-2MU00693_20260730_013123_000;0.2;4.6;25.0;Phogri;0.66;;;;;
Car381009-2026-Pass1-Z1-2MU00693_20260730_013123_000;0.1;3.8;39.0;Pipkuh;0.98;;;;;
Car381009-2026-Pass1-Z1-2MU00693_20260730_013123_000;0.0;4.4;46.0;Pippip;0.93;;;;;
Car381009-2026-Pass1-Z1-2MU00693_20260730_013129_000;0.3;5.0;37.0;Leppun;0.17;;;;;
Car381009-2026-Pass1-Z1-2MU00693_20260730_013129_000;0.0;5.0;25.0;Phogri;0.14;noise;;;;
Car381009-2026-Pass1-Z1-2MU00693_20260730_013129_000;0.0;5.0;50.0;Pippip;0.99;;;;;
Car381009-2026-Pass1-Z1-2MU00693_20260730_013138_000;0.0;3.1;27.0;noise;0.09;Phogri;;;;
Car381009-2026-Pass1-Z1-2MU00693_20260730_013138_000;0.0;3.4;39.0;Pipkuh;0.44;Pipnat;;;;
Car381009-2026-Pass1-Z1-2MU00693_20260730_013145_000;0.0;4.4;44.0;Leppun;0.21;;;;;
Car381009-2026-Pass1-Z1-2MU00693_20260730_013145_000;0.8;4.6;27.0;Phogri;0.15;noise;;;;
Car381009-2026-Pass1-Z1-2MU00693_20260730_013145_000;0.0;5.0;39.0;Pipkuh;0.83;;;;;
Car381009-2026-Pass1-Z1-2MU00693_20260730_013155_000;1.4;1.9;32.0;Hypsav;0.92;;;;;
Car381009-2026-Pass1-Z1-2MU00693_20260730_013155_000;0.5;3.9;37.0;Leppun;0.87;;;;;
Car381009-2026-Pass1-Z1-2MU00693_20260730_013155_000;0.0;4.9;40.0;Pipkuh;0.98;;;;;
Car381009-2026-Pass1-Z1-2MU00693_20260730_013155_000;0.5;4.6;25.0;noise;0.07;Plaint;;;;
Car381009-2026-Pass1-Z1-2MU00693_20260730_013221_000;0.0;4.5;41.0;Leppun;0.97;;;;;
Car381009-2026-Pass1-Z1-2MU00693_20260730_013221_000;4.6;4.8;50.0;Pippip;0.69;;;;;
Car381009-2026-Pass1-Z1-2MU00693_20260730_013221_000;0.0;4.9;25.0;Phogri;0.23;;;;;
Car381009-2026-Pass1-Z1-2MU00693_20260730_013321_000;0.0;4.0;36.0;Leppun;0.2;;;;;
Car381009-2026-Pass1-Z1-2MU00693_20260730_013321_000;0.0;4.3;24.0;noise;0.12;Phogri;;;;
Car381009-2026-Pass1-Z1-2MU00693_20260730_013321_000;0.0;4.9;39.0;Pipkuh;0.98;;;;;
Car381009-2026-Pass1-Z1-2MU00693_20260730_013321_000;0.0;4.3;50.0;Pippip;0.97;;;;;
Car381009-2026-Pass1-Z1-2MU00693_20260730_013344_000;0.0;1.3;36.0;Leppun;0.86;;;;;
Car381009-2026-Pass1-Z1-2MU00693_20260730_013344_000;0.0;2.3;28.0;Phogri;0.6;;;;;
Car381009-2026-Pass1-Z1-2MU00693_20260730_013347_000;0.0;3.4;38.0;Leppun;0.94;;;;;
Car381009-2026-Pass1-Z1-2MU00693_20260730_013347_000;0.2;4.0;26.0;noise;0.1;;;;;
Car381009-2026-Pass1-Z1-2MU00693_20260730_013347_000;0.7;3.4;35.0;Testes;0.87;;;;;
Car381009-2026-Pass1-Z1-2MU00693_20260730_013351_000;0.7;5.0;26.0;noise;0.12;;;;;
Car381009-2026-Pass1-Z1-2MU00693_20260730_013351_000;0.0;4.7;36.0;Testes;0.65;;;;;
Car381009-2026-Pass1-Z1-2MU00693_20260730_013408_000;0.4;0.6;36.0;Leppun;0.96;;;;;
Car381009-2026-Pass1-Z1-2MU00693_20260730_013408_000;1.6;5.0;24.0;noise;0.23;;;;;
Car381009-2026-Pass1-Z1-2MU00693_20260730_013408_000;0.0;5.0;51.0;Pippip;0.98;;;;;
Car381009-2026-Pass1-Z1-2MU00693_20260730_013408_000;1.6;4.6;35.0;Testes;0.86;;;;;
Car381009-2026-Pass1-Z1-2MU00693_20260730_013459_000;1.0;3.3;31.0;Leppun;0.87;;;;;
Car381009-2026-Pass1-Z1-2MU00693_20260730_013459_000;0.9;2.8;25.0;noise;0.13;;;;;
Car381009-2026-Pass1-Z1-2MU00693_20260730_013459_000;0.0;5.0;41.0;Pipkuh;0.83;;;;;
Car381009-2026-Pass1-Z1-2MU00693_20260730_013459_000;2.3;3.1;29.0;Testes;0.14;;;;;
Car381009-2026-Pass1-Z1-2MU00693_20260730_013529_000;0.0;4.9;40.0;Leppun;0.95;;;;;
Car381009-2026-Pass1-Z1-2MU00693_20260730_013529_000;0.3;4.7;26.0;noise;0.1;;;;;
Car381009-2026-Pass1-Z1-2MU00693_20260730_013529_000;0.2;4.9;43.0;Pipkuh;0.98;;;;;
Car381009-2026-Pass1-Z1-2MU00693_20260730_013544_000;0.0;0.1;40.0;Leppun;0.92;;;;;
Car381009-2026-Pass1-Z1-2MU00693_20260730_013544_000;0.0;1.2;20.0;Phogri;0.15;;;;;
Car381009-2026-Pass1-Z1-2MU00693_20260730_013547_000;0.0;1.4;43.0;Leppun;0.95;;;;;
Car381009-2026-Pass1-Z1-2MU00693_20260730_013547_000;0.5;3.1;16.0;noise;0.29;;;;;
Car381009-2026-Pass1-Z1-2MU00693_20260730_013547_000;1.7;3.5;43.0;Pipkuh;0.97;;;;;
Car381009-2026-Pass1-Z1-2MU00693_20260730_013547_000;0.4;2.1;34.0;Testes;0.83;;;;;
Car381009-2026-Pass1-Z1-2MU00693_20260730_013551_000;0.1;5.0;37.0;Eptser;0.94;;;;;
Car381009-2026-Pass1-Z1-2MU00693_20260730_013551_000;0.0;4.6;60.0;Leppun;0.85;;;;;
Car381009-2026-Pass1-Z1-2MU00693_20260730_013551_000;0.1;4.8;20.0;noise;0.33;;;;;
Car381009-2026-Pass1-Z1-2MU00693_20260730_013551_000;0.0;5.0;43.0;Pipkuh;0.98;;;;;
Car381009-2026-Pass1-Z1-2MU00693_20260730_013608_000;0.0;4.6;32.0;Leppun;0.89;;;;;
Car381009-2026-Pass1-Z1-2MU00693_20260730_013608_000;0.1;4.3;29.0;noise;0.11;;;;;
Car381009-2026-Pass1-Z1-2MU00693_20260730_013608_000;0.0;5.0;47.0;Pipkuh;0.99;;;;;
Car381009-2026-Pass1-Z1-2MU00693_20260730_013608_000;0.2;4.1;31.0;Testes;0.43;;;;;
Car381009-2026-Pass1-Z1-2MU00693_20260730_013704_000;0.0;0.1;42.0;Leppun;0.28;;;;;
Car381009-2026-Pass1-Z1-2MU00693_20260730_013704_000;0.2;5.0;43.0;Pipkuh;0.97;;;;;
Car381009-2026-Pass1-Z1-2MU00693_20260730_013704_000;0.3;3.8;34.0;Testes;0.88;;;;;
Car381009-2026-Pass1-Z1-2MU00693_20260730_013751_000;0.0;4.4;36.0;Leppun;0.94;;;;;
Car381009-2026-Pass1-Z1-2MU00693_20260730_013751_000;0.8;3.9;21.0;noise;0.14;;;;;
Car381009-2026-Pass1-Z1-2MU00693_20260730_013751_000;0.0;5.0;44.0;Pipkuh;0.98;;;;;
Car381009-2026-Pass1-Z1-2MU00693_20260730_013751_000;1.6;4.3;36.0;Testes;0.83;;;;;
Car381009-2026-Pass1-Z1-2MU00693_20260730_013751_000;1.5;4.5;25.0;Tetvir;0.62;;;;;
Car381009-2026-Pass1-Z1-2MU00693_20260730_013808_000;0.0;2.0;31.0;Leppun;0.91;;;;;
Car381009-2026-Pass1-Z1-2MU00693_20260730_013808_000;0.7;2.0;28.0;noise;0.25;;;;;
Car381009-2026-Pass1-Z1-2MU00693_20260730_013808_000;0.1;2.0;40.0;Pipkuh;0.98;;;;;
Car381009-2026-Pass1-Z1-2MU00693_20260730_013812_000;0.6;2.5;40.0;Leppun;0.47;;;;;
Car381009-2026-Pass1-Z1-2MU00693_20260730_013812_000;2.1;4.6;18.0;Phanan;0.21;;;;;
Car381009-2026-Pass1-Z1-2MU00693_20260730_013812_000;1.7;4.9;39.0;Pipkuh;0.18;;;;;
Car381009-2026-Pass1-Z1-2MU00693_20260730_013812_000;0.0;5.0;33.0;Testes;0.89;;;;;
Car381009-2026-Pass1-Z1-2MU00693_20260730_013902_000;0.5;5.0;35.0;Leppun;0.94;;;;;
Car381009-2026-Pass1-Z1-2MU00693_20260730_013902_000;1.7;1.9;29.0;Phogri;0.37;;;;;
Car381009-2026-Pass1-Z1-2MU00693_20260730_013902_000;0.0;4.6;40.0;Pipkuh;0.53;Pipnat;;;;
Car381009-2026-Pass1-Z1-2MU00693_20260730_013902_000;1.7;4.6;29.0;Testes;0.34;;;;;
Car381009-2026-Pass1-Z1-2MU00693_20260730_013921_000;0.2;1.5;38.0;Pipkuh;0.95;;;;;
Car381009-2026-Pass1-Z1-2MU00693_20260730_013921_000;0.1;1.8;45.0;Pippip;0.87;;;;;
Car381009-2026-Pass1-Z1-2MU00693_20260730_013921_000;0.0;1.3;31.0;Antsp;0.13;;;;;
Car381009-2026-Pass1-Z1-2MU00693_20260730_013924_000;0.6;1.2;20.0;noise;0.21;;;;;
Car381009-2026-Pass1-Z1-2MU00693_20260730_013924_000;0.0;2.2;33.0;Testes;0.88;;;;;
Car381009-2026-Pass1-Z1-2MU00693_20260730_013929_000;0.0;0.8;39.0;Leppun;0.98;;;;;
Car381009-2026-Pass1-Z1-2MU00693_20260730_013929_000;0.3;1.5;40.0;Pipkuh;0.68;;;;;
Car381009-2026-Pass1-Z1-2MU00693_20260730_013933_000;0.0;3.7;37.0;Leppun;0.68;;;;;
Car381009-2026-Pass1-Z1-2MU00693_20260730_013933_000;0.5;2.1;26.0;Phogri;0.81;;;;;
Car381009-2026-Pass1-Z1-2MU00693_20260730_013933_000;0.1;4.0;42.0;Pipkuh;0.35;Pipnat;;;;
Car381009-2026-Pass1-Z1-2MU00693_20260730_013944_000;0.0;4.9;33.0;Leppun;0.73;;;;;
Car381009-2026-Pass1-Z1-2MU00693_20260730_013944_000;1.2;2.1;24.0;noise;0.09;;;;;
Car381009-2026-Pass1-Z1-2MU00693_20260730_013944_000;0.0;5.0;41.0;Pipkuh;0.99;;;;;
Car381009-2026-Pass1-Z1-2MU00693_20260730_013951_000;1.4;3.7;15.0;noise;0.15;;;;;
Car381009-2026-Pass1-Z1-2MU00693_20260730_013951_000;0.0;5.0;40.0;Pipkuh;0.98;;;;;
Car381009-2026-Pass1-Z1-2MU00693_20260730_013951_000;1.2;3.0;30.0;Testes;0.39;;;;;
Car381009-2026-Pass1-Z1-2MU00693_20260730_014006_000;0.3;2.8;28.0;Leppun;0.92;;;;;
Car381009-2026-Pass1-Z1-2MU00693_20260730_014006_000;0.0;3.6;42.0;Pipkuh;0.99;;;;;
Car381009-2026-Pass1-Z1-2MU00693_20260730_014010_000;0.1;3.5;34.0;noise;0.21;;;;;
Car381009-2026-Pass1-Z1-2MU00693_20260730_014010_000;0.0;5.0;47.0;Pipkuh;0.98;;;;;
Car381009-2026-Pass1-Z1-2MU00693_20260730_014010_000;0.5;3.4;33.0;Testes;0.66;;;;;
Car381009-2026-Pass1-Z1-2MU00693_20260730_014109_000;0.0;3.8;39.0;Leppun;0.9;;;;;
Car381009-2026-Pass1-Z1-2MU00693_20260730_014109_000;0.0;3.7;40.0;Pipkuh;0.98;;;;;
Car381009-2026-Pass1-Z1-2MU00693_20260730_014109_000;0.2;3.6;10.0;Tetvir;0.94;;;;;
Car381009-2026-Pass1-Z1-2MU00693_20260730_014115_000;0.0;1.6;33.0;Leppun;0.97;;;;;
Car381009-2026-Pass1-Z1-2MU00693_20260730_014115_000;1.1;1.2;24.0;Phogri;0.39;;;;;
Car381009-2026-Pass1-Z1-2MU00693_20260730_014115_000;0.0;2.1;10.0;Tetvir;0.96;;;;;
Car381009-2026-Pass1-Z1-2MU00693_20260730_014121_000;0.9;5.0;41.0;Pipkuh;0.92;;;;;
Car381009-2026-Pass1-Z1-2MU00693_20260730_014121_000;0.0;4.9;34.0;Testes;0.7;;;;;
Car381009-2026-Pass1-Z1-2MU00693_20260730_014121_000;0.0;4.2;10.0;Tetvir;0.97;;;;;
Car381009-2026-Pass1-Z1-2MU00693_20260730_014130_000;0.0;1.9;39.0;Leppun;0.62;;;;;
Car381009-2026-Pass1-Z1-2MU00693_20260730_014130_000;0.8;1.4;38.0;Pipnat;0.35;;;;;
Car381009-2026-Pass1-Z1-2MU00693_20260730_014130_000;0.0;1.7;10.0;Tetvir;0.96;;;;;
Car381009-2026-Pass1-Z1-2MU00693_20260730_014134_000;0.0;0.8;35.0;Leppun;0.15;;;;;
Car381009-2026-Pass1-Z1-2MU00693_20260730_014134_000;0.2;2.1;39.0;Pipkuh;0.86;;;;;
Car381009-2026-Pass1-Z1-2MU00693_20260730_014134_000;0.0;0.9;30.0;noise;0.09;Testes;;;;
Car381009-2026-Pass1-Z1-2MU00693_20260730_014134_000;0.0;1.9;12.0;Tetvir;0.76;;;;;
Car381009-2026-Pass1-Z1-2MU00693_20260730_014137_000;0.0;4.4;39.0;Leppun;0.97;;;;;
Car381009-2026-Pass1-Z1-2MU00693_20260730_014137_000;0.0;4.7;38.0;Pipkuh;0.81;;;;;
Car381009-2026-Pass1-Z1-2MU00693_20260730_014137_000;0.5;4.1;10.0;Tetvir;0.93;;;;;
Car381009-2026-Pass1-Z1-2MU00693_20260730_014149_000;0.0;4.3;41.0;Leppun;0.87;;;;;
Car381009-2026-Pass1-Z1-2MU00693_20260730_014149_000;0.1;3.1;25.0;noise;0.24;;;;;
Car381009-2026-Pass1-Z1-2MU00693_20260730_014149_000;0.2;5.0;40.0;Pipnat;0.63;Pipkuh;;;;
Car381009-2026-Pass1-Z1-2MU00693_20260730_014149_000;0.0;4.3;30.0;Testes;0.76;;;;;
Car381009-2026-Pass1-Z1-2MU00693_20260730_014208_000;0.0;4.8;38.0;Leppun;0.93;;;;;
Car381009-2026-Pass1-Z1-2MU00693_20260730_014208_000;0.2;4.6;38.0;Pipnat;0.72;Pipkuh;;;;
Car381009-2026-Pass1-Z1-2MU00693_20260730_014208_000;0.1;1.4;29.0;Testes;0.52;;;;;
Car381009-2026-Pass1-Z1-2MU00693_20260730_014208_000;0.3;3.8;13.0;Tetvir;0.69;;;;;
Car381009-2026-Pass1-Z1-2MU00693_20260730_014215_000;0.0;4.2;39.0;Leppun;0.96;;;;;
Car381009-2026-Pass1-Z1-2MU00693_20260730_014215_000;0.3;4.8;22.0;Phogri;0.61;;;;;
Car381009-2026-Pass1-Z1-2MU00693_20260730_014215_000;1.7;4.9;44.0;Pipkuh;0.99;;;;;
Car381009-2026-Pass1-Z1-2MU00693_20260730_014215_000;1.0;4.9;47.0;Pippip;0.98;;;;;
Car381009-2026-Pass1-Z1-2MU00693_20260730_014244_000;0.0;0.1;41.0;Leppun;0.93;;;;;
Car381009-2026-Pass1-Z1-2MU00693_20260730_014244_000;0.8;1.9;27.0;Phogri;0.68;;;;;
Car381009-2026-Pass1-Z1-2MU00693_20260730_014244_000;0.1;2.0;41.0;Pipkuh;0.99;;;;;
Car381009-2026-Pass1-Z1-2MU00693_20260730_014244_000;0.4;1.1;48.0;Pippip;0.97;;;;;
Car381009-2026-Pass1-Z1-2MU00693_20260730_014244_000;0.8;2.0;10.0;Tetvir;0.95;;;;;
Car381009-2026-Pass1-Z1-2MU00693_20260730_014247_000;0.0;1.8;34.0;Leppun;0.24;;;;;
Car381009-2026-Pass1-Z1-2MU00693_20260730_014247_000;0.0;1.8;30.0;noise;0.29;;;;;
Car381009-2026-Pass1-Z1-2MU00693_20260730_014247_000;0.0;2.0;39.0;Pipkuh;0.99;;;;;
Car381009-2026-Pass1-Z1-2MU00693_20260730_014247_000;0.0;1.9;10.0;Tetvir;0.94;;;;;
Car381009-2026-Pass1-Z1-2MU00693_20260730_014249_000;0.0;4.1;38.0;Leppun;0.96;;;;;
Car381009-2026-Pass1-Z1-2MU00693_20260730_014249_000;0.3;4.1;30.0;noise;0.33;;;;;
Car381009-2026-Pass1-Z1-2MU00693_20260730_014249_000;0.1;5.0;39.0;Pipkuh;0.97;;;;;
Car381009-2026-Pass1-Z1-2MU00693_20260730_014249_000;1.4;1.8;50.0;Pippip;0.94;;;;;
Car381009-2026-Pass1-Z1-2MU00693_20260730_014249_000;0.3;5.0;10.0;Tetvir;0.93;;;;;
Car381009-2026-Pass1-Z1-2MU00693_20260730_014306_000;0.4;4.8;39.0;Leppun;0.41;;;;;
Car381009-2026-Pass1-Z1-2MU00693_20260730_014306_000;3.8;5.0;56.0;Myomys;0.5;;;;;
Car381009-2026-Pass1-Z1-2MU00693_20260730_014306_000;0.0;5.0;42.0;Pipkuh;0.96;;;;;
Car381009-2026-Pass1-Z1-2MU00693_20260730_014306_000;0.4;4.8;10.0;Tetvir;0.89;;;;;
Car381009-2026-Pass1-Z1-2MU00693_20260730_014320_000;0.8;3.8;39.0;Leppun;0.9;;;;;
Car381009-2026-Pass1-Z1-2MU00693_20260730_014320_000;0.6;0.7;56.0;Myomys;0.66;;;;;
Car381009-2026-Pass1-Z1-2MU00693_20260730_014320_000;0.0;5.0;42.0;Pipkuh;0.96;;;;;
Car381009-2026-Pass1-Z1-2MU00693_20260730_014320_000;0.1;5.0;44.0;Pippip;0.97;;;;;
Car381009-2026-Pass1-Z1-2MU00693_20260730_014320_000;0.2;4.5;21.0;Tetvir;0.61;;;;;
Car381009-2026-Pass1-Z1-2MU00693_20260730_014341_000;0.0;2.0;41.0;Leppun;0.94;;;;;
Car381009-2026-Pass1-Z1-2MU00693_20260730_014341_000;1.0;4.2;24.0;noise;0.3;;;;;
Car381009-2026-Pass1-Z1-2MU00693_20260730_014341_000;0.0;5.0;40.0;Pipkuh;0.98;;;;;
Car381009-2026-Pass1-Z1-2MU00693_20260730_014358_000;0.0;3.1;32.0;Leppun;0.41;;;;;
Car381009-2026-Pass1-Z1-2MU00693_20260730_014358_000;0.0;5.0;24.0;Phogri;0.33;;;;;
Car381009-2026-Pass1-Z1-2MU00693_20260730_014358_000;0.7;5.0;44.0;Pipkuh;0.99;;;;;
Car381009-2026-Pass1-Z1-2MU00693_20260730_014358_000;0.0;4.6;47.0;Pippip;0.98;;;;;
Car381009-2026-Pass1-Z1-2MU00693_20260730_014358_000;3.2;4.0;10.0;Tetvir;0.71;;;;;
Car381009-2026-Pass1-Z1-2MU00693_20260730_014413_000;0.0;0.6;34.0;Leppun;0.77;;;;;
Car381009-2026-Pass1-Z1-2MU00693_20260730_014413_000;0.0;0.8;19.0;Phogri;0.41;;;;;
Car381009-2026-Pass1-Z1-2MU00693_20260730_014413_000;0.0;1.1;14.0;noise;0.06;Tetvir;;;;
Car381009-2026-Pass1-Z1-2MU00693_20260730_014413_000;0.2;2.0;39.0;Pipkuh;0.98;;;;;
Car381009-2026-Pass1-Z1-2MU00693_20260730_014413_000;0.4;1.8;48.0;Pippip;0.98;;;;;
Car381009-2026-Pass1-Z1-2MU00693_20260730_014416_000;0.0;0.1;40.0;Leppun;0.82;;;;;
Car381009-2026-Pass1-Z1-2MU00693_20260730_014416_000;0.4;1.8;26.0;noise;0.11;Phogri;;;;
Car381009-2026-Pass1-Z1-2MU00693_20260730_014416_000;0.2;5.0;39.0;Pipkuh;0.99;;;;;
Car381009-2026-Pass1-Z1-2MU00693_20260730_014416_000;0.1;4.7;48.0;Pippip;0.97;;;;;
Car381009-2026-Pass1-Z1-2MU00693_20260730_014416_000;0.0;4.7;32.0;Testes;0.58;;;;;
Car381009-2026-Pass1-Z1-2MU00693_20260730_014416_000;0.1;4.5;14.0;Tetvir;0.9;;;;;
Car381009-2026-Pass1-Z1-2MU00693_20260730_014458_000;0.0;3.5;42.0;Leppun;0.87;;;;;
Car381009-2026-Pass1-Z1-2MU00693_20260730_014458_000;0.0;5.0;45.0;Pipkuh;0.97;;;;;
Car381009-2026-Pass1-Z1-2MU00693_20260730_014458_000;1.0;1.6;47.0;Pippip;0.96;;;;;
Car381009-2026-Pass1-Z1-2MU00693_20260730_014458_000;1.4;3.5;30.0;Testes;0.85;;;;;
Car381009-2026-Pass1-Z1-2MU00693_20260730_014458_000;0.0;4.8;11.0;Tetvir;0.96;;;;;
Car381009-2026-Pass1-Z1-2MU00693_20260730_014551_000;0.0;4.7;41.0;Leppun;0.96;;;;;
Car381009-2026-Pass1-Z1-2MU00693_20260730_014551_000;0.1;5.0;40.0;Pipkuh;0.98;;;;;
Car381009-2026-Pass1-Z1-2MU00693_20260730_014551_000;0.0;5.0;49.0;Pippip;0.99;;;;;
Car381009-2026-Pass1-Z1-2MU00693_20260730_014551_000;2.0;4.9;29.0;Testes;0.67;;;;;
Car381009-2026-Pass1-Z1-2MU00693_20260730_014551_000;0.0;4.6;21.0;Tetvir;0.31;;;;;
Car381009-2026-Pass1-Z1-2MU00693_20260730_014651_000;0.0;4.9;36.0;Leppun;0.95;;;;;
Car381009-2026-Pass1-Z1-2MU00693_20260730_014651_000;0.0;4.8;24.0;noise;0.18;;;;;
Car381009-2026-Pass1-Z1-2MU00693_20260730_014651_000;0.0;4.9;43.0;Pipkuh;0.99;;;;;
Car381009-2026-Pass1-Z1-2MU00693_20260730_014651_000;0.0;4.9;10.0;Tetvir;0.93;;;;;
Car381009-2026-Pass1-Z1-2MU00693_20260730_014752_000;0.4;5.0;36.0;Leppun;0.86;;;;;
Car381009-2026-Pass1-Z1-2MU00693_20260730_014752_000;0.1;5.0;24.0;noise;0.25;Tetvir;;;;
Car381009-2026-Pass1-Z1-2MU00693_20260730_014752_000;0.0;4.9;38.0;Pipkuh;0.58;;;;;
Car381009-2026-Pass1-Z1-2MU00693_20260730_014752_000;0.2;5.0;48.0;Pippip;0.98;;;;;
Car381009-2026-Pass1-Z1-2MU00693_20260730_014852_000;0.0;5.0;36.0;Leppun;0.96;;;;;
Car381009-2026-Pass1-Z1-2MU00693_20260730_014852_000;0.0;4.7;22.0;Phogri;0.12;noise;;;;
Car381009-2026-Pass1-Z1-2MU00693_20260730_014852_000;0.1;5.0;42.0;Pipkuh;0.99;;;;;
Car381009-2026-Pass1-Z1-2MU00693_20260730_014852_000;0.3;4.5;42.0;Pippip;0.95;;;;;
Car381009-2026-Pass1-Z1-2MU00693_20260730_014952_000;0.0;5.0;37.0;Leppun;0.95;;;;;
Car381009-2026-Pass1-Z1-2MU00693_20260730_014952_000;0.0;5.0;50.0;Pippip;0.99;;;;;
Car381009-2026-Pass1-Z1-2MU00693_20260730_014952_000;0.1;5.0;10.0;Tetvir;0.55;;;;;
Car381009-2026-Pass1-Z1-2MU00693_20260730_015052_000;1.3;5.0;39.0;Leppun;0.75;;;;;
Car381009-2026-Pass1-Z1-2MU00693_20260730_015052_000;0.1;4.9;22.0;Tetvir;0.13;noise;;;;
Car381009-2026-Pass1-Z1-2MU00693_20260730_015052_000;0.0;5.0;38.0;Pipnat;0.84;;;;;
Car381009-2026-Pass1-Z1-2MU00693_20260730_015052_000;0.0;4.1;47.0;Pippip;0.97;;;;;
Car381009-2026-Pass1-Z1-2MU00693_20260730_015153_000;0.1;3.8;39.0;Leppun;0.61;;;;;
Car381009-2026-Pass1-Z1-2MU00693_20260730_015153_000;0.2;2.9;25.0;Phogri;0.61;;;;;
Car381009-2026-Pass1-Z1-2MU00693_20260730_015153_000;0.0;2.1;44.0;Pipkuh;0.97;;;;;
Car381009-2026-Pass1-Z1-2MU00693_20260730_015153_000;0.5;5.0;51.0;Pippip;0.99;;;;;
Car381009-2026-Pass1-Z1-2MU00693_20260730_015153_000;0.2;4.7;11.0;Tetvir;0.93;;;;;
Car381009-2026-Pass1-Z1-2MU00693_20260730_015207_000;0.0;2.5;38.0;Leppun;0.96;;;;;
Car381009-2026-Pass1-Z1-2MU00693_20260730_015207_000;0.0;3.6;21.0;noise;0.17;;;;;
Car381009-2026-Pass1-Z1-2MU00693_20260730_015212_000;0.0;1.2;39.0;Leppun;0.95;;;;;
Car381009-2026-Pass1-Z1-2MU00693_20260730_015212_000;0.2;2.1;22.0;noise;0.44;Tetvir;;;;
Car381009-2026-Pass1-Z1-2MU00693_20260730_015216_000;0.0;4.5;39.0;Leppun;0.95;;;;;
Car381009-2026-Pass1-Z1-2MU00693_20260730_015216_000;0.0;5.0;26.0;noise;0.19;;;;;
Car381009-2026-Pass1-Z1-2MU00693_20260730_015240_000;0.0;3.3;42.0;Leppun;0.95;;;;;
Car381009-2026-Pass1-Z1-2MU00693_20260730_015240_000;0.4;3.9;24.0;Phogri;0.74;;;;;
Car381009-2026-Pass1-Z1-2MU00693_20260730_015240_000;2.1;4.4;51.0;Pippip;0.99;;;;;
Car381009-2026-Pass1-Z1-2MU00693_20260730_015240_000;0.4;3.8;25.0;Tetvir;0.52;;;;;
Car381009-2026-Pass1-Z1-2MU00693_20260730_015245_000;0.0;4.1;39.0;Leppun;0.9;;;;;
Car381009-2026-Pass1-Z1-2MU00693_20260730_015245_000;0.3;4.5;26.0;noise;0.09;Phogri;;;;
Car381009-2026-Pass1-Z1-2MU00693_20260730_015245_000;0.0;4.5;59.0;Pippip;0.99;;;;;
Car381009-2026-Pass1-Z1-2MU00693_20260730_015328_000;0.0;1.0;34.0;Leppun;0.98;;;;;
Car381009-2026-Pass1-Z1-2MU00693_20260730_015328_000;0.9;1.2;26.0;Phogri;0.46;;;;;
Car381009-2026-Pass1-Z1-2MU00693_20260730_015328_000;0.0;1.2;9.0;Tetvir;0.78;;;;;
Car381009-2026-Pass1-Z1-2MU00693_20260730_015330_000;0.0;5.0;37.0;Leppun;0.92;;;;;
Car381009-2026-Pass1-Z1-2MU00693_20260730_015330_000;0.2;5.0;26.0;Phogri;0.84;;;;;
Car381009-2026-Pass1-Z1-2MU00693_20260730_015330_000;0.6;4.8;10.0;Tetvir;0.92;;;;;
Car381009-2026-Pass1-Z1-2MU00693_20260730_015337_000;0.1;4.2;15.0;noise;0.12;;;;;
Car381009-2026-Pass1-Z1-2MU00693_20260730_015337_000;0.0;4.8;34.0;Testes;0.86;;;;;
Car381009-2026-Pass1-Z1-2MU00693_20260730_015337_000;2.0;4.8;23.0;Tetvir;0.38;;;;;
Car381009-2026-Pass1-Z1-2MU00693_20260730_015344_000;0.0;2.4;40.0;Leppun;0.97;;;;;
Car381009-2026-Pass1-Z1-2MU00693_20260730_015344_000;0.0;4.0;40.0;Pipkuh;0.98;;;;;
Car381009-2026-Pass1-Z1-2MU00693_20260730_015344_000;0.2;4.4;53.0;Pippip;0.98;;;;;
Car381009-2026-Pass1-Z1-2MU00693_20260730_015344_000;0.4;2.6;23.0;Tetvir;0.41;;;;;
Car381009-2026-Pass1-Z1-2MU00693_20260730_015350_000;0.5;3.9;39.0;Leppun;0.94;;;;;
Car381009-2026-Pass1-Z1-2MU00693_20260730_015350_000;1.3;5.0;22.0;Phogri;0.81;;;;;
Car381009-2026-Pass1-Z1-2MU00693_20260730_015350_000;0.0;4.3;38.0;Pipnat;0.59;;;;;
Car381009-2026-Pass1-Z1-2MU00693_20260730_015350_000;0.0;5.0;61.0;Pippip;0.99;;;;;
Car381009-2026-Pass1-Z1-2MU00693_20260730_015350_000;4.6;4.8;10.0;Tetvir;0.48;;;;;
Car381009-2026-Pass1-Z1-2MU00693_20260730_015417_000;0.0;4.7;37.0;Leppun;0.97;;;;;
Car381009-2026-Pass1-Z1-2MU00693_20260730_015417_000;0.9;4.8;24.0;Phogri;0.82;;;;;
Car381009-2026-Pass1-Z1-2MU00693_20260730_015417_000;0.2;4.7;11.0;Tetvir;0.95;;;;;
Car381009-2026-Pass1-Z1-2MU00693_20260730_015503_000;0.0;1.6;35.0;Leppun;0.97;;;;;
Car381009-2026-Pass1-Z1-2MU00693_20260730_015503_000;0.9;1.7;24.0;Phogri;0.69;;;;;
Car381009-2026-Pass1-Z1-2MU00693_20260730_015506_000;0.0;4.7;37.0;Leppun;0.67;;;;;
Car381009-2026-Pass1-Z1-2MU00693_20260730_015506_000;0.6;4.9;21.0;Tetvir;0.95;;;;;
Car381009-2026-Pass1-Z1-2MU00693_20260730_015514_000;0.0;1.1;36.0;Leppun;0.97;;;;;
Car381009-2026-Pass1-Z1-2MU00693_20260730_015514_000;0.7;0.8;25.0;Phogri;0.71;;;;;
Car381009-2026-Pass1-Z1-2MU00693_20260730_015514_000;0.2;1.8;16.0;Tetvir;0.9;;;;;
Car381009-2026-Pass1-Z1-2MU00693_20260730_015517_000;0.0;1.9;37.0;Leppun;0.97;;;;;
Car381009-2026-Pass1-Z1-2MU00693_20260730_015517_000;0.3;1.1;10.0;Tetvir;0.71;;;;;
Car381009-2026-Pass1-Z1-2MU00693_20260730_015519_000;0.0;1.7;30.0;Leppun;0.99;;;;;
Car381009-2026-Pass1-Z1-2MU00693_20260730_015519_000;0.5;0.6;22.0;noise;0.27;;;;;
Car381009-2026-Pass1-Z1-2MU00693_20260730_015519_000;1.1;1.3;25.0;Plaint;0.06;Phogri;;;;
Car381009-2026-Pass1-Z1-2MU00693_20260730_015519_000;1.3;1.4;10.0;Tetvir;0.61;;;;;
Car381009-2026-Pass1-Z1-2MU00693_20260730_015522_000;0.0;4.9;38.0;Leppun;0.96;;;;;
Car381009-2026-Pass1-Z1-2MU00693_20260730_015522_000;0.7;4.8;27.0;noise;0.17;Phogri;;;;
Car381009-2026-Pass1-Z1-2MU00693_20260730_015522_000;0.9;4.7;48.0;Pippip;0.99;;;;;
Car381009-2026-Pass1-Z1-2MU00693_20260730_015522_000;0.7;4.5;22.0;Tetvir;0.88;;;;;
Car381009-2026-Pass1-Z1-2MU00693_20260730_015534_000;0.0;5.0;38.0;Leppun;0.93;;;;;
Car381009-2026-Pass1-Z1-2MU00693_20260730_015534_000;0.0;4.2;25.0;Phogri;0.72;;;;;
Car381009-2026-Pass1-Z1-2MU00693_20260730_015534_000;0.0;2.8;9.0;Tetvir;0.92;;;;;
Car381009-2026-Pass1-Z1-2MU00693_20260730_015637_000;0.8;2.9;38.0;Leppun;0.28;;;;;
Car381009-2026-Pass1-Z1-2MU00693_20260730_015637_000;0.0;4.9;51.0;Pippip;0.99;;;;;
Car381009-2026-Pass1-Z1-2MU00693_20260730_015637_000;0.2;4.2;24.0;Tetvir;0.65;;;;;
Car381009-2026-Pass1-Z1-2MU00693_20260730_015644_000;0.0;0.9;31.0;Leppun;0.35;;;;;
Car381009-2026-Pass1-Z1-2MU00693_20260730_015644_000;0.8;2.0;25.0;noise;0.08;;;;;
Car381009-2026-Pass1-Z1-2MU00693_20260730_015644_000;0.2;1.0;46.0;Pippip;0.92;;;;;
Car381009-2026-Pass1-Z1-2MU00693_20260730_015659_000;0.0;2.3;37.0;Leppun;0.84;;;;;
Car381009-2026-Pass1-Z1-2MU00693_20260730_015659_000;1.0;1.6;28.0;Testes;0.1;;;;;
Car381009-2026-Pass1-Z1-2MU00693_20260730_015659_000;0.8;2.5;10.0;Tetvir;0.92;;;;;
Car381009-2026-Pass1-Z1-2MU00693_20260730_015704_000;0.0;4.9;39.0;Leppun;0.95;;;;;
Car381009-2026-Pass1-Z1-2MU00693_20260730_015704_000;1.8;2.6;11.0;noise;0.09;;;;;
Car381009-2026-Pass1-Z1-2MU00693_20260730_015704_000;0.2;5.0;24.0;Phogri;0.06;Plaint;;;;
Car381009-2026-Pass1-Z1-2MU00693_20260730_015704_000;0.9;2.4;28.0;Pleaus;0.09;;;;;
Car381009-2026-Pass1-Z1-2MU00693_20260730_015730_000;0.0;1.2;35.0;Leppun;0.29;;;;;
Car381009-2026-Pass1-Z1-2MU00693_20260730_015730_000;0.9;2.0;25.0;Phogri;0.46;;;;;
Car381009-2026-Pass1-Z1-2MU00693_20260730_015735_000;0.0;1.6;36.0;noise;0.13;;;;;
Car381009-2026-Pass1-Z1-2MU00693_20260730_015735_000;0.0;1.4;25.0;Phogri;0.64;;;;;
Car381009-2026-Pass1-Z1-2MU00693_20260730_015739_000;0.2;4.4;28.0;noise;0.22;;;;;
Car381009-2026-Pass1-Z1-2MU00693_20260730_015739_000;0.2;5.0;46.0;Pipkuh;0.99;;;;;
Car381009-2026-Pass1-Z1-2MU00693_20260730_015750_000;0.0;1.3;32.0;Leppun;0.51;;;;;
Car381009-2026-Pass1-Z1-2MU00693_20260730_015750_000;0.9;1.0;42.0;Pipkuh;0.61;;;;;
Car381009-2026-Pass1-Z1-2MU00693_20260730_015750_000;0.2;1.8;22.0;noise;0.05;Phogri, Plaint;;;;
Car381009-2026-Pass1-Z1-2MU00693_20260730_015752_000;0.0;2.0;28.0;Leppun;0.87;;;;;
Car381009-2026-Pass1-Z1-2MU00693_20260730_015752_000;0.3;1.9;21.0;noise;0.23;;;;;
Car381009-2026-Pass1-Z1-2MU00693_20260730_015755_000;0.0;1.9;37.0;Leppun;0.8;;;;;
Car381009-2026-Pass1-Z1-2MU00693_20260730_015755_000;1.2;1.3;20.0;noise;0.42;;;;;
Car381009-2026-Pass1-Z1-2MU00693_20260730_015800_000;0.0;3.6;37.0;Leppun;0.97;;;;;
Car381009-2026-Pass1-Z1-2MU00693_20260730_015800_000;0.2;3.6;24.0;Phogri;0.79;;;;;
Car381009-2026-Pass1-Z1-2MU00693_20260730_015804_000;0.0;4.0;33.0;Leppun;0.37;;;;;
Car381009-2026-Pass1-Z1-2MU00693_20260730_015804_000;0.1;3.9;25.0;noise;0.2;;;;;
Car381009-2026-Pass1-Z1-2MU00693_20260730_015804_000;3.3;3.6;46.0;Pippip;0.86;;;;;
Car381009-2026-Pass1-Z1-2MU00693_20260730_015804_000;0.2;2.0;30.0;Testes;0.44;;;;;
Car381009-2026-Pass1-Z1-2MU00693_20260730_015808_000;2.2;4.9;35.0;Hypsav;0.92;;;;;
Car381009-2026-Pass1-Z1-2MU00693_20260730_015808_000;0.0;4.5;35.0;Leppun;0.92;;;;;
Car381009-2026-Pass1-Z1-2MU00693_20260730_015808_000;0.1;4.7;46.0;Pippip;0.97;;;;;
Car381009-2026-Pass1-Z1-2MU00693_20260730_015808_000;1.1;4.1;29.0;Testes;0.66;;;;;
Car381009-2026-Pass1-Z1-2MU00693_20260730_015808_000;0.0;0.1;10.0;Tetvir;0.07;noise, Phogri;;;;
Car381009-2026-Pass1-Z1-2MU00693_20260730_015909_000;0.4;4.7;33.0;Leppun;0.93;;;;;
Car381009-2026-Pass1-Z1-2MU00693_20260730_015909_000;0.9;4.6;28.0;noise;0.21;;;;;
Car381009-2026-Pass1-Z1-2MU00693_20260730_015909_000;0.0;4.8;40.0;Pipkuh;0.99;;;;;
Car381009-2026-Pass1-Z1-2MU00693_20260730_015909_000;1.1;4.5;10.0;Tetvir;0.91;;;;;
Car381009-2026-Pass1-Z1-2MU00693_20260730_015956_000;0.0;1.2;39.0;Leppun;0.97;;;;;
Car381009-2026-Pass1-Z1-2MU00693_20260730_015956_000;0.3;0.8;25.0;noise;0.82;;;;;
Car381009-2026-Pass1-Z1-2MU00693_20260730_015959_000;0.0;1.6;33.0;Leppun;0.53;;;;;
Car381009-2026-Pass1-Z1-2MU00693_20260730_015959_000;0.2;1.8;22.0;noise;0.11;Tetvir, Phogri;;;;
Car381009-2026-Pass1-Z1-2MU00693_20260730_020001_000;0.0;4.5;38.0;Leppun;0.85;;;;;
Car381009-2026-Pass1-Z1-2MU00693_20260730_020001_000;1.5;4.6;26.0;noise;0.12;Phogri;;;;
Car381009-2026-Pass1-Z1-2MU00693_20260730_020001_000;3.8;4.7;24.0;Nyclei;0.22;;;;;
Car381009-2026-Pass1-Z1-2MU00693_20260730_020001_000;1.0;4.9;14.0;Tetvir;0.87;;;;;
Car381009-2026-Pass1-Z1-2MU00693_20260730_020009_000;0.0;1.8;37.0;Leppun;0.5;;;;;
Car381009-2026-Pass1-Z1-2MU00693_20260730_020009_000;0.0;0.7;50.0;Pippip;0.98;;;;;
Car381009-2026-Pass1-Z1-2MU00693_20260730_020009_000;1.1;1.9;27.0;Testes;0.15;noise;;;;
Car381009-2026-Pass1-Z1-2MU00693_20260730_020009_000;0.4;1.6;19.0;Tetvir;0.57;;;;;
Car381009-2026-Pass1-Z1-2MU00693_20260730_020012_000;0.0;1.8;31.0;Leppun;0.12;noise;;;;
Car381009-2026-Pass1-Z1-2MU00693_20260730_020012_000;1.1;1.8;21.0;noise;0.09;Phogri;;;;
Car381009-2026-Pass1-Z1-2MU00693_20260730_020018_000;0.0;5.0;15.0;noise;0.13;Phogri;;;;
Car381009-2026-Pass1-Z1-2MU00693_20260730_020018_000;0.0;4.9;49.0;Pippip;0.98;;;;;
Car381009-2026-Pass1-Z1-2MU00693_20260730_020018_000;0.0;5.0;34.0;Testes;0.7;;;;;
Car381009-2026-Pass1-Z1-2MU00693_20260730_020045_000;0.0;4.7;24.0;noise;0.06;Isopyr, Cyrscu, Phogri;;;;
Car381009-2026-Pass1-Z1-2MU00693_20260730_020045_000;0.0;4.9;39.0;Pipkuh;0.74;;;;;
Car381009-2026-Pass1-Z1-2MU00693_20260730_020045_000;0.0;5.0;11.0;Tetvir;0.94;;;;;
Car381009-2026-Pass1-Z1-2MU00693_20260730_020059_000;0.1;3.1;24.0;noise;0.18;;;;;
Car381009-2026-Pass1-Z1-2MU00693_20260730_020059_000;0.3;2.0;15.0;Phanan;0.06;Phogri;;;;
Car381009-2026-Pass1-Z1-2MU00693_20260730_020059_000;1.6;3.2;45.0;Pippip;0.98;;;;;
Car381009-2026-Pass1-Z1-2MU00693_20260730_020059_000;0.0;1.7;35.0;Testes;0.68;;;;;
Car381009-2026-Pass1-Z1-2MU00693_20260730_020103_000;0.0;5.0;38.0;Pipkuh;0.99;;;;;
Car381009-2026-Pass1-Z1-2MU00693_20260730_020103_000;0.0;4.9;44.0;Pippip;0.98;;;;;
Car381009-2026-Pass1-Z1-2MU00693_20260730_020103_000;0.0;4.6;28.0;Testes;0.51;;;;;
Car381009-2026-Pass1-Z1-2MU00693_20260730_020103_000;0.1;4.4;10.0;Tetvir;0.94;;;;;
Car381009-2026-Pass1-Z1-2MU00693_20260730_020123_000;0.3;1.9;22.0;noise;0.1;Tetvir;;;;
Car381009-2026-Pass1-Z1-2MU00693_20260730_020123_000;0.1;2.0;39.0;Pipkuh;0.98;;;;;
Car381009-2026-Pass1-Z1-2MU00693_20260730_020123_000;0.0;1.3;30.0;Testes;0.05;Yposp, Insp12, Antsp;;;;
Car381009-2026-Pass1-Z1-2MU00693_20260730_020125_000;0.0;5.0;42.0;Pipkuh;0.99;;;;;
Car381009-2026-Pass1-Z1-2MU00693_20260730_020125_000;0.2;4.7;23.0;Tetvir;0.63;;;;;
Car381009-2026-Pass1-Z1-2MU00693_20260730_020137_000;0.0;4.6;33.0;Hypsav;0.95;;;;;
Car381009-2026-Pass1-Z1-2MU00693_20260730_020137_000;0.5;5.0;51.0;Pippip;0.99;;;;;
Car381009-2026-Pass1-Z1-2MU00693_20260730_020137_000;1.3;4.9;29.0;Testes;0.57;;;;;
Car381009-2026-Pass1-Z1-2MU00693_20260730_020137_000;0.5;5.0;14.0;Tetvir;0.79;;;;;
Car381009-2026-Pass1-Z1-2MU00693_20260730_020158_000;1.1;4.5;36.0;noise;0.2;;;;;
Car381009-2026-Pass1-Z1-2MU00693_20260730_020158_000;0.0;4.8;39.0;Pipkuh;0.99;;;;;
Car381009-2026-Pass1-Z1-2MU00693_20260730_020158_000;0.4;4.5;25.0;Phogri;0.14;;;;;
Car381009-2026-Pass1-Z1-2MU00693_20260730_020158_000;0.3;4.6;11.0;Tetvir;0.92;;;;;
Car381009-2026-Pass1-Z1-2MU00693_20260730_020207_000;0.4;4.9;26.0;noise;0.28;;;;;
Car381009-2026-Pass1-Z1-2MU00693_20260730_020207_000;0.0;5.0;41.0;Pipkuh;0.93;;;;;
Car381009-2026-Pass1-Z1-2MU00693_20260730_020241_000;0.0;5.0;32.0;Leppun;0.92;;;;;
Car381009-2026-Pass1-Z1-2MU00693_20260730_020241_000;0.0;5.0;50.0;Pippip;0.99;;;;;
Car381009-2026-Pass1-Z1-2MU00693_20260730_020241_000;0.0;4.9;24.0;Phogri;0.09;Plaint, noise;;;;
Car381009-2026-Pass1-Z1-2MU00693_20260730_020241_000;0.0;4.7;24.0;Tetvir;0.58;;;;;
Car381009-2026-Pass1-Z1-2MU00693_20260730_020304_000;0.2;4.8;26.0;Eptser;0.2;;;;;
Car381009-2026-Pass1-Z1-2MU00693_20260730_020304_000;0.0;4.3;38.0;Leppun;0.95;;;;;
Car381009-2026-Pass1-Z1-2MU00693_20260730_020304_000;0.6;3.3;25.0;Phogri;0.48;;;;;
Car381009-2026-Pass1-Z1-2MU00693_20260730_020304_000;0.2;4.8;23.0;Tetvir;0.84;;;;;
Car381009-2026-Pass1-Z1-2MU00693_20260730_020339_000;0.0;5.0;37.0;Leppun;0.96;;;;;
Car381009-2026-Pass1-Z1-2MU00693_20260730_020339_000;0.0;4.6;27.0;noise;0.14;;;;;
Car381009-2026-Pass1-Z1-2MU00693_20260730_020339_000;0.2;1.8;47.0;Pippip;0.99;;;;;
Car381009-2026-Pass1-Z1-2MU00693_20260730_020339_000;0.0;4.9;23.0;Tetvir;0.91;;;;;
Car381009-2026-Pass1-Z1-2MU00693_20260730_020349_000;0.0;4.3;37.0;Leppun;0.96;;;;;
Car381009-2026-Pass1-Z1-2MU00693_20260730_020349_000;0.4;4.6;24.0;noise;0.2;;;;;
Car381009-2026-Pass1-Z1-2MU00693_20260730_020349_000;0.0;4.6;23.0;Barfis;0.07;;;;;
Car381009-2026-Pass1-Z1-2MU00693_20260730_020355_000;0.0;1.8;34.0;Leppun;0.92;;;;;
Car381009-2026-Pass1-Z1-2MU00693_20260730_020355_000;0.0;2.2;25.0;noise;0.1;Phogri;;;;
Car381009-2026-Pass1-Z1-2MU00693_20260730_020358_000;0.0;0.9;30.0;Leppun;0.98;;;;;
Car381009-2026-Pass1-Z1-2MU00693_20260730_020358_000;1.4;1.5;22.0;noise;0.05;;;;;
Car381009-2026-Pass1-Z1-2MU00693_20260730_020358_000;0.1;1.0;10.0;Tetvir;0.84;;;;;
Car381009-2026-Pass1-Z1-2MU00693_20260730_020401_000;0.0;2.0;39.0;Leppun;0.95;;;;;
Car381009-2026-Pass1-Z1-2MU00693_20260730_020401_000;0.7;2.6;25.0;Phogri;0.1;;;;;
Car381009-2026-Pass1-Z1-2MU00693_20260730_020404_000;0.0;4.9;38.0;Leppun;0.97;;;;;
Car381009-2026-Pass1-Z1-2MU00693_20260730_020404_000;0.0;5.0;23.0;noise;0.22;;;;;
Car381009-2026-Pass1-Z1-2MU00693_20260730_020404_000;0.0;4.3;25.0;Phogri;0.04;Plaint, Barfis, Tetvir, Sepsep;;;;
Car381009-2026-Pass1-Z1-2MU00693_20260730_020416_000;0.0;3.9;39.0;Leppun;0.97;;;;;
Car381009-2026-Pass1-Z1-2MU00693_20260730_020416_000;0.3;4.2;23.0;Phogri;0.08;Plaint, noise;;;;
Car381009-2026-Pass1-Z1-2MU00693_20260730_020416_000;0.0;4.7;10.0;Tetvir;0.93;;;;;
Car381009-2026-Pass1-Z1-2MU00693_20260730_020445_000;0.0;4.7;40.0;Leppun;0.95;;;;;
Car381009-2026-Pass1-Z1-2MU00693_20260730_020445_000;0.8;4.7;26.0;Rhasp;0.26;;;;;
Car381009-2026-Pass1-Z1-2MU00693_20260730_020445_000;0.1;5.0;11.0;Tetvir;0.96;;;;;
Car381009-2026-Pass1-Z1-2MU00693_20260730_020504_000;0.0;0.9;28.0;Leppun;0.97;;;;;
Car381009-2026-Pass1-Z1-2MU00693_20260730_020504_000;0.2;2.1;11.0;Tetvir;0.97;;;;;
Car381009-2026-Pass1-Z1-2MU00693_20260730_020506_000;0.0;3.8;38.0;Leppun;0.97;;;;;
Car381009-2026-Pass1-Z1-2MU00693_20260730_020506_000;0.2;5.0;24.0;Plaint;0.03;Phogri, noise;;;;
Car381009-2026-Pass1-Z1-2MU00693_20260730_020506_000;0.0;5.0;11.0;Tetvir;0.97;;;;;
Car381009-2026-Pass1-Z1-2MU00693_20260730_020512_000;0.0;1.7;33.0;Leppun;0.98;;;;;
Car381009-2026-Pass1-Z1-2MU00693_20260730_020512_000;0.0;1.8;11.0;Tetvir;0.95;;;;;
Car381009-2026-Pass1-Z1-2MU00693_20260730_020515_000;0.0;1.6;38.0;Leppun;0.93;;;;;
Car381009-2026-Pass1-Z1-2MU00693_20260730_020515_000;0.0;2.1;11.0;Tetvir;0.94;;;;;
Car381009-2026-Pass1-Z1-2MU00693_20260730_020517_000;0.0;4.8;38.0;Leppun;0.93;;;;;
Car381009-2026-Pass1-Z1-2MU00693_20260730_020517_000;1.1;4.5;26.0;Phogri;0.05;noise, Plaint;;;;
Car381009-2026-Pass1-Z1-2MU00693_20260730_020517_000;0.0;5.0;10.0;Tetvir;0.97;;;;;
Car381009-2026-Pass1-Z1-2MU00693_20260730_020533_000;0.0;2.5;37.0;Leppun;0.99;;;;;
Car381009-2026-Pass1-Z1-2MU00693_20260730_020533_000;2.4;2.5;41.0;Pipkuh;0.63;;;;;
Car381009-2026-Pass1-Z1-2MU00693_20260730_020533_000;0.0;2.2;11.0;Tetvir;0.96;;;;;
Car381009-2026-Pass1-Z1-2MU00693_20260730_020536_000;0.1;4.4;38.0;Leppun;0.91;;;;;
Car381009-2026-Pass1-Z1-2MU00693_20260730_020536_000;0.1;1.5;28.0;noise;0.24;;;;;
Car381009-2026-Pass1-Z1-2MU00693_20260730_020536_000;0.0;5.0;44.0;Pipkuh;0.99;;;;;
Car381009-2026-Pass1-Z1-2MU00693_20260730_020536_000;0.0;5.0;11.0;Tetvir;0.97;;;;;
Car381009-2026-Pass1-Z1-2MU00693_20260730_020552_000;0.0;4.0;36.0;Leppun;0.96;;;;;
Car381009-2026-Pass1-Z1-2MU00693_20260730_020552_000;0.7;4.0;27.0;noise;0.32;;;;;
Car381009-2026-Pass1-Z1-2MU00693_20260730_020552_000;2.4;2.6;42.0;Pipkuh;0.84;;;;;
Car381009-2026-Pass1-Z1-2MU00693_20260730_020552_000;2.6;3.9;44.0;Pippip;0.88;;;;;
Car381009-2026-Pass1-Z1-2MU00693_20260730_020552_000;0.0;4.0;11.0;Tetvir;0.95;;;;;
Car381009-2026-Pass1-Z1-2MU00693_20260730_020559_000;0.0;2.2;37.0;Leppun;0.98;;;;;
Car381009-2026-Pass1-Z1-2MU00693_20260730_020559_000;0.7;5.0;51.0;Pippip;0.99;;;;;
Car381009-2026-Pass1-Z1-2MU00693_20260730_020559_000;0.0;5.0;11.0;Tetvir;0.96;;;;;
Car381009-2026-Pass1-Z1-2MU00693_20260730_020626_000;0.0;1.8;40.0;Leppun;0.71;;;;;
Car381009-2026-Pass1-Z1-2MU00693_20260730_020626_000;0.0;2.0;11.0;Tetvir;0.96;;;;;
Car381009-2026-Pass1-Z1-2MU00693_20260730_020631_000;0.0;1.6;33.0;Leppun;0.98;;;;;
Car381009-2026-Pass1-Z1-2MU00693_20260730_020631_000;0.0;1.6;26.0;Phogri;0.8;;;;;
Car381009-2026-Pass1-Z1-2MU00693_20260730_020631_000;0.1;2.0;12.0;Tetvir;0.9;;;;;
Car381009-2026-Pass1-Z1-2MU00693_20260730_020642_000;0.0;3.0;50.0;Leppun;0.95;;;;;
Car381009-2026-Pass1-Z1-2MU00693_20260730_020642_000;1.0;3.0;26.0;Phogri;0.67;;;;;
Car381009-2026-Pass1-Z1-2MU00693_20260730_020642_000;0.0;2.1;28.0;Pleaus;0.6;;;;;
Car381009-2026-Pass1-Z1-2MU00693_20260730_020642_000;0.0;3.1;11.0;Tetvir;0.98;;;;;
Car381009-2026-Pass1-Z1-2MU00693_20260730_020646_000;0.0;1.6;34.0;Leppun;0.98;;;;;
Car381009-2026-Pass1-Z1-2MU00693_20260730_020646_000;0.2;2.1;11.0;Tetvir;0.93;;;;;
Car381009-2026-Pass1-Z1-2MU00693_20260730_020650_000;0.0;1.1;26.0;Leppun;0.42;;;;;
Car381009-2026-Pass1-Z1-2MU00693_20260730_020650_000;0.8;1.1;26.0;Phogri;0.76;;;;;
Car381009-2026-Pass1-Z1-2MU00693_20260730_020650_000;0.3;2.0;50.0;Pippip;0.99;;;;;
Car381009-2026-Pass1-Z1-2MU00693_20260730_020650_000;0.0;2.0;11.0;Tetvir;0.95;;;;;
Car381009-2026-Pass1-Z1-2MU00693_20260730_020654_000;0.0;3.1;30.0;Leppun;0.1;noise;;;;
Car381009-2026-Pass1-Z1-2MU00693_20260730_020654_000;0.0;3.3;56.0;Pippip;0.99;;;;;
Car381009-2026-Pass1-Z1-2MU00693_20260730_020654_000;0.0;3.3;11.0;Tetvir;0.95;;;;;
Car381009-2026-Pass1-Z1-2MU00693_20260730_020659_000;2.0;3.8;38.0;Leppun;0.97;;;;;
Car381009-2026-Pass1-Z1-2MU00693_20260730_020659_000;0.1;3.7;25.0;Phogri;0.76;;;;;
Car381009-2026-Pass1-Z1-2MU00693_20260730_020659_000;0.0;4.0;52.0;Pippip;0.99;;;;;
Car381009-2026-Pass1-Z1-2MU00693_20260730_020659_000;0.0;4.1;11.0;Tetvir;0.97;;;;;
Car381009-2026-Pass1-Z1-2MU00693_20260730_020708_000;0.0;1.9;25.0;Leppun;0.94;;;;;
Car381009-2026-Pass1-Z1-2MU00693_20260730_020708_000;0.0;1.9;11.0;Tetvir;0.97;;;;;
Car381009-2026-Pass1-Z1-2MU00693_20260730_020717_000;0.0;2.4;38.0;Leppun;0.98;;;;;
Car381009-2026-Pass1-Z1-2MU00693_20260730_020717_000;0.6;2.7;51.0;Pippip;0.75;;;;;
Car381009-2026-Pass1-Z1-2MU00693_20260730_020717_000;0.0;2.7;11.0;Tetvir;0.96;;;;;
Car381009-2026-Pass1-Z1-2MU00693_20260730_020723_000;0.0;2.7;28.0;noise;0.15;;;;;
Car381009-2026-Pass1-Z1-2MU00693_20260730_020723_000;0.0;5.0;56.0;Pippip;0.99;;;;;
Car381009-2026-Pass1-Z1-2MU00693_20260730_020723_000;0.0;5.0;11.0;Tetvir;0.98;;;;;
Car381009-2026-Pass1-Z1-2MU00693_20260730_020730_000;1.3;1.4;39.0;Leppun;0.91;;;;;
Car381009-2026-Pass1-Z1-2MU00693_20260730_020730_000;0.0;2.7;25.0;Nyclei;0.99;;;;;
Car381009-2026-Pass1-Z1-2MU00693_20260730_020730_000;0.2;2.2;50.0;Pippip;0.6;;;;;
Car381009-2026-Pass1-Z1-2MU00693_20260730_020730_000;0.0;2.7;11.0;Tetvir;0.97;;;;;
Car381009-2026-Pass1-Z1-2MU00693_20260730_020757_000;0.0;0.1;33.0;Leppun;0.42;;;;;
Car381009-2026-Pass1-Z1-2MU00693_20260730_020757_000;0.5;1.6;26.0;noise;0.11;;;;;
Car381009-2026-Pass1-Z1-2MU00693_20260730_020757_000;0.1;1.9;11.0;Tetvir;0.88;;;;;
Car381009-2026-Pass1-Z1-2MU00693_20260730_020806_000;0.0;1.5;38.0;Leppun;0.98;;;;;
Car381009-2026-Pass1-Z1-2MU00693_20260730_020806_000;1.4;1.9;26.0;Phogri;0.51;;;;;
Car381009-2026-Pass1-Z1-2MU00693_20260730_020806_000;0.0;2.0;11.0;Tetvir;0.93;;;;;
Car381009-2026-Pass1-Z1-2MU00693_20260730_020813_000;0.1;3.8;33.0;Leppun;0.15;noise;;;;
Car381009-2026-Pass1-Z1-2MU00693_20260730_020813_000;0.2;5.0;46.0;Pipkuh;0.99;;;;;
Car381009-2026-Pass1-Z1-2MU00693_20260730_020813_000;0.1;5.0;11.0;Tetvir;0.97;;;;;
Car381009-2026-Pass1-Z1-2MU00693_20260730_020835_000;0.0;5.0;40.0;Leppun;0.73;;;;;
Car381009-2026-Pass1-Z1-2MU00693_20260730_020835_000;0.6;4.5;25.0;Phogri;0.72;;;;;
Car381009-2026-Pass1-Z1-2MU00693_20260730_020835_000;0.0;5.0;11.0;Tetvir;0.97;;;;;
Car381009-2026-Pass1-Z1-2MU00693_20260730_020843_000;0.0;4.6;39.0;Leppun;0.89;;;;;
Car381009-2026-Pass1-Z1-2MU00693_20260730_020843_000;0.5;4.3;26.0;Phogri;0.68;;;;;
Car381009-2026-Pass1-Z1-2MU00693_20260730_020843_000;0.0;5.0;11.0;Tetvir;0.95;;;;;
Car381009-2026-Pass1-Z1-2MU00693_20260730_020853_000;0.0;1.6;40.0;Leppun;0.26;;;;;
Car381009-2026-Pass1-Z1-2MU00693_20260730_020853_000;0.9;5.0;26.0;Nyclei;0.99;;;;;
Car381009-2026-Pass1-Z1-2MU00693_20260730_020853_000;0.0;4.9;41.0;Pipkuh;0.98;;;;;
Car381009-2026-Pass1-Z1-2MU00693_20260730_020853_000;0.0;4.8;11.0;Tetvir;0.92;;;;;
Car381009-2026-Pass1-Z1-2MU00693_20260730_020948_000;0.2;2.0;26.0;noise;0.08;;;;;
Car381009-2026-Pass1-Z1-2MU00693_20260730_020948_000;0.3;1.9;31.0;Testes;0.81;;;;;
Car381009-2026-Pass1-Z1-2MU00693_20260730_020952_000;0.0;1.9;35.0;Leppun;0.95;;;;;
Car381009-2026-Pass1-Z1-2MU00693_20260730_020952_000;0.0;1.1;23.0;Phogri;0.76;;;;;
Car381009-2026-Pass1-Z1-2MU00693_20260730_020957_000;0.0;3.5;37.0;Leppun;0.93;;;;;
Car381009-2026-Pass1-Z1-2MU00693_20260730_020957_000;0.5;4.3;24.0;Phogri;0.74;;;;;
Car381009-2026-Pass1-Z1-2MU00693_20260730_020957_000;0.0;4.3;24.0;Tetvir;0.57;;;;;
Car381009-2026-Pass1-Z1-2MU00693_20260730_021001_000;0.0;4.1;38.0;Leppun;0.77;;;;;
Car381009-2026-Pass1-Z1-2MU00693_20260730_021001_000;1.3;4.1;26.0;Phogri;0.1;;;;;
Car381009-2026-Pass1-Z1-2MU00693_20260730_021001_000;1.3;3.6;24.0;Tetvir;0.76;;;;;
Car381009-2026-Pass1-Z1-2MU00693_20260730_021032_000;0.0;1.1;39.0;Leppun;0.95;;;;;
Car381009-2026-Pass1-Z1-2MU00693_20260730_021032_000;0.7;1.6;26.0;Phogri;0.82;;;;;
Car381009-2026-Pass1-Z1-2MU00693_20260730_021032_000;0.0;2.0;18.0;Tetvir;0.72;;;;;
Car381009-2026-Pass1-Z1-2MU00693_20260730_021034_000;0.0;2.1;42.0;Leppun;0.97;;;;;
Car381009-2026-Pass1-Z1-2MU00693_20260730_021034_000;1.1;3.8;25.0;Phogri;0.44;;;;;
Car381009-2026-Pass1-Z1-2MU00693_20260730_021034_000;0.2;3.5;24.0;Tetvir;0.54;;;;;
Car381009-2026-Pass1-Z1-2MU00693_20260730_021039_000;0.0;1.2;30.0;Leppun;0.71;;;;;
Car381009-2026-Pass1-Z1-2MU00693_20260730_021039_000;0.0;0.6;21.0;Tetvir;0.3;;;;;
Car381009-2026-Pass1-Z1-2MU00693_20260730_021041_000;0.0;1.5;33.0;Leppun;0.96;;;;;
Car381009-2026-Pass1-Z1-2MU00693_20260730_021041_000;0.3;2.4;25.0;Phogri;0.05;Plaint, noise;;;;
Car381009-2026-Pass1-Z1-2MU00693_20260730_021041_000;0.0;0.9;11.0;Tetvir;0.71;;;;;
Car381009-2026-Pass1-Z1-2MU00693_20260730_021045_000;0.0;0.5;39.0;Leppun;0.87;;;;;
Car381009-2026-Pass1-Z1-2MU00693_20260730_021045_000;0.4;2.0;26.0;noise;0.12;Phogri;;;;
Car381009-2026-Pass1-Z1-2MU00693_20260730_021045_000;0.0;2.3;26.0;Phogri;0.09;;;;;
Car381009-2026-Pass1-Z1-2MU00693_20260730_021049_000;0.0;4.9;31.0;Leppun;0.93;;;;;
Car381009-2026-Pass1-Z1-2MU00693_20260730_021049_000;0.5;4.8;26.0;Phogri;0.08;noise;;;;
Car381009-2026-Pass1-Z1-2MU00693_20260730_021049_000;0.0;4.3;24.0;Tetvir;0.42;;;;;
Car381009-2026-Pass1-Z1-2MU00693_20260730_021055_000;0.0;4.6;30.0;Leppun;0.84;;;;;
Car381009-2026-Pass1-Z1-2MU00693_20260730_021055_000;4.1;4.8;50.0;Pippip;0.81;;;;;
Car381009-2026-Pass1-Z1-2MU00693_20260730_021055_000;0.1;4.7;25.0;Phogri;0.12;;;;;
Car381009-2026-Pass1-Z1-2MU00693_20260730_021101_000;0.0;0.8;31.0;Leppun;0.98;;;;;
Car381009-2026-Pass1-Z1-2MU00693_20260730_021101_000;0.0;1.9;25.0;Phogri;0.73;;;;;
Car381009-2026-Pass1-Z1-2MU00693_20260730_021101_000;0.0;2.0;52.0;Pippip;0.98;;;;;
Car381009-2026-Pass1-Z1-2MU00693_20260730_021101_000;0.8;0.9;10.0;Tetvir;0.65;;;;;
Car381009-2026-Pass1-Z1-2MU00693_20260730_021103_000;0.0;4.3;29.0;Leppun;0.9;;;;;
Car381009-2026-Pass1-Z1-2MU00693_20260730_021103_000;0.0;4.2;25.0;Phogri;0.88;;;;;
Car381009-2026-Pass1-Z1-2MU00693_20260730_021103_000;0.1;2.2;51.0;Pippip;0.97;;;;;
Car381009-2026-Pass1-Z1-2MU00693_20260730_021108_000;0.0;0.6;30.0;Leppun;0.97;;;;;
Car381009-2026-Pass1-Z1-2MU00693_20260730_021108_000;0.1;1.4;25.0;Phogri;0.62;;;;;
Car381009-2026-Pass1-Z1-2MU00693_20260730_021108_000;0.9;1.9;39.0;Pipkuh;0.98;;;;;
Car381009-2026-Pass1-Z1-2MU00693_20260730_021111_000;2.1;4.3;38.0;Leppun;0.97;;;;;
Car381009-2026-Pass1-Z1-2MU00693_20260730_021111_000;2.3;4.5;18.0;noise;0.14;;;;;
Car381009-2026-Pass1-Z1-2MU00693_20260730_021111_000;0.0;4.9;40.0;Pipkuh;0.94;;;;;
Car381009-2026-Pass1-Z1-2MU00693_20260730_021111_000;0.1;4.9;24.0;Phogri;0.05;Plaint;;;;
Car381009-2026-Pass1-Z1-2MU00693_20260730_021125_000;0.0;2.1;38.0;Leppun;0.98;;;;;
Car381009-2026-Pass1-Z1-2MU00693_20260730_021125_000;0.2;4.0;24.0;Phogri;0.24;;;;;
Car381009-2026-Pass1-Z1-2MU00693_20260730_021125_000;0.2;3.1;18.0;Tetvir;0.94;;;;;
Car381009-2026-Pass1-Z1-2MU00693_20260730_021129_000;0.0;5.0;37.0;Leppun;0.97;;;;;
Car381009-2026-Pass1-Z1-2MU00693_20260730_021129_000;0.4;4.7;23.0;noise;0.29;;;;;
Car381009-2026-Pass1-Z1-2MU00693_20260730_021129_000;0.4;3.7;25.0;Phogri;0.05;Plaint;;;;
Car381009-2026-Pass1-Z1-2MU00693_20260730_021144_000;0.0;4.1;38.0;Leppun;0.97;;;;;
Car381009-2026-Pass1-Z1-2MU00693_20260730_021144_000;0.7;5.0;24.0;Phogri;0.8;;;;;
Car381009-2026-Pass1-Z1-2MU00693_20260730_021150_000;0.0;0.9;28.0;Leppun;0.97;;;;;
Car381009-2026-Pass1-Z1-2MU00693_20260730_021150_000;0.5;1.8;23.0;noise;0.09;Phogri;;;;
Car381009-2026-Pass1-Z1-2MU00693_20260730_021152_000;0.0;3.9;39.0;Leppun;0.97;;;;;
Car381009-2026-Pass1-Z1-2MU00693_20260730_021152_000;1.0;4.9;24.0;Phogri;0.72;;;;;
Car381009-2026-Pass1-Z1-2MU00693_20260730_021152_000;0.0;4.8;22.0;Tetvir;0.75;;;;;
Car381009-2026-Pass1-Z1-2MU00693_20260730_021201_000;0.0;2.9;39.0;Leppun;0.97;;;;;
Car381009-2026-Pass1-Z1-2MU00693_20260730_021201_000;0.2;4.8;25.0;Phogri;0.1;;;;;
Car381009-2026-Pass1-Z1-2MU00693_20260730_021201_000;3.9;4.4;18.0;Tetvir;0.56;;;;;
Car381009-2026-Pass1-Z1-2MU00693_20260730_021206_000;0.0;1.7;30.0;Leppun;0.98;;;;;
Car381009-2026-Pass1-Z1-2MU00693_20260730_021206_000;1.4;1.6;16.0;Tetvir;0.61;;;;;
Car381009-2026-Pass1-Z1-2MU00693_20260730_021210_000;0.0;2.2;38.0;Leppun;0.63;;;;;
Car381009-2026-Pass1-Z1-2MU00693_20260730_021210_000;0.1;3.8;25.0;Phogri;0.59;;;;;
Car381009-2026-Pass1-Z1-2MU00693_20260730_021210_000;0.1;3.9;23.0;Tetvir;0.07;noise;;;;
Car381009-2026-Pass1-Z1-2MU00693_20260730_021216_000;0.0;3.5;39.0;Leppun;0.94;;;;;
Car381009-2026-Pass1-Z1-2MU00693_20260730_021216_000;0.5;4.7;24.0;Phogri;0.13;;;;;
Car381009-2026-Pass1-Z1-2MU00693_20260730_021216_000;3.9;4.0;10.0;Tetvir;0.32;;;;;
Car381009-2026-Pass1-Z1-2MU00693_20260730_021230_000;0.0;4.8;41.0;Leppun;0.95;;;;;
Car381009-2026-Pass1-Z1-2MU00693_20260730_021230_000;0.7;4.8;26.0;Phogri;0.08;;;;;
Car381009-2026-Pass1-Z1-2MU00693_20260730_021230_000;0.5;4.8;21.0;Tetvir;0.65;;;;;
Car381009-2026-Pass1-Z1-2MU00693_20260730_021258_000;0.0;4.4;33.0;Leppun;0.78;;;;;
Car381009-2026-Pass1-Z1-2MU00693_20260730_021258_000;0.0;4.3;25.0;noise;0.19;;;;;
Car381009-2026-Pass1-Z1-2MU00693_20260730_021258_000;0.2;4.7;24.0;Phogri;0.56;;;;;
Car381009-2026-Pass1-Z1-2MU00693_20260730_021304_000;0.0;1.2;38.0;Leppun;0.98;;;;;
Car381009-2026-Pass1-Z1-2MU00693_20260730_021304_000;0.3;1.7;24.0;Phogri;0.07;noise;;;;
Car381009-2026-Pass1-Z1-2MU00693_20260730_021304_000;0.3;1.1;23.0;noise;0.04;Roeroe, Tetvir, Rhasp;;;;
Car381009-2026-Pass1-Z1-2MU00693_20260730_021307_000;0.0;1.2;39.0;Leppun;0.93;;;;;
Car381009-2026-Pass1-Z1-2MU00693_20260730_021307_000;0.2;2.1;26.0;Phogri;0.8;;;;;
Car381009-2026-Pass1-Z1-2MU00693_20260730_021311_000;0.0;2.8;28.0;Leppun;0.82;;;;;
Car381009-2026-Pass1-Z1-2MU00693_20260730_021311_000;0.5;2.8;24.0;Phogri;0.85;;;;;
Car381009-2026-Pass1-Z1-2MU00693_20260730_021316_000;0.0;2.2;35.0;Leppun;0.6;;;;;
Car381009-2026-Pass1-Z1-2MU00693_20260730_021316_000;0.1;2.2;28.0;noise;0.09;Phogri;;;;
Car381009-2026-Pass1-Z1-2MU00693_20260730_021321_000;0.0;1.7;31.0;Leppun;0.97;;;;;
Car381009-2026-Pass1-Z1-2MU00693_20260730_021321_000;0.1;1.8;24.0;Nyclei;0.22;;;;;
Car381009-2026-Pass1-Z1-2MU00693_20260730_021321_000;1.1;1.8;25.0;Phogri;0.28;;;;;
Car381009-2026-Pass1-Z1-2MU00693_20260730_021324_000;0.0;4.9;24.0;noise;0.2;;;;;
Car381009-2026-Pass1-Z1-2MU00693_20260730_021324_000;0.2;4.7;26.0;Phogri;0.62;;;;;
Car381009-2026-Pass1-Z1-2MU00693_20260730_021324_000;0.0;4.9;59.0;Pippip;0.62;Pippyg;;;;
Car381009-2026-Pass1-Z1-2MU00693_20260730_021338_000;0.0;1.5;26.0;Phogri;0.71;;;;;
Car381009-2026-Pass1-Z1-2MU00693_20260730_021350_000;0.0;2.1;28.0;noise;0.32;;;;;
Car381009-2026-Pass1-Z1-2MU00693_20260730_021350_000;0.9;1.6;26.0;Phogri;0.4;;;;;
Car381009-2026-Pass1-Z1-2MU00693_20260730_021353_000;0.0;1.8;37.0;Leppun;0.98;;;;;
Car381009-2026-Pass1-Z1-2MU00693_20260730_021353_000;0.1;1.8;24.0;noise;0.12;;;;;
Car381009-2026-Pass1-Z1-2MU00693_20260730_021353_000;0.8;1.9;26.0;Phogri;0.64;;;;;
Car381009-2026-Pass1-Z1-2MU00693_20260730_021358_000;0.0;1.7;43.0;Leppun;0.98;;;;;
Car381009-2026-Pass1-Z1-2MU00693_20260730_021358_000;0.2;2.0;22.0;noise;0.06;Eupsp;;;;
Car381009-2026-Pass1-Z1-2MU00693_20260730_021358_000;1.0;2.1;25.0;Phogri;0.56;;;;;
Car381009-2026-Pass1-Z1-2MU00693_20260730_021401_000;0.0;1.7;34.0;Leppun;0.22;;;;;
Car381009-2026-Pass1-Z1-2MU00693_20260730_021401_000;0.8;1.9;26.0;Phogri;0.04;noise, Plaint, Tetvir;;;;
Car381009-2026-Pass1-Z1-2MU00693_20260730_021403_000;0.0;3.3;27.0;Phogri;0.11;noise;;;;
Car381009-2026-Pass1-Z1-2MU00693_20260730_021408_000;0.9;2.8;32.0;Leppun;0.1;noise;;;;
Car381009-2026-Pass1-Z1-2MU00693_20260730_021408_000;0.0;2.8;22.0;Phogri;0.79;;;;;
Car381009-2026-Pass1-Z1-2MU00693_20260730_021413_000;0.0;4.2;32.0;Leppun;0.21;;;;;
Car381009-2026-Pass1-Z1-2MU00693_20260730_021413_000;0.1;5.0;24.0;Phogri;0.11;;;;;
Car381009-2026-Pass1-Z1-2MU00693_20260730_021413_000;0.3;4.5;32.0;Testes;0.19;;;;;
Car381009-2026-Pass1-Z1-2MU00693_20260730_021413_000;0.2;4.8;23.0;Tetvir;0.85;;;;;
Car381009-2026-Pass1-Z1-2MU00693_20260730_021422_000;0.0;3.8;24.0;Phogri;0.38;;;;;
Car381009-2026-Pass1-Z1-2MU00693_20260730_021427_000;0.0;1.7;29.0;Leppun;0.94;;;;;
Car381009-2026-Pass1-Z1-2MU00693_20260730_021427_000;0.1;1.9;23.0;Phogri;0.78;;;;;
Car381009-2026-Pass1-Z1-2MU00693_20260730_021432_000;0.0;2.3;27.0;Leppun;0.96;;;;;
Car381009-2026-Pass1-Z1-2MU00693_20260730_021432_000;0.5;2.3;22.0;Phogri;0.06;noise;;;;
Car381009-2026-Pass1-Z1-2MU00693_20260730_021437_000;0.0;2.1;22.0;Isopyr;0.77;;;;;
Car381009-2026-Pass1-Z1-2MU00693_20260730_021437_000;0.0;1.5;32.0;Leppun;0.97;;;;;
Car381009-2026-Pass1-Z1-2MU00693_20260730_021443_000;1.4;1.5;24.0;Nyclei;0.26;;;;;
Car381009-2026-Pass1-Z1-2MU00693_20260730_021443_000;0.0;3.3;25.0;Phogri;0.69;;;;;
Car381009-2026-Pass1-Z1-2MU00693_20260730_021443_000;1.3;3.4;11.0;Tetvir;0.65;;;;;
Car381009-2026-Pass1-Z1-2MU00693_20260730_021453_000;0.0;2.0;32.0;Leppun;0.94;;;;;
Car381009-2026-Pass1-Z1-2MU00693_20260730_021453_000;0.4;2.0;23.0;Phogri;0.76;;;;;
Car381009-2026-Pass1-Z1-2MU00693_20260730_021453_000;1.0;1.7;10.0;Tetvir;0.94;;;;;
Car381009-2026-Pass1-Z1-2MU00693_20260730_021457_000;0.0;0.7;32.0;Leppun;0.95;;;;;
Car381009-2026-Pass1-Z1-2MU00693_20260730_021457_000;0.2;1.7;24.0;Phogri;0.75;;;;;
Car381009-2026-Pass1-Z1-2MU00693_20260730_021457_000;0.6;1.8;20.0;Tetvir;0.61;;;;;
Car381009-2026-Pass1-Z1-2MU00693_20260730_021505_000;0.0;0.6;36.0;Leppun;0.98;;;;;
Car381009-2026-Pass1-Z1-2MU00693_20260730_021505_000;0.2;2.0;22.0;Phogri;0.78;;;;;
Car381009-2026-Pass1-Z1-2MU00693_20260730_021505_000;0.4;1.0;28.0;noise;0.05;Tetvir, piaf;;;;
Car381009-2026-Pass1-Z1-2MU00693_20260730_021515_000;0.0;1.6;39.0;Leppun;0.96;;;;;
Car381009-2026-Pass1-Z1-2MU00693_20260730_021515_000;0.5;2.1;25.0;Phogri;0.77;;;;;
Car381009-2026-Pass1-Z1-2MU00693_20260730_021515_000;0.8;1.6;47.0;Pippip;0.87;;;;;
Car381009-2026-Pass1-Z1-2MU00693_20260730_021519_000;0.0;3.0;31.0;Leppun;0.98;;;;;
Car381009-2026-Pass1-Z1-2MU00693_20260730_021519_000;0.3;3.0;22.0;Phanan;0.04;Phogri, noise, Tetvir, Cyrscu;;;;
Car381009-2026-Pass1-Z1-2MU00693_20260730_021519_000;0.1;0.5;49.0;Pippip;0.98;;;;;
Car381009-2026-Pass1-Z1-2MU00693_20260730_021519_000;0.3;3.1;25.0;Phogri;0.04;noise, Tetvir, Plaint;;;;
Car381009-2026-Pass1-Z1-2MU00693_20260730_021523_000;0.0;2.8;35.0;Leppun;0.95;;;;;
Car381009-2026-Pass1-Z1-2MU00693_20260730_021523_000;0.0;2.8;24.0;Phogri;0.52;;;;;
Car381009-2026-Pass1-Z1-2MU00693_20260730_021529_000;0.0;1.3;37.0;Leppun;0.98;;;;;
Car381009-2026-Pass1-Z1-2MU00693_20260730_021529_000;0.1;1.3;24.0;Phogri;0.51;;;;;
Car381009-2026-Pass1-Z1-2MU00693_20260730_021529_000;1.5;1.6;9.0;Tetvir;0.76;;;;;
Car381009-2026-Pass1-Z1-2MU00693_20260730_021534_000;0.0;2.0;36.0;Leppun;0.92;;;;;
Car381009-2026-Pass1-Z1-2MU00693_20260730_021534_000;0.8;1.8;22.0;Phogri;0.04;Tetvir, Plaint, Phanan;;;;
Car381009-2026-Pass1-Z1-2MU00693_20260730_021534_000;1.5;1.7;10.0;noise;0.08;Tetvir;;;;
Car381009-2026-Pass1-Z1-2MU00693_20260730_021534_000;0.5;2.0;36.0;Pipkuh;0.18;Pipnat;;;;
Car381009-2026-Pass1-Z1-2MU00693_20260730_021543_000;0.0;1.6;31.0;Leppun;0.9;;;;;
Car381009-2026-Pass1-Z1-2MU00693_20260730_021543_000;1.2;1.3;10.0;noise;0.22;;;;;
Car381009-2026-Pass1-Z1-2MU00693_20260730_021543_000;0.6;1.6;25.0;Phogri;0.1;;;;;
Car381009-2026-Pass1-Z1-2MU00693_20260730_021547_000;0.0;0.8;33.0;Leppun;0.8;;;;;
Car381009-2026-Pass1-Z1-2MU00693_20260730_021547_000;0.2;1.8;23.0;Cyrscu;0.15;;;;;
Car381009-2026-Pass1-Z1-2MU00693_20260730_021551_000;0.0;0.1;33.0;Leppun;0.96;;;;;
Car381009-2026-Pass1-Z1-2MU00693_20260730_021551_000;0.8;1.9;17.0;noise;0.27;;;;;
Car381009-2026-Pass1-Z1-2MU00693_20260730_021551_000;1.0;1.9;25.0;Phogri;0.79;;;;;
Car381009-2026-Pass1-Z1-2MU00693_20260730_021555_000;0.1;1.6;36.0;Leppun;0.96;;;;;
Car381009-2026-Pass1-Z1-2MU00693_20260730_021555_000;0.0;1.9;24.0;Phogri;0.88;;;;;
Car381009-2026-Pass1-Z1-2MU00693_20260730_021600_000;0.0;0.7;35.0;Leppun;0.98;;;;;
Car381009-2026-Pass1-Z1-2MU00693_20260730_021600_000;1.3;1.8;23.0;noise;0.15;;;;;
Car381009-2026-Pass1-Z1-2MU00693_20260730_021606_000;0.0;0.4;35.0;Leppun;0.98;;;;;
Car381009-2026-Pass1-Z1-2MU00693_20260730_021606_000;0.1;1.9;23.0;noise;0.12;Phogri;;;;
Car381009-2026-Pass1-Z1-2MU00693_20260730_021606_000;0.0;1.9;22.0;Isopyr;0.06;Phogri, Phanan;;;;
Car381009-2026-Pass1-Z1-2MU00693_20260730_021611_000;0.0;0.9;37.0;Leppun;0.96;;;;;
Car381009-2026-Pass1-Z1-2MU00693_20260730_021611_000;0.0;1.8;25.0;noise;0.12;;;;;
Car381009-2026-Pass1-Z1-2MU00693_20260730_021611_000;0.1;1.9;22.0;Phogri;0.79;;;;;
Car381009-2026-Pass1-Z1-2MU00693_20260730_021616_000;0.0;1.1;35.0;Leppun;0.97;;;;;
Car381009-2026-Pass1-Z1-2MU00693_20260730_021616_000;0.6;1.6;21.0;Plaint;0.06;noise, Phogri;;;;
Car381009-2026-Pass1-Z1-2MU00693_20260730_021623_000;0.0;0.1;35.0;Leppun;0.95;;;;;
Car381009-2026-Pass1-Z1-2MU00693_20260730_021623_000;0.2;2.3;23.0;Phogri;0.86;;;;;
Car381009-2026-Pass1-Z1-2MU00693_20260730_021626_000;0.0;1.9;23.0;Phogri;0.45;;;;;
Car381009-2026-Pass1-Z1-2MU00693_20260730_021626_000;0.0;1.9;26.0;Rhasp;0.48;;;;;
Car381009-2026-Pass1-Z1-2MU00693_20260730_021626_000;0.3;1.9;16.0;Tetvir;0.59;;;;;
Car381009-2026-Pass1-Z1-2MU00693_20260730_021628_000;0.0;1.9;34.0;Leppun;0.43;;;;;
Car381009-2026-Pass1-Z1-2MU00693_20260730_021628_000;0.0;1.9;22.0;noise;0.14;;;;;
Car381009-2026-Pass1-Z1-2MU00693_20260730_021628_000;0.8;2.0;22.0;Phogri;0.85;;;;;
Car381009-2026-Pass1-Z1-2MU00693_20260730_021632_000;1.3;2.0;31.0;noise;0.12;Leppun;;;;
Car381009-2026-Pass1-Z1-2MU00693_20260730_021632_000;0.0;3.4;24.0;Phogri;0.54;;;;;
Car381009-2026-Pass1-Z1-2MU00693_20260730_021647_000;0.0;4.9;32.0;Hypsav;0.98;;;;;
Car381009-2026-Pass1-Z1-2MU00693_20260730_021647_000;2.0;2.2;33.0;Leppun;0.29;;;;;
Car381009-2026-Pass1-Z1-2MU00693_20260730_021647_000;0.1;4.9;24.0;Plaint;0.16;;;;;
Car381009-2026-Pass1-Z1-2MU00693_20260730_021647_000;0.4;1.0;16.0;Tetvir;0.58;;;;;
Car381009-2026-Pass1-Z1-2MU00693_20260730_021653_000;0.0;1.4;27.0;Leppun;0.97;;;;;
Car381009-2026-Pass1-Z1-2MU00693_20260730_021653_000;0.3;1.5;25.0;Phogri;0.55;;;;;
Car381009-2026-Pass1-Z1-2MU00693_20260730_021700_000;0.0;1.7;35.0;Leppun;0.9;;;;;
Car381009-2026-Pass1-Z1-2MU00693_20260730_021700_000;0.3;2.1;24.0;Phogri;0.63;;;;;
Car381009-2026-Pass1-Z1-2MU00693_20260730_021705_000;0.0;0.9;33.0;Leppun;0.97;;;;;
Car381009-2026-Pass1-Z1-2MU00693_20260730_021705_000;0.0;1.1;25.0;Phogri;0.04;noise, Tetvir, Phofem, Metbra;;;;
Car381009-2026-Pass1-Z1-2MU00693_20260730_021705_000;0.0;1.1;23.0;Rhasp;0.14;;;;;
Car381009-2026-Pass1-Z1-2MU00693_20260730_021711_000;0.0;1.6;33.0;Leppun;0.98;;;;;
Car381009-2026-Pass1-Z1-2MU00693_20260730_021711_000;0.3;1.9;26.0;noise;0.06;Phogri, Tetvir;;;;
Car381009-2026-Pass1-Z1-2MU00693_20260730_021716_000;0.9;1.7;26.0;Isopyr;0.87;;;;;
Car381009-2026-Pass1-Z1-2MU00693_20260730_021716_000;0.0;1.1;27.0;Leppun;0.72;;;;;
Car381009-2026-Pass1-Z1-2MU00693_20260730_021716_000;1.0;1.7;26.0;Phogri;0.51;;;;;
Car381009-2026-Pass1-Z1-2MU00693_20260730_021720_000;0.0;1.9;34.0;Leppun;0.98;;;;;
Car381009-2026-Pass1-Z1-2MU00693_20260730_021720_000;0.1;2.0;21.0;Phogri;0.7;;;;;
Car381009-2026-Pass1-Z1-2MU00693_20260730_021723_000;0.0;3.1;38.0;Leppun;0.93;;;;;
Car381009-2026-Pass1-Z1-2MU00693_20260730_021723_000;0.4;3.1;25.0;Phogri;0.7;;;;;
Car381009-2026-Pass1-Z1-2MU00693_20260730_021728_000;0.0;3.9;38.0;Leppun;0.98;;;;;
Car381009-2026-Pass1-Z1-2MU00693_20260730_021728_000;0.1;3.4;25.0;noise;0.06;Phogri, Plaint;;;;
Car381009-2026-Pass1-Z1-2MU00693_20260730_021734_000;0.0;2.1;35.0;Leppun;0.97;;;;;
Car381009-2026-Pass1-Z1-2MU00693_20260730_021734_000;0.2;2.1;24.0;Phogri;0.76;;;;;
Car381009-2026-Pass1-Z1-2MU00693_20260730_021738_000;0.0;3.7;39.0;Leppun;0.42;;;;;
Car381009-2026-Pass1-Z1-2MU00693_20260730_021738_000;0.0;5.0;25.0;Phogri;0.53;;;;;
Car381009-2026-Pass1-Z1-2MU00693_20260730_021738_000;1.7;4.1;12.0;Tetvir;0.78;;;;;
Car381009-2026-Pass1-Z1-2MU00693_20260730_021800_000;0.0;0.1;39.0;Leppun;0.97;;;;;
Car381009-2026-Pass1-Z1-2MU00693_20260730_021800_000;0.1;0.8;24.0;Phogri;0.65;;;;;
Car381009-2026-Pass1-Z1-2MU00693_20260730_021800_000;1.0;1.1;50.0;Pippip;0.94;;;;;
Car381009-2026-Pass1-Z1-2MU00693_20260730_021800_000;0.0;0.7;9.0;Tetvir;0.84;;;;;
Car381009-2026-Pass1-Z1-2MU00693_20260730_021802_000;0.0;2.5;33.0;Leppun;0.96;;;;;
Car381009-2026-Pass1-Z1-2MU00693_20260730_021802_000;0.2;2.9;27.0;Phogri;0.78;;;;;
Car381009-2026-Pass1-Z1-2MU00693_20260730_021802_000;1.9;2.8;10.0;Tetvir;0.65;;;;;
Car381009-2026-Pass1-Z1-2MU00693_20260730_021806_000;0.0;1.6;33.0;Leppun;0.96;;;;;
Car381009-2026-Pass1-Z1-2MU00693_20260730_021806_000;1.3;1.4;22.0;Phogri;0.76;;;;;
Car381009-2026-Pass1-Z1-2MU00693_20260730_021806_000;0.0;1.6;25.0;Isopyr;0.07;Cyrscu, noise;;;;
Car381009-2026-Pass1-Z1-2MU00693_20260730_021809_000;0.0;0.7;42.0;Leppun;0.93;;;;;
Car381009-2026-Pass1-Z1-2MU00693_20260730_021809_000;0.5;2.0;25.0;Phogri;0.42;;;;;
Car381009-2026-Pass1-Z1-2MU00693_20260730_021809_000;0.5;0.6;26.0;Testes;0.22;;;;;
Car381009-2026-Pass1-Z1-2MU00693_20260730_021811_000;0.3;2.1;24.0;Isopyr;0.19;;;;;
Car381009-2026-Pass1-Z1-2MU00693_20260730_021811_000;0.0;1.4;26.0;Leppun;0.89;;;;;
Car381009-2026-Pass1-Z1-2MU00693_20260730_021813_000;0.0;0.4;37.0;Leppun;0.98;;;;;
Car381009-2026-Pass1-Z1-2MU00693_20260730_021813_000;0.2;2.0;24.0;Phogri;0.84;;;;;
Car381009-2026-Pass1-Z1-2MU00693_20260730_021813_000;0.2;1.3;21.0;Tetvir;0.56;;;;;
Car381009-2026-Pass1-Z1-2MU00693_20260730_021816_000;0.0;1.5;36.0;Leppun;0.95;;;;;
Car381009-2026-Pass1-Z1-2MU00693_20260730_021816_000;0.0;2.2;22.0;Plaint;0.05;Phogri, noise;;;;
Car381009-2026-Pass1-Z1-2MU00693_20260730_021816_000;0.0;1.5;10.0;Tetvir;0.43;;;;;
Car381009-2026-Pass1-Z1-2MU00693_20260730_021819_000;0.0;0.1;38.0;Leppun;0.89;;;;;
Car381009-2026-Pass1-Z1-2MU00693_20260730_021819_000;0.3;1.9;26.0;Rhasp;0.04;Plaint, Phogri, noise;;;;
Car381009-2026-Pass1-Z1-2MU00693_20260730_021819_000;1.0;1.7;12.0;Tetvir;0.38;;;;;
Car381009-2026-Pass1-Z1-2MU00693_20260730_021821_000;0.0;1.8;39.0;Leppun;0.95;;;;;
Car381009-2026-Pass1-Z1-2MU00693_20260730_021821_000;0.4;1.5;24.0;Phogri;0.06;noise;;;;
Car381009-2026-Pass1-Z1-2MU00693_20260730_021821_000;0.3;0.5;15.0;Tetvir;0.76;;;;;
Car381009-2026-Pass1-Z1-2MU00693_20260730_021824_000;0.0;0.5;38.0;Leppun;0.94;;;;;
Car381009-2026-Pass1-Z1-2MU00693_20260730_021824_000;0.3;2.1;24.0;Phogri;0.69;;;;;
Car381009-2026-Pass1-Z1-2MU00693_20260730_021824_000;0.7;0.9;16.0;noise;0.06;Tetvir, piaf;;;;
Car381009-2026-Pass1-Z1-2MU00693_20260730_021826_000;0.0;2.0;41.0;Leppun;0.92;;;;;
Car381009-2026-Pass1-Z1-2MU00693_20260730_021826_000;0.5;1.7;26.0;noise;0.12;;;;;
Car381009-2026-Pass1-Z1-2MU00693_20260730_021826_000;1.0;1.8;23.0;Phogri;0.05;Plaint;;;;
Car381009-2026-Pass1-Z1-2MU00693_20260730_021830_000;0.0;4.3;39.0;Leppun;0.95;;;;;
Car381009-2026-Pass1-Z1-2MU00693_20260730_021830_000;0.1;5.0;42.0;Pipkuh;0.95;;;;;
Car381009-2026-Pass1-Z1-2MU00693_20260730_021830_000;0.3;3.7;25.0;Phogri;0.21;;;;;
Car381009-2026-Pass1-Z1-2MU00693_20260730_021830_000;0.0;3.4;18.0;Tetvir;0.64;;;;;
Car381009-2026-Pass1-Z1-2MU00693_20260730_021843_000;0.0;2.4;35.0;Leppun;0.98;;;;;
Car381009-2026-Pass1-Z1-2MU00693_20260730_021843_000;0.7;2.5;25.0;Phogri;0.49;;;;;
Car381009-2026-Pass1-Z1-2MU00693_20260730_021843_000;1.9;3.0;11.0;Tetvir;0.73;;;;;
Car381009-2026-Pass1-Z1-2MU00693_20260730_021848_000;0.4;3.0;41.0;Leppun;0.97;;;;;
Car381009-2026-Pass1-Z1-2MU00693_20260730_021848_000;0.4;4.7;22.0;noise;0.18;Phogri;;;;
Car381009-2026-Pass1-Z1-2MU00693_20260730_021848_000;0.0;5.0;45.0;Pipkuh;0.99;;;;;
Car381009-2026-Pass1-Z1-2MU00693_20260730_021904_000;0.0;4.2;34.0;Leppun;0.91;;;;;
Car381009-2026-Pass1-Z1-2MU00693_20260730_021904_000;1.5;4.3;23.0;noise;0.19;;;;;
Car381009-2026-Pass1-Z1-2MU00693_20260730_021904_000;0.1;4.3;26.0;Phogri;0.88;;;;;
Car381009-2026-Pass1-Z1-2MU00693_20260730_021904_000;0.1;3.6;17.0;Tetvir;0.74;;;;;
Car381009-2026-Pass1-Z1-2MU00693_20260730_021909_000;0.0;1.3;48.0;Leppun;0.93;;;;;
Car381009-2026-Pass1-Z1-2MU00693_20260730_021909_000;0.1;2.0;49.0;Pippip;0.99;;;;;
Car381009-2026-Pass1-Z1-2MU00693_20260730_021912_000;0.0;4.1;38.0;Leppun;0.97;;;;;
Car381009-2026-Pass1-Z1-2MU00693_20260730_021912_000;0.2;5.0;25.0;Phogri;0.79;;;;;
Car381009-2026-Pass1-Z1-2MU00693_20260730_021912_000;0.1;5.0;59.0;Pippip;0.99;;;;;
Car381009-2026-Pass1-Z1-2MU00693_20260730_021923_000;0.0;2.1;40.0;Leppun;0.97;;;;;
Car381009-2026-Pass1-Z1-2MU00693_20260730_021923_000;2.6;3.7;18.0;noise;0.21;;;;;
Car381009-2026-Pass1-Z1-2MU00693_20260730_021923_000;0.5;3.2;24.0;Phogri;0.07;;;;;
Car381009-2026-Pass1-Z1-2MU00693_20260730_021928_000;0.0;3.4;38.0;Leppun;0.95;;;;;
Car381009-2026-Pass1-Z1-2MU00693_20260730_021928_000;0.0;3.9;24.0;Phogri;0.7;;;;;
Car381009-2026-Pass1-Z1-2MU00693_20260730_021932_000;0.0;3.7;39.0;Leppun;0.95;;;;;
Car381009-2026-Pass1-Z1-2MU00693_20260730_021932_000;1.3;3.7;23.0;Nyclei;0.37;;;;;
Car381009-2026-Pass1-Z1-2MU00693_20260730_021932_000;0.2;4.7;23.0;Phogri;0.09;Plaint, noise;;;;
Car381009-2026-Pass1-Z1-2MU00693_20260730_021932_000;0.8;4.8;21.0;Tetvir;0.82;;;;;
Car381009-2026-Pass1-Z1-2MU00693_20260730_021942_000;0.0;1.6;38.0;Leppun;0.96;;;;;
Car381009-2026-Pass1-Z1-2MU00693_20260730_021942_000;0.4;1.9;23.0;noise;0.24;;;;;
Car381009-2026-Pass1-Z1-2MU00693_20260730_021942_000;0.4;1.7;24.0;Phogri;0.73;;;;;
Car381009-2026-Pass1-Z1-2MU00693_20260730_021944_000;0.0;1.7;36.0;Leppun;0.94;;;;;
Car381009-2026-Pass1-Z1-2MU00693_20260730_021944_000;0.3;2.0;24.0;Phogri;0.35;;;;;
Car381009-2026-Pass1-Z1-2MU00693_20260730_021946_000;0.0;2.8;41.0;Leppun;0.89;;;;;
Car381009-2026-Pass1-Z1-2MU00693_20260730_021946_000;0.8;4.7;23.0;Phogri;0.41;;;;;
Car381009-2026-Pass1-Z1-2MU00693_20260730_021946_000;3.1;4.7;10.0;Tetvir;0.21;;;;;
Car381009-2026-Pass1-Z1-2MU00693_20260730_021951_000;0.0;3.9;37.0;Leppun;0.92;;;;;
Car381009-2026-Pass1-Z1-2MU00693_20260730_021951_000;0.0;4.1;24.0;noise;0.21;Phogri;;;;
Car381009-2026-Pass1-Z1-2MU00693_20260730_021951_000;0.0;3.9;27.0;Phogri;0.06;Metbra;;;;
Car381009-2026-Pass1-Z1-2MU00693_20260730_021956_000;0.0;1.4;39.0;Leppun;0.95;;;;;
Car381009-2026-Pass1-Z1-2MU00693_20260730_021956_000;0.0;2.0;20.0;noise;0.15;;;;;
Car381009-2026-Pass1-Z1-2MU00693_20260730_021956_000;1.7;1.9;49.0;Pippip;0.97;;;;;
Car381009-2026-Pass1-Z1-2MU00693_20260730_021959_000;0.0;4.7;36.0;Leppun;0.97;;;;;
Car381009-2026-Pass1-Z1-2MU00693_20260730_021959_000;0.0;4.6;26.0;Phogri;0.5;;;;;
Car381009-2026-Pass1-Z1-2MU00693_20260730_021959_000;0.1;4.5;47.0;Pippip;0.99;;;;;
Car381009-2026-Pass1-Z1-2MU00693_20260730_021959_000;0.0;4.9;16.0;Tetvir;0.68;;;;;
Car381009-2026-Pass1-Z1-2MU00693_20260730_022008_000;0.0;1.6;49.0;Phogri;0.55;;;;;
Car381009-2026-Pass1-Z1-2MU00693_20260730_022008_000;0.0;1.8;25.0;Plaint;0.03;noise, Tetvir;;;;
Car381009-2026-Pass1-Z1-2MU00693_20260730_022012_000;0.0;3.5;38.0;Leppun;0.98;;;;;
Car381009-2026-Pass1-Z1-2MU00693_20260730_022012_000;0.2;4.9;48.0;Pippip;0.99;;;;;
Car381009-2026-Pass1-Z1-2MU00693_20260730_022012_000;0.3;4.2;25.0;Phogri;0.12;;;;;
Car381009-2026-Pass1-Z1-2MU00693_20260730_022012_000;0.3;4.8;22.0;Tetvir;0.75;;;;;
Car381009-2026-Pass1-Z1-2MU00693_20260730_022022_000;0.0;5.0;36.0;Leppun;0.86;;;;;
Car381009-2026-Pass1-Z1-2MU00693_20260730_022022_000;0.0;4.8;25.0;Phogri;0.77;;;;;
Car381009-2026-Pass1-Z1-2MU00693_20260730_022032_000;0.0;0.9;46.0;Leppun;0.94;;;;;
Car381009-2026-Pass1-Z1-2MU00693_20260730_022032_000;0.0;1.9;25.0;Phogri;0.84;;;;;
Car381009-2026-Pass1-Z1-2MU00693_20260730_022035_000;0.0;3.5;40.0;Leppun;0.91;;;;;
Car381009-2026-Pass1-Z1-2MU00693_20260730_022035_000;0.2;3.5;25.0;Phogri;0.84;;;;;
Car381009-2026-Pass1-Z1-2MU00693_20260730_022039_000;0.0;4.0;43.0;Leppun;0.98;;;;;
Car381009-2026-Pass1-Z1-2MU00693_20260730_022039_000;0.5;4.0;26.0;noise;0.12;;;;;
Car381009-2026-Pass1-Z1-2MU00693_20260730_022039_000;1.1;3.7;26.0;Phogri;0.71;;;;;
Car381009-2026-Pass1-Z1-2MU00693_20260730_022046_000;0.0;2.6;47.0;Leppun;0.1;noise;;;;
Car381009-2026-Pass1-Z1-2MU00693_20260730_022046_000;0.0;3.1;25.0;Phogri;0.78;;;;;
Car381009-2026-Pass1-Z1-2MU00693_20260730_022046_000;0.9;3.2;47.0;Pippip;0.99;;;;;
Car381009-2026-Pass1-Z1-2MU00693_20260730_022050_000;0.3;2.8;26.0;Phogri;0.5;;;;;
Car381009-2026-Pass1-Z1-2MU00693_20260730_022050_000;0.0;2.7;46.0;Pippip;0.99;;;;;
Car381009-2026-Pass1-Z1-2MU00693_20260730_022053_000;0.0;1.9;51.0;Pippip;0.98;;;;;
Car381009-2026-Pass1-Z1-2MU00693_20260730_022053_000;0.0;1.6;25.0;Phogri;0.08;noise;;;;
Car381009-2026-Pass1-Z1-2MU00693_20260730_022053_000;0.2;0.3;9.0;Tetvir;0.48;;;;;
Car381009-2026-Pass1-Z1-2MU00693_20260730_022059_000;0.0;1.9;24.0;Phogri;0.42;;;;;
Car381009-2026-Pass1-Z1-2MU00693_20260730_022059_000;0.4;0.5;48.0;Pippip;0.9;;;;;
Car381009-2026-Pass1-Z1-2MU00693_20260730_022101_000;0.0;1.9;25.0;Phogri;0.06;noise;;;;
Car381009-2026-Pass1-Z1-2MU00693_20260730_022101_000;0.0;0.1;10.0;Tetvir;0.29;;;;;
Car381009-2026-Pass1-Z1-2MU00693_20260730_022106_000;0.3;2.1;38.0;Leppun;0.37;;;;;
Car381009-2026-Pass1-Z1-2MU00693_20260730_022106_000;0.0;2.1;25.0;Phogri;0.16;;;;;
Car381009-2026-Pass1-Z1-2MU00693_20260730_022115_000;0.0;2.5;26.0;Phogri;0.56;;;;;
Car381009-2026-Pass1-Z1-2MU00693_20260730_022115_000;1.1;2.7;47.0;Pippip;0.99;;;;;
Car381009-2026-Pass1-Z1-2MU00693_20260730_022119_000;0.4;3.9;37.0;Leppun;0.97;;;;;
Car381009-2026-Pass1-Z1-2MU00693_20260730_022119_000;0.0;4.8;24.0;Phogri;0.29;;;;;
Car381009-2026-Pass1-Z1-2MU00693_20260730_022119_000;0.0;5.0;56.0;Pippip;0.99;;;;;
Car381009-2026-Pass1-Z1-2MU00693_20260730_022140_000;0.0;4.2;41.0;Leppun;0.94;;;;;
Car381009-2026-Pass1-Z1-2MU00693_20260730_022140_000;3.0;4.5;38.0;Pipnat;0.6;;;;;
Car381009-2026-Pass1-Z1-2MU00693_20260730_022140_000;0.1;4.9;25.0;Phogri;0.17;;;;;
Car381009-2026-Pass1-Z1-2MU00693_20260730_022140_000;0.0;4.9;11.0;Tetvir;0.95;;;;;
Car381009-2026-Pass1-Z1-2MU00693_20260730_022151_000;0.4;3.7;39.0;Leppun;0.93;;;;;
Car381009-2026-Pass1-Z1-2MU00693_20260730_022151_000;0.0;4.8;22.0;noise;0.28;;;;;
Car381009-2026-Pass1-Z1-2MU00693_20260730_022151_000;0.3;4.2;25.0;Phogri;0.12;;;;;
Car381009-2026-Pass1-Z1-2MU00693_20260730_022157_000;0.0;4.4;38.0;Leppun;0.96;;;;;
Car381009-2026-Pass1-Z1-2MU00693_20260730_022157_000;0.1;4.4;22.0;noise;0.22;Tetvir;;;;
Car381009-2026-Pass1-Z1-2MU00693_20260730_022157_000;0.8;4.5;25.0;Phogri;0.85;;;;;
Car381009-2026-Pass1-Z1-2MU00693_20260730_022157_000;1.2;5.0;51.0;Pippip;0.98;;;;;
Car381009-2026-Pass1-Z1-2MU00693_20260730_022206_000;0.5;2.0;24.0;Isopyr;0.12;;;;;
Car381009-2026-Pass1-Z1-2MU00693_20260730_022206_000;0.0;2.1;40.0;Leppun;0.97;;;;;
Car381009-2026-Pass1-Z1-2MU00693_20260730_022206_000;0.1;1.6;12.0;Tetvir;0.79;;;;;
Car381009-2026-Pass1-Z1-2MU00693_20260730_022209_000;0.4;1.3;42.0;Leppun;0.96;;;;;
Car381009-2026-Pass1-Z1-2MU00693_20260730_022209_000;1.4;2.0;20.0;noise;0.24;;;;;
Car381009-2026-Pass1-Z1-2MU00693_20260730_022209_000;0.0;2.0;25.0;Phogri;0.04;Plaint, Tetvir, Barfis;;;;
Car381009-2026-Pass1-Z1-2MU00693_20260730_022213_000;0.0;1.9;38.0;Leppun;0.97;;;;;
Car381009-2026-Pass1-Z1-2MU00693_20260730_022213_000;0.0;1.4;18.0;noise;0.18;;;;;
Car381009-2026-Pass1-Z1-2MU00693_20260730_022213_000;0.2;2.0;52.0;Pippip;0.98;;;;;
Car381009-2026-Pass1-Z1-2MU00693_20260730_022215_000;0.1;3.1;33.0;Leppun;0.33;;;;;
Car381009-2026-Pass1-Z1-2MU00693_20260730_022215_000;0.0;3.1;51.0;Pippip;0.99;;;;;
Car381009-2026-Pass1-Z1-2MU00693_20260730_022215_000;0.1;4.2;23.0;Tetvir;0.83;;;;;
Car381009-2026-Pass1-Z1-2MU00693_20260730_022219_000;0.0;3.1;38.0;Leppun;0.37;;;;;
Car381009-2026-Pass1-Z1-2MU00693_20260730_022219_000;1.4;3.6;51.0;Pippip;0.98;;;;;
Car381009-2026-Pass1-Z1-2MU00693_20260730_022219_000;0.7;2.4;24.0;Isopyr;0.08;noise, Phogri;;;;
Car381009-2026-Pass1-Z1-2MU00693_20260730_022219_000;0.2;3.0;12.0;Tetvir;0.73;;;;;
Car381009-2026-Pass1-Z1-2MU00693_20260730_022224_000;2.4;2.9;40.0;Leppun;0.87;;;;;
Car381009-2026-Pass1-Z1-2MU00693_20260730_022224_000;0.5;1.7;21.0;noise;0.17;;;;;
Car381009-2026-Pass1-Z1-2MU00693_20260730_022224_000;0.0;5.0;50.0;Pippip;0.99;;;;;
Car381009-2026-Pass1-Z1-2MU00693_20260730_022224_000;0.1;4.9;24.0;Phogri;0.12;;;;;
Car381009-2026-Pass1-Z1-2MU00693_20260730_022224_000;0.8;4.9;22.0;Tetvir;0.83;;;;;
Car381009-2026-Pass1-Z1-2MU00693_20260730_022230_000;0.0;1.9;34.0;Leppun;0.98;;;;;
Car381009-2026-Pass1-Z1-2MU00693_20260730_022230_000;0.5;0.6;10.0;noise;0.14;;;;;
Car381009-2026-Pass1-Z1-2MU00693_20260730_022230_000;0.0;1.6;51.0;Pippip;0.97;;;;;
Car381009-2026-Pass1-Z1-2MU00693_20260730_022230_000;0.2;2.0;24.0;Phogri;0.05;;;;;
Car381009-2026-Pass1-Z1-2MU00693_20260730_022232_000;0.0;0.9;46.0;Leppun;0.45;;;;;
Car381009-2026-Pass1-Z1-2MU00693_20260730_022232_000;0.3;1.5;25.0;noise;0.13;;;;;
Car381009-2026-Pass1-Z1-2MU00693_20260730_022236_000;0.0;1.5;39.0;Leppun;0.98;;;;;
Car381009-2026-Pass1-Z1-2MU00693_20260730_022236_000;0.3;1.6;25.0;Phogri;0.66;;;;;
Car381009-2026-Pass1-Z1-2MU00693_20260730_022239_000;0.0;2.1;44.0;Leppun;0.92;;;;;
Car381009-2026-Pass1-Z1-2MU00693_20260730_022239_000;0.2;2.1;25.0;Phogri;0.84;;;;;
Car381009-2026-Pass1-Z1-2MU00693_20260730_022239_000;1.0;2.1;16.0;Tetvir;0.55;;;;;
Car381009-2026-Pass1-Z1-2MU00693_20260730_022241_000;0.0;1.1;51.0;Leppun;0.97;;;;;
Car381009-2026-Pass1-Z1-2MU00693_20260730_022241_000;0.3;2.1;24.0;Phogri;0.69;;;;;
Car381009-2026-Pass1-Z1-2MU00693_20260730_022241_000;0.0;2.1;10.0;Tetvir;0.96;;;;;
Car381009-2026-Pass1-Z1-2MU00693_20260730_022249_000;0.0;2.0;40.0;Leppun;0.97;;;;;
Car381009-2026-Pass1-Z1-2MU00693_20260730_022249_000;0.5;2.0;36.0;Phogri;0.74;;;;;
Car381009-2026-Pass1-Z1-2MU00693_20260730_022249_000;0.5;2.0;25.0;noise;0.04;Tetvir, Rhasp, Plaint;;;;
Car381009-2026-Pass1-Z1-2MU00693_20260730_022252_000;0.0;2.1;40.0;Leppun;0.98;;;;;
Car381009-2026-Pass1-Z1-2MU00693_20260730_022252_000;0.4;2.0;26.0;Phogri;0.07;noise;;;;
Car381009-2026-Pass1-Z1-2MU00693_20260730_022254_000;0.0;4.6;38.0;Leppun;0.76;;;;;
Car381009-2026-Pass1-Z1-2MU00693_20260730_022254_000;0.1;5.0;54.0;Myomys;0.72;;;;;
Car381009-2026-Pass1-Z1-2MU00693_20260730_022254_000;0.1;4.4;23.0;Tetvir;0.73;;;;;
Car381009-2026-Pass1-Z1-2MU00693_20260730_022309_000;0.4;1.3;45.0;Leppun;0.97;;;;;
Car381009-2026-Pass1-Z1-2MU00693_20260730_022309_000;1.1;1.2;52.0;Pippip;0.6;;;;;
Car381009-2026-Pass1-Z1-2MU00693_20260730_022309_000;1.6;2.5;26.0;noise;0.05;Plaint, Phogri;;;;
Car381009-2026-Pass1-Z1-2MU00693_20260730_022309_000;0.0;1.3;10.0;Tetvir;0.77;;;;;
Car381009-2026-Pass1-Z1-2MU00693_20260730_022311_000;0.0;1.1;46.0;Leppun;0.94;;;;;
Car381009-2026-Pass1-Z1-2MU00693_20260730_022311_000;0.8;1.6;23.0;Nyclei;0.2;;;;;
Car381009-2026-Pass1-Z1-2MU00693_20260730_022311_000;0.0;1.7;26.0;Phogri;0.75;;;;;
Car381009-2026-Pass1-Z1-2MU00693_20260730_022311_000;0.9;2.0;51.0;Pippip;0.98;;;;;
Car381009-2026-Pass1-Z1-2MU00693_20260730_022313_000;0.5;5.0;28.0;Leppun;0.44;;;;;
Car381009-2026-Pass1-Z1-2MU00693_20260730_022313_000;0.0;5.0;24.0;Phogri;0.76;;;;;
Car381009-2026-Pass1-Z1-2MU00693_20260730_022313_000;0.0;4.9;50.0;Pippip;0.99;;;;;
Car381009-2026-Pass1-Z1-2MU00693_20260730_022313_000;0.1;5.0;23.0;Tetvir;0.86;;;;;
Car381009-2026-Pass1-Z1-2MU00693_20260730_022322_000;0.7;1.4;39.0;Leppun;0.39;;;;;
Car381009-2026-Pass1-Z1-2MU00693_20260730_022322_000;0.0;1.6;25.0;Phogri;0.65;;;;;
Car381009-2026-Pass1-Z1-2MU00693_20260730_022322_000;0.2;2.0;50.0;Pippip;0.97;;;;;
Car381009-2026-Pass1-Z1-2MU00693_20260730_022342_000;0.0;0.8;38.0;Leppun;0.43;;;;;
Car381009-2026-Pass1-Z1-2MU00693_20260730_022342_000;0.0;1.7;24.0;Phogri;0.65;;;;;
Car381009-2026-Pass1-Z1-2MU00693_20260730_022342_000;0.1;1.9;49.0;Pippip;0.99;;;;;
Car381009-2026-Pass1-Z1-2MU00693_20260730_022345_000;1.6;4.4;32.0;noise;0.12;;;;;
Car381009-2026-Pass1-Z1-2MU00693_20260730_022345_000;0.0;5.0;52.0;Pippip;0.99;;;;;
Car381009-2026-Pass1-Z1-2MU00693_20260730_022345_000;0.5;4.9;24.0;Phogri;0.18;;;;;
Car381009-2026-Pass1-Z1-2MU00693_20260730_022359_000;0.6;0.8;35.0;Hypsav;0.1;Pipkuh;;;;
Car381009-2026-Pass1-Z1-2MU00693_20260730_022359_000;0.0;1.4;37.0;noise;0.11;;;;;
Car381009-2026-Pass1-Z1-2MU00693_20260730_022359_000;0.0;2.1;52.0;Pippip;0.99;;;;;
Car381009-2026-Pass1-Z1-2MU00693_20260730_022402_000;0.0;4.2;38.0;Leppun;0.51;;;;;
Car381009-2026-Pass1-Z1-2MU00693_20260730_022402_000;1.6;4.8;25.0;noise;0.1;Phogri;;;;
Car381009-2026-Pass1-Z1-2MU00693_20260730_022402_000;0.0;5.0;54.0;Pippip;0.99;;;;;
Car381009-2026-Pass1-Z1-2MU00693_20260730_022402_000;0.0;5.0;27.0;Tetvir;0.55;;;;;
Car381009-2026-Pass1-Z1-2MU00693_20260730_022422_000;1.1;2.0;38.0;Leppun;0.25;;;;;
Car381009-2026-Pass1-Z1-2MU00693_20260730_022422_000;0.0;2.0;25.0;Phogri;0.46;Isopyr;;;;
Car381009-2026-Pass1-Z1-2MU00693_20260730_022422_000;0.0;1.2;48.0;Pippip;0.96;;;;;
Car381009-2026-Pass1-Z1-2MU00693_20260730_022446_000;0.0;1.8;25.0;Phogri;0.73;;;;;
Car381009-2026-Pass1-Z1-2MU00693_20260730_022446_000;0.0;2.0;50.0;Pippip;0.99;;;;;
Car381009-2026-Pass1-Z1-2MU00693_20260730_022453_000;1.5;1.6;38.0;Leppun;0.18;;;;;
Car381009-2026-Pass1-Z1-2MU00693_20260730_022453_000;0.0;2.0;27.0;Phogri;0.66;;;;;
Car381009-2026-Pass1-Z1-2MU00693_20260730_022503_000;0.8;2.0;33.0;Leppun;0.26;;;;;
Car381009-2026-Pass1-Z1-2MU00693_20260730_022503_000;0.8;2.0;28.0;Phogri;0.54;;;;;
Car381009-2026-Pass1-Z1-2MU00693_20260730_022503_000;0.0;2.0;24.0;noise;0.03;Tetvir, Sepsep, Rhasp, Plaint;;;;
Car381009-2026-Pass1-Z1-2MU00693_20260730_022508_000;0.0;2.1;39.0;Lamsp.;0.95;;;;;
Car381009-2026-Pass1-Z1-2MU00693_20260730_022508_000;0.2;4.8;25.0;Myonat;0.35;;;;;
Car381009-2026-Pass1-Z1-2MU00693_20260730_022508_000;0.0;4.9;48.0;Pippip;0.98;;;;;
Car381009-2026-Pass1-Z1-2MU00693_20260730_022518_000;0.0;1.7;29.0;noise;0.17;;;;;
Car381009-2026-Pass1-Z1-2MU00693_20260730_022518_000;0.0;2.0;25.0;Phogri;0.05;;;;;
Car381009-2026-Pass1-Z1-2MU00693_20260730_022523_000;0.3;3.4;25.0;Phogri;0.1;;;;;
Car381009-2026-Pass1-Z1-2MU00693_20260730_022526_000;0.0;2.3;31.0;Leppun;0.47;;;;;
Car381009-2026-Pass1-Z1-2MU00693_20260730_022526_000;0.6;2.3;26.0;Phogri;0.82;;;;;
Car381009-2026-Pass1-Z1-2MU00693_20260730_022544_000;0.0;2.0;25.0;Phogri;0.79;;;;;
Car381009-2026-Pass1-Z1-2MU00693_20260730_022547_000;0.0;2.0;42.0;noise;0.24;;;;;
Car381009-2026-Pass1-Z1-2MU00693_20260730_022547_000;0.0;1.6;26.0;Rhasp;0.03;Phogri, Barfis, Tetvir, Plaint;;;;
Car381009-2026-Pass1-Z1-2MU00693_20260730_022557_000;0.4;2.0;44.0;Leppun;0.53;;;;;
Car381009-2026-Pass1-Z1-2MU00693_20260730_022557_000;0.0;1.9;24.0;noise;0.14;;;;;
Car381009-2026-Pass1-Z1-2MU00693_20260730_022613_000;1.1;1.2;40.0;Leppun;0.26;;;;;
Car381009-2026-Pass1-Z1-2MU00693_20260730_022613_000;0.0;1.9;28.0;Phogri;0.82;;;;;
Car381009-2026-Pass1-Z1-2MU00693_20260730_022616_000;0.0;1.9;26.0;Phogri;0.75;;;;;
Car381009-2026-Pass1-Z1-2MU00693_20260730_022619_000;0.0;1.7;35.0;Leppun;0.14;noise;;;;
Car381009-2026-Pass1-Z1-2MU00693_20260730_022619_000;0.4;1.9;27.0;Phogri;0.05;noise;;;;
Car381009-2026-Pass1-Z1-2MU00693_20260730_022623_000;0.0;2.3;32.0;Phogri;0.4;;;;;
Car381009-2026-Pass1-Z1-2MU00693_20260730_022623_000;0.0;2.3;25.0;noise;0.1;;;;;
Car381009-2026-Pass1-Z1-2MU00693_20260730_022632_000;0.2;2.3;26.0;Phogri;0.37;;;;;
Car381009-2026-Pass1-Z1-2MU00693_20260730_022632_000;0.0;2.3;30.0;Testes;0.86;;;;;
Car381009-2026-Pass1-Z1-2MU00693_20260730_022638_000;0.0;1.5;39.0;noise;0.1;Phogri;;;;
Car381009-2026-Pass1-Z1-2MU00693_20260730_022638_000;0.2;1.5;28.0;Testes;0.82;;;;;
Car381009-2026-Pass1-Z1-2MU00693_20260730_022643_000;0.7;4.8;26.0;Plaint;0.07;noise, Pleaur;;;;
Car381009-2026-Pass1-Z1-2MU00693_20260730_022643_000;0.0;5.0;30.0;Testes;0.84;;;;;
Car381009-2026-Pass1-Z1-2MU00693_20260730_022643_000;0.1;4.8;23.0;Tetvir;0.94;;;;;
Car381009-2026-Pass1-Z1-2MU00693_20260730_022654_000;0.0;1.7;37.0;Leppun;0.97;;;;;
Car381009-2026-Pass1-Z1-2MU00693_20260730_022654_000;0.2;1.7;25.0;Phogri;0.07;noise;;;;
Car381009-2026-Pass1-Z1-2MU00693_20260730_022659_000;0.3;1.8;47.0;Leppun;0.2;;;;;
Car381009-2026-Pass1-Z1-2MU00693_20260730_022659_000;0.1;2.0;25.0;noise;0.05;Phogri, Rhasp;;;;
Car381009-2026-Pass1-Z1-2MU00693_20260730_022659_000;0.0;1.9;9.0;Tetvir;0.83;;;;;
Car381009-2026-Pass1-Z1-2MU00693_20260730_022702_000;0.0;2.0;41.0;Leppun;0.92;;;;;
Car381009-2026-Pass1-Z1-2MU00693_20260730_022702_000;0.8;2.0;29.0;noise;0.14;Phogri;;;;
Car381009-2026-Pass1-Z1-2MU00693_20260730_022702_000;0.1;2.0;25.0;Plaint;0.05;Phogri;;;;
Car381009-2026-Pass1-Z1-2MU00693_20260730_022714_000;0.0;2.1;35.0;Leppun;0.97;;;;;
Car381009-2026-Pass1-Z1-2MU00693_20260730_022714_000;0.3;2.1;25.0;Phogri;0.88;;;;;
Car381009-2026-Pass1-Z1-2MU00693_20260730_022719_000;0.0;1.9;50.0;Leppun;0.58;;;;;
Car381009-2026-Pass1-Z1-2MU00693_20260730_022719_000;0.6;1.9;26.0;Phogri;0.74;;;;;
Car381009-2026-Pass1-Z1-2MU00693_20260730_022719_000;0.1;0.9;9.0;Tetvir;0.86;;;;;
Car381009-2026-Pass1-Z1-2MU00693_20260730_022721_000;0.0;1.4;41.0;Leppun;0.97;;;;;
Car381009-2026-Pass1-Z1-2MU00693_20260730_022721_000;0.0;2.1;25.0;Phogri;0.64;;;;;
Car381009-2026-Pass1-Z1-2MU00693_20260730_022724_000;0.0;4.0;40.0;Leppun;0.96;;;;;
Car381009-2026-Pass1-Z1-2MU00693_20260730_022724_000;0.3;3.1;28.0;Isopyr;0.28;;;;;
Car381009-2026-Pass1-Z1-2MU00693_20260730_022724_000;0.8;4.0;21.0;Tetvir;0.8;;;;;
Car381009-2026-Pass1-Z1-2MU00693_20260730_022729_000;0.0;4.8;39.0;Leppun;0.95;;;;;
Car381009-2026-Pass1-Z1-2MU00693_20260730_022729_000;0.9;4.8;27.0;noise;0.19;;;;;
Car381009-2026-Pass1-Z1-2MU00693_20260730_022729_000;0.0;4.8;25.0;Plaint;0.16;;;;;
Car381009-2026-Pass1-Z1-2MU00693_20260730_022744_000;0.0;0.1;39.0;Leppun;0.99;;;;;
Car381009-2026-Pass1-Z1-2MU00693_20260730_022744_000;0.1;2.0;48.0;Pippip;0.99;;;;;
Car381009-2026-Pass1-Z1-2MU00693_20260730_022744_000;0.1;1.9;23.0;Phogri;0.13;;;;;
Car381009-2026-Pass1-Z1-2MU00693_20260730_022744_000;0.1;0.5;10.0;Tetvir;0.04;noise, Rusnit;;;;
Car381009-2026-Pass1-Z1-2MU00693_20260730_022747_000;0.0;1.3;32.0;Leppun;0.41;;;;;
Car381009-2026-Pass1-Z1-2MU00693_20260730_022747_000;0.1;2.3;48.0;Pippip;0.99;;;;;
Car381009-2026-Pass1-Z1-2MU00693_20260730_022747_000;0.5;2.1;24.0;Phogri;0.09;;;;;
Car381009-2026-Pass1-Z1-2MU00693_20260730_022747_000;0.8;2.2;12.0;Tetvir;0.31;;;;;
Car381009-2026-Pass1-Z1-2MU00693_20260730_022749_000;1.8;1.9;27.0;Eptser;0.42;;;;;
Car381009-2026-Pass1-Z1-2MU00693_20260730_022749_000;0.0;1.8;39.0;Leppun;0.98;;;;;
Car381009-2026-Pass1-Z1-2MU00693_20260730_022749_000;0.2;1.2;48.0;Pippip;0.99;;;;;
Car381009-2026-Pass1-Z1-2MU00693_20260730_022749_000;0.3;1.8;23.0;Phogri;0.05;noise;;;;
Car381009-2026-Pass1-Z1-2MU00693_20260730_022749_000;0.2;1.8;22.0;Tetvir;0.87;;;;;
Car381009-2026-Pass1-Z1-2MU00693_20260730_022752_000;0.0;3.1;38.0;Leppun;0.97;;;;;
Car381009-2026-Pass1-Z1-2MU00693_20260730_022752_000;0.1;5.0;52.0;Pippip;0.99;;;;;
Car381009-2026-Pass1-Z1-2MU00693_20260730_022752_000;0.1;4.8;24.0;Phogri;0.16;;;;;
Car381009-2026-Pass1-Z1-2MU00693_20260730_022752_000;1.9;4.6;17.0;Tetvir;0.63;;;;;
Car381009-2026-Pass1-Z1-2MU00693_20260730_022807_000;0.0;2.3;29.0;Leppun;0.95;;;;;
Car381009-2026-Pass1-Z1-2MU00693_20260730_022807_000;0.0;2.3;22.0;Phogri;0.88;;;;;
Car381009-2026-Pass1-Z1-2MU00693_20260730_022807_000;0.0;2.3;55.0;Pippip;0.98;;;;;
Car381009-2026-Pass1-Z1-2MU00693_20260730_022813_000;0.0;5.0;25.0;noise;0.13;;;;;
Car381009-2026-Pass1-Z1-2MU00693_20260730_022813_000;0.9;5.0;25.0;Phogri;0.89;;;;;
Car381009-2026-Pass1-Z1-2MU00693_20260730_022813_000;0.0;5.0;57.0;Pippip;0.98;;;;;
Car381009-2026-Pass1-Z1-2MU00693_20260730_022821_000;0.5;3.5;39.0;Leppun;0.43;;;;;
Car381009-2026-Pass1-Z1-2MU00693_20260730_022821_000;0.0;4.8;25.0;Phogri;0.71;;;;;
Car381009-2026-Pass1-Z1-2MU00693_20260730_022821_000;0.8;4.7;52.0;Pippip;0.87;;;;;
Car381009-2026-Pass1-Z1-2MU00693_20260730_022827_000;0.3;4.1;34.0;Leppun;0.59;;;;;
Car381009-2026-Pass1-Z1-2MU00693_20260730_022827_000;0.2;4.9;59.0;Pippip;0.98;;;;;
Car381009-2026-Pass1-Z1-2MU00693_20260730_022827_000;0.0;4.8;25.0;Phogri;0.08;noise;;;;
Car381009-2026-Pass1-Z1-2MU00693_20260730_022827_000;2.3;3.9;28.0;Tetvir;0.46;;;;;
Car381009-2026-Pass1-Z1-2MU00693_20260730_022838_000;0.1;3.0;26.0;Phogri;0.81;;;;;
Car381009-2026-Pass1-Z1-2MU00693_20260730_022838_000;0.0;3.0;59.0;Pippip;0.98;;;;;
Car381009-2026-Pass1-Z1-2MU00693_20260730_022841_000;0.0;4.4;57.0;Pippip;0.99;;;;;
Car381009-2026-Pass1-Z1-2MU00693_20260730_022841_000;0.5;4.8;26.0;Plaint;0.16;;;;;
Car381009-2026-Pass1-Z1-2MU00693_20260730_022841_000;1.2;4.7;22.0;Tetvir;0.86;;;;;
Car381009-2026-Pass1-Z1-2MU00693_20260730_022855_000;0.2;4.7;33.0;Leppun;0.63;;;;;
Car381009-2026-Pass1-Z1-2MU00693_20260730_022855_000;0.3;2.8;30.0;noise;0.24;;;;;
Car381009-2026-Pass1-Z1-2MU00693_20260730_022855_000;0.0;5.0;53.0;Pippip;0.99;;;;;
Car381009-2026-Pass1-Z1-2MU00693_20260730_022855_000;0.0;5.0;24.0;Phogri;0.13;;;;;
Car381009-2026-Pass1-Z1-2MU00693_20260730_022922_000;0.3;1.1;34.0;Leppun;0.73;;;;;
Car381009-2026-Pass1-Z1-2MU00693_20260730_022922_000;0.0;2.4;53.0;Pippip;0.98;;;;;
Car381009-2026-Pass1-Z1-2MU00693_20260730_022922_000;0.4;2.4;22.0;Tetvir;0.57;;;;;
Car381009-2026-Pass1-Z1-2MU00693_20260730_022924_000;0.9;5.0;41.0;Leppun;0.96;;;;;
Car381009-2026-Pass1-Z1-2MU00693_20260730_022924_000;0.0;4.2;24.0;noise;0.16;Tetvir;;;;
Car381009-2026-Pass1-Z1-2MU00693_20260730_022924_000;0.1;4.8;25.0;Phogri;0.81;;;;;
Car381009-2026-Pass1-Z1-2MU00693_20260730_022924_000;0.0;4.4;54.0;Pippip;0.99;;;;;
Car381009-2026-Pass1-Z1-2MU00693_20260730_022936_000;0.7;4.6;36.0;Leppun;0.54;;;;;
Car381009-2026-Pass1-Z1-2MU00693_20260730_022936_000;0.0;4.9;27.0;noise;0.09;Phogri, Tetvir;;;;
Car381009-2026-Pass1-Z1-2MU00693_20260730_022936_000;0.0;4.1;57.0;Pippip;0.99;;;;;
Car381009-2026-Pass1-Z1-2MU00693_20260730_022936_000;1.3;3.0;26.0;Phogri;0.09;;;;;
Car381009-2026-Pass1-Z1-2MU00693_20260730_022953_000;0.0;3.9;40.0;Leppun;0.97;;;;;
Car381009-2026-Pass1-Z1-2MU00693_20260730_022953_000;0.1;5.0;57.0;Pippip;0.97;;;;;
Car381009-2026-Pass1-Z1-2MU00693_20260730_022953_000;0.2;4.5;25.0;noise;0.08;Plaint, Phogri;;;;
Car381009-2026-Pass1-Z1-2MU00693_20260730_022953_000;1.1;2.6;10.0;Tetvir;0.57;;;;;
Car381009-2026-Pass1-Z1-2MU00693_20260730_023001_000;0.0;3.4;37.0;Leppun;0.93;;;;;
Car381009-2026-Pass1-Z1-2MU00693_20260730_023001_000;0.0;4.9;26.0;Phogri;0.5;;;;;
Car381009-2026-Pass1-Z1-2MU00693_20260730_023001_000;0.2;5.0;58.0;Pippip;0.99;;;;;
Car381009-2026-Pass1-Z1-2MU00693_20260730_023018_000;0.0;4.6;40.0;Leppun;0.98;;;;;
Car381009-2026-Pass1-Z1-2MU00693_20260730_023018_000;1.2;5.0;24.0;noise;0.15;Phogri;;;;
Car381009-2026-Pass1-Z1-2MU00693_20260730_023018_000;0.1;4.9;45.0;Pipkuh;0.98;;;;;
Car381009-2026-Pass1-Z1-2MU00693_20260730_023018_000;0.0;3.5;51.0;Pippip;0.98;;;;;
Car381009-2026-Pass1-Z1-2MU00693_20260730_023018_000;0.1;3.6;21.0;Phogri;0.1;;;;;
Car381009-2026-Pass1-Z1-2MU00693_20260730_023042_000;0.0;0.9;39.0;Leppun;0.99;;;;;
Car381009-2026-Pass1-Z1-2MU00693_20260730_023042_000;0.2;1.4;24.0;Phogri;0.16;noise;;;;
Car381009-2026-Pass1-Z1-2MU00693_20260730_023042_000;0.2;1.5;56.0;Pippip;0.82;;;;;
Car381009-2026-Pass1-Z1-2MU00693_20260730_023045_000;0.0;5.0;38.0;Leppun;0.94;;;;;
Car381009-2026-Pass1-Z1-2MU00693_20260730_023045_000;0.0;5.0;26.0;Phogri;0.12;noise, Tetvir;;;;
Car381009-2026-Pass1-Z1-2MU00693_20260730_023045_000;3.9;4.8;10.0;noise;0.07;Tetvir;;;;
Car381009-2026-Pass1-Z1-2MU00693_20260730_023045_000;0.8;3.2;56.0;Pippip;0.99;;;;;
Car381009-2026-Pass1-Z1-2MU00693_20260730_023051_000;0.0;3.4;38.0;Leppun;0.96;;;;;
Car381009-2026-Pass1-Z1-2MU00693_20260730_023051_000;0.1;4.7;25.0;Phogri;0.89;;;;;
Car381009-2026-Pass1-Z1-2MU00693_20260730_023051_000;0.1;4.6;54.0;Pippip;0.98;;;;;
Car381009-2026-Pass1-Z1-2MU00693_20260730_023056_000;0.4;4.7;36.0;Leppun;0.95;;;;;
Car381009-2026-Pass1-Z1-2MU00693_20260730_023056_000;0.9;3.4;15.0;noise;0.25;;;;;
Car381009-2026-Pass1-Z1-2MU00693_20260730_023056_000;1.2;4.8;26.0;Phogri;0.88;;;;;
Car381009-2026-Pass1-Z1-2MU00693_20260730_023056_000;0.0;5.0;55.0;Pippip;0.98;;;;;
Car381009-2026-Pass1-Z1-2MU00693_20260730_023056_000;1.1;4.8;24.0;Tetvir;0.82;;;;;
Car381009-2026-Pass1-Z1-2MU00693_20260730_023110_000;0.0;4.2;27.0;Phogri;0.06;Leppun, noise;;;;
Car381009-2026-Pass1-Z1-2MU00693_20260730_023110_000;0.0;5.0;59.0;Pippip;0.99;;;;;
Car381009-2026-Pass1-Z1-2MU00693_20260730_023110_000;0.4;4.7;24.0;Tetvir;0.29;;;;;
Car381009-2026-Pass1-Z1-2MU00693_20260730_023118_000;0.7;5.0;35.0;Leppun;0.97;;;;;
Car381009-2026-Pass1-Z1-2MU00693_20260730_023118_000;0.3;4.0;24.0;Phogri;0.8;;;;;
Car381009-2026-Pass1-Z1-2MU00693_20260730_023118_000;0.0;4.9;56.0;Pippip;0.99;;;;;
Car381009-2026-Pass1-Z1-2MU00693_20260730_023118_000;0.0;4.6;31.0;Testes;0.89;;;;;
Car381009-2026-Pass1-Z1-2MU00693_20260730_023145_000;0.4;2.2;24.0;Phogri;0.55;;;;;
Car381009-2026-Pass1-Z1-2MU00693_20260730_023145_000;0.0;2.3;51.0;Pippip;0.98;;;;;
Car381009-2026-Pass1-Z1-2MU00693_20260730_023145_000;0.5;0.6;9.0;Tetvir;0.68;;;;;
Car381009-2026-Pass1-Z1-2MU00693_20260730_023155_000;0.0;2.4;21.0;noise;0.07;Eupsp;;;;
Car381009-2026-Pass1-Z1-2MU00693_20260730_023155_000;0.0;3.0;55.0;Pippip;0.95;;;;;
Car381009-2026-Pass1-Z1-2MU00693_20260730_023155_000;0.0;3.0;25.0;Phogri;0.2;;;;;
Car381009-2026-Pass1-Z1-2MU00693_20260730_023158_000;1.2;4.5;38.0;Leppun;0.91;;;;;
Car381009-2026-Pass1-Z1-2MU00693_20260730_023158_000;0.1;5.0;25.0;Phogri;0.61;;;;;
Car381009-2026-Pass1-Z1-2MU00693_20260730_023158_000;0.0;4.6;57.0;Pippip;0.98;;;;;
Car381009-2026-Pass1-Z1-2MU00693_20260730_023158_000;0.3;4.6;10.0;Tetvir;0.94;;;;;
Car381009-2026-Pass1-Z1-2MU00693_20260730_023206_000;0.0;4.8;38.0;Leppun;0.96;;;;;
Car381009-2026-Pass1-Z1-2MU00693_20260730_023206_000;0.0;4.7;27.0;noise;0.13;Phogri;;;;
Car381009-2026-Pass1-Z1-2MU00693_20260730_023206_000;0.7;3.9;51.0;Pippip;0.98;;;;;
Car381009-2026-Pass1-Z1-2MU00693_20260730_023206_000;0.2;4.7;21.0;Tetvir;0.75;;;;;
Car381009-2026-Pass1-Z1-2MU00693_20260730_023225_000;0.0;5.0;39.0;Leppun;0.92;;;;;
Car381009-2026-Pass1-Z1-2MU00693_20260730_023225_000;0.5;5.0;26.0;Phogri;0.73;;;;;
Car381009-2026-Pass1-Z1-2MU00693_20260730_023225_000;0.0;4.1;51.0;Pippip;0.97;;;;;
Car381009-2026-Pass1-Z1-2MU00693_20260730_023240_000;0.0;4.0;40.0;Leppun;0.97;;;;;
Car381009-2026-Pass1-Z1-2MU00693_20260730_023240_000;1.1;4.8;25.0;Phogri;0.86;;;;;
Car381009-2026-Pass1-Z1-2MU00693_20260730_023240_000;1.0;4.7;22.0;Tetvir;0.76;;;;;
Car381009-2026-Pass1-Z1-2MU00693_20260730_023247_000;0.0;4.9;40.0;Leppun;0.9;;;;;
Car381009-2026-Pass1-Z1-2MU00693_20260730_023247_000;0.6;4.3;10.0;noise;0.23;;;;;
Car381009-2026-Pass1-Z1-2MU00693_20260730_023247_000;0.1;4.8;26.0;Phogri;0.1;;;;;
Car381009-2026-Pass1-Z1-2MU00693_20260730_023258_000;0.0;0.1;38.0;Leppun;0.98;;;;;
Car381009-2026-Pass1-Z1-2MU00693_20260730_023258_000;0.2;1.7;23.0;Phogri;0.73;;;;;
Car381009-2026-Pass1-Z1-2MU00693_20260730_023258_000;0.4;2.1;53.0;Pippip;0.99;;;;;
Car381009-2026-Pass1-Z1-2MU00693_20260730_023301_000;0.2;4.5;37.0;Leppun;0.96;;;;;
Car381009-2026-Pass1-Z1-2MU00693_20260730_023301_000;0.0;4.6;23.0;Phogri;0.75;;;;;
Car381009-2026-Pass1-Z1-2MU00693_20260730_023301_000;0.0;5.0;53.0;Pippip;0.99;;;;;
Car381009-2026-Pass1-Z1-2MU00693_20260730_023301_000;1.4;3.8;32.0;Testes;0.83;;;;;
Car381009-2026-Pass1-Z1-2MU00693_20260730_023310_000;0.0;5.0;40.0;Leppun;0.97;;;;;
Car381009-2026-Pass1-Z1-2MU00693_20260730_023310_000;0.0;5.0;42.0;Phogri;0.93;;;;;
Car381009-2026-Pass1-Z1-2MU00693_20260730_023310_000;0.1;4.9;20.0;Tetvir;0.89;;;;;
Car381009-2026-Pass1-Z1-2MU00693_20260730_023327_000;0.0;4.4;37.0;Leppun;0.97;;;;;
Car381009-2026-Pass1-Z1-2MU00693_20260730_023327_000;0.1;4.6;26.0;Phogri;0.8;;;;;
Car381009-2026-Pass1-Z1-2MU00693_20260730_023327_000;0.0;4.6;10.0;Tetvir;0.93;;;;;
Car381009-2026-Pass1-Z1-2MU00693_20260730_023338_000;0.7;4.6;30.0;Leppun;0.76;;;;;
Car381009-2026-Pass1-Z1-2MU00693_20260730_023338_000;0.0;4.8;25.0;Phogri;0.73;;;;;
Car381009-2026-Pass1-Z1-2MU00693_20260730_023338_000;0.0;4.8;50.0;Pippip;0.99;;;;;
Car381009-2026-Pass1-Z1-2MU00693_20260730_023338_000;0.0;3.8;10.0;Tetvir;0.94;;;;;
Car381009-2026-Pass1-Z1-2MU00693_20260730_023343_000;0.0;2.4;34.0;Leppun;0.98;;;;;
Car381009-2026-Pass1-Z1-2MU00693_20260730_023343_000;1.0;1.6;26.0;noise;0.18;;;;;
Car381009-2026-Pass1-Z1-2MU00693_20260730_023343_000;0.6;2.3;50.0;Pippip;0.99;;;;;
Car381009-2026-Pass1-Z1-2MU00693_20260730_023343_000;1.0;2.5;13.0;Tetvir;0.85;;;;;
Car381009-2026-Pass1-Z1-2MU00693_20260730_023349_000;0.0;2.5;40.0;Leppun;0.91;;;;;
Car381009-2026-Pass1-Z1-2MU00693_20260730_023349_000;1.4;2.8;32.0;Phogri;0.85;;;;;
Car381009-2026-Pass1-Z1-2MU00693_20260730_023349_000;0.0;2.5;22.0;Tetvir;0.92;;;;;
Car381009-2026-Pass1-Z1-2MU00693_20260730_023352_000;0.0;3.3;40.0;Leppun;0.93;;;;;
Car381009-2026-Pass1-Z1-2MU00693_20260730_023352_000;0.0;3.2;24.0;Phogri;0.64;;;;;
Car381009-2026-Pass1-Z1-2MU00693_20260730_023352_000;0.1;3.7;10.0;Tetvir;0.37;;;;;
Car381009-2026-Pass1-Z1-2MU00693_20260730_023357_000;0.0;1.9;39.0;Leppun;0.88;;;;;
Car381009-2026-Pass1-Z1-2MU00693_20260730_023357_000;0.5;1.8;23.0;Phogri;0.46;;;;;
Car381009-2026-Pass1-Z1-2MU00693_20260730_023357_000;0.5;2.1;50.0;Pippip;0.98;;;;;
Car381009-2026-Pass1-Z1-2MU00693_20260730_023401_000;0.0;2.0;34.0;Leppun;0.85;;;;;
Car381009-2026-Pass1-Z1-2MU00693_20260730_023401_000;0.4;1.9;24.0;noise;0.18;;;;;
Car381009-2026-Pass1-Z1-2MU00693_20260730_023401_000;0.1;2.0;33.0;Testes;0.8;;;;;
Car381009-2026-Pass1-Z1-2MU00693_20260730_023401_000;0.1;1.9;22.0;Tetvir;0.66;;;;;
Car381009-2026-Pass1-Z1-2MU00693_20260730_023403_000;0.0;1.9;35.0;Leppun;0.73;;;;;
Car381009-2026-Pass1-Z1-2MU00693_20260730_023403_000;0.0;1.9;28.0;noise;0.2;;;;;
Car381009-2026-Pass1-Z1-2MU00693_20260730_023403_000;0.9;1.9;21.0;Plaint;0.04;Sepsep, Phogri, Tetvir;;;;
Car381009-2026-Pass1-Z1-2MU00693_20260730_023407_000;0.0;1.8;40.0;Leppun;0.95;;;;;
Car381009-2026-Pass1-Z1-2MU00693_20260730_023407_000;0.1;1.6;24.0;Phogri;0.74;;;;;
Car381009-2026-Pass1-Z1-2MU00693_20260730_023412_000;0.0;4.0;37.0;Leppun;0.97;;;;;
Car381009-2026-Pass1-Z1-2MU00693_20260730_023412_000;0.2;4.0;26.0;Phogri;0.88;;;;;
Car381009-2026-Pass1-Z1-2MU00693_20260730_023412_000;0.0;3.8;10.0;Tetvir;0.92;;;;;
Car381009-2026-Pass1-Z1-2MU00693_20260730_023416_000;0.0;1.8;41.0;Leppun;0.96;;;;;
Car381009-2026-Pass1-Z1-2MU00693_20260730_023416_000;0.3;1.8;25.0;Phogri;0.87;;;;;
Car381009-2026-Pass1-Z1-2MU00693_20260730_023416_000;1.9;2.0;9.0;noise;0.09;Tetvir;;;;
Car381009-2026-Pass1-Z1-2MU00693_20260730_023420_000;0.0;2.0;35.0;Leppun;0.95;;;;;
Car381009-2026-Pass1-Z1-2MU00693_20260730_023420_000;0.1;2.1;24.0;noise;0.11;Isopyr, Phogri;;;;
Car381009-2026-Pass1-Z1-2MU00693_20260730_023420_000;0.1;2.1;32.0;Testes;0.83;;;;;
Car381009-2026-Pass1-Z1-2MU00693_20260730_023423_000;0.0;1.7;34.0;Leppun;0.97;;;;;
Car381009-2026-Pass1-Z1-2MU00693_20260730_023423_000;0.0;1.0;32.0;Testes;0.25;;;;;
Car381009-2026-Pass1-Z1-2MU00693_20260730_023431_000;0.0;2.0;46.0;Leppun;0.42;;;;;
Car381009-2026-Pass1-Z1-2MU00693_20260730_023431_000;0.2;1.9;22.0;noise;0.19;;;;;
Car381009-2026-Pass1-Z1-2MU00693_20260730_023438_000;0.2;1.6;34.0;Leppun;0.96;;;;;
Car381009-2026-Pass1-Z1-2MU00693_20260730_023438_000;0.0;2.9;23.0;noise;0.3;;;;;
Car381009-2026-Pass1-Z1-2MU00693_20260730_023438_000;0.1;2.2;21.0;Phogri;0.06;Plaint;;;;
Car381009-2026-Pass1-Z1-2MU00693_20260730_023446_000;0.0;1.6;33.0;Leppun;0.93;;;;;
Car381009-2026-Pass1-Z1-2MU00693_20260730_023446_000;0.5;1.7;26.0;Phogri;0.78;;;;;
Car381009-2026-Pass1-Z1-2MU00693_20260730_023446_000;0.5;2.0;50.0;Pippip;0.99;;;;;
Car381009-2026-Pass1-Z1-2MU00693_20260730_023449_000;0.0;4.0;35.0;Leppun;0.96;;;;;
Car381009-2026-Pass1-Z1-2MU00693_20260730_023449_000;0.0;4.8;45.0;Pippip;0.99;;;;;
Car381009-2026-Pass1-Z1-2MU00693_20260730_023449_000;0.0;4.5;21.0;Tetvir;0.91;;;;;
Car381009-2026-Pass1-Z1-2MU00693_20260730_023506_000;0.0;0.1;36.0;Leppun;0.7;;;;;
Car381009-2026-Pass1-Z1-2MU00693_20260730_023506_000;0.5;2.0;24.0;Phogri;0.63;;;;;
Car381009-2026-Pass1-Z1-2MU00693_20260730_023506_000;0.1;1.4;16.0;noise;0.09;Tetvir;;;;
Car381009-2026-Pass1-Z1-2MU00693_20260730_023508_000;0.0;3.3;38.0;Leppun;0.94;;;;;
Car381009-2026-Pass1-Z1-2MU00693_20260730_023508_000;0.1;3.3;27.0;noise;0.14;;;;;
Car381009-2026-Pass1-Z1-2MU00693_20260730_023508_000;0.0;3.9;24.0;Phogri;0.09;;;;;
Car381009-2026-Pass1-Z1-2MU00693_20260730_023508_000;0.5;3.8;23.0;Tetvir;0.79;;;;;
Car381009-2026-Pass1-Z1-2MU00693_20260730_023512_000;0.0;1.8;37.0;Leppun;0.98;;;;;
Car381009-2026-Pass1-Z1-2MU00693_20260730_023512_000;0.3;1.8;25.0;Phogri;0.87;;;;;
Car381009-2026-Pass1-Z1-2MU00693_20260730_023512_000;0.0;1.8;22.0;Tetvir;0.64;;;;;
Car381009-2026-Pass1-Z1-2MU00693_20260730_023515_000;0.0;4.7;38.0;Leppun;0.98;;;;;
Car381009-2026-Pass1-Z1-2MU00693_20260730_023515_000;0.3;4.9;24.0;Phogri;0.43;;;;;
Car381009-2026-Pass1-Z1-2MU00693_20260730_023515_000;0.4;4.9;10.0;Tetvir;0.55;;;;;
Car381009-2026-Pass1-Z1-2MU00693_20260730_023534_000;0.0;2.2;42.0;Leppun;0.98;;;;;
Car381009-2026-Pass1-Z1-2MU00693_20260730_023534_000;0.4;1.9;25.0;Phogri;0.79;;;;;
Car381009-2026-Pass1-Z1-2MU00693_20260730_023538_000;0.0;2.0;33.0;Leppun;0.96;;;;;
Car381009-2026-Pass1-Z1-2MU00693_20260730_023538_000;0.3;1.8;24.0;Phogri;0.98;;;;;
Car381009-2026-Pass1-Z1-2MU00693_20260730_023541_000;0.0;3.7;31.0;Leppun;0.92;;;;;
Car381009-2026-Pass1-Z1-2MU00693_20260730_023541_000;2.6;3.7;27.0;Testes;0.1;noise;;;;
Car381009-2026-Pass1-Z1-2MU00693_20260730_023541_000;0.5;4.7;22.0;Tetvir;0.86;;;;;
Car381009-2026-Pass1-Z1-2MU00693_20260730_023546_000;0.0;3.4;44.0;Leppun;0.53;;;;;
Car381009-2026-Pass1-Z1-2MU00693_20260730_023546_000;0.3;3.7;23.0;Phogri;0.11;;;;;
Car381009-2026-Pass1-Z1-2MU00693_20260730_023546_000;0.9;4.1;33.0;Testes;0.84;;;;;
Car381009-2026-Pass1-Z1-2MU00693_20260730_023550_000;0.0;4.5;37.0;Leppun;0.98;;;;;
Car381009-2026-Pass1-Z1-2MU00693_20260730_023550_000;0.5;4.6;23.0;noise;0.12;;;;;
Car381009-2026-Pass1-Z1-2MU00693_20260730_023550_000;0.6;4.5;22.0;Phogri;0.58;;;;;
Car381009-2026-Pass1-Z1-2MU00693_20260730_023556_000;0.0;5.0;40.0;Leppun;0.97;;;;;
Car381009-2026-Pass1-Z1-2MU00693_20260730_023556_000;0.1;5.0;24.0;noise;0.12;;;;;
Car381009-2026-Pass1-Z1-2MU00693_20260730_023556_000;0.5;3.1;24.0;Phogri;0.84;;;;;
Car381009-2026-Pass1-Z1-2MU00693_20260730_023624_000;0.0;1.2;38.0;Leppun;0.47;;;;;
Car381009-2026-Pass1-Z1-2MU00693_20260730_023624_000;0.1;1.8;19.0;Phanan;0.97;;;;;
Car381009-2026-Pass1-Z1-2MU00693_20260730_023624_000;0.0;0.3;9.0;noise;0.15;;;;;
Car381009-2026-Pass1-Z1-2MU00693_20260730_023624_000;0.3;1.1;24.0;Plaint;0.03;Tetvir, Phogri;;;;
Car381009-2026-Pass1-Z1-2MU00693_20260730_023627_000;0.0;3.8;36.0;Leppun;0.93;;;;;
Car381009-2026-Pass1-Z1-2MU00693_20260730_023627_000;0.0;3.7;21.0;Phanan;0.73;;;;;
Car381009-2026-Pass1-Z1-2MU00693_20260730_023627_000;0.1;3.8;27.0;Phogri;0.9;;;;;
Car381009-2026-Pass1-Z1-2MU00693_20260730_023627_000;1.7;3.8;9.0;Tetvir;0.67;;;;;
Car381009-2026-Pass1-Z1-2MU00693_20260730_023633_000;0.0;1.9;38.0;Leppun;0.98;;;;;
Car381009-2026-Pass1-Z1-2MU00693_20260730_023633_000;0.6;0.7;10.0;noise;0.12;Tetvir;;;;
Car381009-2026-Pass1-Z1-2MU00693_20260730_023633_000;0.3;1.8;20.0;Phanan;0.96;;;;;
Car381009-2026-Pass1-Z1-2MU00693_20260730_023633_000;0.3;2.4;23.0;Phogri;0.2;;;;;
Car381009-2026-Pass1-Z1-2MU00693_20260730_023642_000;0.0;1.6;36.0;Leppun;0.98;;;;;
Car381009-2026-Pass1-Z1-2MU00693_20260730_023642_000;0.3;1.4;20.0;Phanan;0.96;;;;;
Car381009-2026-Pass1-Z1-2MU00693_20260730_023642_000;0.3;1.7;24.0;Phogri;0.12;;;;;
Car381009-2026-Pass1-Z1-2MU00693_20260730_023656_000;0.0;3.1;30.0;Leppun;0.91;;;;;
Car381009-2026-Pass1-Z1-2MU00693_20260730_023656_000;0.6;3.0;23.0;Phogri;0.72;;;;;
Car381009-2026-Pass1-Z1-2MU00693_20260730_023702_000;0.0;1.1;36.0;Leppun;0.9;;;;;
Car381009-2026-Pass1-Z1-2MU00693_20260730_023702_000;0.4;2.0;18.0;Phanan;0.96;;;;;
Car381009-2026-Pass1-Z1-2MU00693_20260730_023702_000;0.0;2.1;24.0;Phogri;0.63;;;;;
Car381009-2026-Pass1-Z1-2MU00693_20260730_023704_000;0.2;1.9;33.0;Leppun;0.16;noise;;;;
Car381009-2026-Pass1-Z1-2MU00693_20260730_023704_000;0.7;1.1;18.0;Phanan;0.98;;;;;
Car381009-2026-Pass1-Z1-2MU00693_20260730_023704_000;0.0;1.6;26.0;Phogri;0.84;;;;;
Car381009-2026-Pass1-Z1-2MU00693_20260730_023706_000;0.0;1.5;39.0;Leppun;0.96;;;;;
Car381009-2026-Pass1-Z1-2MU00693_20260730_023706_000;1.1;1.4;18.0;Phanan;0.97;;;;;
Car381009-2026-Pass1-Z1-2MU00693_20260730_023706_000;0.4;1.9;15.0;Tetvir;0.68;;;;;
Car381009-2026-Pass1-Z1-2MU00693_20260730_023716_000;0.0;1.2;37.0;Leppun;0.69;;;;;
Car381009-2026-Pass1-Z1-2MU00693_20260730_023716_000;0.0;1.6;25.0;Phogri;0.12;noise;;;;
Car381009-2026-Pass1-Z1-2MU00693_20260730_023720_000;0.0;2.4;35.0;Leppun;0.95;;;;;
Car381009-2026-Pass1-Z1-2MU00693_20260730_023720_000;0.9;2.5;23.0;Phanan;0.85;;;;;
Car381009-2026-Pass1-Z1-2MU00693_20260730_023720_000;0.4;2.5;50.0;Phogri;0.71;;;;;
Car381009-2026-Pass1-Z1-2MU00693_20260730_023720_000;0.2;2.6;9.0;Tetvir;0.92;;;;;
Car381009-2026-Pass1-Z1-2MU00693_20260730_023731_000;0.0;0.7;39.0;Leppun;0.97;;;;;
Car381009-2026-Pass1-Z1-2MU00693_20260730_023731_000;0.4;2.4;24.0;noise;0.28;;;;;
Car381009-2026-Pass1-Z1-2MU00693_20260730_023731_000;0.4;1.8;17.0;Phanan;0.97;;;;;
Car381009-2026-Pass1-Z1-2MU00693_20260730_023731_000;0.4;2.2;22.0;Phogri;0.09;Cyrscu;;;;
Car381009-2026-Pass1-Z1-2MU00693_20260730_023747_000;0.0;1.3;41.0;Leppun;0.97;;;;;
Car381009-2026-Pass1-Z1-2MU00693_20260730_023747_000;0.0;0.8;20.0;Phanan;0.98;;;;;
Car381009-2026-Pass1-Z1-2MU00693_20260730_023747_000;0.7;2.0;24.0;Phogri;0.78;;;;;
Car381009-2026-Pass1-Z1-2MU00693_20260730_023752_000;0.0;2.0;32.0;Leppun;0.32;;;;;
Car381009-2026-Pass1-Z1-2MU00693_20260730_023752_000;0.0;0.1;17.0;Phanan;0.95;;;;;
Car381009-2026-Pass1-Z1-2MU00693_20260730_023752_000;1.6;2.1;30.0;Testes;0.72;;;;;
Car381009-2026-Pass1-Z1-2MU00693_20260730_023755_000;0.0;1.8;32.0;Leppun;0.85;;;;;
Car381009-2026-Pass1-Z1-2MU00693_20260730_023755_000;0.0;0.8;18.0;Phanan;0.97;;;;;
Car381009-2026-Pass1-Z1-2MU00693_20260730_023755_000;0.3;1.8;25.0;Phogri;0.13;;;;;
Car381009-2026-Pass1-Z1-2MU00693_20260730_023755_000;0.0;0.3;28.0;Testes;0.51;;;;;
Car381009-2026-Pass1-Z1-2MU00693_20260730_023759_000;0.0;2.0;37.0;Leppun;0.97;;;;;
Car381009-2026-Pass1-Z1-2MU00693_20260730_023759_000;0.6;2.0;18.0;Phanan;0.54;;;;;
Car381009-2026-Pass1-Z1-2MU00693_20260730_023759_000;0.1;0.9;9.0;Tetvir;0.84;;;;;
Car381009-2026-Pass1-Z1-2MU00693_20260730_023805_000;0.5;3.1;25.0;noise;0.26;;;;;
Car381009-2026-Pass1-Z1-2MU00693_20260730_023805_000;0.0;3.2;22.0;Phanan;0.96;;;;;
Car381009-2026-Pass1-Z1-2MU00693_20260730_023805_000;1.0;2.8;38.0;Yerray;0.96;;;;;
Car381009-2026-Pass1-Z1-2MU00693_20260730_023810_000;0.0;2.4;38.0;Leppun;0.98;;;;;
Car381009-2026-Pass1-Z1-2MU00693_20260730_023810_000;0.7;1.7;26.0;noise;0.17;;;;;
Car381009-2026-Pass1-Z1-2MU00693_20260730_023814_000;0.0;4.9;38.0;Leppun;0.93;;;;;
Car381009-2026-Pass1-Z1-2MU00693_20260730_023814_000;2.1;4.9;26.0;noise;0.21;;;;;
Car381009-2026-Pass1-Z1-2MU00693_20260730_023814_000;0.0;4.9;20.0;Phanan;0.94;;;;;
Car381009-2026-Pass1-Z1-2MU00693_20260730_023814_000;0.5;3.6;10.0;Tetvir;0.92;;;;;
Car381009-2026-Pass1-Z1-2MU00693_20260730_023822_000;0.0;5.0;40.0;Leppun;0.96;;;;;
Car381009-2026-Pass1-Z1-2MU00693_20260730_023822_000;0.1;4.1;26.0;noise;0.22;;;;;
Car381009-2026-Pass1-Z1-2MU00693_20260730_023822_000;1.0;4.8;21.0;Phanan;0.89;;;;;
Car381009-2026-Pass1-Z1-2MU00693_20260730_023822_000;0.0;0.9;30.0;Testes;0.62;;;;;
Car381009-2026-Pass1-Z1-2MU00693_20260730_023831_000;0.0;2.1;40.0;Leppun;0.86;;;;;
Car381009-2026-Pass1-Z1-2MU00693_20260730_023831_000;0.3;2.0;23.0;Phogri;0.1;;;;;
Car381009-2026-Pass1-Z1-2MU00693_20260730_023831_000;0.5;2.2;30.0;Testes;0.84;;;;;
Car381009-2026-Pass1-Z1-2MU00693_20260730_023836_000;0.0;1.2;41.0;Leppun;0.98;;;;;
Car381009-2026-Pass1-Z1-2MU00693_20260730_023836_000;0.0;1.5;16.0;noise;0.29;;;;;
Car381009-2026-Pass1-Z1-2MU00693_20260730_023836_000;0.8;1.7;19.0;Phanan;0.98;;;;;
Car381009-2026-Pass1-Z1-2MU00693_20260730_023845_000;0.0;0.5;29.0;Leppun;0.97;;;;;
Car381009-2026-Pass1-Z1-2MU00693_20260730_023845_000;0.2;2.0;22.0;Tetvir;0.82;;;;;
Car381009-2026-Pass1-Z1-2MU00693_20260730_023853_000;0.0;2.0;33.0;Leppun;0.86;;;;;
Car381009-2026-Pass1-Z1-2MU00693_20260730_023853_000;1.0;2.0;23.0;Phogri;0.27;;;;;
Car381009-2026-Pass1-Z1-2MU00693_20260730_023853_000;0.1;2.0;21.0;Phanan;0.79;;;;;
Car381009-2026-Pass1-Z1-2MU00693_20260730_023853_000;0.0;0.4;30.0;Testes;0.23;;;;;
Car381009-2026-Pass1-Z1-2MU00693_20260730_023903_000;0.0;1.3;24.0;noise;0.14;Phogri;;;;
Car381009-2026-Pass1-Z1-2MU00693_20260730_023903_000;1.9;2.5;17.0;Phanan;0.96;;;;;
Car381009-2026-Pass1-Z1-2MU00693_20260730_023903_000;0.0;0.6;32.0;Testes;0.27;;;;;
Car381009-2026-Pass1-Z1-2MU00693_20260730_023907_000;0.0;4.6;40.0;Leppun;0.95;;;;;
Car381009-2026-Pass1-Z1-2MU00693_20260730_023907_000;0.0;4.7;21.0;Phanan;0.95;;;;;
Car381009-2026-Pass1-Z1-2MU00693_20260730_023907_000;0.0;4.3;25.0;Rhasp;0.04;Phogri, noise, Tetvir;;;;
Car381009-2026-Pass1-Z1-2MU00693_20260730_023907_000;0.2;3.8;33.0;Testes;0.84;;;;;
Car381009-2026-Pass1-Z1-2MU00693_20260730_023927_000;0.0;2.0;38.0;Leppun;0.98;;;;;
Car381009-2026-Pass1-Z1-2MU00693_20260730_023927_000;0.1;2.0;21.0;Phanan;0.98;;;;;
Car381009-2026-Pass1-Z1-2MU00693_20260730_023927_000;0.0;1.4;10.0;Tetvir;0.92;;;;;
Car381009-2026-Pass1-Z1-2MU00693_20260730_023929_000;0.0;1.8;33.0;Leppun;0.63;;;;;
Car381009-2026-Pass1-Z1-2MU00693_20260730_023929_000;1.7;2.6;19.0;Phanan;0.94;;;;;
Car381009-2026-Pass1-Z1-2MU00693_20260730_023929_000;0.0;3.8;32.0;Testes;0.63;;;;;
Car381009-2026-Pass1-Z1-2MU00693_20260730_023929_000;0.0;3.7;16.0;Tetvir;0.6;;;;;
Car381009-2026-Pass1-Z1-2MU00693_20260730_023935_000;0.0;0.1;39.0;Leppun;0.99;;;;;
Car381009-2026-Pass1-Z1-2MU00693_20260730_023935_000;0.3;0.5;27.0;Phogri;0.76;;;;;
Car381009-2026-Pass1-Z1-2MU00693_20260730_023935_000;0.0;1.7;11.0;Tetvir;0.95;;;;;
Car381009-2026-Pass1-Z1-2MU00693_20260730_023937_000;0.0;4.6;36.0;Leppun;0.98;;;;;
Car381009-2026-Pass1-Z1-2MU00693_20260730_023937_000;2.1;2.2;9.0;noise;0.34;;;;;
Car381009-2026-Pass1-Z1-2MU00693_20260730_023937_000;0.8;3.4;18.0;Phanan;0.98;;;;;
Car381009-2026-Pass1-Z1-2MU00693_20260730_023937_000;0.4;4.6;25.0;Plaint;0.03;Phogri, Tetvir, Cyrscu;;;;
Car381009-2026-Pass1-Z1-2MU00693_20260730_023945_000;0.0;4.1;37.0;Leppun;0.94;;;;;
Car381009-2026-Pass1-Z1-2MU00693_20260730_023945_000;0.0;3.1;22.0;Phogri;0.07;noise;;;;
Car381009-2026-Pass1-Z1-2MU00693_20260730_023949_000;0.0;4.6;37.0;Leppun;0.46;;;;;
Car381009-2026-Pass1-Z1-2MU00693_20260730_023949_000;0.0;3.3;32.0;noise;0.28;;;;;
Car381009-2026-Pass1-Z1-2MU00693_20260730_023949_000;0.0;3.9;33.0;Testes;0.89;;;;;
Car381009-2026-Pass1-Z1-2MU00693_20260730_023955_000;0.0;5.0;38.0;Leppun;0.98;;;;;
Car381009-2026-Pass1-Z1-2MU00693_20260730_023955_000;0.2;4.7;24.0;Isopyr;0.2;;;;;
Car381009-2026-Pass1-Z1-2MU00693_20260730_023955_000;0.3;5.0;11.0;Tetvir;0.89;;;;;
Car381009-2026-Pass1-Z1-2MU00693_20260730_024014_000;0.0;5.0;33.0;Leppun;0.29;;;;;
Car381009-2026-Pass1-Z1-2MU00693_20260730_024014_000;1.3;5.0;17.0;noise;0.26;;;;;
Car381009-2026-Pass1-Z1-2MU00693_20260730_024014_000;2.5;5.0;31.0;Testes;0.31;;;;;
Car381009-2026-Pass1-Z1-2MU00693_20260730_024024_000;0.3;1.8;31.0;Confus;0.04;Yposp, Tetvir;;;;
Car381009-2026-Pass1-Z1-2MU00693_20260730_024024_000;0.0;3.5;20.0;noise;0.13;;;;;
Car381009-2026-Pass1-Z1-2MU00693_20260730_024024_000;0.0;1.8;31.0;Testes;0.82;;;;;
Car381009-2026-Pass1-Z1-2MU00693_20260730_024028_000;0.0;5.0;27.0;noise;0.17;Decalb;;;;
Car381009-2026-Pass1-Z1-2MU00693_20260730_024028_000;0.0;5.0;39.0;Pipkuh;0.76;;;;;
Car381009-2026-Pass1-Z1-2MU00693_20260730_024028_000;1.4;4.7;32.0;Testes;0.26;;;;;
Car381009-2026-Pass1-Z1-2MU00693_20260730_024036_000;0.0;5.0;41.0;Pipkuh;0.99;;;;;
Car381009-2026-Pass1-Z1-2MU00693_20260730_024036_000;1.1;5.0;26.0;noise;0.04;Rhasp, Plaint, Phogri;;;;
Car381009-2026-Pass1-Z1-2MU00693_20260730_024036_000;0.3;4.9;10.0;Tetvir;0.92;;;;;
Car381009-2026-Pass1-Z1-2MU00693_20260730_024050_000;0.2;1.9;14.0;noise;0.31;;;;;
Car381009-2026-Pass1-Z1-2MU00693_20260730_024050_000;0.0;1.8;32.0;Testes;0.6;;;;;
Car381009-2026-Pass1-Z1-2MU00693_20260730_024103_000;0.0;1.7;32.0;Leppun;0.98;;;;;
Car381009-2026-Pass1-Z1-2MU00693_20260730_024103_000;0.0;1.8;22.0;Phogri;0.05;Plaint, noise;;;;
Car381009-2026-Pass1-Z1-2MU00693_20260730_024108_000;0.0;1.0;38.0;Leppun;0.97;;;;;
Car381009-2026-Pass1-Z1-2MU00693_20260730_024108_000;0.0;1.8;22.0;Tetvir;0.71;;;;;
Car381009-2026-Pass1-Z1-2MU00693_20260730_024112_000;0.1;5.0;34.0;Leppun;0.83;;;;;
Car381009-2026-Pass1-Z1-2MU00693_20260730_024112_000;0.0;4.9;32.0;noise;0.2;;;;;
Car381009-2026-Pass1-Z1-2MU00693_20260730_024212_000;0.0;2.2;37.0;Leppun;0.98;;;;;
Car381009-2026-Pass1-Z1-2MU00693_20260730_024212_000;0.4;4.0;24.0;Phogri;0.28;;;;;
Car381009-2026-Pass1-Z1-2MU00693_20260730_024212_000;0.0;3.8;10.0;Tetvir;0.73;;;;;
Car381009-2026-Pass1-Z1-2MU00693_20260730_024216_000;0.0;5.0;39.0;Leppun;0.97;;;;;
Car381009-2026-Pass1-Z1-2MU00693_20260730_024216_000;1.9;4.9;40.0;noise;0.12;;;;;
Car381009-2026-Pass1-Z1-2MU00693_20260730_024216_000;0.3;4.9;25.0;Barfis;0.12;Phogri;;;;
Car381009-2026-Pass1-Z1-2MU00693_20260730_024229_000;0.0;1.8;34.0;Leppun;0.98;;;;;
Car381009-2026-Pass1-Z1-2MU00693_20260730_024229_000;0.3;1.5;24.0;Phogri;0.03;Tetvir, Metbra;;;;
Car381009-2026-Pass1-Z1-2MU00693_20260730_024229_000;0.2;1.5;25.0;noise;0.06;Phogri, Tetvir;;;;
Car381009-2026-Pass1-Z1-2MU00693_20260730_024231_000;0.0;3.8;37.0;Leppun;0.95;;;;;
Car381009-2026-Pass1-Z1-2MU00693_20260730_024231_000;0.0;5.0;24.0;noise;0.09;;;;;
Car381009-2026-Pass1-Z1-2MU00693_20260730_024231_000;0.0;5.0;24.0;Phogri;0.69;;;;;
Car381009-2026-Pass1-Z1-2MU00693_20260730_024242_000;0.0;1.1;40.0;Leppun;0.97;;;;;
Car381009-2026-Pass1-Z1-2MU00693_20260730_024242_000;1.0;2.9;10.0;Tetvir;0.86;;;;;
Car381009-2026-Pass1-Z1-2MU00693_20260730_024246_000;0.0;4.7;38.0;Leppun;0.77;;;;;
Car381009-2026-Pass1-Z1-2MU00693_20260730_024246_000;0.0;5.0;10.0;Tetvir;0.96;;;;;
Car381009-2026-Pass1-Z1-2MU00693_20260730_024344_000;0.0;1.7;40.0;Leppun;0.95;;;;;
Car381009-2026-Pass1-Z1-2MU00693_20260730_024344_000;0.3;2.2;25.0;Phogri;0.24;;;;;
Car381009-2026-Pass1-Z1-2MU00693_20260730_024344_000;0.0;1.7;10.0;Tetvir;0.95;;;;;
Car381009-2026-Pass1-Z1-2MU00693_20260730_024348_000;0.0;0.1;33.0;Leppun;0.43;;;;;
Car381009-2026-Pass1-Z1-2MU00693_20260730_024348_000;0.7;2.0;25.0;Phogri;0.13;;;;;
Car381009-2026-Pass1-Z1-2MU00693_20260730_024348_000;0.9;1.9;10.0;Tetvir;0.94;;;;;
Car381009-2026-Pass1-Z1-2MU00693_20260730_024350_000;0.0;0.1;43.0;Leppun;0.42;;;;;
Car381009-2026-Pass1-Z1-2MU00693_20260730_024350_000;0.0;1.9;10.0;Tetvir;0.96;;;;;
Car381009-2026-Pass1-Z1-2MU00693_20260730_024354_000;0.0;0.1;37.0;Leppun;0.96;;;;;
Car381009-2026-Pass1-Z1-2MU00693_20260730_024354_000;0.7;1.9;20.0;Phogri;0.17;noise;;;;
Car381009-2026-Pass1-Z1-2MU00693_20260730_024354_000;0.0;1.8;10.0;Tetvir;0.93;;;;;
Car381009-2026-Pass1-Z1-2MU00693_20260730_024357_000;0.0;1.8;26.0;Leppun;0.98;;;;;
Car381009-2026-Pass1-Z1-2MU00693_20260730_024357_000;0.4;0.6;16.0;noise;0.05;Phogri, Phanan;;;;
Car381009-2026-Pass1-Z1-2MU00693_20260730_024400_000;0.0;2.0;40.0;Leppun;0.96;;;;;
Car381009-2026-Pass1-Z1-2MU00693_20260730_024400_000;0.8;2.1;25.0;Phogri;0.4;;;;;
Car381009-2026-Pass1-Z1-2MU00693_20260730_024400_000;0.1;1.8;14.0;Tetvir;0.56;;;;;
Car381009-2026-Pass1-Z1-2MU00693_20260730_024403_000;0.0;0.9;36.0;Leppun;0.54;;;;;
Car381009-2026-Pass1-Z1-2MU00693_20260730_024403_000;0.0;2.1;10.0;Tetvir;0.96;;;;;
Car381009-2026-Pass1-Z1-2MU00693_20260730_024407_000;0.0;1.8;38.0;Leppun;0.96;;;;;
Car381009-2026-Pass1-Z1-2MU00693_20260730_024407_000;0.3;1.9;23.0;Phogri;0.35;;;;;
Car381009-2026-Pass1-Z1-2MU00693_20260730_024407_000;0.8;2.1;10.0;Tetvir;0.9;;;;;
Car381009-2026-Pass1-Z1-2MU00693_20260730_024411_000;0.0;1.4;31.0;Leppun;0.97;;;;;
Car381009-2026-Pass1-Z1-2MU00693_20260730_024411_000;0.3;2.0;25.0;Phogri;0.63;;;;;
Car381009-2026-Pass1-Z1-2MU00693_20260730_024411_000;0.2;1.9;13.0;Tetvir;0.9;;;;;
Car381009-2026-Pass1-Z1-2MU00693_20260730_024414_000;0.0;0.8;30.0;Leppun;0.1;noise;;;;
Car381009-2026-Pass1-Z1-2MU00693_20260730_024414_000;0.4;1.7;23.0;Phogri;0.77;;;;;
Car381009-2026-Pass1-Z1-2MU00693_20260730_024414_000;0.3;1.9;44.0;Pippip;0.87;;;;;
Car381009-2026-Pass1-Z1-2MU00693_20260730_024418_000;0.0;1.8;35.0;Leppun;0.97;;;;;
Car381009-2026-Pass1-Z1-2MU00693_20260730_024418_000;0.3;1.8;24.0;noise;0.05;Phogri, Phanan;;;;
Car381009-2026-Pass1-Z1-2MU00693_20260730_024418_000;0.7;1.5;44.0;Pippip;0.95;;;;;
Car381009-2026-Pass1-Z1-2MU00693_20260730_024418_000;0.0;1.9;10.0;Tetvir;0.85;;;;;
Car381009-2026-Pass1-Z1-2MU00693_20260730_024423_000;0.3;1.9;30.0;noise;0.15;;;;;
Car381009-2026-Pass1-Z1-2MU00693_20260730_024423_000;0.0;2.0;25.0;Barfis;0.49;;;;;
Car381009-2026-Pass1-Z1-2MU00693_20260730_024423_000;0.2;2.0;12.0;Tetvir;0.77;;;;;
Car381009-2026-Pass1-Z1-2MU00693_20260730_024425_000;0.0;0.8;29.0;Leppun;0.98;;;;;
Car381009-2026-Pass1-Z1-2MU00693_20260730_024425_000;0.3;1.6;24.0;noise;0.11;;;;;
Car381009-2026-Pass1-Z1-2MU00693_20260730_024425_000;0.3;2.0;10.0;Tetvir;0.95;;;;;
Car381009-2026-Pass1-Z1-2MU00693_20260730_024429_000;0.0;0.9;33.0;Leppun;0.94;;;;;
Car381009-2026-Pass1-Z1-2MU00693_20260730_024429_000;0.1;2.1;24.0;Phogri;0.45;;;;;
Car381009-2026-Pass1-Z1-2MU00693_20260730_024433_000;0.0;1.8;42.0;Leppun;0.96;;;;;
Car381009-2026-Pass1-Z1-2MU00693_20260730_024433_000;0.1;1.0;24.0;Plaint;0.04;Phogri, noise;;;;
Car381009-2026-Pass1-Z1-2MU00693_20260730_024433_000;0.0;2.0;10.0;Tetvir;0.95;;;;;
Car381009-2026-Pass1-Z1-2MU00693_20260730_024438_000;0.0;1.2;38.0;Leppun;0.98;;;;;
Car381009-2026-Pass1-Z1-2MU00693_20260730_024438_000;0.2;2.1;23.0;noise;0.16;Phogri;;;;
Car381009-2026-Pass1-Z1-2MU00693_20260730_024442_000;0.2;2.1;32.0;Hypsav;0.92;;;;;
Car381009-2026-Pass1-Z1-2MU00693_20260730_024442_000;0.0;1.5;28.0;Leppun;0.7;;;;;
Car381009-2026-Pass1-Z1-2MU00693_20260730_024442_000;0.1;2.0;10.0;Tetvir;0.95;;;;;
Car381009-2026-Pass1-Z1-2MU00693_20260730_024445_000;0.0;3.0;32.0;Hypsav;0.97;;;;;
Car381009-2026-Pass1-Z1-2MU00693_20260730_024445_000;0.5;2.7;37.0;Leppun;0.95;;;;;
Car381009-2026-Pass1-Z1-2MU00693_20260730_024445_000;0.1;2.6;10.0;Eupsp;0.09;noise;;;;
Car381009-2026-Pass1-Z1-2MU00693_20260730_024445_000;0.4;4.5;24.0;Phogri;0.07;noise;;;;
Car381009-2026-Pass1-Z1-2MU00693_20260730_024451_000;0.0;1.8;39.0;Leppun;0.97;;;;;
Car381009-2026-Pass1-Z1-2MU00693_20260730_024451_000;0.4;0.6;25.0;Phogri;0.54;;;;;
Car381009-2026-Pass1-Z1-2MU00693_20260730_024451_000;0.0;2.1;10.0;Tetvir;0.97;;;;;
Car381009-2026-Pass1-Z1-2MU00693_20260730_024455_000;0.0;1.9;40.0;Leppun;0.97;;;;;
Car381009-2026-Pass1-Z1-2MU00693_20260730_024455_000;0.4;1.9;24.0;noise;0.08;Phogri;;;;
Car381009-2026-Pass1-Z1-2MU00693_20260730_024500_000;0.0;2.5;38.0;Leppun;0.86;;;;;
Car381009-2026-Pass1-Z1-2MU00693_20260730_024500_000;0.1;2.5;24.0;Phogri;0.68;;;;;
Car381009-2026-Pass1-Z1-2MU00693_20260730_024500_000;0.1;3.0;10.0;Tetvir;0.96;;;;;
Car381009-2026-Pass1-Z1-2MU00693_20260730_024505_000;0.0;1.1;47.0;Leppun;0.53;;;;;
Car381009-2026-Pass1-Z1-2MU00693_20260730_024505_000;0.0;1.9;25.0;Phogri;0.07;noise;;;;
Car381009-2026-Pass1-Z1-2MU00693_20260730_024508_000;0.3;2.1;38.0;noise;0.16;;;;;
Car381009-2026-Pass1-Z1-2MU00693_20260730_024508_000;0.3;1.9;24.0;Phogri;0.09;;;;;
Car381009-2026-Pass1-Z1-2MU00693_20260730_024510_000;0.0;1.1;40.0;Leppun;0.98;;;;;
Car381009-2026-Pass1-Z1-2MU00693_20260730_024510_000;0.8;1.3;45.0;Pippip;0.96;;;;;
Car381009-2026-Pass1-Z1-2MU00693_20260730_024510_000;0.3;2.9;25.0;Phogri;0.2;;;;;
Car381009-2026-Pass1-Z1-2MU00693_20260730_024510_000;0.3;3.0;9.0;Tetvir;0.97;;;;;
Car381009-2026-Pass1-Z1-2MU00693_20260730_024514_000;0.0;2.4;31.0;Leppun;0.94;;;;;
Car381009-2026-Pass1-Z1-2MU00693_20260730_024514_000;0.4;2.3;24.0;Phogri;0.05;noise, Pipkuh;;;;
Car381009-2026-Pass1-Z1-2MU00693_20260730_024519_000;0.0;0.9;43.0;Leppun;0.96;;;;;
Car381009-2026-Pass1-Z1-2MU00693_20260730_024519_000;0.0;1.9;25.0;Phogri;0.28;Isopyr;;;;
Car381009-2026-Pass1-Z1-2MU00693_20260730_024519_000;0.0;2.0;10.0;Tetvir;0.94;;;;;
Car381009-2026-Pass1-Z1-2MU00693_20260730_024521_000;0.0;2.0;37.0;Leppun;0.43;;;;;
Car381009-2026-Pass1-Z1-2MU00693_20260730_024521_000;0.0;2.0;25.0;Phogri;0.08;Pippip, noise, Rhasp;;;;
Car381009-2026-Pass1-Z1-2MU00693_20260730_024521_000;0.0;2.0;10.0;Tetvir;0.93;;;;;
Car381009-2026-Pass1-Z1-2MU00693_20260730_024527_000;0.0;1.7;33.0;Leppun;0.91;;;;;
Car381009-2026-Pass1-Z1-2MU00693_20260730_024527_000;0.2;2.2;47.0;Pippip;0.98;;;;;
Car381009-2026-Pass1-Z1-2MU00693_20260730_024527_000;0.1;2.2;10.0;Tetvir;0.94;;;;;
Car381009-2026-Pass1-Z1-2MU00693_20260730_024529_000;0.0;4.8;50.0;Pippip;0.99;;;;;
Car381009-2026-Pass1-Z1-2MU00693_20260730_024529_000;0.0;4.5;24.0;Phogri;0.11;;;;;
Car381009-2026-Pass1-Z1-2MU00693_20260730_024539_000;0.0;1.9;40.0;Leppun;0.97;;;;;
Car381009-2026-Pass1-Z1-2MU00693_20260730_024539_000;0.4;1.9;29.0;noise;0.12;Phogri;;;;
Car381009-2026-Pass1-Z1-2MU00693_20260730_024539_000;0.0;1.9;10.0;Tetvir;0.97;;;;;
Car381009-2026-Pass1-Z1-2MU00693_20260730_024541_000;0.0;4.5;35.0;Leppun;0.56;;;;;
Car381009-2026-Pass1-Z1-2MU00693_20260730_024541_000;0.2;5.0;43.0;Pipkuh;0.98;;;;;
Car381009-2026-Pass1-Z1-2MU00693_20260730_024541_000;1.6;5.0;10.0;Tetvir;0.25;;;;;
Car381009-2026-Pass1-Z1-2MU00693_20260730_024547_000;0.0;4.8;43.0;Pipnat;0.5;Pipkuh;;;;
Car381009-2026-Pass1-Z1-2MU00693_20260730_024547_000;0.0;4.7;10.0;Tetvir;0.93;;;;;
Car381009-2026-Pass1-Z1-2MU00693_20260730_024547_000;1.1;4.8;40.0;Phogri;0.04;noise, Yerray, Pippip, Leppun, Pipkuh;;;;
Car381009-2026-Pass1-Z1-2MU00693_20260730_024556_000;0.0;4.0;40.0;Leppun;0.94;;;;;
Car381009-2026-Pass1-Z1-2MU00693_20260730_024556_000;0.1;5.0;55.0;Pippip;0.97;;;;;
Car381009-2026-Pass1-Z1-2MU00693_20260730_024556_000;0.1;4.7;24.0;Phogri;0.11;;;;;
Car381009-2026-Pass1-Z1-2MU00693_20260730_024556_000;0.1;5.0;10.0;Tetvir;0.9;;;;;
Car381009-2026-Pass1-Z1-2MU00693_20260730_024658_000;0.0;5.0;38.0;Leppun;0.8;;;;;
Car381009-2026-Pass1-Z1-2MU00693_20260730_024658_000;0.7;5.0;23.0;noise;0.06;Phogri, Plaint;;;;
Car381009-2026-Pass1-Z1-2MU00693_20260730_024658_000;0.0;5.0;20.0;Tetvir;0.93;;;;;
Car381009-2026-Pass1-Z1-2MU00693_20260730_024724_000;0.0;4.8;37.0;Leppun;0.94;;;;;
Car381009-2026-Pass1-Z1-2MU00693_20260730_024724_000;0.8;4.6;24.0;noise;0.05;Phogri, Plaint;;;;
Car381009-2026-Pass1-Z1-2MU00693_20260730_024724_000;0.2;5.0;10.0;Tetvir;0.95;;;;;
Car381009-2026-Pass1-Z1-2MU00693_20260730_024749_000;0.0;2.0;36.0;Leppun;0.89;;;;;
Car381009-2026-Pass1-Z1-2MU00693_20260730_024749_000;0.7;2.1;10.0;Tetvir;0.85;;;;;
Car381009-2026-Pass1-Z1-2MU00693_20260730_024752_000;0.0;3.7;36.0;Leppun;0.96;;;;;
Car381009-2026-Pass1-Z1-2MU00693_20260730_024752_000;0.8;3.6;26.0;Phogri;0.04;noise, Plaint;;;;
Car381009-2026-Pass1-Z1-2MU00693_20260730_024752_000;0.0;3.6;10.0;Tetvir;0.96;;;;;
Car381009-2026-Pass1-Z1-2MU00693_20260730_024756_000;0.0;4.3;35.0;Leppun;0.95;;;;;
Car381009-2026-Pass1-Z1-2MU00693_20260730_024756_000;0.2;4.8;25.0;Plaint;0.57;;;;;
Car381009-2026-Pass1-Z1-2MU00693_20260730_024756_000;0.5;4.0;13.0;Tetvir;0.82;;;;;
Car381009-2026-Pass1-Z1-2MU00693_20260730_024804_000;0.0;3.1;38.0;Leppun;0.97;;;;;
Car381009-2026-Pass1-Z1-2MU00693_20260730_024804_000;3.1;3.9;49.0;Pippip;0.97;;;;;
Car381009-2026-Pass1-Z1-2MU00693_20260730_024804_000;0.1;4.0;25.0;Phogri;0.07;noise;;;;
Car381009-2026-Pass1-Z1-2MU00693_20260730_024804_000;0.3;3.9;10.0;Tetvir;0.95;;;;;
Car381009-2026-Pass1-Z1-2MU00693_20260730_024809_000;0.0;4.3;39.0;Leppun;0.93;;;;;
Car381009-2026-Pass1-Z1-2MU00693_20260730_024809_000;0.3;5.0;25.0;noise;0.13;Phogri;;;;
Car381009-2026-Pass1-Z1-2MU00693_20260730_024809_000;0.5;5.0;50.0;Pippip;0.99;;;;;
Car381009-2026-Pass1-Z1-2MU00693_20260730_024809_000;0.5;4.9;22.0;Tetvir;0.87;;;;;
Car381009-2026-Pass1-Z1-2MU00693_20260730_024816_000;0.0;2.0;38.0;Leppun;0.96;;;;;
Car381009-2026-Pass1-Z1-2MU00693_20260730_024816_000;0.1;1.8;24.0;noise;0.12;;;;;
Car381009-2026-Pass1-Z1-2MU00693_20260730_024816_000;0.1;1.6;25.0;Phogri;0.07;;;;;
Car381009-2026-Pass1-Z1-2MU00693_20260730_024818_000;0.0;1.0;38.0;Leppun;0.95;;;;;
Car381009-2026-Pass1-Z1-2MU00693_20260730_024818_000;0.0;2.0;20.0;Cyrscu;0.06;noise, Phogri, Phanan;;;;
Car381009-2026-Pass1-Z1-2MU00693_20260730_024818_000;0.9;1.8;26.0;Tetvir;0.59;;;;;
Car381009-2026-Pass1-Z1-2MU00693_20260730_024821_000;0.0;3.6;39.0;Leppun;0.93;;;;;
Car381009-2026-Pass1-Z1-2MU00693_20260730_024821_000;0.0;3.9;26.0;Phogri;0.05;noise, Plaint;;;;
Car381009-2026-Pass1-Z1-2MU00693_20260730_024821_000;0.1;4.0;10.0;Tetvir;0.94;;;;;
Car381009-2026-Pass1-Z1-2MU00693_20260730_024825_000;0.0;5.0;39.0;Leppun;0.97;;;;;
Car381009-2026-Pass1-Z1-2MU00693_20260730_024825_000;0.5;4.9;26.0;Phogri;0.1;noise;;;;
Car381009-2026-Pass1-Z1-2MU00693_20260730_024825_000;0.0;5.0;10.0;Tetvir;0.88;;;;;
Car381009-2026-Pass1-Z1-2MU00693_20260730_024832_000;0.0;1.3;42.0;Leppun;0.94;;;;;
Car381009-2026-Pass1-Z1-2MU00693_20260730_024832_000;0.4;2.1;24.0;Phogri;0.07;noise;;;;
Car381009-2026-Pass1-Z1-2MU00693_20260730_024832_000;0.5;2.0;10.0;Tetvir;0.73;;;;;
Car381009-2026-Pass1-Z1-2MU00693_20260730_024836_000;0.0;4.9;39.0;Leppun;0.96;;;;;
Car381009-2026-Pass1-Z1-2MU00693_20260730_024836_000;0.1;2.3;55.0;Pippip;0.99;;;;;
Car381009-2026-Pass1-Z1-2MU00693_20260730_024836_000;1.5;4.8;26.0;Phogri;0.06;noise, Plaint;;;;
Car381009-2026-Pass1-Z1-2MU00693_20260730_024836_000;0.0;4.3;11.0;Tetvir;0.93;;;;;
Car381009-2026-Pass1-Z1-2MU00693_20260730_024848_000;0.0;4.9;36.0;Leppun;0.94;;;;;
Car381009-2026-Pass1-Z1-2MU00693_20260730_024848_000;0.2;3.8;24.0;Rhasp;0.08;Phogri;;;;
Car381009-2026-Pass1-Z1-2MU00693_20260730_024848_000;0.0;5.0;21.0;Tetvir;0.95;;;;;
Car381009-2026-Pass1-Z1-2MU00693_20260730_024916_000;0.0;5.0;39.0;Leppun;0.97;;;;;
Car381009-2026-Pass1-Z1-2MU00693_20260730_024916_000;0.5;4.9;25.0;noise;0.07;;;;;
Car381009-2026-Pass1-Z1-2MU00693_20260730_024916_000;0.0;5.0;22.0;Tetvir;0.93;;;;;
Car381009-2026-Pass1-Z1-2MU00693_20260730_024940_000;0.0;3.4;39.0;Leppun;0.96;;;;;
Car381009-2026-Pass1-Z1-2MU00693_20260730_024940_000;0.4;3.9;25.0;Phogri;0.18;;;;;
Car381009-2026-Pass1-Z1-2MU00693_20260730_024940_000;0.7;3.9;19.0;Tetvir;0.91;;;;;
Car381009-2026-Pass1-Z1-2MU00693_20260730_024944_000;0.0;3.8;39.0;Leppun;0.82;;;;;
Car381009-2026-Pass1-Z1-2MU00693_20260730_024944_000;0.5;4.5;24.0;Phogri;0.43;;;;;
Car381009-2026-Pass1-Z1-2MU00693_20260730_024944_000;0.0;4.7;10.0;Tetvir;0.45;;;;;
Car381009-2026-Pass1-Z1-2MU00693_20260730_024952_000;0.0;3.6;44.0;Leppun;0.88;;;;;
Car381009-2026-Pass1-Z1-2MU00693_20260730_024952_000;0.3;4.7;24.0;noise;0.14;Phogri;;;;
Car381009-2026-Pass1-Z1-2MU00693_20260730_024952_000;0.0;4.9;10.0;Tetvir;0.94;;;;;
Car381009-2026-Pass1-Z1-2MU00693_20260730_025000_000;0.0;1.4;43.0;Leppun;0.96;;;;;
Car381009-2026-Pass1-Z1-2MU00693_20260730_025000_000;0.3;2.0;23.0;noise;0.17;;;;;
Car381009-2026-Pass1-Z1-2MU00693_20260730_025000_000;0.3;1.6;24.0;Phogri;0.05;;;;;
Car381009-2026-Pass1-Z1-2MU00693_20260730_025003_000;0.0;2.1;44.0;Leppun;0.97;;;;;
Car381009-2026-Pass1-Z1-2MU00693_20260730_025003_000;0.3;3.9;24.0;Phogri;0.07;noise;;;;
Car381009-2026-Pass1-Z1-2MU00693_20260730_025003_000;0.3;3.1;25.0;Tetvir;0.55;;;;;
Car381009-2026-Pass1-Z1-2MU00693_20260730_025007_000;0.0;4.2;43.0;Leppun;0.97;;;;;
Car381009-2026-Pass1-Z1-2MU00693_20260730_025007_000;0.1;5.0;24.0;Phogri;0.08;noise;;;;
Car381009-2026-Pass1-Z1-2MU00693_20260730_025007_000;0.1;5.0;22.0;Tetvir;0.78;;;;;
Car381009-2026-Pass1-Z1-2MU00693_20260730_025018_000;0.0;3.7;39.0;Leppun;0.97;;;;;
Car381009-2026-Pass1-Z1-2MU00693_20260730_025018_000;0.6;4.6;25.0;Phogri;0.11;noise;;;;
Car381009-2026-Pass1-Z1-2MU00693_20260730_025018_000;0.0;4.6;12.0;Tetvir;0.96;;;;;
Car381009-2026-Pass1-Z1-2MU00693_20260730_025047_000;0.0;1.4;39.0;Leppun;0.96;;;;;
Car381009-2026-Pass1-Z1-2MU00693_20260730_025047_000;0.6;1.8;26.0;Phogri;0.78;;;;;
Car381009-2026-Pass1-Z1-2MU00693_20260730_025047_000;0.0;1.8;10.0;Tetvir;0.93;;;;;
Car381009-2026-Pass1-Z1-2MU00693_20260730_025049_000;0.0;3.9;38.0;Leppun;0.97;;;;;
Car381009-2026-Pass1-Z1-2MU00693_20260730_025049_000;0.2;3.8;25.0;noise;0.14;Phogri;;;;
Car381009-2026-Pass1-Z1-2MU00693_20260730_025049_000;0.1;5.0;10.0;Tetvir;0.96;;;;;
Car381009-2026-Pass1-Z1-2MU00693_20260730_025118_000;0.0;1.6;33.0;Leppun;0.89;;;;;
Car381009-2026-Pass1-Z1-2MU00693_20260730_025118_000;0.0;1.5;22.0;Phogri;0.66;;;;;
Car381009-2026-Pass1-Z1-2MU00693_20260730_025118_000;0.3;1.2;17.0;Tetvir;0.64;;;;;
Car381009-2026-Pass1-Z1-2MU00693_20260730_025120_000;0.0;4.9;39.0;Leppun;0.97;;;;;
Car381009-2026-Pass1-Z1-2MU00693_20260730_025120_000;0.6;4.0;26.0;Phogri;0.68;;;;;
Car381009-2026-Pass1-Z1-2MU00693_20260730_025120_000;0.6;1.5;50.0;Pippip;0.99;;;;;
Car381009-2026-Pass1-Z1-2MU00693_20260730_025120_000;0.6;5.0;10.0;Tetvir;0.96;;;;;
Car381009-2026-Pass1-Z1-2MU00693_20260730_025213_000;0.0;4.0;39.0;Leppun;0.98;;;;;
Car381009-2026-Pass1-Z1-2MU00693_20260730_025213_000;0.4;4.5;25.0;Phogri;0.13;noise;;;;
Car381009-2026-Pass1-Z1-2MU00693_20260730_025213_000;2.7;5.0;10.0;Tetvir;0.96;;;;;
Car381009-2026-Pass1-Z1-2MU00693_20260730_025220_000;0.0;1.1;39.0;Leppun;0.99;;;;;
Car381009-2026-Pass1-Z1-2MU00693_20260730_025220_000;0.2;0.8;25.0;noise;0.17;;;;;
Car381009-2026-Pass1-Z1-2MU00693_20260730_025220_000;0.0;2.1;10.0;Tetvir;0.95;;;;;
Car381009-2026-Pass1-Z1-2MU00693_20260730_025222_000;0.0;5.0;41.0;Leppun;0.98;;;;;
Car381009-2026-Pass1-Z1-2MU00693_20260730_025222_000;0.6;4.6;25.0;Phogri;0.11;;;;;
Car381009-2026-Pass1-Z1-2MU00693_20260730_025222_000;0.0;5.0;10.0;Tetvir;0.95;;;;;
Car381009-2026-Pass1-Z1-2MU00693_20260730_025231_000;0.0;4.0;42.0;Leppun;0.97;;;;;
Car381009-2026-Pass1-Z1-2MU00693_20260730_025231_000;0.9;5.0;53.0;Pippyg;0.96;;;;;
Car381009-2026-Pass1-Z1-2MU00693_20260730_025231_000;0.2;5.0;25.0;Phogri;0.07;noise;;;;
Car381009-2026-Pass1-Z1-2MU00693_20260730_025231_000;0.1;5.0;10.0;Tetvir;0.93;;;;;
Car381009-2026-Pass1-Z1-2MU00693_20260730_025245_000;0.0;1.8;37.0;Leppun;0.99;;;;;
Car381009-2026-Pass1-Z1-2MU00693_20260730_025245_000;0.4;1.6;20.0;Phogri;0.07;noise;;;;
Car381009-2026-Pass1-Z1-2MU00693_20260730_025245_000;0.0;1.9;11.0;Tetvir;0.89;;;;;
Car381009-2026-Pass1-Z1-2MU00693_20260730_025248_000;0.0;1.0;39.0;Leppun;0.98;;;;;
Car381009-2026-Pass1-Z1-2MU00693_20260730_025248_000;0.2;1.8;24.0;Phogri;0.07;noise;;;;
Car381009-2026-Pass1-Z1-2MU00693_20260730_025248_000;0.9;2.0;24.0;Tetvir;0.36;;;;;
Car381009-2026-Pass1-Z1-2MU00693_20260730_025250_000;0.0;0.4;54.0;Leppun;0.96;;;;;
Car381009-2026-Pass1-Z1-2MU00693_20260730_025250_000;0.3;1.8;24.0;Cyrscu;0.07;Phogri, noise;;;;
Car381009-2026-Pass1-Z1-2MU00693_20260730_025250_000;0.3;2.0;14.0;Tetvir;0.76;;;;;
Car381009-2026-Pass1-Z1-2MU00693_20260730_025255_000;0.0;1.9;38.0;Leppun;0.97;;;;;
Car381009-2026-Pass1-Z1-2MU00693_20260730_025255_000;0.4;2.0;23.0;Phogri;0.17;;;;;
Car381009-2026-Pass1-Z1-2MU00693_20260730_025255_000;0.0;2.1;10.0;Tetvir;0.87;;;;;
Car381009-2026-Pass1-Z1-2MU00693_20260730_025257_000;0.0;2.1;40.0;Leppun;0.97;;;;;
Car381009-2026-Pass1-Z1-2MU00693_20260730_025257_000;0.3;3.6;24.0;Phogri;0.74;;;;;
Car381009-2026-Pass1-Z1-2MU00693_20260730_025257_000;0.0;3.5;10.0;Tetvir;0.96;;;;;
Car381009-2026-Pass1-Z1-2MU00693_20260730_025302_000;0.0;3.9;39.0;Leppun;0.98;;;;;
Car381009-2026-Pass1-Z1-2MU00693_20260730_025302_000;0.0;4.5;25.0;Phogri;0.82;;;;;
Car381009-2026-Pass1-Z1-2MU00693_20260730_025302_000;0.0;5.0;10.0;Tetvir;0.98;;;;;
Car381009-2026-Pass1-Z1-2MU00693_20260730_025312_000;0.0;1.5;40.0;Leppun;0.97;;;;;
Car381009-2026-Pass1-Z1-2MU00693_20260730_025312_000;0.2;1.8;24.0;noise;0.11;;;;;
Car381009-2026-Pass1-Z1-2MU00693_20260730_025312_000;0.0;1.8;10.0;Tetvir;0.91;;;;;
Car381009-2026-Pass1-Z1-2MU00693_20260730_025315_000;0.0;2.1;39.0;Leppun;0.98;;;;;
Car381009-2026-Pass1-Z1-2MU00693_20260730_025315_000;0.2;2.1;24.0;Phogri;0.07;noise;;;;
Car381009-2026-Pass1-Z1-2MU00693_20260730_025315_000;1.3;2.0;10.0;Tetvir;0.47;;;;;
Car381009-2026-Pass1-Z1-2MU00693_20260730_025318_000;0.0;4.3;37.0;Leppun;0.98;;;;;
Car381009-2026-Pass1-Z1-2MU00693_20260730_025318_000;0.3;4.3;25.0;Phogri;0.58;;;;;
Car381009-2026-Pass1-Z1-2MU00693_20260730_025318_000;0.0;4.3;10.0;Tetvir;0.95;;;;;
Car381009-2026-Pass1-Z1-2MU00693_20260730_025322_000;0.0;4.0;37.0;Leppun;0.54;;;;;
Car381009-2026-Pass1-Z1-2MU00693_20260730_025322_000;0.3;4.7;25.0;Phogri;0.81;;;;;
Car381009-2026-Pass1-Z1-2MU00693_20260730_025322_000;0.8;4.0;30.0;Testes;0.08;noise, Antsp;;;;
Car381009-2026-Pass1-Z1-2MU00693_20260730_025322_000;0.1;4.7;10.0;Tetvir;0.84;;;;;
Car381009-2026-Pass1-Z1-2MU00693_20260730_025329_000;0.0;1.3;38.0;Leppun;0.97;;;;;
Car381009-2026-Pass1-Z1-2MU00693_20260730_025329_000;0.0;2.1;22.0;Phogri;0.69;;;;;
Car381009-2026-Pass1-Z1-2MU00693_20260730_025329_000;1.6;1.7;9.0;Tetvir;0.69;;;;;
Car381009-2026-Pass1-Z1-2MU00693_20260730_025332_000;0.0;1.3;41.0;Leppun;0.98;;;;;
Car381009-2026-Pass1-Z1-2MU00693_20260730_025332_000;0.2;1.7;24.0;noise;0.21;;;;;
Car381009-2026-Pass1-Z1-2MU00693_20260730_025332_000;0.3;1.8;9.0;Tetvir;0.77;;;;;
Car381009-2026-Pass1-Z1-2MU00693_20260730_025334_000;0.0;1.0;38.0;Leppun;0.96;;;;;
Car381009-2026-Pass1-Z1-2MU00693_20260730_025334_000;0.1;1.8;24.0;Phogri;0.77;;;;;
Car381009-2026-Pass1-Z1-2MU00693_20260730_025334_000;0.1;1.2;9.0;Tetvir;0.93;;;;;
Car381009-2026-Pass1-Z1-2MU00693_20260730_025336_000;0.0;1.9;39.0;Leppun;0.98;;;;;
Car381009-2026-Pass1-Z1-2MU00693_20260730_025336_000;0.2;2.0;10.0;Tetvir;0.62;;;;;
Car381009-2026-Pass1-Z1-2MU00693_20260730_025338_000;0.0;3.8;39.0;Leppun;0.96;;;;;
Car381009-2026-Pass1-Z1-2MU00693_20260730_025338_000;0.2;3.5;22.0;Phogri;0.82;;;;;
Car381009-2026-Pass1-Z1-2MU00693_20260730_025338_000;0.8;3.8;49.0;Pippip;0.99;;;;;
Car381009-2026-Pass1-Z1-2MU00693_20260730_025342_000;0.0;4.0;38.0;Leppun;0.97;;;;;
Car381009-2026-Pass1-Z1-2MU00693_20260730_025342_000;0.2;2.9;30.0;noise;0.15;;;;;
Car381009-2026-Pass1-Z1-2MU00693_20260730_025342_000;0.0;5.0;49.0;Pippip;0.99;;;;;
Car381009-2026-Pass1-Z1-2MU00693_20260730_025342_000;0.0;4.8;22.0;Plaint;0.1;Phogri;;;;
Car381009-2026-Pass1-Z1-2MU00693_20260730_025342_000;0.5;3.5;13.0;Tetvir;0.67;;;;;
Car381009-2026-Pass1-Z1-2MU00693_20260730_025356_000;0.0;2.1;30.0;noise;0.1;;;;;
Car381009-2026-Pass1-Z1-2MU00693_20260730_025356_000;0.0;0.9;33.0;Leppun;0.92;;;;;
Car381009-2026-Pass1-Z1-2MU00693_20260730_025356_000;0.1;1.8;49.0;Pippip;0.98;;;;;
Car381009-2026-Pass1-Z1-2MU00693_20260730_025356_000;0.8;1.3;10.0;Tetvir;0.16;Isopyr;;;;
Car381009-2026-Pass1-Z1-2MU00693_20260730_025358_000;0.0;4.5;35.0;Leppun;0.94;;;;;
Car381009-2026-Pass1-Z1-2MU00693_20260730_025358_000;0.0;4.5;24.0;Phogri;0.74;;;;;
Car381009-2026-Pass1-Z1-2MU00693_20260730_025358_000;0.3;5.0;44.0;Pipkuh;0.98;;;;;
Car381009-2026-Pass1-Z1-2MU00693_20260730_025358_000;0.3;5.0;45.0;Pippip;0.96;;;;;
Car381009-2026-Pass1-Z1-2MU00693_20260730_025358_000;0.1;4.5;10.0;Tetvir;0.94;;;;;
Car381009-2026-Pass1-Z1-2MU00693_20260730_025450_000;0.0;3.9;40.0;Leppun;0.93;;;;;
Car381009-2026-Pass1-Z1-2MU00693_20260730_025450_000;0.5;3.8;11.0;noise;0.27;;;;;
Car381009-2026-Pass1-Z1-2MU00693_20260730_025450_000;0.5;3.9;24.0;Phogri;0.19;;;;;
Car381009-2026-Pass1-Z1-2MU00693_20260730_025454_000;0.0;5.0;39.0;Leppun;0.96;;;;;
Car381009-2026-Pass1-Z1-2MU00693_20260730_025454_000;0.5;5.0;24.0;Phogri;0.72;;;;;
Car381009-2026-Pass1-Z1-2MU00693_20260730_025454_000;1.7;4.8;46.0;Pippip;0.85;;;;;
Car381009-2026-Pass1-Z1-2MU00693_20260730_025454_000;0.1;5.0;10.0;Tetvir;0.95;;;;;
Car381009-2026-Pass1-Z1-2MU00693_20260730_025551_000;0.0;4.8;40.0;Leppun;0.93;;;;;
Car381009-2026-Pass1-Z1-2MU00693_20260730_025551_000;0.5;4.3;26.0;Phogri;0.39;;;;;
Car381009-2026-Pass1-Z1-2MU00693_20260730_025551_000;0.4;5.0;15.0;Tetvir;0.68;;;;;
Car381009-2026-Pass1-Z1-2MU00693_20260730_025603_000;0.0;2.6;33.0;Leppun;0.92;;;;;
Car381009-2026-Pass1-Z1-2MU00693_20260730_025603_000;0.8;3.7;25.0;Phogri;0.23;;;;;
Car381009-2026-Pass1-Z1-2MU00693_20260730_025603_000;0.2;3.6;14.0;Tetvir;0.66;;;;;
Car381009-2026-Pass1-Z1-2MU00693_20260730_025606_000;0.0;3.6;40.0;Leppun;0.95;;;;;
Car381009-2026-Pass1-Z1-2MU00693_20260730_025606_000;0.4;4.8;24.0;noise;0.06;Phogri;;;;
Car381009-2026-Pass1-Z1-2MU00693_20260730_025606_000;0.5;5.0;10.0;Tetvir;0.89;;;;;
Car381009-2026-Pass1-Z1-2MU00693_20260730_025615_000;0.0;0.8;40.0;Leppun;0.99;;;;;
Car381009-2026-Pass1-Z1-2MU00693_20260730_025615_000;0.1;2.1;26.0;Phogri;0.5;;;;;
Car381009-2026-Pass1-Z1-2MU00693_20260730_025621_000;0.0;3.1;40.0;Leppun;0.95;;;;;
Car381009-2026-Pass1-Z1-2MU00693_20260730_025621_000;0.1;2.1;26.0;Phogri;0.77;;;;;
Car381009-2026-Pass1-Z1-2MU00693_20260730_025621_000;0.7;2.9;24.0;noise;0.07;Tetvir;;;;
Car381009-2026-Pass1-Z1-2MU00693_20260730_025626_000;1.3;4.0;36.0;Leppun;0.9;;;;;
Car381009-2026-Pass1-Z1-2MU00693_20260730_025626_000;0.0;5.0;46.0;Pippip;0.99;;;;;
Car381009-2026-Pass1-Z1-2MU00693_20260730_025626_000;0.0;4.9;10.0;Tetvir;0.95;;;;;
Car381009-2026-Pass1-Z1-2MU00693_20260730_025633_000;0.0;1.9;39.0;Leppun;0.96;;;;;
Car381009-2026-Pass1-Z1-2MU00693_20260730_025633_000;0.2;2.1;24.0;Phogri;0.76;;;;;
Car381009-2026-Pass1-Z1-2MU00693_20260730_025633_000;0.1;2.1;48.0;Pippip;0.99;;;;;
Car381009-2026-Pass1-Z1-2MU00693_20260730_025635_000;0.0;1.2;32.0;Leppun;0.96;;;;;
Car381009-2026-Pass1-Z1-2MU00693_20260730_025635_000;0.4;1.7;26.0;Phogri;0.3;;;;;
Car381009-2026-Pass1-Z1-2MU00693_20260730_025635_000;0.1;2.1;53.0;Pippip;0.99;;;;;
Car381009-2026-Pass1-Z1-2MU00693_20260730_025640_000;0.0;1.5;49.0;Leppun;0.95;;;;;
Car381009-2026-Pass1-Z1-2MU00693_20260730_025640_000;0.6;1.5;49.0;Pippip;0.97;;;;;
Car381009-2026-Pass1-Z1-2MU00693_20260730_025640_000;0.1;2.1;24.0;Phogri;0.11;;;;;
Car381009-2026-Pass1-Z1-2MU00693_20260730_025640_000;0.2;2.1;10.0;Tetvir;0.94;;;;;
Car381009-2026-Pass1-Z1-2MU00693_20260730_025643_000;0.0;4.8;36.0;Leppun;0.97;;;;;
Car381009-2026-Pass1-Z1-2MU00693_20260730_025643_000;0.0;5.0;62.0;Pippip;0.99;;;;;
Car381009-2026-Pass1-Z1-2MU00693_20260730_025643_000;0.9;4.5;26.0;Phogri;0.11;;;;;
Car381009-2026-Pass1-Z1-2MU00693_20260730_025643_000;0.0;4.8;10.0;Tetvir;0.96;;;;;
Car381009-2026-Pass1-Z1-2MU00693_20260730_025725_000;0.0;3.4;39.0;Leppun;0.69;;;;;
Car381009-2026-Pass1-Z1-2MU00693_20260730_025725_000;0.0;3.9;13.0;Tetvir;0.88;;;;;
Car381009-2026-Pass1-Z1-2MU00693_20260730_025731_000;0.0;2.4;35.0;Leppun;0.94;;;;;
Car381009-2026-Pass1-Z1-2MU00693_20260730_025731_000;0.2;4.0;24.0;noise;0.09;Phogri;;;;
Car381009-2026-Pass1-Z1-2MU00693_20260730_025731_000;0.3;2.4;52.0;Pippyg;0.04;Pippip;;;;
Car381009-2026-Pass1-Z1-2MU00693_20260730_025731_000;0.4;4.0;10.0;Tetvir;0.93;;;;;
Car381009-2026-Pass1-Z1-2MU00693_20260730_025736_000;0.0;1.2;38.0;Leppun;0.98;;;;;
Car381009-2026-Pass1-Z1-2MU00693_20260730_025736_000;0.0;1.6;10.0;Tetvir;0.88;;;;;
Car381009-2026-Pass1-Z1-2MU00693_20260730_025738_000;0.0;2.1;40.0;Leppun;0.95;;;;;
Car381009-2026-Pass1-Z1-2MU00693_20260730_025738_000;0.2;1.7;25.0;Phogri;0.89;;;;;
Car381009-2026-Pass1-Z1-2MU00693_20260730_025738_000;0.2;1.4;10.0;Tetvir;0.75;;;;;
Car381009-2026-Pass1-Z1-2MU00693_20260730_025740_000;0.0;0.8;41.0;Leppun;0.92;;;;;
Car381009-2026-Pass1-Z1-2MU00693_20260730_025740_000;0.2;2.1;10.0;Phogri;0.13;noise, Tetvir;;;;
Car381009-2026-Pass1-Z1-2MU00693_20260730_025742_000;0.0;4.1;41.0;Leppun;0.97;;;;;
Car381009-2026-Pass1-Z1-2MU00693_20260730_025742_000;0.1;4.9;25.0;Phogri;0.96;;;;;
Car381009-2026-Pass1-Z1-2MU00693_20260730_025742_000;0.0;4.4;10.0;Tetvir;0.93;;;;;
Car381009-2026-Pass1-Z1-2MU00693_20260730_025813_000;0.0;1.3;34.0;Leppun;0.93;;;;;
Car381009-2026-Pass1-Z1-2MU00693_20260730_025813_000;0.1;1.9;25.0;Phogri;0.5;;;;;
Car381009-2026-Pass1-Z1-2MU00693_20260730_025815_000;0.0;3.7;24.0;Isopyr;0.5;;;;;
Car381009-2026-Pass1-Z1-2MU00693_20260730_025815_000;0.0;3.6;36.0;Leppun;0.92;;;;;
Car381009-2026-Pass1-Z1-2MU00693_20260730_025815_000;0.2;3.7;24.0;Phogri;0.55;;;;;
Car381009-2026-Pass1-Z1-2MU00693_20260730_025815_000;0.7;3.4;18.0;Tetvir;0.68;;;;;
Car381009-2026-Pass1-Z1-2MU00693_20260730_025819_000;0.0;3.6;41.0;Leppun;0.95;;;;;
Car381009-2026-Pass1-Z1-2MU00693_20260730_025819_000;0.3;3.7;22.0;Rhasp;0.07;Phogri, noise;;;;
Car381009-2026-Pass1-Z1-2MU00693_20260730_025819_000;0.3;0.8;12.0;Tetvir;0.29;;;;;
Car381009-2026-Pass1-Z1-2MU00693_20260730_025826_000;0.0;1.5;36.0;Leppun;0.98;;;;;
Car381009-2026-Pass1-Z1-2MU00693_20260730_025826_000;0.5;1.6;24.0;noise;0.19;;;;;
Car381009-2026-Pass1-Z1-2MU00693_20260730_025826_000;0.4;1.4;24.0;Phogri;0.6;;;;;
Car381009-2026-Pass1-Z1-2MU00693_20260730_025828_000;0.0;5.0;39.0;Leppun;0.86;;;;;
Car381009-2026-Pass1-Z1-2MU00693_20260730_025828_000;0.0;4.9;24.0;Phogri;0.84;;;;;
Car381009-2026-Pass1-Z1-2MU00693_20260730_025837_000;0.0;5.0;40.0;Leppun;0.95;;;;;
Car381009-2026-Pass1-Z1-2MU00693_20260730_025837_000;0.6;4.8;23.0;Phogri;0.77;;;;;
Car381009-2026-Pass1-Z1-2MU00693_20260730_025854_000;0.0;1.3;39.0;Leppun;0.96;;;;;
Car381009-2026-Pass1-Z1-2MU00693_20260730_025854_000;0.1;1.6;28.0;Phogri;0.69;;;;;
Car381009-2026-Pass1-Z1-2MU00693_20260730_025856_000;0.0;1.6;36.0;Leppun;0.32;;;;;
Car381009-2026-Pass1-Z1-2MU00693_20260730_025856_000;0.2;2.1;22.0;Phogri;0.05;Plaint, noise;;;;
Car381009-2026-Pass1-Z1-2MU00693_20260730_025856_000;0.0;1.6;11.0;Tetvir;0.37;;;;;
Car381009-2026-Pass1-Z1-2MU00693_20260730_025900_000;0.0;3.9;38.0;Leppun;0.28;;;;;
Car381009-2026-Pass1-Z1-2MU00693_20260730_025900_000;0.2;4.9;24.0;Phogri;0.12;;;;;
Car381009-2026-Pass1-Z1-2MU00693_20260730_025906_000;0.0;0.6;30.0;Leppun;0.15;noise;;;;
Car381009-2026-Pass1-Z1-2MU00693_20260730_025906_000;0.4;1.9;24.0;Phogri;0.7;;;;;
Car381009-2026-Pass1-Z1-2MU00693_20260730_025909_000;0.0;4.5;42.0;Leppun;0.97;;;;;
Car381009-2026-Pass1-Z1-2MU00693_20260730_025909_000;0.0;5.0;26.0;Phogri;0.1;noise;;;;
Car381009-2026-Pass1-Z1-2MU00693_20260730_025909_000;0.0;5.0;26.0;Tetvir;0.51;;;;;
Car381009-2026-Pass1-Z1-2MU00693_20260730_025959_000;0.0;2.9;38.0;Leppun;0.97;;;;;
Car381009-2026-Pass1-Z1-2MU00693_20260730_025959_000;0.3;3.7;24.0;Phogri;0.11;;;;;
Car381009-2026-Pass1-Z1-2MU00693_20260730_025959_000;0.2;4.0;10.0;Tetvir;0.96;;;;;
Car381009-2026-Pass1-Z1-2MU00693_20260730_030003_000;1.9;5.0;40.0;Leppun;0.96;;;;;
Car381009-2026-Pass1-Z1-2MU00693_20260730_030003_000;0.2;5.0;25.0;Phogri;0.13;Plaint;;;;
Car381009-2026-Pass1-Z1-2MU00693_20260730_030003_000;0.0;4.2;10.0;Tetvir;0.82;;;;;
Car381009-2026-Pass1-Z1-2MU00693_20260730_030009_000;0.0;3.6;40.0;Leppun;0.92;;;;;
Car381009-2026-Pass1-Z1-2MU00693_20260730_030009_000;0.8;4.8;24.0;Phogri;0.17;;;;;
Car381009-2026-Pass1-Z1-2MU00693_20260730_030009_000;0.0;4.9;10.0;Tetvir;0.95;;;;;
Car381009-2026-Pass1-Z1-2MU00693_20260730_030049_000;0.0;5.0;28.0;Eptser;0.99;;;;;
Car381009-2026-Pass1-Z1-2MU00693_20260730_030049_000;0.5;4.8;40.0;Leppun;0.75;;;;;
Car381009-2026-Pass1-Z1-2MU00693_20260730_030049_000;1.1;4.7;23.0;Plaint;0.08;noise, Phogri;;;;
Car381009-2026-Pass1-Z1-2MU00693_20260730_030049_000;0.0;4.8;10.0;Tetvir;0.94;;;;;
Car381009-2026-Pass1-Z1-2MU00693_20260730_030101_000;0.0;1.8;29.0;Leppun;0.95;;;;;
Car381009-2026-Pass1-Z1-2MU00693_20260730_030101_000;0.2;1.8;23.0;Phogri;0.09;;;;;
Car381009-2026-Pass1-Z1-2MU00693_20260730_030110_000;0.0;1.5;36.0;Leppun;0.96;;;;;
Car381009-2026-Pass1-Z1-2MU00693_20260730_030110_000;0.3;2.0;22.0;noise;0.31;;;;;
Car381009-2026-Pass1-Z1-2MU00693_20260730_030110_000;0.3;2.0;25.0;Phogri;0.08;;;;;
Car381009-2026-Pass1-Z1-2MU00693_20260730_030113_000;0.0;2.7;36.0;Leppun;0.98;;;;;
Car381009-2026-Pass1-Z1-2MU00693_20260730_030113_000;0.1;2.7;25.0;Phogri;0.57;;;;;
Car381009-2026-Pass1-Z1-2MU00693_20260730_030113_000;0.3;2.9;10.0;Tetvir;0.84;;;;;
Car381009-2026-Pass1-Z1-2MU00693_20260730_030116_000;0.0;3.4;36.0;Leppun;0.95;;;;;
Car381009-2026-Pass1-Z1-2MU00693_20260730_030116_000;0.5;2.6;24.0;Rhasp;0.04;Phanan, Phogri, noise, Cyrscu;;;;
Car381009-2026-Pass1-Z1-2MU00693_20260730_030116_000;0.6;4.4;51.0;Pippip;0.88;;;;;
Car381009-2026-Pass1-Z1-2MU00693_20260730_030116_000;0.0;3.3;9.0;Tetvir;0.92;;;;;
Car381009-2026-Pass1-Z1-2MU00693_20260730_030120_000;0.0;4.4;32.0;Leppun;0.92;;;;;
Car381009-2026-Pass1-Z1-2MU00693_20260730_030120_000;0.2;4.8;25.0;noise;0.24;;;;;
Car381009-2026-Pass1-Z1-2MU00693_20260730_030120_000;0.0;5.0;53.0;Pippip;0.99;;;;;
Car381009-2026-Pass1-Z1-2MU00693_20260730_030120_000;0.6;4.8;26.0;Plaint;0.08;Phogri;;;;
Car381009-2026-Pass1-Z1-2MU00693_20260730_030120_000;0.2;5.0;10.0;Tetvir;0.92;;;;;
Car381009-2026-Pass1-Z1-2MU00693_20260730_030157_000;0.0;0.8;33.0;Leppun;0.67;;;;;
Car381009-2026-Pass1-Z1-2MU00693_20260730_030157_000;1.1;2.0;9.0;noise;0.11;;;;;
Car381009-2026-Pass1-Z1-2MU00693_20260730_030157_000;0.1;1.7;23.0;Plaint;0.05;Phogri;;;;
Car381009-2026-Pass1-Z1-2MU00693_20260730_030205_000;0.0;1.9;49.0;Pippip;0.99;;;;;
Car381009-2026-Pass1-Z1-2MU00693_20260730_030205_000;0.0;2.0;24.0;Phogri;0.1;;;;;
Car381009-2026-Pass1-Z1-2MU00693_20260730_030210_000;0.6;4.7;26.0;Phogri;0.73;;;;;
Car381009-2026-Pass1-Z1-2MU00693_20260730_030210_000;0.0;4.1;46.0;Pippip;0.99;;;;;
Car381009-2026-Pass1-Z1-2MU00693_20260730_030210_000;0.0;3.5;24.0;Tetvir;0.92;;;;;
Car381009-2026-Pass1-Z1-2MU00693_20260730_030218_000;0.0;2.0;37.0;Leppun;0.63;;;;;
Car381009-2026-Pass1-Z1-2MU00693_20260730_030218_000;1.7;3.9;50.0;Pippip;0.97;;;;;
Car381009-2026-Pass1-Z1-2MU00693_20260730_030218_000;0.6;3.8;21.0;Tetvir;0.85;;;;;
Car381009-2026-Pass1-Z1-2MU00693_20260730_030236_000;0.0;1.7;30.0;Leppun;0.88;;;;;
Car381009-2026-Pass1-Z1-2MU00693_20260730_030236_000;0.1;1.7;26.0;Phogri;0.37;;;;;
Car381009-2026-Pass1-Z1-2MU00693_20260730_030243_000;0.0;0.6;32.0;Leppun;0.27;;;;;
Car381009-2026-Pass1-Z1-2MU00693_20260730_030243_000;0.2;2.0;26.0;noise;0.13;;;;;
Car381009-2026-Pass1-Z1-2MU00693_20260730_030243_000;0.1;2.0;11.0;Tetvir;0.9;;;;;
Car381009-2026-Pass1-Z1-2MU00693_20260730_030251_000;0.0;1.8;38.0;Leppun;0.51;;;;;
Car381009-2026-Pass1-Z1-2MU00693_20260730_030251_000;0.0;1.9;26.0;Phogri;0.07;Rhasp, noise;;;;
Car381009-2026-Pass1-Z1-2MU00693_20260730_030251_000;0.1;1.4;10.0;Tetvir;0.8;;;;;
Car381009-2026-Pass1-Z1-2MU00693_20260730_030256_000;0.3;0.4;31.0;Leppun;0.2;;;;;
Car381009-2026-Pass1-Z1-2MU00693_20260730_030256_000;0.0;1.8;24.0;Phogri;0.9;;;;;
Car381009-2026-Pass1-Z1-2MU00693_20260730_030256_000;0.9;2.0;49.0;Pippip;0.98;;;;;
Car381009-2026-Pass1-Z1-2MU00693_20260730_030300_000;0.9;3.2;34.0;Leppun;0.97;;;;;
Car381009-2026-Pass1-Z1-2MU00693_20260730_030300_000;0.0;5.0;54.0;Pippip;0.99;;;;;
Car381009-2026-Pass1-Z1-2MU00693_20260730_030300_000;0.5;5.0;23.0;Plaint;0.26;;;;;
Car381009-2026-Pass1-Z1-2MU00693_20260730_030300_000;0.5;5.0;10.0;Tetvir;0.96;;;;;
Car381009-2026-Pass1-Z1-2MU00693_20260730_030308_000;0.0;4.3;40.0;Leppun;0.88;;;;;
Car381009-2026-Pass1-Z1-2MU00693_20260730_030308_000;0.1;4.7;26.0;Phogri;0.09;;;;;
Car381009-2026-Pass1-Z1-2MU00693_20260730_030308_000;0.7;5.0;10.0;Tetvir;0.97;;;;;
Car381009-2026-Pass1-Z1-2MU00693_20260730_030402_000;0.0;4.8;38.0;Leppun;0.97;;;;;
Car381009-2026-Pass1-Z1-2MU00693_20260730_030402_000;1.7;3.4;21.0;noise;0.32;;;;;
Car381009-2026-Pass1-Z1-2MU00693_20260730_030402_000;0.4;3.7;27.0;Plaint;0.11;;;;;
Car381009-2026-Pass1-Z1-2MU00693_20260730_030402_000;0.0;4.9;11.0;Tetvir;0.93;;;;;
Car381009-2026-Pass1-Z1-2MU00693_20260730_030413_000;0.0;4.5;40.0;Leppun;0.9;;;;;
Car381009-2026-Pass1-Z1-2MU00693_20260730_030413_000;0.8;2.0;48.0;Pippip;0.98;;;;;
Car381009-2026-Pass1-Z1-2MU00693_20260730_030413_000;0.4;4.1;24.0;noise;0.05;Phogri, Plaint;;;;
Car381009-2026-Pass1-Z1-2MU00693_20260730_030413_000;0.4;5.0;11.0;Tetvir;0.89;;;;;
Car381009-2026-Pass1-Z1-2MU00693_20260730_030446_000;0.0;5.0;36.0;Leppun;0.94;;;;;
Car381009-2026-Pass1-Z1-2MU00693_20260730_030446_000;0.2;5.0;25.0;Phogri;0.69;;;;;
Car381009-2026-Pass1-Z1-2MU00693_20260730_030446_000;0.3;5.0;11.0;Tetvir;0.97;;;;;
Car381009-2026-Pass1-Z1-2MU00693_20260730_030502_000;0.0;1.8;40.0;Leppun;0.99;;;;;
Car381009-2026-Pass1-Z1-2MU00693_20260730_030502_000;0.3;2.1;26.0;Phogri;0.53;;;;;
Car381009-2026-Pass1-Z1-2MU00693_20260730_030502_000;0.0;1.4;28.0;Tetvir;0.4;;;;;
Car381009-2026-Pass1-Z1-2MU00693_20260730_030505_000;0.0;5.0;35.0;Leppun;0.95;;;;;
Car381009-2026-Pass1-Z1-2MU00693_20260730_030505_000;0.1;5.0;24.0;Phogri;0.89;;;;;
Car381009-2026-Pass1-Z1-2MU00693_20260730_030505_000;0.1;5.0;11.0;Tetvir;0.91;;;;;
Car381009-2026-Pass1-Z1-2MU00693_20260730_030518_000;0.0;4.8;38.0;Leppun;0.96;;;;;
Car381009-2026-Pass1-Z1-2MU00693_20260730_030518_000;0.0;4.2;23.0;Phogri;0.13;noise;;;;
Car381009-2026-Pass1-Z1-2MU00693_20260730_030518_000;0.0;5.0;10.0;Tetvir;0.98;;;;;
Car381009-2026-Pass1-Z1-2MU00693_20260730_030533_000;0.0;3.6;37.0;Leppun;0.97;;;;;
Car381009-2026-Pass1-Z1-2MU00693_20260730_030533_000;0.2;1.8;24.0;Phogri;0.1;noise;;;;
Car381009-2026-Pass1-Z1-2MU00693_20260730_030533_000;0.2;3.7;22.0;Tetvir;0.88;;;;;
Car381009-2026-Pass1-Z1-2MU00693_20260730_030538_000;0.0;1.5;37.0;Leppun;0.91;;;;;
Car381009-2026-Pass1-Z1-2MU00693_20260730_030538_000;0.0;2.4;24.0;noise;0.04;Phanan, Cyrscu;;;;
Car381009-2026-Pass1-Z1-2MU00693_20260730_030538_000;0.1;3.0;27.0;Phogri;0.55;;;;;
Car381009-2026-Pass1-Z1-2MU00693_20260730_030538_000;0.0;3.0;10.0;Tetvir;0.95;;;;;
Car381009-2026-Pass1-Z1-2MU00693_20260730_030544_000;0.0;2.3;38.0;Leppun;0.97;;;;;
Car381009-2026-Pass1-Z1-2MU00693_20260730_030544_000;1.5;2.1;26.0;noise;0.12;;;;;
Car381009-2026-Pass1-Z1-2MU00693_20260730_030544_000;0.4;1.4;25.0;Plaint;0.08;Phogri;;;;
Car381009-2026-Pass1-Z1-2MU00693_20260730_030544_000;0.1;2.8;15.0;Tetvir;0.78;;;;;
Car381009-2026-Pass1-Z1-2MU00693_20260730_030547_000;0.0;1.8;32.0;Leppun;0.46;;;;;
Car381009-2026-Pass1-Z1-2MU00693_20260730_030547_000;0.0;1.8;25.0;noise;0.05;Phogri;;;;
Car381009-2026-Pass1-Z1-2MU00693_20260730_030553_000;0.0;4.4;38.0;Leppun;0.95;;;;;
Car381009-2026-Pass1-Z1-2MU00693_20260730_030553_000;0.0;4.5;47.0;Pippip;0.99;;;;;
Car381009-2026-Pass1-Z1-2MU00693_20260730_030553_000;0.4;5.0;25.0;Phogri;0.13;;;;;
Car381009-2026-Pass1-Z1-2MU00693_20260730_030553_000;0.4;4.9;12.0;Tetvir;0.93;;;;;
Car381009-2026-Pass1-Z1-2MU00693_20260730_030601_000;0.0;4.6;40.0;Leppun;0.96;;;;;
Car381009-2026-Pass1-Z1-2MU00693_20260730_030601_000;1.8;4.6;15.0;noise;0.08;;;;;
Car381009-2026-Pass1-Z1-2MU00693_20260730_030601_000;0.3;5.0;23.0;Phogri;0.16;;;;;
Car381009-2026-Pass1-Z1-2MU00693_20260730_030617_000;0.0;4.0;39.0;Leppun;0.93;;;;;
Car381009-2026-Pass1-Z1-2MU00693_20260730_030617_000;0.0;4.8;26.0;Phogri;0.18;noise;;;;
Car381009-2026-Pass1-Z1-2MU00693_20260730_030617_000;0.1;5.0;11.0;Tetvir;0.88;;;;;
Car381009-2026-Pass1-Z1-2MU00693_20260730_030623_000;0.0;1.9;36.0;Leppun;0.92;;;;;
Car381009-2026-Pass1-Z1-2MU00693_20260730_030623_000;0.6;1.9;25.0;Phogri;0.91;;;;;
Car381009-2026-Pass1-Z1-2MU00693_20260730_030623_000;0.0;1.9;11.0;Tetvir;0.97;;;;;
Car381009-2026-Pass1-Z1-2MU00693_20260730_030625_000;0.0;5.0;33.0;Leppun;0.79;;;;;
Car381009-2026-Pass1-Z1-2MU00693_20260730_030625_000;0.2;5.0;25.0;Phogri;0.87;;;;;
Car381009-2026-Pass1-Z1-2MU00693_20260730_030625_000;0.0;4.7;11.0;Tetvir;0.98;;;;;
Car381009-2026-Pass1-Z1-2MU00693_20260730_030633_000;0.0;4.5;40.0;Leppun;0.95;;;;;
Car381009-2026-Pass1-Z1-2MU00693_20260730_030633_000;0.4;4.9;24.0;Phogri;0.52;;;;;
Car381009-2026-Pass1-Z1-2MU00693_20260730_030633_000;0.0;4.8;11.0;Tetvir;0.98;;;;;
Car381009-2026-Pass1-Z1-2MU00693_20260730_030655_000;0.0;4.8;38.0;Leppun;0.97;;;;;
Car381009-2026-Pass1-Z1-2MU00693_20260730_030655_000;1.9;4.7;27.0;noise;0.29;;;;;
Car381009-2026-Pass1-Z1-2MU00693_20260730_030655_000;0.3;4.8;24.0;Phogri;0.05;Plaint;;;;
Car381009-2026-Pass1-Z1-2MU00693_20260730_030655_000;0.0;5.0;11.0;Tetvir;0.97;;;;;
Car381009-2026-Pass1-Z1-2MU00693_20260730_030706_000;0.0;5.0;38.0;Leppun;0.98;;;;;
Car381009-2026-Pass1-Z1-2MU00693_20260730_030706_000;1.1;4.9;26.0;Phogri;0.09;;;;;
Car381009-2026-Pass1-Z1-2MU00693_20260730_030706_000;0.0;4.8;11.0;Tetvir;0.96;;;;;
Car381009-2026-Pass1-Z1-2MU00693_20260730_030713_000;0.0;4.8;40.0;Leppun;0.96;;;;;
Car381009-2026-Pass1-Z1-2MU00693_20260730_030713_000;0.5;4.7;26.0;noise;0.15;Phogri;;;;
Car381009-2026-Pass1-Z1-2MU00693_20260730_030713_000;0.0;5.0;11.0;Tetvir;0.97;;;;;
Car381009-2026-Pass1-Z1-2MU00693_20260730_030737_000;0.0;4.4;38.0;Leppun;0.96;;;;;
Car381009-2026-Pass1-Z1-2MU00693_20260730_030737_000;0.0;5.0;21.0;noise;0.56;;;;;
Car381009-2026-Pass1-Z1-2MU00693_20260730_030747_000;0.0;3.5;39.0;Leppun;0.82;;;;;
Car381009-2026-Pass1-Z1-2MU00693_20260730_030747_000;0.1;3.8;25.0;Phogri;0.64;;;;;
Car381009-2026-Pass1-Z1-2MU00693_20260730_030747_000;3.0;3.9;39.0;Pipkuh;0.78;;;;;
Car381009-2026-Pass1-Z1-2MU00693_20260730_030751_000;0.0;5.0;39.0;Leppun;0.64;;;;;
Car381009-2026-Pass1-Z1-2MU00693_20260730_030751_000;0.2;5.0;25.0;Phogri;0.42;;;;;
Car381009-2026-Pass1-Z1-2MU00693_20260730_030751_000;0.0;4.7;37.0;Pipkuh;0.43;Pipnat;;;;
Car381009-2026-Pass1-Z1-2MU00693_20260730_030751_000;0.2;4.3;22.0;Tetvir;0.26;;;;;
Car381009-2026-Pass1-Z1-2MU00693_20260730_030817_000;0.0;5.0;36.0;Leppun;0.84;;;;;
Car381009-2026-Pass1-Z1-2MU00693_20260730_030817_000;0.0;5.0;22.0;Phogri;0.42;;;;;
Car381009-2026-Pass1-Z1-2MU00693_20260730_030833_000;0.0;1.8;34.0;Leppun;0.81;;;;;
Car381009-2026-Pass1-Z1-2MU00693_20260730_030833_000;0.3;1.8;26.0;Tetvir;0.03;Rhasp;;;;
Car381009-2026-Pass1-Z1-2MU00693_20260730_030833_000;1.1;1.3;12.0;noise;0.07;Tetvir;;;;
Car381009-2026-Pass1-Z1-2MU00693_20260730_030833_000;0.0;1.8;25.0;Phogri;0.1;;;;;
Car381009-2026-Pass1-Z1-2MU00693_20260730_030836_000;0.0;5.0;39.0;Leppun;0.96;;;;;
Car381009-2026-Pass1-Z1-2MU00693_20260730_030836_000;0.2;4.4;28.0;noise;0.19;Phogri;;;;
Car381009-2026-Pass1-Z1-2MU00693_20260730_030836_000;0.2;5.0;24.0;Phogri;0.14;;;;;
Car381009-2026-Pass1-Z1-2MU00693_20260730_030847_000;0.0;4.8;30.0;Leppun;0.82;;;;;
Car381009-2026-Pass1-Z1-2MU00693_20260730_030847_000;0.3;3.0;23.0;Barfis;0.05;Phogri, Phanan, noise;;;;
Car381009-2026-Pass1-Z1-2MU00693_20260730_030847_000;0.2;4.8;23.0;Tetvir;0.38;;;;;
Car381009-2026-Pass1-Z1-2MU00693_20260730_030852_000;0.0;1.9;37.0;Leppun;0.69;;;;;
Car381009-2026-Pass1-Z1-2MU00693_20260730_030852_000;0.2;1.9;25.0;Phogri;0.65;;;;;
Car381009-2026-Pass1-Z1-2MU00693_20260730_030852_000;0.4;1.6;20.0;Tetvir;0.52;;;;;
Car381009-2026-Pass1-Z1-2MU00693_20260730_030855_000;0.0;4.9;40.0;Leppun;0.98;;;;;
Car381009-2026-Pass1-Z1-2MU00693_20260730_030855_000;0.2;4.3;26.0;Eptser;0.1;;;;;
Car381009-2026-Pass1-Z1-2MU00693_20260730_030855_000;0.6;4.9;10.0;Tetvir;0.96;;;;;
Car381009-2026-Pass1-Z1-2MU00693_20260730_030932_000;0.0;1.2;42.0;Leppun;0.98;;;;;
Car381009-2026-Pass1-Z1-2MU00693_20260730_030932_000;0.0;2.1;24.0;Phogri;0.7;;;;;
Car381009-2026-Pass1-Z1-2MU00693_20260730_030932_000;0.0;1.8;10.0;Tetvir;0.72;;;;;
Car381009-2026-Pass1-Z1-2MU00693_20260730_030935_000;0.0;1.1;42.0;Leppun;0.97;;;;;
Car381009-2026-Pass1-Z1-2MU00693_20260730_030935_000;0.1;1.7;22.0;Phogri;0.15;noise;;;;
Car381009-2026-Pass1-Z1-2MU00693_20260730_030935_000;0.6;1.7;25.0;noise;0.03;Tetvir, Plaint;;;;
Car381009-2026-Pass1-Z1-2MU00693_20260730_030937_000;0.0;3.8;39.0;Leppun;0.96;;;;;
Car381009-2026-Pass1-Z1-2MU00693_20260730_030937_000;0.1;3.9;25.0;Phogri;0.7;;;;;
Car381009-2026-Pass1-Z1-2MU00693_20260730_030937_000;0.1;3.2;23.0;Tetvir;0.43;;;;;
Car381009-2026-Pass1-Z1-2MU00693_20260730_030942_000;0.0;2.0;39.0;Leppun;0.97;;;;;
Car381009-2026-Pass1-Z1-2MU00693_20260730_030942_000;0.2;4.0;24.0;noise;0.17;;;;;
Car381009-2026-Pass1-Z1-2MU00693_20260730_030942_000;0.2;3.7;25.0;Plaint;0.04;Phogri, Tetvir;;;;
Car381009-2026-Pass1-Z1-2MU00693_20260730_030946_000;0.0;5.0;39.0;Leppun;0.97;;;;;
Car381009-2026-Pass1-Z1-2MU00693_20260730_030946_000;1.0;5.0;25.0;noise;0.1;Phogri;;;;
Car381009-2026-Pass1-Z1-2MU00693_20260730_030946_000;0.3;5.0;10.0;Tetvir;0.9;;;;;
Car381009-2026-Pass1-Z1-2MU00693_20260730_031046_000;0.0;4.1;38.0;Leppun;0.97;;;;;
Car381009-2026-Pass1-Z1-2MU00693_20260730_031046_000;1.3;5.0;45.0;Pipkuh;0.98;;;;;
Car381009-2026-Pass1-Z1-2MU00693_20260730_031046_000;0.1;4.7;23.0;Phogri;0.18;;;;;
Car381009-2026-Pass1-Z1-2MU00693_20260730_031046_000;0.1;4.9;19.0;noise;0.05;Tetvir, Myomys;;;;
Car381009-2026-Pass1-Z1-2MU00693_20260730_031130_000;0.0;3.4;38.0;Leppun;0.97;;;;;
Car381009-2026-Pass1-Z1-2MU00693_20260730_031130_000;0.8;4.8;27.0;Nyclei;0.99;;;;;
Car381009-2026-Pass1-Z1-2MU00693_20260730_031130_000;0.1;4.9;24.0;Phogri;0.58;;;;;
Car381009-2026-Pass1-Z1-2MU00693_20260730_031154_000;0.0;1.9;38.0;Leppun;0.95;;;;;
Car381009-2026-Pass1-Z1-2MU00693_20260730_031154_000;0.0;3.7;23.0;Phogri;0.82;;;;;
Car381009-2026-Pass1-Z1-2MU00693_20260730_031159_000;0.0;5.0;40.0;Leppun;0.94;;;;;
Car381009-2026-Pass1-Z1-2MU00693_20260730_031159_000;0.0;4.4;22.0;Phogri;0.84;;;;;
Car381009-2026-Pass1-Z1-2MU00693_20260730_031206_000;0.0;4.9;38.0;Leppun;0.96;;;;;
Car381009-2026-Pass1-Z1-2MU00693_20260730_031206_000;0.4;4.8;23.0;Plaint;0.11;Phogri;;;;
Car381009-2026-Pass1-Z1-2MU00693_20260730_031206_000;1.1;4.0;41.0;Tetvir;0.63;;;;;
Car381009-2026-Pass1-Z1-2MU00693_20260730_031217_000;0.0;4.9;41.0;Leppun;0.86;;;;;
Car381009-2026-Pass1-Z1-2MU00693_20260730_031217_000;0.4;4.4;25.0;Phogri;0.6;;;;;
Car381009-2026-Pass1-Z1-2MU00693_20260730_031226_000;0.0;0.7;39.0;Leppun;0.44;;;;;
Car381009-2026-Pass1-Z1-2MU00693_20260730_031226_000;0.9;2.4;24.0;Phogri;0.06;noise;;;;
Car381009-2026-Pass1-Z1-2MU00693_20260730_031230_000;0.0;1.5;36.0;Leppun;0.97;;;;;
Car381009-2026-Pass1-Z1-2MU00693_20260730_031230_000;0.0;1.6;23.0;Phogri;0.77;;;;;
Car381009-2026-Pass1-Z1-2MU00693_20260730_031233_000;0.0;0.1;38.0;Leppun;0.67;;;;;
Car381009-2026-Pass1-Z1-2MU00693_20260730_031233_000;0.0;1.8;23.0;Phogri;0.67;;;;;
Car381009-2026-Pass1-Z1-2MU00693_20260730_031235_000;0.0;0.1;40.0;Leppun;0.96;;;;;
Car381009-2026-Pass1-Z1-2MU00693_20260730_031235_000;0.2;1.9;23.0;Phogri;0.06;noise, Plaint;;;;
Car381009-2026-Pass1-Z1-2MU00693_20260730_031239_000;0.0;1.6;39.0;Leppun;0.98;;;;;
Car381009-2026-Pass1-Z1-2MU00693_20260730_031239_000;0.0;2.1;24.0;Phogri;0.61;;;;;
Car381009-2026-Pass1-Z1-2MU00693_20260730_031241_000;0.0;1.7;33.0;Leppun;0.34;;;;;
Car381009-2026-Pass1-Z1-2MU00693_20260730_031241_000;0.2;1.6;21.0;noise;0.08;Tetvir;;;;
Car381009-2026-Pass1-Z1-2MU00693_20260730_031241_000;0.3;1.6;24.0;Phogri;0.35;;;;;
Car381009-2026-Pass1-Z1-2MU00693_20260730_031247_000;0.0;0.9;41.0;Leppun;0.81;;;;;
Car381009-2026-Pass1-Z1-2MU00693_20260730_031247_000;0.2;2.1;23.0;Phogri;0.07;noise;;;;
Car381009-2026-Pass1-Z1-2MU00693_20260730_031247_000;0.1;1.7;13.0;Tetvir;0.38;;;;;
Car381009-2026-Pass1-Z1-2MU00693_20260730_031250_000;0.0;4.0;40.0;Leppun;0.79;;;;;
Car381009-2026-Pass1-Z1-2MU00693_20260730_031250_000;0.1;4.8;24.0;noise;0.18;;;;;
Car381009-2026-Pass1-Z1-2MU00693_20260730_031250_000;0.4;4.4;25.0;Phogri;0.46;;;;;
Car381009-2026-Pass1-Z1-2MU00693_20260730_031258_000;0.0;2.0;51.0;Leppun;0.96;;;;;
Car381009-2026-Pass1-Z1-2MU00693_20260730_031258_000;0.3;2.0;23.0;Phogri;0.08;noise;;;;
Car381009-2026-Pass1-Z1-2MU00693_20260730_031301_000;0.0;1.9;33.0;Leppun;0.86;;;;;
Car381009-2026-Pass1-Z1-2MU00693_20260730_031301_000;0.0;1.9;21.0;Phogri;0.29;;;;;
Car381009-2026-Pass1-Z1-2MU00693_20260730_031301_000;0.5;2.0;24.0;noise;0.03;Tetvir, Plaint;;;;
Car381009-2026-Pass1-Z1-2MU00693_20260730_031303_000;0.0;3.9;38.0;Leppun;0.91;;;;;
Car381009-2026-Pass1-Z1-2MU00693_20260730_031303_000;0.2;4.5;23.0;Phogri;0.68;;;;;
Car381009-2026-Pass1-Z1-2MU00693_20260730_031303_000;0.0;4.4;24.0;Tetvir;0.64;;;;;
Car381009-2026-Pass1-Z1-2MU00693_20260730_031309_000;0.0;4.6;39.0;Leppun;0.92;;;;;
Car381009-2026-Pass1-Z1-2MU00693_20260730_031309_000;0.7;4.7;25.0;Phogri;0.67;;;;;
Car381009-2026-Pass1-Z1-2MU00693_20260730_031309_000;0.0;5.0;21.0;Tetvir;0.74;;;;;
Car381009-2026-Pass1-Z1-2MU00693_20260730_031325_000;0.0;2.0;42.0;Leppun;0.99;;;;;
Car381009-2026-Pass1-Z1-2MU00693_20260730_031325_000;0.6;1.9;23.0;Phogri;0.88;;;;;
Car381009-2026-Pass1-Z1-2MU00693_20260730_031328_000;0.0;3.3;44.0;Leppun;0.95;;;;;
Car381009-2026-Pass1-Z1-2MU00693_20260730_031328_000;0.4;4.1;23.0;Phogri;0.77;;;;;
Car381009-2026-Pass1-Z1-2MU00693_20260730_031333_000;0.0;2.0;43.0;Leppun;0.95;;;;;
Car381009-2026-Pass1-Z1-2MU00693_20260730_031333_000;0.6;3.5;23.0;Phogri;0.8;;;;;
Car381009-2026-Pass1-Z1-2MU00693_20260730_031338_000;0.0;1.7;42.0;Leppun;0.96;;;;;
Car381009-2026-Pass1-Z1-2MU00693_20260730_031338_000;0.0;2.0;24.0;Phogri;0.58;;;;;
Car381009-2026-Pass1-Z1-2MU00693_20260730_031340_000;0.0;1.6;44.0;Leppun;0.97;;;;;
Car381009-2026-Pass1-Z1-2MU00693_20260730_031340_000;0.2;2.1;22.0;Phogri;0.83;;;;;
Car381009-2026-Pass1-Z1-2MU00693_20260730_031344_000;0.0;1.4;40.0;Leppun;0.21;;;;;
Car381009-2026-Pass1-Z1-2MU00693_20260730_031344_000;0.3;1.8;24.0;Phogri;0.53;;;;;
Car381009-2026-Pass1-Z1-2MU00693_20260730_031344_000;0.2;0.3;10.0;noise;0.08;Tetvir;;;;
Car381009-2026-Pass1-Z1-2MU00693_20260730_031347_000;0.0;1.6;43.0;Leppun;0.96;;;;;
Car381009-2026-Pass1-Z1-2MU00693_20260730_031347_000;0.1;1.6;22.0;Phogri;0.1;;;;;
Car381009-2026-Pass1-Z1-2MU00693_20260730_031347_000;0.1;1.5;16.0;Tetvir;0.34;;;;;
Car381009-2026-Pass1-Z1-2MU00693_20260730_031349_000;0.0;2.5;42.0;Leppun;0.59;;;;;
Car381009-2026-Pass1-Z1-2MU00693_20260730_031349_000;0.0;2.7;23.0;Phogri;0.54;;;;;
Car381009-2026-Pass1-Z1-2MU00693_20260730_031355_000;0.0;2.0;40.0;Leppun;0.58;;;;;
Car381009-2026-Pass1-Z1-2MU00693_20260730_031355_000;0.0;2.0;23.0;noise;0.14;;;;;
Car381009-2026-Pass1-Z1-2MU00693_20260730_031355_000;0.6;2.0;23.0;Phogri;0.76;;;;;
Car381009-2026-Pass1-Z1-2MU00693_20260730_031358_000;0.0;3.7;38.0;Leppun;0.95;;;;;
Car381009-2026-Pass1-Z1-2MU00693_20260730_031358_000;1.2;3.7;11.0;noise;0.3;;;;;
Car381009-2026-Pass1-Z1-2MU00693_20260730_031358_000;0.3;5.0;50.0;Pippip;0.99;;;;;
Car381009-2026-Pass1-Z1-2MU00693_20260730_031358_000;0.3;4.6;23.0;Phogri;0.44;;;;;
Car381009-2026-Pass1-Z1-2MU00693_20260730_031429_000;0.0;3.5;39.0;Leppun;0.94;;;;;
Car381009-2026-Pass1-Z1-2MU00693_20260730_031429_000;0.3;4.8;22.0;Phogri;0.16;noise;;;;
Car381009-2026-Pass1-Z1-2MU00693_20260730_031455_000;0.0;5.0;40.0;Leppun;0.98;;;;;
Car381009-2026-Pass1-Z1-2MU00693_20260730_031455_000;0.1;5.0;23.0;Phogri;0.28;;;;;
Car381009-2026-Pass1-Z1-2MU00693_20260730_031516_000;0.0;1.6;37.0;Leppun;0.96;;;;;
Car381009-2026-Pass1-Z1-2MU00693_20260730_031516_000;0.4;2.1;22.0;Phogri;0.8;;;;;
Car381009-2026-Pass1-Z1-2MU00693_20260730_031519_000;0.0;1.0;39.0;Leppun;0.87;;;;;
Car381009-2026-Pass1-Z1-2MU00693_20260730_031519_000;0.2;1.9;23.0;noise;0.1;;;;;
Car381009-2026-Pass1-Z1-2MU00693_20260730_031519_000;1.1;1.9;24.0;Phogri;0.11;;;;;
Car381009-2026-Pass1-Z1-2MU00693_20260730_031522_000;0.0;1.8;44.0;Leppun;0.93;;;;;
Car381009-2026-Pass1-Z1-2MU00693_20260730_031522_000;0.1;2.2;23.0;Phogri;0.88;;;;;
Car381009-2026-Pass1-Z1-2MU00693_20260730_031525_000;0.0;1.8;24.0;Phogri;0.66;;;;;
Car381009-2026-Pass1-Z1-2MU00693_20260730_031525_000;0.7;1.7;16.0;Tetvir;0.55;;;;;
Car381009-2026-Pass1-Z1-2MU00693_20260730_031529_000;0.0;1.5;42.0;Leppun;0.98;;;;;
Car381009-2026-Pass1-Z1-2MU00693_20260730_031529_000;0.5;1.9;47.0;Pippip;0.99;;;;;
Car381009-2026-Pass1-Z1-2MU00693_20260730_031529_000;0.1;1.9;23.0;Phogri;0.13;;;;;
Car381009-2026-Pass1-Z1-2MU00693_20260730_031533_000;0.0;2.2;46.0;Pippip;0.99;;;;;
Car381009-2026-Pass1-Z1-2MU00693_20260730_031533_000;0.0;1.9;24.0;Phogri;0.12;;;;;
Car381009-2026-Pass1-Z1-2MU00693_20260730_031539_000;0.0;1.2;39.0;Leppun;0.98;;;;;
Car381009-2026-Pass1-Z1-2MU00693_20260730_031539_000;1.0;1.1;19.0;Phanan;0.07;noise;;;;
Car381009-2026-Pass1-Z1-2MU00693_20260730_031539_000;0.2;1.9;22.0;Phogri;0.98;;;;;
Car381009-2026-Pass1-Z1-2MU00693_20260730_031541_000;0.0;1.6;39.0;Leppun;0.98;;;;;
Car381009-2026-Pass1-Z1-2MU00693_20260730_031541_000;0.2;2.1;21.0;Phogri;0.9;;;;;
Car381009-2026-Pass1-Z1-2MU00693_20260730_031544_000;0.0;4.9;40.0;Leppun;0.93;;;;;
Car381009-2026-Pass1-Z1-2MU00693_20260730_031544_000;0.1;4.8;23.0;Phogri;0.78;;;;;
Car381009-2026-Pass1-Z1-2MU00693_20260730_031544_000;1.2;4.1;50.0;Pippip;0.99;;;;;
Car381009-2026-Pass1-Z1-2MU00693_20260730_031551_000;0.0;1.6;40.0;Leppun;0.98;;;;;
Car381009-2026-Pass1-Z1-2MU00693_20260730_031551_000;0.3;1.7;23.0;noise;0.08;;;;;
Car381009-2026-Pass1-Z1-2MU00693_20260730_031551_000;0.7;1.6;22.0;Phogri;0.62;;;;;
Car381009-2026-Pass1-Z1-2MU00693_20260730_031553_000;0.0;1.6;40.0;Leppun;0.98;;;;;
Car381009-2026-Pass1-Z1-2MU00693_20260730_031553_000;0.7;1.5;17.0;noise;0.24;;;;;
Car381009-2026-Pass1-Z1-2MU00693_20260730_031553_000;0.3;1.6;25.0;Plaint;0.05;Phogri;;;;
Car381009-2026-Pass1-Z1-2MU00693_20260730_031556_000;0.0;1.4;40.0;Leppun;0.71;;;;;
Car381009-2026-Pass1-Z1-2MU00693_20260730_031556_000;0.5;1.4;26.0;Tetvir;0.23;;;;;
Car381009-2026-Pass1-Z1-2MU00693_20260730_031600_000;0.0;3.5;39.0;Leppun;0.94;;;;;
Car381009-2026-Pass1-Z1-2MU00693_20260730_031600_000;0.0;3.9;23.0;noise;0.13;;;;;
Car381009-2026-Pass1-Z1-2MU00693_20260730_031600_000;1.2;3.9;24.0;Phogri;0.82;;;;;
Car381009-2026-Pass1-Z1-2MU00693_20260730_031604_000;0.0;1.1;39.0;Leppun;0.77;;;;;
Car381009-2026-Pass1-Z1-2MU00693_20260730_031604_000;0.3;2.1;24.0;Phogri;0.53;;;;;
Car381009-2026-Pass1-Z1-2MU00693_20260730_031607_000;0.0;2.1;40.0;Leppun;0.98;;;;;
Car381009-2026-Pass1-Z1-2MU00693_20260730_031607_000;0.1;1.9;22.0;Phogri;0.84;;;;;
Car381009-2026-Pass1-Z1-2MU00693_20260730_031611_000;0.0;0.5;28.0;Leppun;0.21;;;;;
Car381009-2026-Pass1-Z1-2MU00693_20260730_031611_000;0.5;1.9;22.0;noise;0.12;;;;;
Car381009-2026-Pass1-Z1-2MU00693_20260730_031611_000;0.8;1.9;25.0;Plaint;0.04;Metbra, Phogri, Tetvir;;;;
Car381009-2026-Pass1-Z1-2MU00693_20260730_031615_000;0.6;4.2;42.0;Leppun;0.97;;;;;
Car381009-2026-Pass1-Z1-2MU00693_20260730_031615_000;0.0;5.0;24.0;Phogri;0.09;noise;;;;
Car381009-2026-Pass1-Z1-2MU00693_20260730_031615_000;0.6;2.6;11.0;Tetvir;0.3;;;;;
Car381009-2026-Pass1-Z1-2MU00693_20260730_031621_000;0.0;4.3;42.0;Leppun;0.97;;;;;
Car381009-2026-Pass1-Z1-2MU00693_20260730_031621_000;0.3;4.3;23.0;Phogri;0.21;;;;;
Car381009-2026-Pass1-Z1-2MU00693_20260730_031621_000;0.0;4.4;22.0;Tetvir;0.85;;;;;
Car381009-2026-Pass1-Z1-2MU00693_20260730_031629_000;0.0;1.3;56.0;Leppun;0.89;;;;;
Car381009-2026-Pass1-Z1-2MU00693_20260730_031629_000;0.2;2.1;21.0;noise;0.04;Phanan, Tetvir;;;;
Car381009-2026-Pass1-Z1-2MU00693_20260730_031629_000;0.5;1.5;23.0;Phogri;0.17;;;;;
Car381009-2026-Pass1-Z1-2MU00693_20260730_031631_000;0.0;4.2;43.0;Leppun;0.98;;;;;
Car381009-2026-Pass1-Z1-2MU00693_20260730_031631_000;0.0;4.6;23.0;Phogri;0.17;noise;;;;
Car381009-2026-Pass1-Z1-2MU00693_20260730_031631_000;0.5;4.6;24.0;noise;0.03;Tetvir, Rhasp, Plaint;;;;
Car381009-2026-Pass1-Z1-2MU00693_20260730_031639_000;0.0;1.7;40.0;Leppun;0.96;;;;;
Car381009-2026-Pass1-Z1-2MU00693_20260730_031639_000;0.1;1.7;22.0;Phogri;0.79;;;;;
Car381009-2026-Pass1-Z1-2MU00693_20260730_031641_000;0.0;1.7;38.0;Leppun;0.97;;;;;
Car381009-2026-Pass1-Z1-2MU00693_20260730_031641_000;0.2;2.0;24.0;Phogri;0.81;;;;;
Car381009-2026-Pass1-Z1-2MU00693_20260730_031643_000;0.0;0.8;36.0;Leppun;0.98;;;;;
Car381009-2026-Pass1-Z1-2MU00693_20260730_031643_000;0.2;2.0;24.0;Phogri;0.06;noise;;;;
Car381009-2026-Pass1-Z1-2MU00693_20260730_031646_000;0.0;1.4;40.0;Leppun;0.42;;;;;
Car381009-2026-Pass1-Z1-2MU00693_20260730_031646_000;0.2;1.9;24.0;Phogri;0.38;;;;;
Car381009-2026-Pass1-Z1-2MU00693_20260730_031648_000;0.0;0.3;40.0;Leppun;0.98;;;;;
Car381009-2026-Pass1-Z1-2MU00693_20260730_031648_000;0.1;2.0;23.0;Phogri;0.54;;;;;
Car381009-2026-Pass1-Z1-2MU00693_20260730_031654_000;0.0;0.9;38.0;Leppun;0.69;;;;;
Car381009-2026-Pass1-Z1-2MU00693_20260730_031654_000;0.0;1.7;22.0;Phogri;0.71;;;;;
Car381009-2026-Pass1-Z1-2MU00693_20260730_031658_000;0.0;2.0;37.0;Leppun;0.92;;;;;
Car381009-2026-Pass1-Z1-2MU00693_20260730_031658_000;1.9;2.1;18.0;noise;0.5;;;;;
Car381009-2026-Pass1-Z1-2MU00693_20260730_031658_000;0.1;1.8;23.0;Phogri;0.06;Rhasp;;;;
Car381009-2026-Pass1-Z1-2MU00693_20260730_031700_000;0.0;1.0;33.0;Leppun;0.96;;;;;
Car381009-2026-Pass1-Z1-2MU00693_20260730_031700_000;0.2;1.7;24.0;noise;0.36;;;;;
Car381009-2026-Pass1-Z1-2MU00693_20260730_031705_000;0.0;4.4;40.0;Leppun;0.97;;;;;
Car381009-2026-Pass1-Z1-2MU00693_20260730_031705_000;1.2;3.6;15.0;noise;0.15;;;;;
Car381009-2026-Pass1-Z1-2MU00693_20260730_031705_000;0.1;5.0;23.0;Phogri;0.17;;;;;
Car381009-2026-Pass1-Z1-2MU00693_20260730_031720_000;0.0;1.7;44.0;Leppun;0.93;;;;;
Car381009-2026-Pass1-Z1-2MU00693_20260730_031720_000;1.0;2.1;23.0;noise;0.18;;;;;
Car381009-2026-Pass1-Z1-2MU00693_20260730_031720_000;0.3;1.6;24.0;Phogri;0.05;Roeroe;;;;
Car381009-2026-Pass1-Z1-2MU00693_20260730_031723_000;0.0;1.9;37.0;Leppun;0.97;;;;;
Car381009-2026-Pass1-Z1-2MU00693_20260730_031723_000;0.1;1.9;24.0;Phogri;0.08;noise;;;;
Car381009-2026-Pass1-Z1-2MU00693_20260730_031725_000;0.0;4.5;40.0;Leppun;0.97;;;;;
Car381009-2026-Pass1-Z1-2MU00693_20260730_031725_000;0.4;5.0;22.0;noise;0.08;;;;;
Car381009-2026-Pass1-Z1-2MU00693_20260730_031725_000;0.1;4.5;25.0;Phogri;0.77;;;;;
Car381009-2026-Pass1-Z1-2MU00693_20260730_031733_000;0.0;3.6;40.0;Leppun;0.83;;;;;
Car381009-2026-Pass1-Z1-2MU00693_20260730_031733_000;0.2;4.8;23.0;noise;0.18;;;;;
Car381009-2026-Pass1-Z1-2MU00693_20260730_031733_000;0.0;5.0;43.0;Pipkuh;0.98;;;;;
Car381009-2026-Pass1-Z1-2MU00693_20260730_031733_000;0.0;3.8;26.0;Phogri;0.2;;;;;
Car381009-2026-Pass1-Z1-2MU00693_20260730_031743_000;0.0;1.4;33.0;Leppun;0.97;;;;;
Car381009-2026-Pass1-Z1-2MU00693_20260730_031743_000;0.0;1.6;23.0;Phogri;0.11;noise;;;;
Car381009-2026-Pass1-Z1-2MU00693_20260730_031743_000;0.2;2.0;42.0;Pipkuh;0.98;;;;;
Car381009-2026-Pass1-Z1-2MU00693_20260730_031747_000;0.0;4.7;40.0;Leppun;0.28;noise;;;;
Car381009-2026-Pass1-Z1-2MU00693_20260730_031747_000;0.1;4.8;42.0;Pipkuh;0.97;;;;;
Car381009-2026-Pass1-Z1-2MU00693_20260730_031747_000;4.6;5.0;47.0;Pippip;0.95;;;;;
Car381009-2026-Pass1-Z1-2MU00693_20260730_031747_000;0.4;4.4;22.0;Phogri;0.1;noise;;;;
Car381009-2026-Pass1-Z1-2MU00693_20260730_031805_000;0.0;4.8;38.0;Leppun;0.88;;;;;
Car381009-2026-Pass1-Z1-2MU00693_20260730_031805_000;1.8;3.7;21.0;noise;0.09;;;;;
Car381009-2026-Pass1-Z1-2MU00693_20260730_031805_000;2.0;2.5;47.0;Pippip;0.94;;;;;
Car381009-2026-Pass1-Z1-2MU00693_20260730_031805_000;0.2;4.7;23.0;Phogri;0.29;;;;;
Car381009-2026-Pass1-Z1-2MU00693_20260730_031812_000;0.0;4.6;40.0;Leppun;0.97;;;;;
Car381009-2026-Pass1-Z1-2MU00693_20260730_031812_000;0.0;4.6;22.0;noise;0.17;Phogri;;;;
Car381009-2026-Pass1-Z1-2MU00693_20260730_031812_000;0.0;5.0;46.0;Pippip;0.99;;;;;
Car381009-2026-Pass1-Z1-2MU00693_20260730_031836_000;0.0;4.6;43.0;Leppun;0.91;;;;;
Car381009-2026-Pass1-Z1-2MU00693_20260730_031836_000;0.0;4.7;24.0;noise;0.28;;;;;
Car381009-2026-Pass1-Z1-2MU00693_20260730_031836_000;0.2;4.7;24.0;Phogri;0.12;;;;;
Car381009-2026-Pass1-Z1-2MU00693_20260730_031844_000;0.0;1.9;72.0;Leppun;0.85;;;;;
Car381009-2026-Pass1-Z1-2MU00693_20260730_031844_000;0.1;1.9;22.0;Phogri;0.78;;;;;
Car381009-2026-Pass1-Z1-2MU00693_20260730_031847_000;0.0;2.1;39.0;Leppun;0.79;;;;;
Car381009-2026-Pass1-Z1-2MU00693_20260730_031847_000;0.0;2.2;22.0;Phogri;0.88;;;;;
Car381009-2026-Pass1-Z1-2MU00693_20260730_031850_000;0.0;4.2;39.0;Leppun;0.97;;;;;
Car381009-2026-Pass1-Z1-2MU00693_20260730_031850_000;0.6;4.7;26.0;noise;0.19;Phogri;;;;
Car381009-2026-Pass1-Z1-2MU00693_20260730_031850_000;2.2;3.1;46.0;Pippip;0.88;;;;;
Car381009-2026-Pass1-Z1-2MU00693_20260730_031850_000;0.2;4.7;23.0;Plaint;0.13;;;;;
Car381009-2026-Pass1-Z1-2MU00693_20260730_031859_000;0.0;4.9;46.0;Leppun;0.74;;;;;
Car381009-2026-Pass1-Z1-2MU00693_20260730_031859_000;0.0;4.9;24.0;noise;0.19;Phogri;;;;
Car381009-2026-Pass1-Z1-2MU00693_20260730_031859_000;0.2;4.9;25.0;Phogri;0.17;;;;;
Car381009-2026-Pass1-Z1-2MU00693_20260730_031926_000;0.0;1.8;35.0;Leppun;0.95;;;;;
Car381009-2026-Pass1-Z1-2MU00693_20260730_031926_000;0.0;2.4;24.0;Phogri;0.06;noise, Plaint;;;;
Car381009-2026-Pass1-Z1-2MU00693_20260730_031928_000;0.0;5.0;43.0;Leppun;0.95;;;;;
Car381009-2026-Pass1-Z1-2MU00693_20260730_031928_000;0.3;5.0;22.0;Phogri;0.13;noise;;;;
Car381009-2026-Pass1-Z1-2MU00693_20260730_031928_000;0.8;4.8;24.0;Plaint;0.04;noise, Tetvir;;;;
Car381009-2026-Pass1-Z1-2MU00693_20260730_032002_000;0.0;2.8;24.0;noise;0.29;;;;;
Car381009-2026-Pass1-Z1-2MU00693_20260730_032002_000;0.7;2.4;24.0;Phogri;0.05;Plaint;;;;
Car381009-2026-Pass1-Z1-2MU00693_20260730_032005_000;0.0;4.7;46.0;Leppun;0.9;;;;;
Car381009-2026-Pass1-Z1-2MU00693_20260730_032005_000;0.1;4.3;24.0;Phogri;0.79;;;;;
Car381009-2026-Pass1-Z1-2MU00693_20260730_032010_000;0.0;1.8;40.0;Leppun;0.86;;;;;
Car381009-2026-Pass1-Z1-2MU00693_20260730_032010_000;0.2;1.3;23.0;noise;0.11;;;;;
Car381009-2026-Pass1-Z1-2MU00693_20260730_032010_000;0.5;1.8;27.0;Phogri;0.11;;;;;
Car381009-2026-Pass1-Z1-2MU00693_20260730_032016_000;0.0;4.9;40.0;Leppun;0.9;;;;;
Car381009-2026-Pass1-Z1-2MU00693_20260730_032016_000;0.2;4.9;23.0;Phogri;0.16;;;;;
Car381009-2026-Pass1-Z1-2MU00693_20260730_032030_000;0.0;2.5;35.0;Leppun;0.49;;;;;
Car381009-2026-Pass1-Z1-2MU00693_20260730_032030_000;0.5;3.7;24.0;Phogri;0.84;;;;;
Car381009-2026-Pass1-Z1-2MU00693_20260730_032035_000;0.0;1.0;40.0;Leppun;0.97;;;;;
Car381009-2026-Pass1-Z1-2MU00693_20260730_032035_000;0.1;1.9;24.0;Phogri;0.77;;;;;
Car381009-2026-Pass1-Z1-2MU00693_20260730_032039_000;0.0;3.7;37.0;Leppun;0.84;;;;;
Car381009-2026-Pass1-Z1-2MU00693_20260730_032039_000;0.1;4.0;28.0;Phogri;0.84;;;;;
Car381009-2026-Pass1-Z1-2MU00693_20260730_032039_000;0.1;4.9;23.0;Plaint;0.05;noise;;;;
Car381009-2026-Pass1-Z1-2MU00693_20260730_032100_000;0.0;2.0;31.0;Leppun;0.61;;;;;
Car381009-2026-Pass1-Z1-2MU00693_20260730_032100_000;0.3;2.0;23.0;Phogri;0.82;;;;;
Car381009-2026-Pass1-Z1-2MU00693_20260730_032100_000;0.3;0.4;10.0;Tetvir;0.1;Plaint;;;;
Car381009-2026-Pass1-Z1-2MU00693_20260730_032103_000;0.0;3.8;38.0;Leppun;0.84;;;;;
Car381009-2026-Pass1-Z1-2MU00693_20260730_032103_000;0.1;4.7;23.0;Phogri;0.19;noise;;;;
Car381009-2026-Pass1-Z1-2MU00693_20260730_032103_000;0.5;3.7;50.0;Pippip;0.99;;;;;
Car381009-2026-Pass1-Z1-2MU00693_20260730_032103_000;0.1;4.9;23.0;Plaint;0.04;noise, Tetvir, Sepsep;;;;
Car381009-2026-Pass1-Z1-2MU00693_20260730_032115_000;0.0;4.6;43.0;Leppun;0.88;;;;;
Car381009-2026-Pass1-Z1-2MU00693_20260730_032115_000;0.2;4.7;23.0;noise;0.17;Phogri;;;;
Car381009-2026-Pass1-Z1-2MU00693_20260730_032115_000;0.0;5.0;62.0;Pippip;0.99;;;;;
Car381009-2026-Pass1-Z1-2MU00693_20260730_032216_000;0.0;5.0;42.0;Leppun;0.95;;;;;
Car381009-2026-Pass1-Z1-2MU00693_20260730_032216_000;0.0;5.0;55.0;Pippip;0.98;;;;;
Car381009-2026-Pass1-Z1-2MU00693_20260730_032216_000;0.1;4.8;24.0;Phogri;0.19;;;;;
Car381009-2026-Pass1-Z1-2MU00693_20260730_032216_000;1.1;3.4;12.0;Tetvir;0.5;;;;;
Car381009-2026-Pass1-Z1-2MU00693_20260730_032243_000;0.0;4.6;39.0;Leppun;0.97;;;;;
Car381009-2026-Pass1-Z1-2MU00693_20260730_032243_000;0.2;4.9;24.0;noise;0.14;Phogri;;;;
Car381009-2026-Pass1-Z1-2MU00693_20260730_032243_000;0.2;3.6;28.0;Pleaur;0.34;Pleaus;;;;
Car381009-2026-Pass1-Z1-2MU00693_20260730_032300_000;0.0;5.0;37.0;Leppun;0.89;;;;;
Car381009-2026-Pass1-Z1-2MU00693_20260730_032300_000;0.1;5.0;23.0;noise;0.1;Tetvir;;;;
Car381009-2026-Pass1-Z1-2MU00693_20260730_032300_000;0.1;4.4;24.0;Phogri;0.17;;;;;
Car381009-2026-Pass1-Z1-2MU00693_20260730_032309_000;4.1;4.5;32.0;Hypsav;0.12;;;;;
Car381009-2026-Pass1-Z1-2MU00693_20260730_032309_000;0.0;5.0;36.0;Leppun;0.79;;;;;
Car381009-2026-Pass1-Z1-2MU00693_20260730_032309_000;0.3;5.0;27.0;Phogri;0.19;noise;;;;
Car381009-2026-Pass1-Z1-2MU00693_20260730_032309_000;0.3;4.5;22.0;Phanan;0.05;noise;;;;
Car381009-2026-Pass1-Z1-2MU00693_20260730_032324_000;0.7;2.8;26.0;Leppun;0.79;;;;;
Car381009-2026-Pass1-Z1-2MU00693_20260730_032324_000;0.0;2.8;24.0;Phogri;0.24;;;;;
Car381009-2026-Pass1-Z1-2MU00693_20260730_032330_000;0.0;0.9;26.0;Leppun;0.34;;;;;
Car381009-2026-Pass1-Z1-2MU00693_20260730_032330_000;0.2;2.0;41.0;Pipkuh;0.96;;;;;
Car381009-2026-Pass1-Z1-2MU00693_20260730_032330_000;0.0;1.6;23.0;Plaint;0.11;Phogri;;;;
Car381009-2026-Pass1-Z1-2MU00693_20260730_032333_000;0.0;1.7;26.0;noise;0.13;;;;;
Car381009-2026-Pass1-Z1-2MU00693_20260730_032333_000;0.0;2.0;41.0;Pipkuh;0.99;;;;;
Car381009-2026-Pass1-Z1-2MU00693_20260730_032333_000;0.3;1.8;26.0;Phogri;0.06;Plaint;;;;
Car381009-2026-Pass1-Z1-2MU00693_20260730_032335_000;0.1;5.0;28.0;noise;0.37;;;;;
Car381009-2026-Pass1-Z1-2MU00693_20260730_032335_000;0.0;5.0;41.0;Pipkuh;0.98;;;;;
Car381009-2026-Pass1-Z1-2MU00693_20260730_032350_000;0.0;1.8;36.0;Leppun;0.97;;;;;
Car381009-2026-Pass1-Z1-2MU00693_20260730_032350_000;0.3;2.0;25.0;Phogri;0.56;;;;;
Car381009-2026-Pass1-Z1-2MU00693_20260730_032350_000;0.3;2.1;46.0;Pippip;0.99;;;;;
Car381009-2026-Pass1-Z1-2MU00693_20260730_032353_000;0.1;5.0;32.0;Leppun;0.25;;;;;
Car381009-2026-Pass1-Z1-2MU00693_20260730_032353_000;0.0;4.9;28.0;noise;0.2;;;;;
Car381009-2026-Pass1-Z1-2MU00693_20260730_032353_000;0.0;5.0;24.0;Phogri;0.61;;;;;
Car381009-2026-Pass1-Z1-2MU00693_20260730_032353_000;0.0;5.0;47.0;Pippip;0.99;;;;;
Car381009-2026-Pass1-Z1-2MU00693_20260730_032402_000;0.0;4.2;37.0;Leppun;0.97;;;;;
Car381009-2026-Pass1-Z1-2MU00693_20260730_032402_000;0.0;4.4;25.0;Phogri;0.9;;;;;
Car381009-2026-Pass1-Z1-2MU00693_20260730_032412_000;0.4;1.8;36.0;Leppun;0.27;;;;;
Car381009-2026-Pass1-Z1-2MU00693_20260730_032412_000;0.0;1.7;24.0;Phogri;0.62;;;;;
Car381009-2026-Pass1-Z1-2MU00693_20260730_032412_000;0.8;1.8;37.0;noise;0.06;Pipkuh, Pipnat;;;;
Car381009-2026-Pass1-Z1-2MU00693_20260730_032429_000;0.0;0.5;34.0;Leppun;0.96;;;;;
Car381009-2026-Pass1-Z1-2MU00693_20260730_032429_000;0.2;1.6;23.0;Phogri;0.16;;;;;
Car381009-2026-Pass1-Z1-2MU00693_20260730_032434_000;0.0;2.9;31.0;Leppun;0.96;;;;;
Car381009-2026-Pass1-Z1-2MU00693_20260730_032434_000;0.5;3.2;21.0;noise;0.08;;;;;
Car381009-2026-Pass1-Z1-2MU00693_20260730_032434_000;0.5;2.7;32.0;Phogri;0.12;;;;;
Car381009-2026-Pass1-Z1-2MU00693_20260730_032442_000;0.0;1.9;36.0;Leppun;0.98;;;;;
Car381009-2026-Pass1-Z1-2MU00693_20260730_032442_000;0.5;2.0;48.0;Pippip;0.99;;;;;
Car381009-2026-Pass1-Z1-2MU00693_20260730_032442_000;0.2;1.8;22.0;Phogri;0.19;;;;;
Car381009-2026-Pass1-Z1-2MU00693_20260730_032445_000;0.0;3.4;26.0;Leppun;0.28;;;;;
Car381009-2026-Pass1-Z1-2MU00693_20260730_032445_000;0.0;3.4;23.0;Phogri;0.82;;;;;
Car381009-2026-Pass1-Z1-2MU00693_20260730_032445_000;0.0;3.4;48.0;Pippip;0.99;;;;;
Car381009-2026-Pass1-Z1-2MU00693_20260730_032449_000;0.0;1.9;30.0;Leppun;0.97;;;;;
Car381009-2026-Pass1-Z1-2MU00693_20260730_032449_000;0.0;0.1;46.0;Pippip;0.49;;;;;
Car381009-2026-Pass1-Z1-2MU00693_20260730_032449_000;0.3;1.9;25.0;Phogri;0.16;;;;;
Car381009-2026-Pass1-Z1-2MU00693_20260730_032459_000;0.0;4.3;39.0;Leppun;0.97;;;;;
Car381009-2026-Pass1-Z1-2MU00693_20260730_032459_000;0.2;4.2;24.0;Phogri;0.06;Plaint, noise;;;;
Car381009-2026-Pass1-Z1-2MU00693_20260730_032459_000;2.7;3.8;10.0;Tetvir;0.55;;;;;
Car381009-2026-Pass1-Z1-2MU00693_20260730_032505_000;0.0;1.6;31.0;Leppun;0.96;;;;;
Car381009-2026-Pass1-Z1-2MU00693_20260730_032505_000;0.2;1.9;24.0;noise;0.07;Phogri;;;;
Car381009-2026-Pass1-Z1-2MU00693_20260730_032511_000;0.0;0.1;36.0;Leppun;0.98;;;;;
Car381009-2026-Pass1-Z1-2MU00693_20260730_032511_000;0.2;1.9;25.0;Phogri;0.74;;;;;
Car381009-2026-Pass1-Z1-2MU00693_20260730_032515_000;0.0;1.7;37.0;Leppun;0.98;;;;;
Car381009-2026-Pass1-Z1-2MU00693_20260730_032515_000;0.4;2.2;24.0;Phogri;0.05;noise;;;;
Car381009-2026-Pass1-Z1-2MU00693_20260730_032519_000;0.4;1.6;22.0;noise;0.14;;;;;
Car381009-2026-Pass1-Z1-2MU00693_20260730_032519_000;0.0;1.6;24.0;Phogri;0.07;Plaint;;;;
Car381009-2026-Pass1-Z1-2MU00693_20260730_032523_000;0.0;2.0;32.0;Leppun;0.97;;;;;
Car381009-2026-Pass1-Z1-2MU00693_20260730_032523_000;0.2;2.0;25.0;Phogri;0.18;;;;;
Car381009-2026-Pass1-Z1-2MU00693_20260730_032526_000;0.0;1.8;34.0;Leppun;0.4;;;;;
Car381009-2026-Pass1-Z1-2MU00693_20260730_032526_000;0.0;2.0;52.0;Pippip;0.99;;;;;
Car381009-2026-Pass1-Z1-2MU00693_20260730_032526_000;0.2;1.8;22.0;Phogri;0.06;noise;;;;
Car381009-2026-Pass1-Z1-2MU00693_20260730_032528_000;0.5;4.9;33.0;Leppun;0.65;;;;;
Car381009-2026-Pass1-Z1-2MU00693_20260730_032528_000;0.0;4.9;24.0;noise;0.16;;;;;
Car381009-2026-Pass1-Z1-2MU00693_20260730_032528_000;0.9;3.9;38.0;Pipkuh;0.84;;;;;
Car381009-2026-Pass1-Z1-2MU00693_20260730_032528_000;0.0;5.0;59.0;Pippip;0.99;;;;;
Car381009-2026-Pass1-Z1-2MU00693_20260730_032528_000;0.0;4.9;24.0;Phogri;0.17;;;;;
Car381009-2026-Pass1-Z1-2MU00693_20260730_032539_000;0.0;4.7;36.0;Leppun;0.64;;;;;
Car381009-2026-Pass1-Z1-2MU00693_20260730_032539_000;0.2;4.8;27.0;Phogri;0.15;noise;;;;
Car381009-2026-Pass1-Z1-2MU00693_20260730_032556_000;0.2;2.0;23.0;Phogri;0.1;;;;;
Car381009-2026-Pass1-Z1-2MU00693_20260730_032556_000;0.0;0.1;34.0;noise;0.04;Tetvir, Pippip, Leppun;;;;
Car381009-2026-Pass1-Z1-2MU00693_20260730_032558_000;0.0;1.8;32.0;Leppun;0.58;;;;;
Car381009-2026-Pass1-Z1-2MU00693_20260730_032558_000;0.4;1.8;13.0;noise;0.14;;;;;
Car381009-2026-Pass1-Z1-2MU00693_20260730_032558_000;0.1;1.8;22.0;Plaint;0.07;Phogri;;;;
Car381009-2026-Pass1-Z1-2MU00693_20260730_032604_000;0.0;1.8;34.0;Leppun;0.97;;;;;
Car381009-2026-Pass1-Z1-2MU00693_20260730_032604_000;0.7;2.2;45.0;Pippip;0.98;;;;;
Car381009-2026-Pass1-Z1-2MU00693_20260730_032604_000;0.1;2.3;23.0;Phogri;0.29;;;;;
Car381009-2026-Pass1-Z1-2MU00693_20260730_032607_000;0.0;0.8;40.0;Leppun;0.97;;;;;
Car381009-2026-Pass1-Z1-2MU00693_20260730_032607_000;0.7;2.0;45.0;Pippip;0.98;;;;;
Car381009-2026-Pass1-Z1-2MU00693_20260730_032607_000;0.3;2.0;23.0;Plaint;0.06;Phogri, noise, Tetvir;;;;
Car381009-2026-Pass1-Z1-2MU00693_20260730_032610_000;0.0;2.5;37.0;Leppun;0.96;;;;;
Car381009-2026-Pass1-Z1-2MU00693_20260730_032610_000;0.2;2.6;22.0;Phogri;0.22;noise;;;;
Car381009-2026-Pass1-Z1-2MU00693_20260730_032610_000;0.3;2.5;24.0;Rhasp;0.03;noise, Tetvir, Plaint, Metbra;;;;
Car381009-2026-Pass1-Z1-2MU00693_20260730_032614_000;0.0;3.8;36.0;Leppun;0.67;;;;;
Car381009-2026-Pass1-Z1-2MU00693_20260730_032614_000;0.1;3.9;23.0;Phogri;0.12;;;;;
Car381009-2026-Pass1-Z1-2MU00693_20260730_032614_000;0.1;3.6;22.0;Tetvir;0.64;;;;;
Car381009-2026-Pass1-Z1-2MU00693_20260730_032618_000;0.0;3.8;42.0;Leppun;0.67;;;;;
Car381009-2026-Pass1-Z1-2MU00693_20260730_032618_000;0.5;4.9;24.0;Phogri;0.08;noise;;;;
Car381009-2026-Pass1-Z1-2MU00693_20260730_032618_000;0.4;5.0;21.0;Tetvir;0.88;;;;;
Car381009-2026-Pass1-Z1-2MU00693_20260730_032630_000;0.0;3.6;41.0;Leppun;0.94;;;;;
Car381009-2026-Pass1-Z1-2MU00693_20260730_032630_000;0.1;3.7;24.0;Phogri;0.63;;;;;
Car381009-2026-Pass1-Z1-2MU00693_20260730_032634_000;0.0;4.0;37.0;Leppun;0.91;;;;;
Car381009-2026-Pass1-Z1-2MU00693_20260730_032634_000;0.7;1.9;15.0;noise;0.09;Tetvir;;;;
Car381009-2026-Pass1-Z1-2MU00693_20260730_032634_000;0.1;5.0;23.0;Plaint;0.38;;;;;
Car381009-2026-Pass1-Z1-2MU00693_20260730_032646_000;0.0;1.9;80.0;Leppun;0.94;;;;;
Car381009-2026-Pass1-Z1-2MU00693_20260730_032646_000;0.2;1.9;22.0;Phogri;0.1;noise;;;;
Car381009-2026-Pass1-Z1-2MU00693_20260730_032646_000;0.8;0.9;10.0;Tetvir;0.43;;;;;
Car381009-2026-Pass1-Z1-2MU00693_20260730_032650_000;0.0;1.9;36.0;Leppun;0.37;;;;;
Car381009-2026-Pass1-Z1-2MU00693_20260730_032650_000;2.0;2.2;13.0;noise;0.06;Tetvir;;;;
Car381009-2026-Pass1-Z1-2MU00693_20260730_032650_000;0.2;2.2;23.0;Phogri;0.24;;;;;
Car381009-2026-Pass1-Z1-2MU00693_20260730_032653_000;0.0;1.9;37.0;Leppun;0.86;;;;;
Car381009-2026-Pass1-Z1-2MU00693_20260730_032653_000;0.6;2.0;24.0;noise;0.16;;;;;
Car381009-2026-Pass1-Z1-2MU00693_20260730_032656_000;0.0;0.7;39.0;Leppun;0.44;;;;;
Car381009-2026-Pass1-Z1-2MU00693_20260730_032656_000;0.0;2.1;26.0;noise;0.24;;;;;
Car381009-2026-Pass1-Z1-2MU00693_20260730_032658_000;0.0;2.2;45.0;Leppun;0.69;;;;;
Car381009-2026-Pass1-Z1-2MU00693_20260730_032658_000;0.0;3.4;25.0;noise;0.16;;;;;
Car381009-2026-Pass1-Z1-2MU00693_20260730_032658_000;0.1;3.8;24.0;Phogri;0.11;;;;;
Car381009-2026-Pass1-Z1-2MU00693_20260730_032702_000;0.0;3.9;39.0;Leppun;0.95;;;;;
Car381009-2026-Pass1-Z1-2MU00693_20260730_032702_000;0.1;3.4;14.0;noise;0.19;;;;;
Car381009-2026-Pass1-Z1-2MU00693_20260730_032702_000;0.0;4.7;24.0;Phogri;0.13;;;;;
Car381009-2026-Pass1-Z1-2MU00693_20260730_032708_000;0.0;2.2;40.0;Leppun;0.91;;;;;
Car381009-2026-Pass1-Z1-2MU00693_20260730_032708_000;0.4;4.0;22.0;noise;0.11;;;;;
Car381009-2026-Pass1-Z1-2MU00693_20260730_032708_000;0.4;3.7;25.0;Phogri;0.08;;;;;
Car381009-2026-Pass1-Z1-2MU00693_20260730_032713_000;0.0;1.6;37.0;Leppun;0.89;;;;;
Car381009-2026-Pass1-Z1-2MU00693_20260730_032713_000;0.0;1.6;24.0;Phogri;0.09;noise;;;;
Car381009-2026-Pass1-Z1-2MU00693_20260730_032715_000;0.0;1.2;41.0;Leppun;0.96;;;;;
Car381009-2026-Pass1-Z1-2MU00693_20260730_032715_000;0.1;2.1;23.0;noise;0.17;Phogri;;;;
Car381009-2026-Pass1-Z1-2MU00693_20260730_032715_000;0.7;2.1;23.0;Phogri;0.04;Plaint, Tetvir, Sepsep, Metbra;;;;
Car381009-2026-Pass1-Z1-2MU00693_20260730_032719_000;0.0;0.8;35.0;Leppun;0.61;;;;;
Car381009-2026-Pass1-Z1-2MU00693_20260730_032719_000;0.4;1.8;24.0;Phogri;0.05;noise, Plaint;;;;
Car381009-2026-Pass1-Z1-2MU00693_20260730_032721_000;0.0;4.3;38.0;Leppun;0.87;;;;;
Car381009-2026-Pass1-Z1-2MU00693_20260730_032721_000;3.7;4.8;13.0;noise;0.09;Phogri;;;;
Car381009-2026-Pass1-Z1-2MU00693_20260730_032721_000;0.2;4.9;24.0;Plaint;0.18;;;;;
Car381009-2026-Pass1-Z1-2MU00693_20260730_032727_000;0.0;5.0;37.0;Leppun;0.96;;;;;
Car381009-2026-Pass1-Z1-2MU00693_20260730_032727_000;1.7;3.6;20.0;noise;0.09;Tetvir;;;;
Car381009-2026-Pass1-Z1-2MU00693_20260730_032727_000;0.0;5.0;23.0;Phogri;0.69;;;;;
Car381009-2026-Pass1-Z1-2MU00693_20260730_032754_000;0.0;4.8;38.0;Leppun;0.96;;;;;
Car381009-2026-Pass1-Z1-2MU00693_20260730_032754_000;0.1;4.9;23.0;Phogri;0.11;;;;;
Car381009-2026-Pass1-Z1-2MU00693_20260730_032800_000;0.0;4.7;37.0;Leppun;0.96;;;;;
Car381009-2026-Pass1-Z1-2MU00693_20260730_032800_000;0.2;4.7;24.0;Phogri;0.09;Plaint;;;;
Car381009-2026-Pass1-Z1-2MU00693_20260730_032800_000;3.2;4.5;17.0;Tetvir;0.34;;;;;
Car381009-2026-Pass1-Z1-2MU00693_20260730_032810_000;0.0;3.5;40.0;Leppun;0.97;;;;;
Car381009-2026-Pass1-Z1-2MU00693_20260730_032810_000;0.3;4.4;25.0;Phogri;0.21;;;;;
Car381009-2026-Pass1-Z1-2MU00693_20260730_032815_000;0.0;1.6;40.0;Leppun;0.82;;;;;
Car381009-2026-Pass1-Z1-2MU00693_20260730_032815_000;0.1;2.0;24.0;Phogri;0.13;noise;;;;
Car381009-2026-Pass1-Z1-2MU00693_20260730_032818_000;0.0;0.9;36.0;Leppun;0.31;;;;;
Car381009-2026-Pass1-Z1-2MU00693_20260730_032818_000;0.2;1.6;24.0;Phogri;0.15;;;;;
Car381009-2026-Pass1-Z1-2MU00693_20260730_032820_000;0.0;2.7;38.0;Leppun;0.91;;;;;
Car381009-2026-Pass1-Z1-2MU00693_20260730_032820_000;0.3;3.0;24.0;Phogri;0.9;;;;;
Car381009-2026-Pass1-Z1-2MU00693_20260730_032820_000;0.1;3.0;22.0;Tetvir;0.84;;;;;
Car381009-2026-Pass1-Z1-2MU00693_20260730_032825_000;0.0;1.7;38.0;Leppun;0.98;;;;;
Car381009-2026-Pass1-Z1-2MU00693_20260730_032825_000;0.3;3.5;24.0;Phogri;0.11;;;;;
Car381009-2026-Pass1-Z1-2MU00693_20260730_032829_000;0.0;4.6;39.0;Leppun;0.9;;;;;
Car381009-2026-Pass1-Z1-2MU00693_20260730_032829_000;0.4;4.7;25.0;Phogri;0.11;noise;;;;
Car381009-2026-Pass1-Z1-2MU00693_20260730_032858_000;0.0;2.1;33.0;Leppun;0.9;;;;;
Car381009-2026-Pass1-Z1-2MU00693_20260730_032858_000;0.3;3.6;26.0;Phogri;0.34;;;;;
Car381009-2026-Pass1-Z1-2MU00693_20260730_032858_000;2.8;3.7;50.0;Pippip;0.99;;;;;
Car381009-2026-Pass1-Z1-2MU00693_20260730_032858_000;0.0;3.6;21.0;Tetvir;0.67;;;;;
Car381009-2026-Pass1-Z1-2MU00693_20260730_032902_000;1.2;5.0;39.0;Leppun;0.95;;;;;
Car381009-2026-Pass1-Z1-2MU00693_20260730_032902_000;0.3;5.0;28.0;noise;0.07;;;;;
Car381009-2026-Pass1-Z1-2MU00693_20260730_032902_000;0.0;4.2;50.0;Pippip;0.99;;;;;
Car381009-2026-Pass1-Z1-2MU00693_20260730_032902_000;0.0;4.6;24.0;Phogri;0.08;Plaint, noise;;;;
Car381009-2026-Pass1-Z1-2MU00693_20260730_032914_000;0.0;4.8;42.0;Leppun;0.77;;;;;
Car381009-2026-Pass1-Z1-2MU00693_20260730_032914_000;0.1;4.9;25.0;Phogri;0.29;noise;;;;
Car381009-2026-Pass1-Z1-2MU00693_20260730_032914_000;0.4;3.8;25.0;Plaint;0.04;noise, Tetvir;;;;
Car381009-2026-Pass1-Z1-2MU00693_20260730_032924_000;0.0;0.8;42.0;Leppun;0.52;;;;;
Car381009-2026-Pass1-Z1-2MU00693_20260730_032924_000;0.1;2.0;25.0;Phogri;0.06;Plaint, noise;;;;
Car381009-2026-Pass1-Z1-2MU00693_20260730_032924_000;1.4;1.5;12.0;Tetvir;0.41;;;;;
Car381009-2026-Pass1-Z1-2MU00693_20260730_032932_000;0.0;2.6;37.0;Pipnat;0.9;;;;;
Car381009-2026-Pass1-Z1-2MU00693_20260730_032932_000;0.2;2.3;24.0;Plaint;0.05;Phogri, noise;;;;
Car381009-2026-Pass1-Z1-2MU00693_20260730_032932_000;2.6;2.8;10.0;Tetvir;0.53;;;;;
Car381009-2026-Pass1-Z1-2MU00693_20260730_032937_000;0.0;0.1;38.0;Leppun;0.98;;;;;
Car381009-2026-Pass1-Z1-2MU00693_20260730_032937_000;0.3;1.8;23.0;Phogri;0.57;;;;;
Car381009-2026-Pass1-Z1-2MU00693_20260730_032937_000;0.4;1.7;25.0;Tetvir;0.29;;;;;
Car381009-2026-Pass1-Z1-2MU00693_20260730_032943_000;0.0;0.7;32.0;Leppun;0.98;;;;;
Car381009-2026-Pass1-Z1-2MU00693_20260730_032943_000;0.5;1.4;21.0;Phanan;0.05;noise;;;;
Car381009-2026-Pass1-Z1-2MU00693_20260730_032943_000;0.3;2.0;24.0;Phogri;0.72;;;;;
Car381009-2026-Pass1-Z1-2MU00693_20260730_032947_000;0.0;2.5;32.0;Leppun;0.92;;;;;
Car381009-2026-Pass1-Z1-2MU00693_20260730_032947_000;0.5;2.8;23.0;noise;0.15;;;;;
Car381009-2026-Pass1-Z1-2MU00693_20260730_032947_000;0.5;2.6;27.0;Plaint;0.04;Tetvir, Phogri;;;;
Car381009-2026-Pass1-Z1-2MU00693_20260730_032951_000;0.0;1.8;33.0;Leppun;0.63;;;;;
Car381009-2026-Pass1-Z1-2MU00693_20260730_032951_000;0.0;1.8;24.0;Phogri;0.13;;;;;
Car381009-2026-Pass1-Z1-2MU00693_20260730_032951_000;0.0;0.1;10.0;Tetvir;0.36;;;;;
Car381009-2026-Pass1-Z1-2MU00693_20260730_032954_000;0.0;3.6;35.0;Leppun;0.66;;;;;
Car381009-2026-Pass1-Z1-2MU00693_20260730_032954_000;0.2;3.7;25.0;Phogri;0.85;;;;;
Car381009-2026-Pass1-Z1-2MU00693_20260730_032954_000;0.0;0.1;9.0;noise;0.08;;;;;
Car381009-2026-Pass1-Z1-2MU00693_20260730_032959_000;0.0;4.3;40.0;Leppun;0.97;;;;;
Car381009-2026-Pass1-Z1-2MU00693_20260730_032959_000;0.8;4.3;11.0;noise;0.25;;;;;
Car381009-2026-Pass1-Z1-2MU00693_20260730_032959_000;0.4;4.9;25.0;Plaint;0.24;;;;;
Car381009-2026-Pass1-Z1-2MU00693_20260730_033010_000;0.0;1.8;34.0;Leppun;0.76;;;;;
Car381009-2026-Pass1-Z1-2MU00693_20260730_033010_000;0.1;2.9;21.0;Phogri;0.11;noise;;;;
Car381009-2026-Pass1-Z1-2MU00693_20260730_033013_000;0.0;2.0;33.0;Leppun;0.96;;;;;
Car381009-2026-Pass1-Z1-2MU00693_20260730_033013_000;0.3;2.0;25.0;Phogri;0.82;;;;;
Car381009-2026-Pass1-Z1-2MU00693_20260730_033016_000;0.0;3.0;38.0;Leppun;0.97;;;;;
Car381009-2026-Pass1-Z1-2MU00693_20260730_033016_000;0.2;4.0;22.0;noise;0.12;;;;;
Car381009-2026-Pass1-Z1-2MU00693_20260730_033016_000;0.1;4.8;25.0;Phogri;0.74;;;;;
Car381009-2026-Pass1-Z1-2MU00693_20260730_033021_000;0.0;3.4;42.0;Leppun;0.92;;;;;
Car381009-2026-Pass1-Z1-2MU00693_20260730_033021_000;0.1;3.9;24.0;Phogri;0.2;noise;;;;
Car381009-2026-Pass1-Z1-2MU00693_20260730_033021_000;0.1;4.0;24.0;noise;0.03;Tetvir, Rhasp, Plaint;;;;
Car381009-2026-Pass1-Z1-2MU00693_20260730_033028_000;0.0;2.3;35.0;Leppun;0.97;;;;;
Car381009-2026-Pass1-Z1-2MU00693_20260730_033028_000;0.0;2.7;24.0;noise;0.24;;;;;
Car381009-2026-Pass1-Z1-2MU00693_20260730_033028_000;0.5;2.7;24.0;Phogri;0.24;;;;;
Car381009-2026-Pass1-Z1-2MU00693_20260730_033033_000;0.0;1.8;37.0;Leppun;0.97;;;;;
Car381009-2026-Pass1-Z1-2MU00693_20260730_033033_000;0.1;1.8;24.0;Phogri;0.86;;;;;
Car381009-2026-Pass1-Z1-2MU00693_20260730_033037_000;0.0;3.9;39.0;Leppun;0.84;;;;;
Car381009-2026-Pass1-Z1-2MU00693_20260730_033037_000;0.1;3.9;24.0;noise;0.11;;;;;
Car381009-2026-Pass1-Z1-2MU00693_20260730_033037_000;0.0;4.4;25.0;Phogri;0.85;;;;;
Car381009-2026-Pass1-Z1-2MU00693_20260730_033052_000;0.0;1.7;23.0;Phogri;0.05;noise, Tetvir, Plaint;;;;
Car381009-2026-Pass1-Z1-2MU00693_20260730_033059_000;0.0;1.9;35.0;Barbar;0.99;;;;;
Car381009-2026-Pass1-Z1-2MU00693_20260730_033059_000;0.0;1.9;24.0;Phogri;0.22;;;;;
Car381009-2026-Pass1-Z1-2MU00693_20260730_033112_000;0.0;0.3;39.0;Leppun;0.51;;;;;
Car381009-2026-Pass1-Z1-2MU00693_20260730_033112_000;0.0;2.1;25.0;Phogri;0.08;noise;;;;
Car381009-2026-Pass1-Z1-2MU00693_20260730_033112_000;0.1;0.3;21.0;Tetvir;0.37;;;;;
Car381009-2026-Pass1-Z1-2MU00693_20260730_033119_000;0.4;2.9;23.0;Phogri;0.04;noise, Plaint;;;;
Car381009-2026-Pass1-Z1-2MU00693_20260730_033119_000;0.0;3.3;21.0;Tetvir;0.88;;;;;
Car381009-2026-Pass1-Z1-2MU00693_20260730_033124_000;0.5;2.2;24.0;noise;0.26;;;;;
Car381009-2026-Pass1-Z1-2MU00693_20260730_033124_000;0.0;3.9;24.0;Phogri;0.14;;;;;
Car381009-2026-Pass1-Z1-2MU00693_20260730_033129_000;1.5;2.9;33.0;noise;0.1;;;;;
Car381009-2026-Pass1-Z1-2MU00693_20260730_033129_000;0.0;3.2;25.0;Phogri;0.64;;;;;
Car381009-2026-Pass1-Z1-2MU00693_20260730_033134_000;0.0;1.8;35.0;Leppun;0.47;;;;;
Car381009-2026-Pass1-Z1-2MU00693_20260730_033134_000;0.5;1.9;25.0;noise;0.28;;;;;
Car381009-2026-Pass1-Z1-2MU00693_20260730_033134_000;0.5;1.9;27.0;Phogri;0.85;;;;;
Car381009-2026-Pass1-Z1-2MU00693_20260730_033140_000;0.0;3.3;40.0;Leppun;0.25;;;;;
Car381009-2026-Pass1-Z1-2MU00693_20260730_033140_000;0.1;1.1;20.0;noise;0.14;;;;;
Car381009-2026-Pass1-Z1-2MU00693_20260730_033140_000;0.1;3.7;24.0;Phogri;0.14;;;;;
Car381009-2026-Pass1-Z1-2MU00693_20260730_033140_000;0.0;2.2;12.0;Tetvir;0.92;;;;;
Car381009-2026-Pass1-Z1-2MU00693_20260730_033146_000;1.1;2.1;38.0;Leppun;0.29;;;;;
Car381009-2026-Pass1-Z1-2MU00693_20260730_033146_000;0.5;1.7;29.0;noise;0.1;;;;;
Car381009-2026-Pass1-Z1-2MU00693_20260730_033146_000;0.0;1.8;24.0;Phogri;0.15;;;;;
Car381009-2026-Pass1-Z1-2MU00693_20260730_033152_000;0.0;1.6;40.0;Leppun;0.3;;;;;
Car381009-2026-Pass1-Z1-2MU00693_20260730_033152_000;0.1;1.9;24.0;Phogri;0.68;;;;;
Car381009-2026-Pass1-Z1-2MU00693_20260730_033152_000;0.0;2.1;36.0;Testes;0.8;;;;;
Car381009-2026-Pass1-Z1-2MU00693_20260730_033152_000;0.0;1.9;10.0;Tetvir;0.9;;;;;
Car381009-2026-Pass1-Z1-2MU00693_20260730_033154_000;0.0;2.1;26.0;Phogri;0.53;;;;;
Car381009-2026-Pass1-Z1-2MU00693_20260730_033154_000;0.3;2.0;48.0;Pippip;0.93;;;;;
Car381009-2026-Pass1-Z1-2MU00693_20260730_033154_000;0.0;2.1;36.0;Testes;0.53;;;;;
Car381009-2026-Pass1-Z1-2MU00693_20260730_033154_000;0.0;2.1;11.0;Tetvir;0.92;;;;;
Car381009-2026-Pass1-Z1-2MU00693_20260730_033156_000;0.1;5.0;51.0;Pippip;0.99;;;;;
Car381009-2026-Pass1-Z1-2MU00693_20260730_033156_000;0.0;5.0;24.0;Plaint;0.06;Phogri, Sepsep, noise;;;;
Car381009-2026-Pass1-Z1-2MU00693_20260730_033156_000;0.0;4.8;36.0;Testes;0.65;;;;;
Car381009-2026-Pass1-Z1-2MU00693_20260730_033156_000;0.3;4.6;13.0;Tetvir;0.81;;;;;
Car381009-2026-Pass1-Z1-2MU00693_20260730_033214_000;0.0;2.3;37.0;Leppun;0.89;;;;;
Car381009-2026-Pass1-Z1-2MU00693_20260730_033214_000;0.0;2.1;26.0;Phogri;0.68;;;;;
Car381009-2026-Pass1-Z1-2MU00693_20260730_033214_000;0.0;1.6;10.0;Tetvir;0.91;;;;;
Car381009-2026-Pass1-Z1-2MU00693_20260730_033219_000;0.0;4.7;31.0;noise;0.3;;;;;
Car381009-2026-Pass1-Z1-2MU00693_20260730_033219_000;0.0;4.5;45.0;Pippip;0.96;;;;;
Car381009-2026-Pass1-Z1-2MU00693_20260730_033219_000;0.0;3.6;25.0;Phogri;0.04;Epheph, Plaint, Tetvir, Tetpyg, Plaalb, Metbra;;;;
Car381009-2026-Pass1-Z1-2MU00693_20260730_033226_000;0.0;2.1;30.0;Leppun;0.94;;;;;
Car381009-2026-Pass1-Z1-2MU00693_20260730_033226_000;0.4;2.2;25.0;Phogri;0.84;;;;;
Car381009-2026-Pass1-Z1-2MU00693_20260730_033226_000;0.2;2.3;48.0;Pippip;0.99;;;;;
Car381009-2026-Pass1-Z1-2MU00693_20260730_033226_000;0.0;2.2;10.0;Tetvir;0.94;;;;;
Car381009-2026-Pass1-Z1-2MU00693_20260730_033231_000;0.0;2.0;30.0;Phogri;0.43;;;;;
Car381009-2026-Pass1-Z1-2MU00693_20260730_033231_000;0.1;2.1;10.0;Tetvir;0.96;;;;;
Car381009-2026-Pass1-Z1-2MU00693_20260730_033235_000;0.0;2.0;31.0;Leppun;0.5;;;;;
Car381009-2026-Pass1-Z1-2MU00693_20260730_033235_000;0.1;2.0;23.0;Phogri;0.07;noise;;;;
Car381009-2026-Pass1-Z1-2MU00693_20260730_033235_000;0.0;2.1;10.0;Tetvir;0.95;;;;;
Car381009-2026-Pass1-Z1-2MU00693_20260730_033240_000;0.0;0.9;45.0;Leppun;0.98;;;;;
Car381009-2026-Pass1-Z1-2MU00693_20260730_033240_000;0.4;2.0;26.0;Phogri;0.6;;;;;
Car381009-2026-Pass1-Z1-2MU00693_20260730_033240_000;0.8;2.0;48.0;Pippip;0.97;;;;;
Car381009-2026-Pass1-Z1-2MU00693_20260730_033240_000;0.0;2.0;10.0;Tetvir;0.95;;;;;
Car381009-2026-Pass1-Z1-2MU00693_20260730_033244_000;0.6;4.3;35.0;Leppun;0.81;;;;;
Car381009-2026-Pass1-Z1-2MU00693_20260730_033244_000;0.5;4.8;27.0;noise;0.12;;;;;
Car381009-2026-Pass1-Z1-2MU00693_20260730_033244_000;0.0;4.8;46.0;Pippip;0.99;;;;;
Car381009-2026-Pass1-Z1-2MU00693_20260730_033244_000;0.0;5.0;10.0;Tetvir;0.98;;;;;
Car381009-2026-Pass1-Z1-2MU00693_20260730_033301_000;0.0;4.8;40.0;Leppun;0.37;;;;;
Car381009-2026-Pass1-Z1-2MU00693_20260730_033301_000;0.2;4.9;25.0;Phogri;0.05;noise, Rhasp, Plaint;;;;
Car381009-2026-Pass1-Z1-2MU00693_20260730_033301_000;0.0;5.0;10.0;Tetvir;0.97;;;;;
Car381009-2026-Pass1-Z1-2MU00693_20260730_033320_000;0.0;4.6;38.0;Leppun;0.93;;;;;
Car381009-2026-Pass1-Z1-2MU00693_20260730_033320_000;0.8;3.5;24.0;noise;0.12;Phogri;;;;
Car381009-2026-Pass1-Z1-2MU00693_20260730_033320_000;0.0;5.0;19.0;Tetvir;0.9;;;;;
Car381009-2026-Pass1-Z1-2MU00693_20260730_033340_000;0.0;2.8;36.0;Leppun;0.89;;;;;
Car381009-2026-Pass1-Z1-2MU00693_20260730_033340_000;0.5;4.3;26.0;noise;0.26;;;;;
Car381009-2026-Pass1-Z1-2MU00693_20260730_033340_000;3.2;5.0;25.0;Phogri;0.89;;;;;
Car381009-2026-Pass1-Z1-2MU00693_20260730_033340_000;0.0;5.0;10.0;Tetvir;0.96;;;;;
Car381009-2026-Pass1-Z1-2MU00693_20260730_033351_000;0.0;4.7;42.0;Leppun;0.74;;;;;
Car381009-2026-Pass1-Z1-2MU00693_20260730_033351_000;0.4;4.8;22.0;noise;0.19;;;;;
Car381009-2026-Pass1-Z1-2MU00693_20260730_033351_000;0.0;5.0;10.0;Tetvir;0.96;;;;;
Car381009-2026-Pass1-Z1-2MU00693_20260730_033418_000;0.0;4.6;50.0;Pippip;0.99;;;;;
Car381009-2026-Pass1-Z1-2MU00693_20260730_033418_000;0.1;4.9;25.0;Phogri;0.04;noise, Rhasp, Eptser;;;;
Car381009-2026-Pass1-Z1-2MU00693_20260730_033418_000;0.1;5.0;10.0;Tetvir;0.97;;;;;
Car381009-2026-Pass1-Z1-2MU00693_20260730_033518_000;2.1;3.9;38.0;Leppun;0.68;;;;;
Car381009-2026-Pass1-Z1-2MU00693_20260730_033518_000;0.0;4.9;26.0;Phogri;0.86;;;;;
Car381009-2026-Pass1-Z1-2MU00693_20260730_033518_000;0.0;4.7;40.0;Pipkuh;0.99;;;;;
Car381009-2026-Pass1-Z1-2MU00693_20260730_033518_000;0.1;5.0;10.0;Tetvir;0.97;;;;;
Car381009-2026-Pass1-Z1-2MU00693_20260730_033544_000;0.0;4.3;38.0;Leppun;0.94;;;;;
Car381009-2026-Pass1-Z1-2MU00693_20260730_033544_000;0.1;4.5;25.0;Phogri;0.54;;;;;
Car381009-2026-Pass1-Z1-2MU00693_20260730_033544_000;0.0;4.4;10.0;Tetvir;0.96;;;;;
Car381009-2026-Pass1-Z1-2MU00693_20260730_033551_000;0.0;5.0;35.0;Leppun;0.93;;;;;
Car381009-2026-Pass1-Z1-2MU00693_20260730_033551_000;0.1;5.0;24.0;Plaint;0.11;Phogri, noise;;;;
Car381009-2026-Pass1-Z1-2MU00693_20260730_033551_000;0.0;5.0;10.0;Tetvir;0.94;;;;;
Car381009-2026-Pass1-Z1-2MU00693_20260730_033644_000;1.9;4.8;38.0;Leppun;0.75;;;;;
Car381009-2026-Pass1-Z1-2MU00693_20260730_033644_000;3.1;3.5;108.0;noise;0.26;;;;;
Car381009-2026-Pass1-Z1-2MU00693_20260730_033644_000;0.4;5.0;24.0;Phogri;0.88;;;;;
Car381009-2026-Pass1-Z1-2MU00693_20260730_033644_000;0.0;5.0;10.0;Tetvir;0.95;;;;;
Car381009-2026-Pass1-Z1-2MU00693_20260730_033715_000;0.3;5.0;34.0;Leppun;0.12;noise;;;;
Car381009-2026-Pass1-Z1-2MU00693_20260730_033715_000;0.3;4.9;23.0;Phanan;0.04;noise;;;;
Car381009-2026-Pass1-Z1-2MU00693_20260730_033715_000;0.0;4.9;25.0;Phogri;0.25;;;;;
Car381009-2026-Pass1-Z1-2MU00693_20260730_033715_000;0.0;5.0;11.0;Tetvir;0.9;;;;;
Car381009-2026-Pass1-Z1-2MU00693_20260730_033809_000;0.0;4.4;36.0;Leppun;0.9;;;;;
Car381009-2026-Pass1-Z1-2MU00693_20260730_033809_000;0.0;4.9;24.0;Phogri;0.81;;;;;
Car381009-2026-Pass1-Z1-2MU00693_20260730_033809_000;0.1;4.9;10.0;Tetvir;0.95;;;;;
Car381009-2026-Pass1-Z1-2MU00693_20260730_033903_000;0.1;4.4;34.0;Leppun;0.44;;;;;
Car381009-2026-Pass1-Z1-2MU00693_20260730_033903_000;0.0;4.9;24.0;Plaint;0.1;Phogri;;;;
Car381009-2026-Pass1-Z1-2MU00693_20260730_033903_000;0.1;5.0;12.0;Tetvir;0.89;;;;;
Car381009-2026-Pass1-Z1-2MU00693_20260730_033937_000;0.0;5.0;38.0;Leppun;0.94;;;;;
Car381009-2026-Pass1-Z1-2MU00693_20260730_033937_000;0.0;2.0;29.0;noise;0.29;;;;;
Car381009-2026-Pass1-Z1-2MU00693_20260730_033937_000;0.4;5.0;24.0;Plaint;0.28;;;;;
Car381009-2026-Pass1-Z1-2MU00693_20260730_033937_000;0.0;4.9;10.0;Tetvir;0.95;;;;;
Car381009-2026-Pass1-Z1-2MU00693_20260730_034037_000;0.0;5.0;37.0;Leppun;0.98;;;;;
Car381009-2026-Pass1-Z1-2MU00693_20260730_034037_000;0.0;5.0;24.0;Phogri;0.15;noise;;;;
Car381009-2026-Pass1-Z1-2MU00693_20260730_034037_000;0.2;5.0;23.0;Phogri;0.09;;;;;
Car381009-2026-Pass1-Z1-2MU00693_20260730_034037_000;0.2;5.0;21.0;Tetvir;0.76;;;;;
Car381009-2026-Pass1-Z1-2MU00693_20260730_034044_000;0.0;4.9;32.0;Leppun;0.86;;;;;
Car381009-2026-Pass1-Z1-2MU00693_20260730_034044_000;0.0;4.9;24.0;noise;0.13;;;;;
Car381009-2026-Pass1-Z1-2MU00693_20260730_034044_000;0.0;4.9;28.0;Phogri;0.77;;;;;
Car381009-2026-Pass1-Z1-2MU00693_20260730_034133_000;0.4;4.5;37.0;Leppun;0.95;;;;;
Car381009-2026-Pass1-Z1-2MU00693_20260730_034133_000;0.2;4.9;24.0;Phogri;0.28;;;;;
Car381009-2026-Pass1-Z1-2MU00693_20260730_034133_000;0.0;2.2;38.0;Tetvir;0.19;;;;;
Car381009-2026-Pass1-Z1-2MU00693_20260730_034204_000;0.0;4.3;38.0;Leppun;0.96;;;;;
Car381009-2026-Pass1-Z1-2MU00693_20260730_034204_000;0.1;4.9;23.0;Phogri;0.9;;;;;
Car381009-2026-Pass1-Z1-2MU00693_20260730_034219_000;0.0;4.7;38.0;Leppun;0.95;;;;;
Car381009-2026-Pass1-Z1-2MU00693_20260730_034219_000;0.0;4.9;24.0;Phogri;0.87;;;;;
Car381009-2026-Pass1-Z1-2MU00693_20260730_034219_000;1.1;5.0;53.0;Pippip;0.99;;;;;
Car381009-2026-Pass1-Z1-2MU00693_20260730_034320_000;0.0;4.9;36.0;Leppun;0.95;;;;;
Car381009-2026-Pass1-Z1-2MU00693_20260730_034320_000;2.2;4.8;21.0;noise;0.1;Phanan;;;;
Car381009-2026-Pass1-Z1-2MU00693_20260730_034320_000;0.0;4.7;26.0;Phogri;0.65;;;;;
Car381009-2026-Pass1-Z1-2MU00693_20260730_034320_000;0.0;3.4;18.0;Tetvir;0.55;;;;;
Car381009-2026-Pass1-Z1-2MU00693_20260730_034336_000;0.0;3.6;40.0;Leppun;0.25;;;;;
Car381009-2026-Pass1-Z1-2MU00693_20260730_034336_000;0.1;3.7;23.0;noise;0.06;Rhasp, Phogri;;;;
Car381009-2026-Pass1-Z1-2MU00693_20260730_034344_000;0.4;1.9;30.0;Leppun;0.07;noise;;;;
Car381009-2026-Pass1-Z1-2MU00693_20260730_034344_000;0.0;2.0;24.0;Phogri;0.65;;;;;
Car381009-2026-Pass1-Z1-2MU00693_20260730_034347_000;0.0;1.9;37.0;Leppun;0.61;;;;;
Car381009-2026-Pass1-Z1-2MU00693_20260730_034347_000;0.7;0.8;10.0;noise;0.06;Tetvir;;;;
Car381009-2026-Pass1-Z1-2MU00693_20260730_034347_000;0.2;1.9;25.0;Phogri;0.11;;;;;
Car381009-2026-Pass1-Z1-2MU00693_20260730_034351_000;0.0;0.1;37.0;Leppun;0.56;;;;;
Car381009-2026-Pass1-Z1-2MU00693_20260730_034351_000;0.0;3.2;25.0;noise;0.27;;;;;
Car381009-2026-Pass1-Z1-2MU00693_20260730_034351_000;0.3;3.1;24.0;Phogri;0.8;;;;;
Car381009-2026-Pass1-Z1-2MU00693_20260730_034355_000;0.0;1.1;40.0;Leppun;0.66;;;;;
Car381009-2026-Pass1-Z1-2MU00693_20260730_034355_000;0.0;2.0;25.0;Phogri;0.1;;;;;
Car381009-2026-Pass1-Z1-2MU00693_20260730_034400_000;0.0;2.1;40.0;Leppun;0.98;;;;;
Car381009-2026-Pass1-Z1-2MU00693_20260730_034400_000;1.3;2.0;45.0;Pippip;0.98;;;;;
Car381009-2026-Pass1-Z1-2MU00693_20260730_034400_000;0.4;2.1;23.0;Phogri;0.28;;;;;
Car381009-2026-Pass1-Z1-2MU00693_20260730_034404_000;0.0;1.4;38.0;Leppun;0.97;;;;;
Car381009-2026-Pass1-Z1-2MU00693_20260730_034404_000;0.2;1.9;50.0;Pippip;0.99;;;;;
Car381009-2026-Pass1-Z1-2MU00693_20260730_034404_000;0.1;1.7;24.0;Phogri;0.09;;;;;
Car381009-2026-Pass1-Z1-2MU00693_20260730_034404_000;0.0;1.7;24.0;Tetvir;0.2;;;;;
Car381009-2026-Pass1-Z1-2MU00693_20260730_034407_000;0.0;1.1;37.0;Leppun;0.95;;;;;
Car381009-2026-Pass1-Z1-2MU00693_20260730_034407_000;0.0;2.1;25.0;Phogri;0.71;;;;;
Car381009-2026-Pass1-Z1-2MU00693_20260730_034407_000;0.0;1.8;49.0;Pippip;0.78;;;;;
Car381009-2026-Pass1-Z1-2MU00693_20260730_034407_000;0.4;1.8;23.0;Roeroe;0.13;;;;;
Car381009-2026-Pass1-Z1-2MU00693_20260730_034410_000;0.4;1.1;38.0;Leppun;0.92;;;;;
Car381009-2026-Pass1-Z1-2MU00693_20260730_034410_000;0.0;1.1;31.0;noise;0.2;;;;;
Car381009-2026-Pass1-Z1-2MU00693_20260730_034410_000;0.0;3.0;25.0;Plaint;0.66;;;;;
Car381009-2026-Pass1-Z1-2MU00693_20260730_034415_000;0.0;2.5;39.0;Leppun;0.91;;;;;
Car381009-2026-Pass1-Z1-2MU00693_20260730_034415_000;0.0;3.1;22.0;Phogri;0.12;;;;;
Car381009-2026-Pass1-Z1-2MU00693_20260730_034421_000;0.0;1.8;34.0;Leppun;0.57;;;;;
Car381009-2026-Pass1-Z1-2MU00693_20260730_034421_000;0.4;2.1;23.0;Phogri;0.05;noise, Plaint;;;;
Car381009-2026-Pass1-Z1-2MU00693_20260730_034424_000;0.1;1.2;36.0;Leppun;0.98;;;;;
Car381009-2026-Pass1-Z1-2MU00693_20260730_034424_000;0.1;0.5;9.0;noise;0.08;Eupsp, Tetvir;;;;
Car381009-2026-Pass1-Z1-2MU00693_20260730_034424_000;0.0;2.3;24.0;Phogri;0.14;;;;;
Car381009-2026-Pass1-Z1-2MU00693_20260730_034424_000;0.4;1.5;28.0;Pleaus;0.17;;;;;
Car381009-2026-Pass1-Z1-2MU00693_20260730_034428_000;0.0;1.7;40.0;Leppun;0.98;;;;;
Car381009-2026-Pass1-Z1-2MU00693_20260730_034428_000;0.1;1.9;23.0;Phogri;0.08;Plaint, noise;;;;
Car381009-2026-Pass1-Z1-2MU00693_20260730_034428_000;1.9;2.0;9.0;Tetvir;0.28;;;;;
Car381009-2026-Pass1-Z1-2MU00693_20260730_034430_000;0.0;1.7;37.0;Leppun;0.93;;;;;
Car381009-2026-Pass1-Z1-2MU00693_20260730_034430_000;0.0;2.3;23.0;noise;0.25;;;;;
Car381009-2026-Pass1-Z1-2MU00693_20260730_034430_000;0.3;2.2;25.0;Phogri;0.79;;;;;
Car381009-2026-Pass1-Z1-2MU00693_20260730_034434_000;0.0;2.3;35.0;Leppun;0.97;;;;;
Car381009-2026-Pass1-Z1-2MU00693_20260730_034434_000;0.0;3.4;25.0;noise;0.11;Phogri;;;;
Car381009-2026-Pass1-Z1-2MU00693_20260730_034434_000;0.3;3.4;24.0;Phogri;0.09;;;;;
Car381009-2026-Pass1-Z1-2MU00693_20260730_034438_000;0.0;4.8;35.0;Leppun;0.98;;;;;
Car381009-2026-Pass1-Z1-2MU00693_20260730_034438_000;1.5;4.5;28.0;noise;0.17;;;;;
Car381009-2026-Pass1-Z1-2MU00693_20260730_034438_000;0.0;4.7;24.0;Plaint;0.75;;;;;
Car381009-2026-Pass1-Z1-2MU00693_20260730_034438_000;0.0;4.3;21.0;Tetvir;0.92;;;;;
Car381009-2026-Pass1-Z1-2MU00693_20260730_034443_000;0.0;3.1;38.0;Leppun;0.96;;;;;
Car381009-2026-Pass1-Z1-2MU00693_20260730_034443_000;0.4;2.9;22.0;noise;0.08;Phogri;;;;
Car381009-2026-Pass1-Z1-2MU00693_20260730_034443_000;1.1;4.2;13.0;Tetvir;0.57;;;;;
Car381009-2026-Pass1-Z1-2MU00693_20260730_034448_000;0.0;2.1;40.0;Leppun;0.53;;;;;
Car381009-2026-Pass1-Z1-2MU00693_20260730_034448_000;0.4;1.9;24.0;Phogri;0.85;;;;;
Car381009-2026-Pass1-Z1-2MU00693_20260730_034451_000;0.0;4.4;38.0;Leppun;0.97;;;;;
Car381009-2026-Pass1-Z1-2MU00693_20260730_034451_000;0.0;4.9;23.0;Phogri;0.12;noise;;;;
Car381009-2026-Pass1-Z1-2MU00693_20260730_034456_000;0.0;5.0;39.0;Leppun;0.96;;;;;
Car381009-2026-Pass1-Z1-2MU00693_20260730_034456_000;0.0;5.0;24.0;noise;0.31;;;;;
Car381009-2026-Pass1-Z1-2MU00693_20260730_034456_000;0.3;5.0;23.0;Phogri;0.15;;;;;
Car381009-2026-Pass1-Z1-2MU00693_20260730_034521_000;0.0;4.3;36.0;Leppun;0.94;;;;;
Car381009-2026-Pass1-Z1-2MU00693_20260730_034521_000;0.0;5.0;24.0;Phogri;0.23;noise;;;;
Car381009-2026-Pass1-Z1-2MU00693_20260730_034521_000;0.0;5.0;24.0;Phogri;0.07;;;;;
Car381009-2026-Pass1-Z1-2MU00693_20260730_034537_000;0.0;4.4;44.0;Leppun;0.96;;;;;
Car381009-2026-Pass1-Z1-2MU00693_20260730_034537_000;0.0;4.8;33.0;noise;0.3;;;;;
Car381009-2026-Pass1-Z1-2MU00693_20260730_034537_000;0.2;5.0;23.0;Phogri;0.16;;;;;
Car381009-2026-Pass1-Z1-2MU00693_20260730_034544_000;0.0;2.1;46.0;Leppun;0.95;;;;;
Car381009-2026-Pass1-Z1-2MU00693_20260730_034544_000;0.3;2.1;24.0;Phogri;0.72;;;;;
Car381009-2026-Pass1-Z1-2MU00693_20260730_034544_000;0.3;1.8;44.0;Pippip;0.99;;;;;
Car381009-2026-Pass1-Z1-2MU00693_20260730_034544_000;0.1;2.1;15.0;Tetvir;0.96;;;;;
Car381009-2026-Pass1-Z1-2MU00693_20260730_034546_000;0.0;5.0;40.0;Leppun;0.9;;;;;
Car381009-2026-Pass1-Z1-2MU00693_20260730_034546_000;0.0;5.0;45.0;Pippip;0.99;;;;;
Car381009-2026-Pass1-Z1-2MU00693_20260730_034546_000;0.2;4.3;23.0;Plaint;0.54;;;;;
Car381009-2026-Pass1-Z1-2MU00693_20260730_034546_000;0.2;5.0;22.0;Tetvir;0.88;;;;;
Car381009-2026-Pass1-Z1-2MU00693_20260730_034605_000;0.0;3.6;42.0;Leppun;0.96;;;;;
Car381009-2026-Pass1-Z1-2MU00693_20260730_034605_000;0.2;4.0;22.0;noise;0.24;Phogri;;;;
Car381009-2026-Pass1-Z1-2MU00693_20260730_034605_000;0.9;4.0;24.0;Phogri;0.21;;;;;
Car381009-2026-Pass1-Z1-2MU00693_20260730_034609_000;0.0;4.7;41.0;Leppun;0.97;;;;;
Car381009-2026-Pass1-Z1-2MU00693_20260730_034609_000;0.0;4.8;24.0;noise;0.12;Phogri;;;;
Car381009-2026-Pass1-Z1-2MU00693_20260730_034609_000;0.7;4.8;24.0;Phogri;0.11;;;;;
Car381009-2026-Pass1-Z1-2MU00693_20260730_034619_000;0.0;4.6;39.0;Leppun;0.97;;;;;
Car381009-2026-Pass1-Z1-2MU00693_20260730_034619_000;0.8;4.9;23.0;Phogri;0.1;;;;;
Car381009-2026-Pass1-Z1-2MU00693_20260730_034619_000;0.1;4.8;19.0;Tetvir;0.82;;;;;
Car381009-2026-Pass1-Z1-2MU00693_20260730_034627_000;0.0;4.9;37.0;Leppun;0.96;;;;;
Car381009-2026-Pass1-Z1-2MU00693_20260730_034627_000;0.2;4.7;24.0;Phogri;0.71;;;;;
Car381009-2026-Pass1-Z1-2MU00693_20260730_034635_000;0.0;1.7;41.0;Leppun;0.96;;;;;
Car381009-2026-Pass1-Z1-2MU00693_20260730_034635_000;0.1;2.0;23.0;noise;0.12;;;;;
Car381009-2026-Pass1-Z1-2MU00693_20260730_034635_000;0.1;2.1;22.0;Phogri;0.84;;;;;
Car381009-2026-Pass1-Z1-2MU00693_20260730_034638_000;0.0;1.8;40.0;Leppun;0.98;;;;;
Car381009-2026-Pass1-Z1-2MU00693_20260730_034638_000;0.0;1.8;10.0;Tetvir;0.95;;;;;
Car381009-2026-Pass1-Z1-2MU00693_20260730_034642_000;0.0;2.0;38.0;Leppun;0.98;;;;;
Car381009-2026-Pass1-Z1-2MU00693_20260730_034642_000;0.3;2.4;24.0;Phogri;0.78;;;;;
Car381009-2026-Pass1-Z1-2MU00693_20260730_034644_000;0.0;2.0;37.0;Leppun;0.98;;;;;
Car381009-2026-Pass1-Z1-2MU00693_20260730_034644_000;0.0;1.6;24.0;Plaint;0.1;Phogri;;;;
Car381009-2026-Pass1-Z1-2MU00693_20260730_034644_000;1.9;2.0;10.0;Tetvir;0.28;;;;;
Car381009-2026-Pass1-Z1-2MU00693_20260730_034647_000;0.0;0.4;36.0;Leppun;0.96;;;;;
Car381009-2026-Pass1-Z1-2MU00693_20260730_034647_000;0.3;1.8;22.0;noise;0.13;Phogri;;;;
Car381009-2026-Pass1-Z1-2MU00693_20260730_034647_000;0.2;1.9;41.0;Pipnat;0.79;;;;;
Car381009-2026-Pass1-Z1-2MU00693_20260730_034650_000;0.0;2.1;34.0;Leppun;0.94;;;;;
Car381009-2026-Pass1-Z1-2MU00693_20260730_034650_000;0.1;1.9;39.0;Pipnat;0.69;;;;;
Car381009-2026-Pass1-Z1-2MU00693_20260730_034650_000;0.8;1.7;25.0;Phogri;0.07;Plaint, noise;;;;
Car381009-2026-Pass1-Z1-2MU00693_20260730_034650_000;0.0;2.0;10.0;Tetvir;0.91;;;;;
Car381009-2026-Pass1-Z1-2MU00693_20260730_034654_000;0.0;2.1;38.0;Leppun;0.97;;;;;
Car381009-2026-Pass1-Z1-2MU00693_20260730_034654_000;0.0;2.8;24.0;Phogri;0.92;;;;;
Car381009-2026-Pass1-Z1-2MU00693_20260730_034654_000;0.3;1.2;39.0;Pipkuh;0.34;;;;;
Car381009-2026-Pass1-Z1-2MU00693_20260730_034659_000;0.0;1.9;38.0;Leppun;0.97;;;;;
Car381009-2026-Pass1-Z1-2MU00693_20260730_034659_000;0.0;1.9;23.0;Phogri;0.11;;;;;
Car381009-2026-Pass1-Z1-2MU00693_20260730_034703_000;0.0;3.8;40.0;Leppun;0.91;;;;;
Car381009-2026-Pass1-Z1-2MU00693_20260730_034703_000;0.0;4.1;25.0;noise;0.11;Phogri;;;;
Car381009-2026-Pass1-Z1-2MU00693_20260730_034703_000;0.2;4.1;24.0;Phogri;0.11;;;;;
Car381009-2026-Pass1-Z1-2MU00693_20260730_034703_000;0.0;4.0;16.0;Tetvir;0.78;;;;;
Car381009-2026-Pass1-Z1-2MU00693_20260730_034708_000;0.0;4.9;39.0;Leppun;0.97;;;;;
Car381009-2026-Pass1-Z1-2MU00693_20260730_034708_000;0.5;4.9;43.0;noise;0.12;Phogri;;;;
Car381009-2026-Pass1-Z1-2MU00693_20260730_034708_000;0.2;4.9;23.0;Plaint;0.65;;;;;
Car381009-2026-Pass1-Z1-2MU00693_20260730_034721_000;0.0;4.8;38.0;Leppun;0.96;;;;;
Car381009-2026-Pass1-Z1-2MU00693_20260730_034721_000;0.1;3.5;23.0;Phogri;0.1;;;;;
Car381009-2026-Pass1-Z1-2MU00693_20260730_034721_000;0.0;5.0;23.0;Tetvir;0.86;;;;;
Car381009-2026-Pass1-Z1-2MU00693_20260730_034745_000;0.0;1.9;42.0;Leppun;0.95;;;;;
Car381009-2026-Pass1-Z1-2MU00693_20260730_034745_000;0.1;2.0;23.0;Phogri;0.09;;;;;
Car381009-2026-Pass1-Z1-2MU00693_20260730_034745_000;0.6;2.0;10.0;Tetvir;0.34;;;;;
Car381009-2026-Pass1-Z1-2MU00693_20260730_034748_000;0.0;2.8;38.0;Leppun;0.98;;;;;
Car381009-2026-Pass1-Z1-2MU00693_20260730_034748_000;0.5;4.0;25.0;noise;0.21;;;;;
Car381009-2026-Pass1-Z1-2MU00693_20260730_034748_000;0.5;3.9;25.0;Phogri;0.8;;;;;
Car381009-2026-Pass1-Z1-2MU00693_20260730_034752_000;0.0;1.6;42.0;Leppun;0.98;;;;;
Car381009-2026-Pass1-Z1-2MU00693_20260730_034752_000;0.1;2.4;27.0;Phogri;0.79;;;;;
Car381009-2026-Pass1-Z1-2MU00693_20260730_034754_000;0.0;4.7;38.0;Leppun;0.97;;;;;
Car381009-2026-Pass1-Z1-2MU00693_20260730_034754_000;0.4;4.7;42.0;noise;0.11;;;;;
Car381009-2026-Pass1-Z1-2MU00693_20260730_034754_000;0.3;4.9;24.0;Phogri;0.2;;;;;
Car381009-2026-Pass1-Z1-2MU00693_20260730_034805_000;0.0;4.7;40.0;Leppun;0.97;;;;;
Car381009-2026-Pass1-Z1-2MU00693_20260730_034805_000;0.0;4.6;24.0;noise;0.19;Phogri;;;;
Car381009-2026-Pass1-Z1-2MU00693_20260730_034805_000;0.0;4.7;25.0;Phogri;0.08;Plaint;;;;
Car381009-2026-Pass1-Z1-2MU00693_20260730_034811_000;0.0;4.5;37.0;Leppun;0.97;;;;;
Car381009-2026-Pass1-Z1-2MU00693_20260730_034811_000;0.3;4.7;25.0;noise;0.24;;;;;
Car381009-2026-Pass1-Z1-2MU00693_20260730_034811_000;0.0;5.0;23.0;Phogri;0.1;Plaint;;;;
Car381009-2026-Pass1-Z1-2MU00693_20260730_034820_000;0.0;4.7;38.0;Leppun;0.95;;;;;
Car381009-2026-Pass1-Z1-2MU00693_20260730_034820_000;0.2;4.9;23.0;Phogri;0.12;;;;;
Car381009-2026-Pass1-Z1-2MU00693_20260730_034820_000;0.8;4.9;20.0;Tetvir;0.45;;;;;
Car381009-2026-Pass1-Z1-2MU00693_20260730_034826_000;0.0;5.0;36.0;Leppun;0.97;;;;;
Car381009-2026-Pass1-Z1-2MU00693_20260730_034826_000;1.6;4.9;23.0;Phogri;0.11;;;;;
Car381009-2026-Pass1-Z1-2MU00693_20260730_034826_000;0.2;5.0;13.0;Tetvir;0.96;;;;;
Car381009-2026-Pass1-Z1-2MU00693_20260730_034840_000;0.0;2.8;39.0;Leppun;0.93;;;;;
Car381009-2026-Pass1-Z1-2MU00693_20260730_034840_000;0.1;2.9;25.0;Plaint;0.06;Phogri, noise;;;;
Car381009-2026-Pass1-Z1-2MU00693_20260730_034840_000;0.0;2.4;10.0;Tetvir;0.93;;;;;
Car381009-2026-Pass1-Z1-2MU00693_20260730_034843_000;0.0;4.1;40.0;Leppun;0.96;;;;;
Car381009-2026-Pass1-Z1-2MU00693_20260730_034843_000;0.1;5.0;25.0;Phogri;0.67;;;;;
Car381009-2026-Pass1-Z1-2MU00693_20260730_034852_000;0.0;2.0;42.0;Leppun;0.96;;;;;
Car381009-2026-Pass1-Z1-2MU00693_20260730_034852_000;0.1;2.0;24.0;Phogri;0.85;;;;;
Car381009-2026-Pass1-Z1-2MU00693_20260730_034854_000;0.0;1.6;39.0;Leppun;0.94;;;;;
Car381009-2026-Pass1-Z1-2MU00693_20260730_034854_000;0.1;2.1;23.0;Phogri;0.53;;;;;
Car381009-2026-Pass1-Z1-2MU00693_20260730_034857_000;0.0;2.0;37.0;Leppun;0.97;;;;;
Car381009-2026-Pass1-Z1-2MU00693_20260730_034857_000;0.1;2.0;22.0;noise;0.41;;;;;
Car381009-2026-Pass1-Z1-2MU00693_20260730_034857_000;0.3;1.8;24.0;Plaint;0.04;Phogri, Tetvir, Sepsep, Metbra;;;;
Car381009-2026-Pass1-Z1-2MU00693_20260730_034859_000;0.0;1.6;38.0;Leppun;0.98;;;;;
Car381009-2026-Pass1-Z1-2MU00693_20260730_034859_000;0.0;1.8;34.0;noise;0.09;Phogri;;;;
Car381009-2026-Pass1-Z1-2MU00693_20260730_034859_000;0.1;2.0;23.0;Phogri;0.09;;;;;
Car381009-2026-Pass1-Z1-2MU00693_20260730_034901_000;0.0;4.5;37.0;Leppun;0.96;;;;;
Car381009-2026-Pass1-Z1-2MU00693_20260730_034901_000;0.2;5.0;25.0;Phogri;0.1;noise;;;;
Car381009-2026-Pass1-Z1-2MU00693_20260730_034901_000;0.0;5.0;23.0;Tetvir;0.55;;;;;
Car381009-2026-Pass1-Z1-2MU00693_20260730_034911_000;0.2;5.0;35.0;Hypsav;0.93;;;;;
Car381009-2026-Pass1-Z1-2MU00693_20260730_034911_000;0.0;4.8;36.0;Leppun;0.94;;;;;
Car381009-2026-Pass1-Z1-2MU00693_20260730_034911_000;0.3;5.0;24.0;Phogri;0.15;;;;;
Car381009-2026-Pass1-Z1-2MU00693_20260730_034911_000;0.0;5.0;18.0;Tetvir;0.83;;;;;
Car381009-2026-Pass1-Z1-2MU00693_20260730_034957_000;0.0;4.5;40.0;Leppun;0.97;;;;;
Car381009-2026-Pass1-Z1-2MU00693_20260730_034957_000;1.0;4.7;25.0;Phogri;0.09;;;;;
Car381009-2026-Pass1-Z1-2MU00693_20260730_034957_000;0.0;5.0;21.0;Tetvir;0.89;;;;;
Car381009-2026-Pass1-Z1-2MU00693_20260730_035002_000;0.0;3.2;44.0;Leppun;0.89;;;;;
Car381009-2026-Pass1-Z1-2MU00693_20260730_035002_000;1.0;4.7;27.0;Phogri;0.38;;;;;
Car381009-2026-Pass1-Z1-2MU00693_20260730_035002_000;0.2;4.5;23.0;noise;0.04;Plaint, Tetvir, Sepsep, Rhasp;;;;
Car381009-2026-Pass1-Z1-2MU00693_20260730_035008_000;0.0;4.6;39.0;Leppun;0.95;;;;;
Car381009-2026-Pass1-Z1-2MU00693_20260730_035008_000;0.1;5.0;24.0;Phogri;0.09;Rhasp;;;;
Car381009-2026-Pass1-Z1-2MU00693_20260730_035008_000;0.1;4.5;10.0;Tetvir;0.95;;;;;
Car381009-2026-Pass1-Z1-2MU00693_20260730_035016_000;0.0;3.6;38.0;Leppun;0.95;;;;;
Car381009-2026-Pass1-Z1-2MU00693_20260730_035016_000;0.1;4.9;25.0;noise;0.22;;;;;
Car381009-2026-Pass1-Z1-2MU00693_20260730_035016_000;0.1;4.8;24.0;Phogri;0.86;;;;;
Car381009-2026-Pass1-Z1-2MU00693_20260730_035022_000;0.0;3.0;40.0;Leppun;0.97;;;;;
Car381009-2026-Pass1-Z1-2MU00693_20260730_035022_000;0.5;3.1;24.0;Phogri;0.63;;;;;
Car381009-2026-Pass1-Z1-2MU00693_20260730_035025_000;0.0;4.6;40.0;Leppun;0.95;;;;;
Car381009-2026-Pass1-Z1-2MU00693_20260730_035025_000;2.6;4.3;28.0;noise;0.14;;;;;
Car381009-2026-Pass1-Z1-2MU00693_20260730_035025_000;3.4;4.9;27.0;Nyclei;0.57;;;;;
Car381009-2026-Pass1-Z1-2MU00693_20260730_035025_000;0.5;4.8;24.0;Phogri;0.07;Plaint;;;;
Car381009-2026-Pass1-Z1-2MU00693_20260730_035025_000;0.5;4.8;21.0;Tetvir;0.81;;;;;
Car381009-2026-Pass1-Z1-2MU00693_20260730_035038_000;0.0;0.3;39.0;Leppun;0.89;;;;;
Car381009-2026-Pass1-Z1-2MU00693_20260730_035038_000;0.3;2.3;24.0;Phogri;0.09;;;;;
Car381009-2026-Pass1-Z1-2MU00693_20260730_035038_000;0.0;2.3;9.0;Tetvir;0.93;;;;;
Car381009-2026-Pass1-Z1-2MU00693_20260730_035041_000;0.0;4.8;39.0;Leppun;0.97;;;;;
Car381009-2026-Pass1-Z1-2MU00693_20260730_035041_000;0.3;5.0;50.0;Pippip;0.92;;;;;
Car381009-2026-Pass1-Z1-2MU00693_20260730_035041_000;0.3;3.7;22.0;Plaint;0.1;;;;;
Car381009-2026-Pass1-Z1-2MU00693_20260730_035041_000;0.3;5.0;17.0;Tetvir;0.94;;;;;
Car381009-2026-Pass1-Z1-2MU00693_20260730_035101_000;0.0;4.3;39.0;Leppun;0.97;;;;;
Car381009-2026-Pass1-Z1-2MU00693_20260730_035101_000;3.3;3.4;14.0;noise;0.23;;;;;
Car381009-2026-Pass1-Z1-2MU00693_20260730_035101_000;0.2;4.7;24.0;Phogri;0.87;;;;;
Car381009-2026-Pass1-Z1-2MU00693_20260730_035106_000;0.0;5.0;39.0;Leppun;0.97;;;;;
Car381009-2026-Pass1-Z1-2MU00693_20260730_035106_000;0.8;4.9;24.0;Phogri;0.08;noise;;;;
Car381009-2026-Pass1-Z1-2MU00693_20260730_035106_000;0.0;4.7;13.0;Tetvir;0.96;;;;;
Car381009-2026-Pass1-Z1-2MU00693_20260730_035116_000;0.0;1.8;39.0;Leppun;0.62;;;;;
Car381009-2026-Pass1-Z1-2MU00693_20260730_035116_000;0.2;2.2;23.0;Phogri;0.05;noise;;;;
Car381009-2026-Pass1-Z1-2MU00693_20260730_035116_000;0.2;2.2;22.0;Tetvir;0.27;;;;;
Car381009-2026-Pass1-Z1-2MU00693_20260730_035119_000;0.0;4.3;37.0;Leppun;0.98;;;;;
Car381009-2026-Pass1-Z1-2MU00693_20260730_035119_000;0.0;4.9;39.0;Phogri;0.59;;;;;
Car381009-2026-Pass1-Z1-2MU00693_20260730_035119_000;0.0;4.9;24.0;Plaint;0.2;;;;;
Car381009-2026-Pass1-Z1-2MU00693_20260730_035130_000;0.0;4.5;34.0;Leppun;0.95;;;;;
Car381009-2026-Pass1-Z1-2MU00693_20260730_035130_000;0.0;5.0;14.0;Tetvir;0.96;;;;;
Car381009-2026-Pass1-Z1-2MU00693_20260730_035135_000;0.0;0.9;38.0;Leppun;0.62;;;;;
Car381009-2026-Pass1-Z1-2MU00693_20260730_035135_000;0.2;2.0;25.0;Phogri;0.69;;;;;
Car381009-2026-Pass1-Z1-2MU00693_20260730_035138_000;0.0;4.1;37.0;Leppun;0.96;;;;;
Car381009-2026-Pass1-Z1-2MU00693_20260730_035138_000;0.2;4.2;24.0;Phogri;0.59;;;;;
Car381009-2026-Pass1-Z1-2MU00693_20260730_035138_000;0.5;4.3;15.0;Tetvir;0.8;;;;;
Car381009-2026-Pass1-Z1-2MU00693_20260730_035142_000;0.0;0.3;41.0;Leppun;0.93;;;;;
Car381009-2026-Pass1-Z1-2MU00693_20260730_035142_000;0.2;2.1;24.0;Phogri;0.88;;;;;
Car381009-2026-Pass1-Z1-2MU00693_20260730_035145_000;0.0;1.8;37.0;Leppun;0.94;;;;;
Car381009-2026-Pass1-Z1-2MU00693_20260730_035145_000;0.1;2.0;24.0;Phogri;0.69;;;;;
Car381009-2026-Pass1-Z1-2MU00693_20260730_035145_000;0.4;1.6;26.0;Tetvir;0.48;;;;;
Car381009-2026-Pass1-Z1-2MU00693_20260730_035149_000;0.0;4.1;38.0;Leppun;0.51;;;;;
Car381009-2026-Pass1-Z1-2MU00693_20260730_035149_000;0.2;4.9;24.0;Phogri;0.19;noise;;;;
Car381009-2026-Pass1-Z1-2MU00693_20260730_035149_000;0.2;4.8;24.0;Rhasp;0.05;noise;;;;
Car381009-2026-Pass1-Z1-2MU00693_20260730_035204_000;0.9;3.9;35.0;Leppun;0.15;;;;;
Car381009-2026-Pass1-Z1-2MU00693_20260730_035204_000;0.0;4.3;24.0;noise;0.32;Phogri;;;;
Car381009-2026-Pass1-Z1-2MU00693_20260730_035209_000;0.0;2.4;39.0;Leppun;0.84;;;;;
Car381009-2026-Pass1-Z1-2MU00693_20260730_035209_000;0.1;2.4;25.0;Phogri;0.8;;;;;
Car381009-2026-Pass1-Z1-2MU00693_20260730_035213_000;0.0;3.0;39.0;Phogri;0.67;;;;;
Car381009-2026-Pass1-Z1-2MU00693_20260730_035213_000;0.0;3.4;24.0;Plaint;0.08;;;;;
Car381009-2026-Pass1-Z1-2MU00693_20260730_035217_000;1.0;1.2;27.0;noise;0.26;;;;;
Car381009-2026-Pass1-Z1-2MU00693_20260730_035217_000;0.0;2.1;25.0;Phogri;0.82;;;;;
Car381009-2026-Pass1-Z1-2MU00693_20260730_035220_000;0.0;4.7;37.0;Leppun;0.97;;;;;
Car381009-2026-Pass1-Z1-2MU00693_20260730_035220_000;1.9;5.0;26.0;noise;0.14;;;;;
Car381009-2026-Pass1-Z1-2MU00693_20260730_035220_000;0.2;5.0;10.0;Tetvir;0.89;;;;;
Car381009-2026-Pass1-Z1-2MU00693_20260730_035225_000;0.0;4.9;37.0;Leppun;0.95;;;;;
Car381009-2026-Pass1-Z1-2MU00693_20260730_035225_000;0.1;4.9;24.0;Phogri;0.18;;;;;
Car381009-2026-Pass1-Z1-2MU00693_20260730_035244_000;0.0;4.7;27.0;Leppun;0.73;;;;;
Car381009-2026-Pass1-Z1-2MU00693_20260730_035244_000;0.1;4.9;44.0;Pipkuh;0.98;;;;;
Car381009-2026-Pass1-Z1-2MU00693_20260730_035244_000;0.2;3.6;25.0;noise;0.06;Plaint, Phogri;;;;
Car381009-2026-Pass1-Z1-2MU00693_20260730_035244_000;0.2;5.0;11.0;Tetvir;0.92;;;;;
Car381009-2026-Pass1-Z1-2MU00693_20260730_035256_000;0.0;3.0;38.0;Leppun;0.4;;;;;
Car381009-2026-Pass1-Z1-2MU00693_20260730_035256_000;0.2;3.9;24.0;noise;0.09;;;;;
Car381009-2026-Pass1-Z1-2MU00693_20260730_035256_000;0.1;3.6;24.0;Phogri;0.13;;;;;
Car381009-2026-Pass1-Z1-2MU00693_20260730_035300_000;0.0;2.2;36.0;Leppun;0.96;;;;;
Car381009-2026-Pass1-Z1-2MU00693_20260730_035300_000;0.0;2.4;26.0;Phogri;0.83;;;;;
Car381009-2026-Pass1-Z1-2MU00693_20260730_035304_000;0.0;3.4;36.0;Leppun;0.98;;;;;
Car381009-2026-Pass1-Z1-2MU00693_20260730_035304_000;0.0;4.9;24.0;noise;0.13;;;;;
Car381009-2026-Pass1-Z1-2MU00693_20260730_035304_000;0.1;4.9;25.0;Phogri;0.86;;;;;
Car381009-2026-Pass1-Z1-2MU00693_20260730_035326_000;0.0;4.9;25.0;noise;0.12;Phogri;;;;
Car381009-2026-Pass1-Z1-2MU00693_20260730_035326_000;0.3;4.6;23.0;Phogri;0.1;;;;;
Car381009-2026-Pass1-Z1-2MU00693_20260730_035326_000;0.0;5.0;11.0;Tetvir;0.95;;;;;
Car381009-2026-Pass1-Z1-2MU00693_20260730_035332_000;0.5;4.2;36.0;Leppun;0.89;;;;;
Car381009-2026-Pass1-Z1-2MU00693_20260730_035332_000;1.4;4.5;25.0;noise;0.29;Phogri;;;;
Car381009-2026-Pass1-Z1-2MU00693_20260730_035332_000;0.0;3.7;23.0;Phogri;0.1;;;;;
Car381009-2026-Pass1-Z1-2MU00693_20260730_035332_000;0.0;5.0;25.0;Tetvir;0.86;;;;;
Car381009-2026-Pass1-Z1-2MU00693_20260730_035346_000;0.0;4.7;36.0;Leppun;0.96;;;;;
Car381009-2026-Pass1-Z1-2MU00693_20260730_035346_000;0.2;4.3;26.0;noise;0.19;;;;;
Car381009-2026-Pass1-Z1-2MU00693_20260730_035346_000;0.2;4.5;25.0;Phogri;0.07;;;;;
Car381009-2026-Pass1-Z1-2MU00693_20260730_035346_000;0.0;4.4;10.0;Tetvir;0.91;;;;;
Car381009-2026-Pass1-Z1-2MU00693_20260730_035352_000;0.0;0.5;32.0;Leppun;0.97;;;;;
Car381009-2026-Pass1-Z1-2MU00693_20260730_035352_000;0.0;2.5;23.0;Phogri;0.64;;;;;
Car381009-2026-Pass1-Z1-2MU00693_20260730_035352_000;0.2;2.3;10.0;Tetvir;0.94;;;;;
Car381009-2026-Pass1-Z1-2MU00693_20260730_035357_000;0.6;2.6;38.0;Leppun;0.64;;;;;
Car381009-2026-Pass1-Z1-2MU00693_20260730_035357_000;0.0;3.7;26.0;Phogri;0.68;;;;;
Car381009-2026-Pass1-Z1-2MU00693_20260730_035357_000;0.0;4.0;17.0;Tetvir;0.94;;;;;
Car381009-2026-Pass1-Z1-2MU00693_20260730_035401_000;0.0;2.1;38.0;Leppun;0.8;;;;;
Car381009-2026-Pass1-Z1-2MU00693_20260730_035401_000;0.0;2.5;28.0;Phogri;0.86;;;;;
Car381009-2026-Pass1-Z1-2MU00693_20260730_035401_000;0.2;2.5;11.0;Tetvir;0.93;;;;;
Car381009-2026-Pass1-Z1-2MU00693_20260730_035404_000;0.0;2.1;38.0;Leppun;0.95;;;;;
Car381009-2026-Pass1-Z1-2MU00693_20260730_035404_000;0.3;2.3;26.0;Phogri;0.83;;;;;
Car381009-2026-Pass1-Z1-2MU00693_20260730_035404_000;0.0;2.3;10.0;Tetvir;0.94;;;;;
Car381009-2026-Pass1-Z1-2MU00693_20260730_035407_000;0.2;4.4;34.0;Leppun;0.88;;;;;
Car381009-2026-Pass1-Z1-2MU00693_20260730_035407_000;0.0;4.9;24.0;Phogri;0.09;;;;;
Car381009-2026-Pass1-Z1-2MU00693_20260730_035407_000;0.2;4.9;24.0;Tetvir;0.91;;;;;
Car381009-2026-Pass1-Z1-2MU00693_20260730_035415_000;0.0;1.7;39.0;Leppun;0.94;;;;;
Car381009-2026-Pass1-Z1-2MU00693_20260730_035415_000;0.0;1.8;28.0;Phogri;0.07;noise;;;;
Car381009-2026-Pass1-Z1-2MU00693_20260730_035415_000;0.0;2.0;10.0;Tetvir;0.93;;;;;
Car381009-2026-Pass1-Z1-2MU00693_20260730_035418_000;0.0;2.9;38.0;Leppun;0.62;;;;;
Car381009-2026-Pass1-Z1-2MU00693_20260730_035418_000;0.4;2.0;44.0;Phogri;0.55;;;;;
Car381009-2026-Pass1-Z1-2MU00693_20260730_035418_000;0.3;3.0;23.0;Tetvir;0.95;;;;;
Car381009-2026-Pass1-Z1-2MU00693_20260730_035423_000;0.0;3.6;41.0;Leppun;0.94;;;;;
Car381009-2026-Pass1-Z1-2MU00693_20260730_035423_000;1.2;4.9;31.0;Phogri;0.68;;;;;
Car381009-2026-Pass1-Z1-2MU00693_20260730_035423_000;0.3;4.8;23.0;Tetvir;0.9;;;;;
Car381009-2026-Pass1-Z1-2MU00693_20260730_035431_000;0.0;2.9;44.0;Leppun;0.96;;;;;
Car381009-2026-Pass1-Z1-2MU00693_20260730_035431_000;0.0;3.0;25.0;Phogri;0.88;;;;;
Car381009-2026-Pass1-Z1-2MU00693_20260730_035431_000;0.0;2.9;10.0;Tetvir;0.93;;;;;
Car381009-2026-Pass1-Z1-2MU00693_20260730_035437_000;0.9;2.0;43.0;Leppun;0.09;noise;;;;
Car381009-2026-Pass1-Z1-2MU00693_20260730_035437_000;0.0;2.0;20.0;Tetvir;0.94;;;;;
Car381009-2026-Pass1-Z1-2MU00693_20260730_035441_000;0.0;3.3;36.0;Leppun;0.31;;;;;
Car381009-2026-Pass1-Z1-2MU00693_20260730_035441_000;0.2;3.3;22.0;Phogri;0.9;;;;;
Car381009-2026-Pass1-Z1-2MU00693_20260730_035441_000;0.1;3.3;18.0;Tetvir;0.91;;;;;
Car381009-2026-Pass1-Z1-2MU00693_20260730_035446_000;0.0;3.1;40.0;Leppun;0.74;;;;;
Car381009-2026-Pass1-Z1-2MU00693_20260730_035446_000;0.0;3.1;25.0;Phogri;0.66;;;;;
Car381009-2026-Pass1-Z1-2MU00693_20260730_035446_000;0.0;3.1;23.0;Tetvir;0.83;;;;;
Car381009-2026-Pass1-Z1-2MU00693_20260730_035450_000;0.0;2.4;41.0;Leppun;0.86;;;;;
Car381009-2026-Pass1-Z1-2MU00693_20260730_035450_000;0.2;2.8;25.0;Phogri;0.58;;;;;
Car381009-2026-Pass1-Z1-2MU00693_20260730_035450_000;0.0;2.2;11.0;Tetvir;0.96;;;;;
Car381009-2026-Pass1-Z1-2MU00693_20260730_035453_000;0.0;1.3;36.0;Leppun;0.58;;;;;
Car381009-2026-Pass1-Z1-2MU00693_20260730_035453_000;0.2;2.0;22.0;Phogri;0.22;;;;;
Car381009-2026-Pass1-Z1-2MU00693_20260730_035453_000;0.0;2.1;10.0;Tetvir;0.95;;;;;
Car381009-2026-Pass1-Z1-2MU00693_20260730_035456_000;0.9;4.9;37.0;Leppun;0.31;;;;;
Car381009-2026-Pass1-Z1-2MU00693_20260730_035456_000;0.0;5.0;12.0;Tetvir;0.95;;;;;
Car381009-2026-Pass1-Z1-2MU00693_20260730_035502_000;0.0;1.9;38.0;Leppun;0.96;;;;;
Car381009-2026-Pass1-Z1-2MU00693_20260730_035502_000;0.3;1.2;26.0;noise;0.16;;;;;
Car381009-2026-Pass1-Z1-2MU00693_20260730_035502_000;0.0;2.0;10.0;Tetvir;0.96;;;;;
Car381009-2026-Pass1-Z1-2MU00693_20260730_035506_000;0.7;4.9;36.0;noise;0.3;;;;;
Car381009-2026-Pass1-Z1-2MU00693_20260730_035506_000;0.0;4.9;29.0;Plaint;0.51;;;;;
Car381009-2026-Pass1-Z1-2MU00693_20260730_035506_000;0.3;4.9;25.0;Tetvir;0.86;;;;;
Car381009-2026-Pass1-Z1-2MU00693_20260730_035512_000;0.0;4.7;38.0;Leppun;0.52;;;;;
Car381009-2026-Pass1-Z1-2MU00693_20260730_035512_000;0.8;5.0;23.0;Phogri;0.08;noise;;;;
Car381009-2026-Pass1-Z1-2MU00693_20260730_035512_000;0.0;5.0;22.0;Tetvir;0.93;;;;;
Car381009-2026-Pass1-Z1-2MU00693_20260730_035521_000;0.0;5.0;38.0;Leppun;0.97;;;;;
Car381009-2026-Pass1-Z1-2MU00693_20260730_035521_000;0.2;4.5;25.0;Plaint;0.58;;;;;
Car381009-2026-Pass1-Z1-2MU00693_20260730_035521_000;0.0;5.0;21.0;Tetvir;0.95;;;;;
Car381009-2026-Pass1-Z1-2MU00693_20260730_035606_000;0.0;4.9;39.0;Leppun;0.97;;;;;
Car381009-2026-Pass1-Z1-2MU00693_20260730_035606_000;0.5;5.0;25.0;Phogri;0.08;noise;;;;
Car381009-2026-Pass1-Z1-2MU00693_20260730_035606_000;0.0;5.0;22.0;Tetvir;0.93;;;;;
Car381009-2026-Pass1-Z1-2MU00693_20260730_035620_000;0.0;4.3;30.0;Leppun;0.73;;;;;
Car381009-2026-Pass1-Z1-2MU00693_20260730_035620_000;0.2;3.3;24.0;Phogri;0.11;;;;;
Car381009-2026-Pass1-Z1-2MU00693_20260730_035620_000;0.0;4.8;19.0;Tetvir;0.95;;;;;
Car381009-2026-Pass1-Z1-2MU00693_20260730_035625_000;0.0;4.3;37.0;Leppun;0.83;;;;;
Car381009-2026-Pass1-Z1-2MU00693_20260730_035625_000;0.8;4.9;51.0;Pippip;0.99;;;;;
Car381009-2026-Pass1-Z1-2MU00693_20260730_035625_000;0.7;4.4;24.0;Phogri;0.16;;;;;
Car381009-2026-Pass1-Z1-2MU00693_20260730_035625_000;0.0;5.0;21.0;Tetvir;0.93;;;;;
Car381009-2026-Pass1-Z1-2MU00693_20260730_035640_000;0.0;3.5;39.0;Leppun;0.93;;;;;
Car381009-2026-Pass1-Z1-2MU00693_20260730_035640_000;1.0;3.5;25.0;Phogri;0.64;;;;;
Car381009-2026-Pass1-Z1-2MU00693_20260730_035640_000;0.0;3.4;10.0;Tetvir;0.97;;;;;
Car381009-2026-Pass1-Z1-2MU00693_20260730_035648_000;0.2;5.0;32.0;noise;0.17;Phogri;;;;
Car381009-2026-Pass1-Z1-2MU00693_20260730_035648_000;0.0;5.0;46.0;Pippip;0.99;;;;;
Car381009-2026-Pass1-Z1-2MU00693_20260730_035648_000;0.1;5.0;12.0;Tetvir;0.94;;;;;
Car381009-2026-Pass1-Z1-2MU00693_20260730_035700_000;1.2;3.6;42.0;Leppun;0.96;;;;;
Car381009-2026-Pass1-Z1-2MU00693_20260730_035700_000;0.0;4.3;24.0;Phogri;0.82;;;;;
Car381009-2026-Pass1-Z1-2MU00693_20260730_035700_000;0.0;4.9;12.0;Tetvir;0.96;;;;;
Car381009-2026-Pass1-Z1-2MU00693_20260730_035707_000;0.0;2.4;41.0;Leppun;0.84;;;;;
Car381009-2026-Pass1-Z1-2MU00693_20260730_035707_000;0.0;4.2;26.0;Phogri;0.69;;;;;
Car381009-2026-Pass1-Z1-2MU00693_20260730_035707_000;0.0;4.2;11.0;Tetvir;0.94;;;;;
Car381009-2026-Pass1-Z1-2MU00693_20260730_035712_000;0.0;0.9;46.0;Leppun;0.96;;;;;
Car381009-2026-Pass1-Z1-2MU00693_20260730_035712_000;0.5;1.9;24.0;Phogri;0.79;;;;;
Car381009-2026-Pass1-Z1-2MU00693_20260730_035712_000;0.0;2.0;10.0;Tetvir;0.97;;;;;
Car381009-2026-Pass1-Z1-2MU00693_20260730_035715_000;0.0;3.5;43.0;Leppun;0.98;;;;;
Car381009-2026-Pass1-Z1-2MU00693_20260730_035715_000;0.2;4.6;25.0;Phogri;0.84;;;;;
Car381009-2026-Pass1-Z1-2MU00693_20260730_035715_000;0.0;5.0;10.0;Tetvir;0.97;;;;;
Car381009-2026-Pass1-Z1-2MU00693_20260730_035727_000;0.0;4.0;39.0;Leppun;0.95;;;;;
Car381009-2026-Pass1-Z1-2MU00693_20260730_035727_000;0.0;5.0;26.0;Phogri;0.05;noise;;;;
Car381009-2026-Pass1-Z1-2MU00693_20260730_035727_000;0.2;5.0;21.0;Tetvir;0.95;;;;;
Car381009-2026-Pass1-Z1-2MU00693_20260730_035744_000;0.0;0.8;37.0;Leppun;0.88;;;;;
Car381009-2026-Pass1-Z1-2MU00693_20260730_035744_000;0.3;1.2;31.0;noise;0.12;;;;;
Car381009-2026-Pass1-Z1-2MU00693_20260730_035744_000;0.0;2.1;12.0;Tetvir;0.93;;;;;
Car381009-2026-Pass1-Z1-2MU00693_20260730_035746_000;0.0;3.4;42.0;Leppun;0.97;;;;;
Car381009-2026-Pass1-Z1-2MU00693_20260730_035746_000;0.4;4.2;24.0;Phogri;0.74;;;;;
Car381009-2026-Pass1-Z1-2MU00693_20260730_035746_000;0.2;4.0;21.0;Tetvir;0.86;;;;;
Car381009-2026-Pass1-Z1-2MU00693_20260730_035751_000;0.5;3.2;42.0;Leppun;0.63;;;;;
Car381009-2026-Pass1-Z1-2MU00693_20260730_035751_000;0.0;5.0;14.0;Tetvir;0.96;;;;;
Car381009-2026-Pass1-Z1-2MU00693_20260730_035802_000;2.2;2.9;32.0;Leppun;0.8;;;;;
Car381009-2026-Pass1-Z1-2MU00693_20260730_035802_000;0.6;5.0;26.0;Phogri;0.07;noise;;;;
Car381009-2026-Pass1-Z1-2MU00693_20260730_035802_000;0.0;5.0;22.0;Tetvir;0.88;;;;;
Car381009-2026-Pass1-Z1-2MU00693_20260730_035817_000;0.6;4.8;26.0;noise;0.25;;;;;
Car381009-2026-Pass1-Z1-2MU00693_20260730_035817_000;1.9;3.9;36.0;Phogri;0.07;Plaint;;;;
Car381009-2026-Pass1-Z1-2MU00693_20260730_035817_000;0.0;4.9;24.0;Tetvir;0.79;;;;;
Car381009-2026-Pass1-Z1-2MU00693_20260730_035824_000;1.9;2.9;38.0;Leppun;0.97;;;;;
Car381009-2026-Pass1-Z1-2MU00693_20260730_035824_000;0.2;2.7;26.0;Phogri;0.93;;;;;
Car381009-2026-Pass1-Z1-2MU00693_20260730_035824_000;0.0;2.3;10.0;Tetvir;0.94;;;;;
Car381009-2026-Pass1-Z1-2MU00693_20260730_035829_000;0.0;4.4;24.0;Phogri;0.05;noise, Rhasp;;;;
Car381009-2026-Pass1-Z1-2MU00693_20260730_035829_000;0.7;4.5;22.0;Tetvir;0.92;;;;;
Car381009-2026-Pass1-Z1-2MU00693_20260730_035833_000;0.7;3.9;34.0;Barbar;0.99;;;;;
Car381009-2026-Pass1-Z1-2MU00693_20260730_035833_000;0.7;4.6;33.0;noise;0.19;;;;;
Car381009-2026-Pass1-Z1-2MU00693_20260730_035833_000;0.0;4.9;26.0;Plaint;0.13;;;;;
Car381009-2026-Pass1-Z1-2MU00693_20260730_035833_000;0.0;4.9;24.0;Tetvir;0.91;;;;;
Car381009-2026-Pass1-Z1-2MU00693_20260730_035840_000;0.2;4.4;30.0;noise;0.32;;;;;
Car381009-2026-Pass1-Z1-2MU00693_20260730_035840_000;0.0;5.0;50.0;Pippip;0.99;;;;;
Car381009-2026-Pass1-Z1-2MU00693_20260730_035840_000;0.0;5.0;23.0;Plaint;0.14;Phogri;;;;
Car381009-2026-Pass1-Z1-2MU00693_20260730_035850_000;0.0;3.6;27.0;Phogri;0.8;;;;;
Car381009-2026-Pass1-Z1-2MU00693_20260730_035850_000;0.3;3.2;24.0;noise;0.05;Plaint;;;;
Car381009-2026-Pass1-Z1-2MU00693_20260730_035856_000;0.0;2.0;24.0;Phogri;0.05;noise, Plaint;;;;
Car381009-2026-Pass1-Z1-2MU00693_20260730_035901_000;0.0;1.7;24.0;noise;0.05;Phogri;;;;
Car381009-2026-Pass1-Z1-2MU00693_20260730_035901_000;0.1;2.1;20.0;Tetvir;0.76;;;;;
Car381009-2026-Pass1-Z1-2MU00693_20260730_035910_000;0.0;0.9;37.0;Leppun;0.92;;;;;
Car381009-2026-Pass1-Z1-2MU00693_20260730_035910_000;0.4;1.9;23.0;Phogri;0.69;;;;;
Car381009-2026-Pass1-Z1-2MU00693_20260730_035914_000;1.0;4.7;37.0;Leppun;0.39;;;;;
Car381009-2026-Pass1-Z1-2MU00693_20260730_035914_000;0.0;4.7;26.0;Phogri;0.89;;;;;
Car381009-2026-Pass1-Z1-2MU00693_20260730_035919_000;0.0;0.5;37.0;Leppun;0.37;;;;;
Car381009-2026-Pass1-Z1-2MU00693_20260730_035919_000;0.0;2.0;26.0;Phogri;0.76;;;;;
Car381009-2026-Pass1-Z1-2MU00693_20260730_035919_000;0.0;1.9;24.0;Tetvir;0.93;;;;;
Car381009-2026-Pass1-Z1-2MU00693_20260730_035925_000;0.0;1.6;36.0;Leppun;0.96;;;;;
Car381009-2026-Pass1-Z1-2MU00693_20260730_035925_000;0.1;2.0;22.0;noise;0.38;;;;;
Car381009-2026-Pass1-Z1-2MU00693_20260730_035925_000;0.0;2.0;22.0;Phogri;0.87;;;;;
Car381009-2026-Pass1-Z1-2MU00693_20260730_035928_000;0.0;3.5;40.0;Leppun;0.64;;;;;
Car381009-2026-Pass1-Z1-2MU00693_20260730_035928_000;0.6;3.8;24.0;noise;0.13;;;;;
Car381009-2026-Pass1-Z1-2MU00693_20260730_035928_000;0.0;2.9;25.0;Phogri;0.83;;;;;
Car381009-2026-Pass1-Z1-2MU00693_20260730_035933_000;0.0;1.8;37.0;Leppun;0.13;noise;;;;
Car381009-2026-Pass1-Z1-2MU00693_20260730_035933_000;0.6;1.4;16.0;noise;0.09;Phanan;;;;
Car381009-2026-Pass1-Z1-2MU00693_20260730_035933_000;0.0;2.1;24.0;Phogri;0.11;;;;;
Car381009-2026-Pass1-Z1-2MU00693_20260730_035936_000;0.2;1.9;30.0;noise;0.15;;;;;
Car381009-2026-Pass1-Z1-2MU00693_20260730_035936_000;0.0;1.8;25.0;Phogri;0.22;;;;;
Car381009-2026-Pass1-Z1-2MU00693_20260730_035938_000;1.1;1.8;33.0;noise;0.43;;;;;
Car381009-2026-Pass1-Z1-2MU00693_20260730_035938_000;0.0;1.9;27.0;Phogri;0.91;;;;;
Car381009-2026-Pass1-Z1-2MU00693_20260730_035938_000;1.4;1.9;44.0;Pippip;0.55;;;;;
Car381009-2026-Pass1-Z1-2MU00693_20260730_035948_000;0.0;2.8;37.0;Leppun;0.12;;;;;
Car381009-2026-Pass1-Z1-2MU00693_20260730_035948_000;0.0;4.9;46.0;Pippip;0.99;;;;;
Car381009-2026-Pass1-Z1-2MU00693_20260730_035948_000;0.3;4.9;24.0;noise;0.07;Phogri, Plaint;;;;
Car381009-2026-Pass1-Z1-2MU00693_20260730_035957_000;0.0;2.1;25.0;Phogri;0.87;;;;;
Car381009-2026-Pass1-Z1-2MU00693_20260730_040000_000;0.0;1.9;25.0;Phogri;0.77;;;;;
Car381009-2026-Pass1-Z1-2MU00693_20260730_040004_000;0.0;3.1;24.0;noise;0.34;;;;;
Car381009-2026-Pass1-Z1-2MU00693_20260730_040004_000;0.0;3.0;25.0;Phogri;0.08;;;;;
Car381009-2026-Pass1-Z1-2MU00693_20260730_040016_000;0.0;0.6;36.0;Leppun;0.72;;;;;
Car381009-2026-Pass1-Z1-2MU00693_20260730_040016_000;0.5;2.3;23.0;Phogri;0.04;noise, Pippip, Phanan, Cyrscu;;;;
Car381009-2026-Pass1-Z1-2MU00693_20260730_040016_000;0.0;1.8;19.0;Tetvir;0.53;;;;;
Car381009-2026-Pass1-Z1-2MU00693_20260730_040026_000;0.0;2.1;30.0;noise;0.18;Phogri;;;;
Car381009-2026-Pass1-Z1-2MU00693_20260730_040026_000;0.0;0.8;51.0;Pippip;0.99;;;;;
Car381009-2026-Pass1-Z1-2MU00693_20260730_040026_000;0.0;2.1;24.0;Phogri;0.06;;;;;
Car381009-2026-Pass1-Z1-2MU00693_20260730_040029_000;0.0;5.0;48.0;Pippip;0.99;;;;;
Car381009-2026-Pass1-Z1-2MU00693_20260730_040029_000;0.7;4.8;25.0;noise;0.06;Phogri, Plaint;;;;
Car381009-2026-Pass1-Z1-2MU00693_20260730_040029_000;0.2;4.3;23.0;Tetvir;0.86;;;;;
Car381009-2026-Pass1-Z1-2MU00693_20260730_040048_000;0.0;1.4;38.0;Leppun;0.2;;;;;
Car381009-2026-Pass1-Z1-2MU00693_20260730_040048_000;0.0;1.8;24.0;noise;0.14;;;;;
Car381009-2026-Pass1-Z1-2MU00693_20260730_040055_000;0.0;1.5;34.0;Leppun;0.95;;;;;
Car381009-2026-Pass1-Z1-2MU00693_20260730_040055_000;0.5;1.9;25.0;Phogri;0.62;;;;;
Car381009-2026-Pass1-Z1-2MU00693_20260730_040102_000;0.0;0.3;32.0;Leppun;0.45;;;;;
Car381009-2026-Pass1-Z1-2MU00693_20260730_040102_000;0.2;1.7;24.0;Phogri;0.23;;;;;
Car381009-2026-Pass1-Z1-2MU00693_20260730_040111_000;0.0;2.0;32.0;Leppun;0.27;;;;;
Car381009-2026-Pass1-Z1-2MU00693_20260730_040111_000;0.9;2.0;23.0;noise;0.11;Tetvir;;;;
Car381009-2026-Pass1-Z1-2MU00693_20260730_040117_000;0.0;1.5;40.0;Leppun;0.98;;;;;
Car381009-2026-Pass1-Z1-2MU00693_20260730_040117_000;0.2;2.1;25.0;Phogri;0.69;;;;;
Car381009-2026-Pass1-Z1-2MU00693_20260730_040117_000;0.2;1.5;10.0;Tetvir;0.75;;;;;
Car381009-2026-Pass1-Z1-2MU00693_20260730_040124_000;0.0;0.8;35.0;Leppun;0.97;;;;;
Car381009-2026-Pass1-Z1-2MU00693_20260730_040124_000;0.3;2.0;24.0;Phogri;0.15;;;;;
Car381009-2026-Pass1-Z1-2MU00693_20260730_040124_000;0.2;1.7;16.0;Tetvir;0.91;;;;;
Car381009-2026-Pass1-Z1-2MU00693_20260730_040129_000;0.0;1.6;34.0;Leppun;0.99;;;;;
Car381009-2026-Pass1-Z1-2MU00693_20260730_040129_000;0.1;1.9;24.0;Phogri;0.05;noise, Plaint;;;;
Car381009-2026-Pass1-Z1-2MU00693_20260730_040129_000;0.1;1.9;11.0;Tetvir;0.61;;;;;
Car381009-2026-Pass1-Z1-2MU00693_20260730_040134_000;0.0;2.0;36.0;Leppun;0.97;;;;;
Car381009-2026-Pass1-Z1-2MU00693_20260730_040134_000;0.1;1.9;24.0;Phogri;0.77;;;;;
Car381009-2026-Pass1-Z1-2MU00693_20260730_040140_000;0.0;0.1;33.0;Leppun;0.2;;;;;
Car381009-2026-Pass1-Z1-2MU00693_20260730_040140_000;0.2;2.0;22.0;Tetvir;0.73;;;;;
Car381009-2026-Pass1-Z1-2MU00693_20260730_040145_000;0.0;1.8;38.0;Leppun;0.95;;;;;
Car381009-2026-Pass1-Z1-2MU00693_20260730_040145_000;0.0;1.8;24.0;Phogri;0.21;;;;;
Car381009-2026-Pass1-Z1-2MU00693_20260730_040205_000;0.0;0.1;33.0;Leppun;0.41;;;;;
Car381009-2026-Pass1-Z1-2MU00693_20260730_040205_000;0.5;2.1;24.0;Plaint;0.03;noise, Phogri;;;;
Car381009-2026-Pass1-Z1-2MU00693_20260730_040205_000;0.0;1.5;10.0;Tetvir;0.69;;;;;
Car381009-2026-Pass1-Z1-2MU00693_20260730_040215_000;0.0;5.0;38.0;Pipnat;0.89;;;;;
Car381009-2026-Pass1-Z1-2MU00693_20260730_040215_000;0.0;4.4;24.0;noise;0.06;Phogri, Plaint;;;;
Car381009-2026-Pass1-Z1-2MU00693_20260730_040215_000;0.0;4.9;22.0;Tetvir;0.88;;;;;
Car381009-2026-Pass1-Z1-2MU00693_20260730_040223_000;0.0;2.0;36.0;Leppun;0.95;;;;;
Car381009-2026-Pass1-Z1-2MU00693_20260730_040223_000;0.1;1.8;39.0;Pipkuh;0.71;;;;;
Car381009-2026-Pass1-Z1-2MU00693_20260730_040223_000;0.1;1.8;24.0;Phogri;0.08;noise;;;;
Car381009-2026-Pass1-Z1-2MU00693_20260730_040226_000;0.0;4.5;39.0;Leppun;0.54;;;;;
Car381009-2026-Pass1-Z1-2MU00693_20260730_040226_000;0.0;5.0;42.0;Myomys;0.71;;;;;
Car381009-2026-Pass1-Z1-2MU00693_20260730_040226_000;0.1;4.7;22.0;Phogri;0.11;noise;;;;
Car381009-2026-Pass1-Z1-2MU00693_20260730_040226_000;0.7;4.8;38.0;Pipkuh;0.23;;;;;
Car381009-2026-Pass1-Z1-2MU00693_20260730_040236_000;0.0;4.4;25.0;Phogri;0.7;;;;;
Car381009-2026-Pass1-Z1-2MU00693_20260730_040236_000;0.0;4.2;53.0;Pippip;0.82;;;;;
Car381009-2026-Pass1-Z1-2MU00693_20260730_040236_000;1.7;3.9;21.0;Tetvir;0.49;;;;;
Car381009-2026-Pass1-Z1-2MU00693_20260730_040305_000;0.0;1.5;41.0;Leppun;0.98;;;;;
Car381009-2026-Pass1-Z1-2MU00693_20260730_040305_000;0.4;2.0;25.0;Plaint;0.04;Phogri, noise, Metbra;;;;
Car381009-2026-Pass1-Z1-2MU00693_20260730_040305_000;0.0;2.0;10.0;Tetvir;0.93;;;;;
Car381009-2026-Pass1-Z1-2MU00693_20260730_040316_000;0.0;0.1;36.0;Leppun;0.98;;;;;
Car381009-2026-Pass1-Z1-2MU00693_20260730_040316_000;0.6;1.0;28.0;noise;0.04;Metbra, Plaint, Phogri;;;;
Car381009-2026-Pass1-Z1-2MU00693_20260730_040316_000;0.0;1.9;10.0;Tetvir;0.96;;;;;
Car381009-2026-Pass1-Z1-2MU00693_20260730_040324_000;0.0;1.0;35.0;Leppun;0.96;;;;;
Car381009-2026-Pass1-Z1-2MU00693_20260730_040324_000;0.3;1.8;23.0;Phogri;0.5;;;;;
Car381009-2026-Pass1-Z1-2MU00693_20260730_040324_000;0.4;2.0;15.0;Tetvir;0.71;;;;;
Car381009-2026-Pass1-Z1-2MU00693_20260730_040332_000;0.0;1.9;33.0;Leppun;0.98;;;;;
Car381009-2026-Pass1-Z1-2MU00693_20260730_040332_000;0.2;2.0;24.0;Phogri;0.09;noise;;;;
Car381009-2026-Pass1-Z1-2MU00693_20260730_040332_000;0.0;1.6;17.0;Tetvir;0.93;;;;;
Car381009-2026-Pass1-Z1-2MU00693_20260730_040339_000;0.0;2.0;38.0;Leppun;0.98;;;;;
Car381009-2026-Pass1-Z1-2MU00693_20260730_040339_000;0.7;2.0;22.0;Phogri;0.37;;;;;
Car381009-2026-Pass1-Z1-2MU00693_20260730_040339_000;0.1;2.0;21.0;Tetvir;0.45;;;;;
Car381009-2026-Pass1-Z1-2MU00693_20260730_040346_000;0.0;0.7;34.0;Leppun;0.98;;;;;
Car381009-2026-Pass1-Z1-2MU00693_20260730_040346_000;0.1;1.7;16.0;noise;0.07;Tetvir;;;;
Car381009-2026-Pass1-Z1-2MU00693_20260730_040346_000;0.2;2.0;26.0;Phogri;0.5;;;;;
Car381009-2026-Pass1-Z1-2MU00693_20260730_040358_000;0.1;4.9;24.0;noise;0.05;;;;;
Car381009-2026-Pass1-Z1-2MU00693_20260730_040358_000;0.0;5.0;46.0;Pippip;0.99;;;;;
Car381009-2026-Pass1-Z1-2MU00693_20260730_040358_000;1.1;4.9;25.0;Phogri;0.07;noise;;;;
Car381009-2026-Pass1-Z1-2MU00693_20260730_040358_000;0.2;4.9;10.0;Tetvir;0.96;;;;;
Car381009-2026-Pass1-Z1-2MU00693_20260730_040412_000;0.0;0.1;36.0;Leppun;0.98;;;;;
Car381009-2026-Pass1-Z1-2MU00693_20260730_040412_000;0.1;1.8;24.0;Phogri;0.47;;;;;
Car381009-2026-Pass1-Z1-2MU00693_20260730_040412_000;0.6;1.8;21.0;Tetvir;0.39;;;;;
Car381009-2026-Pass1-Z1-2MU00693_20260730_040422_000;0.0;1.6;23.0;Phogri;0.06;Plaint, noise;;;;
Car381009-2026-Pass1-Z1-2MU00693_20260730_040432_000;0.0;1.9;38.0;Leppun;0.6;;;;;
Car381009-2026-Pass1-Z1-2MU00693_20260730_040432_000;0.0;1.9;26.0;noise;0.08;Phogri;;;;
Car381009-2026-Pass1-Z1-2MU00693_20260730_040445_000;0.0;2.3;38.0;Leppun;0.98;;;;;
Car381009-2026-Pass1-Z1-2MU00693_20260730_040445_000;0.3;3.7;25.0;Phogri;0.05;Plaint, noise;;;;
Car381009-2026-Pass1-Z1-2MU00693_20260730_040445_000;0.7;3.8;20.0;Tetvir;0.3;;;;;
Car381009-2026-Pass1-Z1-2MU00693_20260730_040453_000;0.0;3.0;40.0;Leppun;0.97;;;;;
Car381009-2026-Pass1-Z1-2MU00693_20260730_040453_000;0.2;4.7;23.0;Phogri;0.85;;;;;
Car381009-2026-Pass1-Z1-2MU00693_20260730_040453_000;0.1;3.7;46.0;Pippip;0.99;;;;;
Car381009-2026-Pass1-Z1-2MU00693_20260730_040458_000;0.0;3.3;41.0;Leppun;0.95;;;;;
Car381009-2026-Pass1-Z1-2MU00693_20260730_040458_000;1.7;1.8;10.0;noise;0.06;Tetvir;;;;
Car381009-2026-Pass1-Z1-2MU00693_20260730_040458_000;0.2;3.8;24.0;Phogri;0.21;;;;;
Car381009-2026-Pass1-Z1-2MU00693_20260730_040504_000;0.0;3.3;35.0;Leppun;0.97;;;;;
Car381009-2026-Pass1-Z1-2MU00693_20260730_040504_000;0.2;4.1;24.0;Phogri;0.16;;;;;
Car381009-2026-Pass1-Z1-2MU00693_20260730_040504_000;2.5;2.6;10.0;Tetvir;0.46;;;;;
Car381009-2026-Pass1-Z1-2MU00693_20260730_040508_000;0.0;1.7;36.0;Leppun;0.98;;;;;
Car381009-2026-Pass1-Z1-2MU00693_20260730_040508_000;0.1;1.7;24.0;Phogri;0.1;noise;;;;
Car381009-2026-Pass1-Z1-2MU00693_20260730_040510_000;0.0;1.6;35.0;Leppun;0.13;noise;;;;
Car381009-2026-Pass1-Z1-2MU00693_20260730_040510_000;0.3;1.8;23.0;Phogri;0.65;;;;;
Car381009-2026-Pass1-Z1-2MU00693_20260730_040510_000;0.4;0.5;9.0;Tetvir;0.69;;;;;
Car381009-2026-Pass1-Z1-2MU00693_20260730_040517_000;0.0;3.8;39.0;Leppun;0.98;;;;;
Car381009-2026-Pass1-Z1-2MU00693_20260730_040517_000;0.6;4.6;24.0;noise;0.05;Plaint, Phogri;;;;
Car381009-2026-Pass1-Z1-2MU00693_20260730_040517_000;0.2;4.6;22.0;Tetvir;0.96;;;;;
Car381009-2026-Pass1-Z1-2MU00693_20260730_040523_000;0.0;0.1;34.0;Leppun;0.94;;;;;
Car381009-2026-Pass1-Z1-2MU00693_20260730_040523_000;0.4;1.8;23.0;noise;0.26;;;;;
Car381009-2026-Pass1-Z1-2MU00693_20260730_040523_000;0.4;1.7;23.0;Plaint;0.05;Phogri;;;;
Car381009-2026-Pass1-Z1-2MU00693_20260730_040525_000;0.0;0.1;46.0;Leppun;0.96;;;;;
Car381009-2026-Pass1-Z1-2MU00693_20260730_040525_000;0.3;2.1;26.0;Phogri;0.09;;;;;
Car381009-2026-Pass1-Z1-2MU00693_20260730_040525_000;0.3;2.1;21.0;Tetvir;0.74;;;;;
Car381009-2026-Pass1-Z1-2MU00693_20260730_040528_000;0.0;1.7;37.0;Leppun;0.98;;;;;
Car381009-2026-Pass1-Z1-2MU00693_20260730_040528_000;0.1;1.8;26.0;noise;0.33;;;;;
Car381009-2026-Pass1-Z1-2MU00693_20260730_040528_000;0.0;1.5;24.0;Phogri;0.07;;;;;
Car381009-2026-Pass1-Z1-2MU00693_20260730_040530_000;0.0;2.0;35.0;Leppun;0.94;;;;;
Car381009-2026-Pass1-Z1-2MU00693_20260730_040530_000;0.3;2.1;23.0;Phogri;0.14;;;;;
Car381009-2026-Pass1-Z1-2MU00693_20260730_040533_000;0.0;1.9;36.0;Leppun;0.99;;;;;
Car381009-2026-Pass1-Z1-2MU00693_20260730_040533_000;0.1;1.9;24.0;Phogri;0.15;;;;;
Car381009-2026-Pass1-Z1-2MU00693_20260730_040533_000;0.1;1.9;23.0;Tetvir;0.57;;;;;
Car381009-2026-Pass1-Z1-2MU00693_20260730_040535_000;0.0;1.3;35.0;Leppun;0.98;;;;;
Car381009-2026-Pass1-Z1-2MU00693_20260730_040535_000;0.0;1.7;11.0;noise;0.48;;;;;
Car381009-2026-Pass1-Z1-2MU00693_20260730_040535_000;0.2;1.9;25.0;Phogri;0.58;;;;;
Car381009-2026-Pass1-Z1-2MU00693_20260730_040537_000;0.0;1.6;37.0;Leppun;0.97;;;;;
Car381009-2026-Pass1-Z1-2MU00693_20260730_040537_000;0.3;2.1;25.0;Phogri;0.76;;;;;
Car381009-2026-Pass1-Z1-2MU00693_20260730_040537_000;0.0;2.0;19.0;Tetvir;0.63;;;;;
Car381009-2026-Pass1-Z1-2MU00693_20260730_040543_000;0.0;1.7;36.0;Leppun;0.62;;;;;
Car381009-2026-Pass1-Z1-2MU00693_20260730_040543_000;0.1;1.7;24.0;noise;0.15;;;;;
Car381009-2026-Pass1-Z1-2MU00693_20260730_040550_000;0.0;2.1;40.0;Leppun;0.98;;;;;
Car381009-2026-Pass1-Z1-2MU00693_20260730_040550_000;0.2;2.1;26.0;Phogri;0.06;noise;;;;
Car381009-2026-Pass1-Z1-2MU00693_20260730_040550_000;0.0;0.7;20.0;Tetvir;0.48;;;;;
Car381009-2026-Pass1-Z1-2MU00693_20260730_040610_000;0.0;0.1;38.0;Leppun;0.99;;;;;
Car381009-2026-Pass1-Z1-2MU00693_20260730_040610_000;1.8;1.9;11.0;noise;0.07;Tetvir;;;;
Car381009-2026-Pass1-Z1-2MU00693_20260730_040610_000;0.1;1.6;24.0;Phogri;0.18;;;;;
Car381009-2026-Pass1-Z1-2MU00693_20260730_040613_000;0.0;1.7;37.0;Leppun;0.43;;;;;
Car381009-2026-Pass1-Z1-2MU00693_20260730_040613_000;0.8;1.7;22.0;Tetvir;0.34;;;;;
Car381009-2026-Pass1-Z1-2MU00693_20260730_040616_000;0.0;1.9;38.0;Leppun;0.96;;;;;
Car381009-2026-Pass1-Z1-2MU00693_20260730_040616_000;1.9;2.0;9.0;noise;0.09;;;;;
Car381009-2026-Pass1-Z1-2MU00693_20260730_040616_000;0.1;1.9;23.0;Phogri;0.13;;;;;
Car381009-2026-Pass1-Z1-2MU00693_20260730_040618_000;0.0;1.8;36.0;Leppun;0.98;;;;;
Car381009-2026-Pass1-Z1-2MU00693_20260730_040618_000;0.2;1.9;24.0;noise;0.29;;;;;
Car381009-2026-Pass1-Z1-2MU00693_20260730_040621_000;0.0;1.8;37.0;Leppun;0.95;;;;;
Car381009-2026-Pass1-Z1-2MU00693_20260730_040621_000;0.1;1.7;25.0;Phogri;0.1;;;;;
Car381009-2026-Pass1-Z1-2MU00693_20260730_040621_000;0.2;1.2;21.0;Tetvir;0.67;;;;;
Car381009-2026-Pass1-Z1-2MU00693_20260730_040624_000;0.0;1.9;34.0;Leppun;0.97;;;;;
Car381009-2026-Pass1-Z1-2MU00693_20260730_040624_000;0.2;1.9;24.0;Phogri;0.78;;;;;
Car381009-2026-Pass1-Z1-2MU00693_20260730_040624_000;0.0;2.0;9.0;Tetvir;0.77;;;;;
Car381009-2026-Pass1-Z1-2MU00693_20260730_040626_000;0.0;1.9;38.0;Leppun;0.98;;;;;
Car381009-2026-Pass1-Z1-2MU00693_20260730_040626_000;0.2;1.9;26.0;Phogri;0.73;;;;;
Car381009-2026-Pass1-Z1-2MU00693_20260730_040629_000;0.0;1.5;39.0;Leppun;0.96;;;;;
Car381009-2026-Pass1-Z1-2MU00693_20260730_040629_000;0.5;1.0;24.0;noise;0.11;;;;;
Car381009-2026-Pass1-Z1-2MU00693_20260730_040629_000;0.4;1.5;25.0;Phogri;0.66;;;;;
Car381009-2026-Pass1-Z1-2MU00693_20260730_040631_000;0.0;1.9;39.0;Leppun;0.96;;;;;
Car381009-2026-Pass1-Z1-2MU00693_20260730_040631_000;0.2;1.7;25.0;Phogri;0.65;;;;;
Car381009-2026-Pass1-Z1-2MU00693_20260730_040636_000;0.0;3.9;40.0;Leppun;0.95;;;;;
Car381009-2026-Pass1-Z1-2MU00693_20260730_040636_000;0.5;4.2;24.0;Phogri;0.7;;;;;
Car381009-2026-Pass1-Z1-2MU00693_20260730_040636_000;1.9;4.2;22.0;Tetvir;0.59;;;;;
Car381009-2026-Pass1-Z1-2MU00693_20260730_040641_000;0.0;4.1;39.0;Leppun;0.95;;;;;
Car381009-2026-Pass1-Z1-2MU00693_20260730_040641_000;0.0;5.0;26.0;Nyclei;0.99;;;;;
Car381009-2026-Pass1-Z1-2MU00693_20260730_040641_000;1.2;4.7;23.0;Phogri;0.06;Phanan, noise;;;;
Car381009-2026-Pass1-Z1-2MU00693_20260730_040641_000;0.0;4.8;20.0;Tetvir;0.8;;;;;
Car381009-2026-Pass1-Z1-2MU00693_20260730_040650_000;0.0;0.5;40.0;Leppun;0.95;;;;;
Car381009-2026-Pass1-Z1-2MU00693_20260730_040650_000;0.3;2.0;23.0;Phogri;0.68;;;;;
Car381009-2026-Pass1-Z1-2MU00693_20260730_040650_000;0.1;1.0;10.0;Tetvir;0.85;;;;;
Car381009-2026-Pass1-Z1-2MU00693_20260730_040653_000;0.0;3.1;40.0;Leppun;0.96;;;;;
Car381009-2026-Pass1-Z1-2MU00693_20260730_040653_000;0.2;4.3;26.0;noise;0.21;;;;;
Car381009-2026-Pass1-Z1-2MU00693_20260730_040653_000;0.2;3.5;23.0;Phogri;0.81;;;;;
Car381009-2026-Pass1-Z1-2MU00693_20260730_040657_000;0.0;1.7;38.0;Leppun;0.97;;;;;
Car381009-2026-Pass1-Z1-2MU00693_20260730_040657_000;0.6;1.5;27.0;Phogri;0.71;;;;;
Car381009-2026-Pass1-Z1-2MU00693_20260730_040657_000;0.6;2.0;10.0;Tetvir;0.49;;;;;
Car381009-2026-Pass1-Z1-2MU00693_20260730_040659_000;0.0;2.9;37.0;Leppun;0.57;;;;;
Car381009-2026-Pass1-Z1-2MU00693_20260730_040659_000;0.5;4.4;24.0;Phogri;0.78;;;;;
Car381009-2026-Pass1-Z1-2MU00693_20260730_040659_000;0.6;4.7;11.0;Tetvir;0.9;;;;;
Car381009-2026-Pass1-Z1-2MU00693_20260730_040705_000;0.0;4.5;40.0;Leppun;0.96;;;;;
Car381009-2026-Pass1-Z1-2MU00693_20260730_040705_000;0.0;4.3;24.0;Phogri;0.94;;;;;
Car381009-2026-Pass1-Z1-2MU00693_20260730_040705_000;0.0;4.5;21.0;Tetvir;0.85;;;;;
Car381009-2026-Pass1-Z1-2MU00693_20260730_040710_000;0.0;2.1;34.0;Leppun;0.97;;;;;
Car381009-2026-Pass1-Z1-2MU00693_20260730_040710_000;0.7;1.6;24.0;noise;0.13;;;;;
Car381009-2026-Pass1-Z1-2MU00693_20260730_040712_000;0.0;2.1;40.0;Leppun;0.98;;;;;
Car381009-2026-Pass1-Z1-2MU00693_20260730_040712_000;0.5;2.1;24.0;Phogri;0.95;;;;;
Car381009-2026-Pass1-Z1-2MU00693_20260730_040712_000;0.2;1.4;10.0;Tetvir;0.85;;;;;
Car381009-2026-Pass1-Z1-2MU00693_20260730_040716_000;0.0;0.8;40.0;Leppun;0.97;;;;;
Car381009-2026-Pass1-Z1-2MU00693_20260730_040716_000;0.1;2.0;23.0;Phogri;0.5;;;;;
Car381009-2026-Pass1-Z1-2MU00693_20260730_040716_000;1.7;1.9;9.0;Tetvir;0.11;noise;;;;
Car381009-2026-Pass1-Z1-2MU00693_20260730_040719_000;0.0;2.5;38.0;Leppun;0.52;;;;;
Car381009-2026-Pass1-Z1-2MU00693_20260730_040719_000;0.5;3.5;23.0;noise;0.15;Phogri;;;;
Car381009-2026-Pass1-Z1-2MU00693_20260730_040719_000;0.2;3.6;20.0;Tetvir;0.57;;;;;
Car381009-2026-Pass1-Z1-2MU00693_20260730_040723_000;0.0;0.6;41.0;Leppun;0.97;;;;;
Car381009-2026-Pass1-Z1-2MU00693_20260730_040723_000;0.4;1.6;25.0;Phogri;0.74;;;;;
Car381009-2026-Pass1-Z1-2MU00693_20260730_040723_000;0.4;1.8;21.0;Tetvir;0.64;;;;;
Car381009-2026-Pass1-Z1-2MU00693_20260730_040725_000;0.0;1.5;40.0;Leppun;0.94;;;;;
Car381009-2026-Pass1-Z1-2MU00693_20260730_040725_000;0.5;2.0;23.0;Phogri;0.82;;;;;
Car381009-2026-Pass1-Z1-2MU00693_20260730_040725_000;0.6;1.8;10.0;Tetvir;0.94;;;;;
Car381009-2026-Pass1-Z1-2MU00693_20260730_040728_000;0.0;3.7;39.0;Leppun;0.96;;;;;
Car381009-2026-Pass1-Z1-2MU00693_20260730_040728_000;0.1;4.1;25.0;Phogri;0.76;;;;;
Car381009-2026-Pass1-Z1-2MU00693_20260730_040728_000;0.0;4.1;11.0;Tetvir;0.96;;;;;
Car381009-2026-Pass1-Z1-2MU00693_20260730_040733_000;0.0;1.3;37.0;Leppun;0.96;;;;;
Car381009-2026-Pass1-Z1-2MU00693_20260730_040733_000;0.2;1.9;26.0;Phogri;0.06;noise;;;;
Car381009-2026-Pass1-Z1-2MU00693_20260730_040733_000;0.1;1.8;20.0;Tetvir;0.48;;;;;
Car381009-2026-Pass1-Z1-2MU00693_20260730_040736_000;0.0;1.6;39.0;Leppun;0.98;;;;;
Car381009-2026-Pass1-Z1-2MU00693_20260730_040736_000;0.3;1.1;22.0;noise;0.2;;;;;
Car381009-2026-Pass1-Z1-2MU00693_20260730_040736_000;0.7;1.6;23.0;Phogri;0.12;;;;;
Car381009-2026-Pass1-Z1-2MU00693_20260730_040739_000;0.0;2.4;39.0;Leppun;0.98;;;;;
Car381009-2026-Pass1-Z1-2MU00693_20260730_040739_000;0.2;2.5;24.0;Phogri;0.82;;;;;
Car381009-2026-Pass1-Z1-2MU00693_20260730_040739_000;0.0;1.4;10.0;Tetvir;0.8;;;;;
Car381009-2026-Pass1-Z1-2MU00693_20260730_040741_000;0.0;4.5;37.0;Leppun;0.98;;;;;
Car381009-2026-Pass1-Z1-2MU00693_20260730_040741_000;0.2;4.5;24.0;Phanan;0.05;noise;;;;
Car381009-2026-Pass1-Z1-2MU00693_20260730_040741_000;0.9;4.1;26.0;Phogri;0.73;;;;;
Car381009-2026-Pass1-Z1-2MU00693_20260730_040746_000;0.0;1.9;24.0;Phogri;0.78;;;;;
Car381009-2026-Pass1-Z1-2MU00693_20260730_040751_000;0.0;1.7;40.0;Leppun;0.98;;;;;
Car381009-2026-Pass1-Z1-2MU00693_20260730_040751_000;0.0;2.3;24.0;Phogri;0.56;;;;;
Car381009-2026-Pass1-Z1-2MU00693_20260730_040751_000;0.1;2.2;11.0;Tetvir;0.87;;;;;
Car381009-2026-Pass1-Z1-2MU00693_20260730_040758_000;0.0;1.8;33.0;Leppun;0.9;;;;;
Car381009-2026-Pass1-Z1-2MU00693_20260730_040758_000;0.9;1.0;9.0;noise;0.08;Tetvir;;;;
Car381009-2026-Pass1-Z1-2MU00693_20260730_040758_000;0.0;1.8;48.0;Pippip;0.99;;;;;
Car381009-2026-Pass1-Z1-2MU00693_20260730_040758_000;0.5;1.8;24.0;Phogri;0.05;;;;;
Car381009-2026-Pass1-Z1-2MU00693_20260730_040801_000;0.0;5.0;35.0;Leppun;0.95;;;;;
Car381009-2026-Pass1-Z1-2MU00693_20260730_040801_000;0.2;4.6;25.0;Phogri;0.79;;;;;
Car381009-2026-Pass1-Z1-2MU00693_20260730_040801_000;0.0;5.0;50.0;Pippip;0.99;;;;;
Car381009-2026-Pass1-Z1-2MU00693_20260730_040801_000;0.2;5.0;11.0;Tetvir;0.94;;;;;
Car381009-2026-Pass1-Z1-2MU00693_20260730_040832_000;0.0;3.1;40.0;Leppun;0.95;;;;;
Car381009-2026-Pass1-Z1-2MU00693_20260730_040832_000;0.1;3.6;24.0;Phogri;0.1;;;;;
Car381009-2026-Pass1-Z1-2MU00693_20260730_040832_000;0.1;3.6;10.0;Tetvir;0.93;;;;;
Car381009-2026-Pass1-Z1-2MU00693_20260730_040837_000;0.0;1.7;44.0;Leppun;0.98;;;;;
Car381009-2026-Pass1-Z1-2MU00693_20260730_040837_000;0.2;1.7;25.0;Phogri;0.68;;;;;
Car381009-2026-Pass1-Z1-2MU00693_20260730_040837_000;0.3;1.8;10.0;Tetvir;0.9;;;;;
Car381009-2026-Pass1-Z1-2MU00693_20260730_040839_000;0.0;3.6;40.0;Leppun;0.97;;;;;
Car381009-2026-Pass1-Z1-2MU00693_20260730_040839_000;0.1;3.6;24.0;Phogri;0.08;noise;;;;
Car381009-2026-Pass1-Z1-2MU00693_20260730_040839_000;0.7;3.6;11.0;Tetvir;0.89;;;;;
Car381009-2026-Pass1-Z1-2MU00693_20260730_040843_000;0.0;1.5;38.0;Leppun;0.97;;;;;
Car381009-2026-Pass1-Z1-2MU00693_20260730_040843_000;0.2;1.7;24.0;noise;0.17;Phogri;;;;
Car381009-2026-Pass1-Z1-2MU00693_20260730_040843_000;0.0;2.1;10.0;Tetvir;0.98;;;;;
Car381009-2026-Pass1-Z1-2MU00693_20260730_040845_000;0.0;4.2;39.0;Leppun;0.94;;;;;
Car381009-2026-Pass1-Z1-2MU00693_20260730_040845_000;0.5;5.0;25.0;Phogri;0.85;;;;;
Car381009-2026-Pass1-Z1-2MU00693_20260730_040845_000;0.0;4.9;10.0;Tetvir;0.96;;;;;
Car381009-2026-Pass1-Z1-2MU00693_20260730_040852_000;0.0;4.5;40.0;Leppun;0.95;;;;;
Car381009-2026-Pass1-Z1-2MU00693_20260730_040852_000;0.2;5.0;50.0;Myodau;0.67;Myomys;;;;
Car381009-2026-Pass1-Z1-2MU00693_20260730_040852_000;0.1;5.0;10.0;Tetvir;0.72;;;;;
Car381009-2026-Pass1-Z1-2MU00693_20260730_040906_000;0.0;0.6;38.0;Leppun;0.26;;;;;
Car381009-2026-Pass1-Z1-2MU00693_20260730_040906_000;0.5;2.0;28.0;noise;0.12;;;;;
Car381009-2026-Pass1-Z1-2MU00693_20260730_040908_000;0.0;2.0;39.0;Leppun;0.95;;;;;
Car381009-2026-Pass1-Z1-2MU00693_20260730_040908_000;0.6;2.0;26.0;Phogri;0.61;;;;;
Car381009-2026-Pass1-Z1-2MU00693_20260730_040908_000;0.0;1.2;14.0;Tetvir;0.84;;;;;
Car381009-2026-Pass1-Z1-2MU00693_20260730_040912_000;0.0;1.1;31.0;Leppun;0.98;;;;;
Car381009-2026-Pass1-Z1-2MU00693_20260730_040912_000;0.2;2.1;25.0;Phogri;0.68;;;;;
Car381009-2026-Pass1-Z1-2MU00693_20260730_040912_000;1.1;1.5;10.0;Tetvir;0.91;;;;;
Car381009-2026-Pass1-Z1-2MU00693_20260730_040915_000;0.0;3.4;40.0;Leppun;0.6;;;;;
Car381009-2026-Pass1-Z1-2MU00693_20260730_040915_000;0.0;3.4;24.0;Phogri;0.7;;;;;
Car381009-2026-Pass1-Z1-2MU00693_20260730_040915_000;0.7;3.7;15.0;Tetvir;0.76;;;;;
Car381009-2026-Pass1-Z1-2MU00693_20260730_041000_000;0.0;5.0;54.0;Pippip;0.98;;;;;
Car381009-2026-Pass1-Z1-2MU00693_20260730_041000_000;0.0;4.7;25.0;Phogri;0.07;noise;;;;
Car381009-2026-Pass1-Z1-2MU00693_20260730_041000_000;0.0;4.6;15.0;Tetvir;0.78;;;;;
Car381009-2026-Pass1-Z1-2MU00693_20260730_041120_000;0.0;1.4;25.0;Leppun;0.94;;;;;
Car381009-2026-Pass1-Z1-2MU00693_20260730_041120_000;0.0;1.9;22.0;noise;0.11;Phogri;;;;
Car381009-2026-Pass1-Z1-2MU00693_20260730_041120_000;0.1;1.4;24.0;Phogri;0.07;;;;;
Car381009-2026-Pass1-Z1-2MU00693_20260730_041130_000;0.0;0.5;31.0;Leppun;0.98;;;;;
Car381009-2026-Pass1-Z1-2MU00693_20260730_041130_000;0.4;1.4;24.0;Plaint;0.1;;;;;
Car381009-2026-Pass1-Z1-2MU00693_20260730_041130_000;1.2;1.3;10.0;Tetvir;0.56;;;;;
Car381009-2026-Pass1-Z1-2MU00693_20260730_041136_000;0.0;1.8;32.0;Leppun;0.96;;;;;
Car381009-2026-Pass1-Z1-2MU00693_20260730_041136_000;1.0;1.1;12.0;noise;0.24;;;;;
Car381009-2026-Pass1-Z1-2MU00693_20260730_041136_000;0.2;1.8;26.0;Phogri;0.08;;;;;
Car381009-2026-Pass1-Z1-2MU00693_20260730_041145_000;0.0;1.3;38.0;Leppun;0.98;;;;;
Car381009-2026-Pass1-Z1-2MU00693_20260730_041145_000;0.3;1.4;22.0;Phogri;0.84;;;;;
Car381009-2026-Pass1-Z1-2MU00693_20260730_041157_000;0.0;1.5;39.0;Leppun;0.99;;;;;
Car381009-2026-Pass1-Z1-2MU00693_20260730_041157_000;0.3;1.9;24.0;Phogri;0.4;;;;;
Car381009-2026-Pass1-Z1-2MU00693_20260730_041157_000;0.3;2.0;24.0;noise;0.03;Tetvir, Plaint;;;;
Car381009-2026-Pass1-Z1-2MU00693_20260730_041203_000;0.0;1.8;35.0;Leppun;0.95;;;;;
Car381009-2026-Pass1-Z1-2MU00693_20260730_041203_000;1.3;1.8;28.0;Phogri;0.77;;;;;
Car381009-2026-Pass1-Z1-2MU00693_20260730_041203_000;0.3;1.8;25.0;Tetvir;0.66;;;;;
Car381009-2026-Pass1-Z1-2MU00693_20260730_041211_000;0.0;2.0;36.0;Leppun;0.95;;;;;
Car381009-2026-Pass1-Z1-2MU00693_20260730_041211_000;0.0;2.1;27.0;Phogri;0.82;;;;;
Car381009-2026-Pass1-Z1-2MU00693_20260730_041237_000;0.0;1.9;28.0;Phogri;0.47;;;;;
Car381009-2026-Pass1-Z1-2MU00693_20260730_041237_000;0.1;2.0;49.0;Pippip;0.99;;;;;
Car381009-2026-Pass1-Z1-2MU00693_20260730_041240_000;0.4;4.7;37.0;Leppun;0.35;;;;;
Car381009-2026-Pass1-Z1-2MU00693_20260730_041240_000;2.1;3.0;42.0;Pipkuh;0.97;;;;;
Car381009-2026-Pass1-Z1-2MU00693_20260730_041240_000;0.0;5.0;53.0;Pippip;0.99;;;;;
Car381009-2026-Pass1-Z1-2MU00693_20260730_041240_000;1.0;4.7;24.0;Phogri;0.18;;;;;
Car381009-2026-Pass1-Z1-2MU00693_20260730_041240_000;0.4;4.7;26.0;Tetvir;0.65;;;;;
Car381009-2026-Pass1-Z1-2MU00693_20260730_041249_000;0.0;2.1;36.0;Leppun;0.97;;;;;
Car381009-2026-Pass1-Z1-2MU00693_20260730_041249_000;0.1;2.1;27.0;Phogri;0.77;;;;;
Car381009-2026-Pass1-Z1-2MU00693_20260730_041249_000;0.0;0.7;50.0;Pippip;0.96;;;;;
Car381009-2026-Pass1-Z1-2MU00693_20260730_041253_000;0.0;4.3;38.0;Leppun;0.97;;;;;
Car381009-2026-Pass1-Z1-2MU00693_20260730_041253_000;0.6;4.6;23.0;noise;0.16;Phogri;;;;
Car381009-2026-Pass1-Z1-2MU00693_20260730_041253_000;1.8;5.0;51.0;Pippip;0.99;;;;;
Car381009-2026-Pass1-Z1-2MU00693_20260730_041253_000;0.6;3.9;25.0;Phogri;0.15;;;;;
Car381009-2026-Pass1-Z1-2MU00693_20260730_041306_000;0.0;4.8;36.0;Leppun;0.63;;;;;
Car381009-2026-Pass1-Z1-2MU00693_20260730_041306_000;0.0;4.9;23.0;noise;0.17;Phogri;;;;
Car381009-2026-Pass1-Z1-2MU00693_20260730_041306_000;0.6;2.4;22.0;Phogri;0.07;;;;;
Car381009-2026-Pass1-Z1-2MU00693_20260730_041306_000;0.0;5.0;49.0;Pippip;0.99;;;;;
Car381009-2026-Pass1-Z1-2MU00693_20260730_041317_000;0.0;2.1;38.0;Leppun;0.97;;;;;
Car381009-2026-Pass1-Z1-2MU00693_20260730_041317_000;0.2;2.1;22.0;noise;0.06;Phogri, Tetvir, Phanan;;;;
Car381009-2026-Pass1-Z1-2MU00693_20260730_041319_000;0.0;1.7;39.0;Leppun;0.97;;;;;
Car381009-2026-Pass1-Z1-2MU00693_20260730_041319_000;0.4;2.0;24.0;Phogri;0.83;;;;;
Car381009-2026-Pass1-Z1-2MU00693_20260730_041321_000;0.0;1.3;38.0;Leppun;0.91;;;;;
Car381009-2026-Pass1-Z1-2MU00693_20260730_041321_000;0.3;2.1;27.0;Phogri;0.69;;;;;
Car381009-2026-Pass1-Z1-2MU00693_20260730_041323_000;0.0;2.1;35.0;Leppun;0.88;;;;;
Car381009-2026-Pass1-Z1-2MU00693_20260730_041323_000;0.6;1.9;29.0;Phogri;0.12;;;;;
Car381009-2026-Pass1-Z1-2MU00693_20260730_041323_000;1.3;2.0;21.0;Tetvir;0.66;;;;;
Car381009-2026-Pass1-Z1-2MU00693_20260730_041327_000;0.0;4.4;36.0;Leppun;0.96;;;;;
Car381009-2026-Pass1-Z1-2MU00693_20260730_041327_000;0.2;5.0;24.0;Phogri;0.24;;;;;
Car381009-2026-Pass1-Z1-2MU00693_20260730_041337_000;0.0;1.3;38.0;Leppun;0.99;;;;;
Car381009-2026-Pass1-Z1-2MU00693_20260730_041337_000;0.0;1.8;23.0;noise;0.26;;;;;
Car381009-2026-Pass1-Z1-2MU00693_20260730_041339_000;0.0;0.8;38.0;Leppun;0.42;;;;;
Car381009-2026-Pass1-Z1-2MU00693_20260730_041339_000;0.7;1.9;27.0;noise;0.08;Plaint, Phogri;;;;
Car381009-2026-Pass1-Z1-2MU00693_20260730_041343_000;0.0;1.4;36.0;Leppun;0.18;;;;;
Car381009-2026-Pass1-Z1-2MU00693_20260730_041343_000;0.4;1.4;28.0;Phogri;0.78;;;;;
Car381009-2026-Pass1-Z1-2MU00693_20260730_041350_000;0.0;1.5;38.0;Leppun;0.55;;;;;
Car381009-2026-Pass1-Z1-2MU00693_20260730_041350_000;0.3;1.8;24.0;Phogri;0.66;;;;;
Car381009-2026-Pass1-Z1-2MU00693_20260730_041353_000;0.0;1.9;39.0;Leppun;0.96;;;;;
Car381009-2026-Pass1-Z1-2MU00693_20260730_041353_000;0.4;1.9;24.0;Phogri;0.77;;;;;
Car381009-2026-Pass1-Z1-2MU00693_20260730_041353_000;0.2;1.9;25.0;Tetvir;0.39;;;;;
Car381009-2026-Pass1-Z1-2MU00693_20260730_041355_000;0.0;2.0;38.0;Leppun;0.97;;;;;
Car381009-2026-Pass1-Z1-2MU00693_20260730_041355_000;0.2;2.1;26.0;Phogri;0.8;;;;;
Car381009-2026-Pass1-Z1-2MU00693_20260730_041357_000;0.0;1.8;38.0;Leppun;0.96;;;;;
Car381009-2026-Pass1-Z1-2MU00693_20260730_041357_000;0.1;1.8;24.0;Phanan;0.05;noise;;;;
Car381009-2026-Pass1-Z1-2MU00693_20260730_041357_000;0.0;1.8;27.0;Phogri;0.67;;;;;
Car381009-2026-Pass1-Z1-2MU00693_20260730_041402_000;0.0;1.2;40.0;Leppun;0.97;;;;;
Car381009-2026-Pass1-Z1-2MU00693_20260730_041402_000;0.2;1.6;25.0;Phogri;0.73;;;;;
Car381009-2026-Pass1-Z1-2MU00693_20260730_041402_000;0.2;1.2;24.0;Tetvir;0.36;;;;;
Car381009-2026-Pass1-Z1-2MU00693_20260730_041405_000;0.0;2.1;36.0;Leppun;0.86;;;;;
Car381009-2026-Pass1-Z1-2MU00693_20260730_041405_000;0.1;2.1;23.0;noise;0.13;Phogri;;;;
Car381009-2026-Pass1-Z1-2MU00693_20260730_041408_000;0.0;1.2;36.0;Leppun;0.96;;;;;
Car381009-2026-Pass1-Z1-2MU00693_20260730_041408_000;0.6;1.8;22.0;Phanan;0.05;noise;;;;
Car381009-2026-Pass1-Z1-2MU00693_20260730_041408_000;0.1;1.8;29.0;Phogri;0.86;;;;;
Car381009-2026-Pass1-Z1-2MU00693_20260730_041408_000;1.3;1.4;9.0;Tetvir;0.64;;;;;
Car381009-2026-Pass1-Z1-2MU00693_20260730_041411_000;0.0;1.5;36.0;Leppun;0.23;;;;;
Car381009-2026-Pass1-Z1-2MU00693_20260730_041411_000;0.4;2.0;24.0;Phogri;0.56;;;;;
Car381009-2026-Pass1-Z1-2MU00693_20260730_041415_000;0.0;1.7;36.0;Leppun;0.98;;;;;
Car381009-2026-Pass1-Z1-2MU00693_20260730_041415_000;0.6;1.7;25.0;Phogri;0.84;;;;;
Car381009-2026-Pass1-Z1-2MU00693_20260730_041417_000;0.0;1.5;37.0;Leppun;0.96;;;;;
Car381009-2026-Pass1-Z1-2MU00693_20260730_041417_000;0.4;2.0;24.0;Phogri;0.93;;;;;
Car381009-2026-Pass1-Z1-2MU00693_20260730_041420_000;0.0;1.7;37.0;Leppun;0.67;;;;;
Car381009-2026-Pass1-Z1-2MU00693_20260730_041420_000;0.0;1.7;26.0;Phogri;0.6;;;;;
Car381009-2026-Pass1-Z1-2MU00693_20260730_041422_000;0.0;0.6;39.0;Leppun;0.98;;;;;
Car381009-2026-Pass1-Z1-2MU00693_20260730_041422_000;0.0;1.5;18.0;noise;0.23;;;;;
Car381009-2026-Pass1-Z1-2MU00693_20260730_041422_000;0.8;1.0;20.0;Tetvir;0.02;Phanan, Yposp, Yerray, Yerbey, Vesmur, Urosp, Tyllil, Thycor, Tetpyg, Tetarg, Testes, Tadten, Sepsep, Rusnit, Roeroe, Rhihip, Rhifer, Rhieur, Rhasp, Ratnor, Plemac, Pleaus, Pleaur, Plasab, Plaint, Plafal, Plaalb, Plaaff, Pippyg, Pippip, Pipnat, Pipkuh, piaf, Phofem, Phafal, Nycnoc, Nyclei, Nyclas, Myonat, Myomys, MyoGT, Myoema, Myodau, Myogla, Myocap, Myobec, Myoalc, Mussp, Minsch, Mimasp, Micagr, Metbra, mamm, Lepbos, Lepalb, Lamsp., Isopyr, Inssp8, Inssp7, Inssp5, Insp12, Insp11, Insp10, Hypsav, gril, Eupsp, Eptser, Eptnil, Epheph, Decalb, Cyrscu, Cympud, criq, Confus, Tetarg, Barfis, Barbar, Antsp, amph;;;;
Car381009-2026-Pass1-Z1-2MU00693_20260730_041422_000;0.8;1.0;21.0;Phogri;0.05;;;;;
Car381009-2026-Pass1-Z1-2MU00693_20260730_041425_000;0.0;3.8;39.0;Leppun;0.96;;;;;
Car381009-2026-Pass1-Z1-2MU00693_20260730_041425_000;0.5;3.0;27.0;noise;0.13;;;;;
Car381009-2026-Pass1-Z1-2MU00693_20260730_041425_000;0.4;3.9;24.0;Phogri;0.97;;;;;
Car381009-2026-Pass1-Z1-2MU00693_20260730_041430_000;0.0;1.2;35.0;Leppun;0.79;;;;;
Car381009-2026-Pass1-Z1-2MU00693_20260730_041430_000;0.6;1.8;21.0;noise;0.39;;;;;
Car381009-2026-Pass1-Z1-2MU00693_20260730_041430_000;0.6;1.8;23.0;Phogri;0.15;;;;;
Car381009-2026-Pass1-Z1-2MU00693_20260730_041434_000;0.0;1.4;36.0;Leppun;0.17;;;;;
Car381009-2026-Pass1-Z1-2MU00693_20260730_041434_000;0.7;2.1;24.0;Phogri;0.77;;;;;
Car381009-2026-Pass1-Z1-2MU00693_20260730_041434_000;0.5;2.0;47.0;Pippip;0.98;;;;;
Car381009-2026-Pass1-Z1-2MU00693_20260730_041434_000;0.0;0.6;10.0;Tetvir;0.67;;;;;
Car381009-2026-Pass1-Z1-2MU00693_20260730_041437_000;0.0;0.1;39.0;Leppun;0.08;Phogri;;;;
Car381009-2026-Pass1-Z1-2MU00693_20260730_041437_000;0.6;1.9;28.0;noise;0.26;;;;;
Car381009-2026-Pass1-Z1-2MU00693_20260730_041439_000;0.0;3.9;38.0;Leppun;0.67;;;;;
Car381009-2026-Pass1-Z1-2MU00693_20260730_041439_000;0.6;4.0;23.0;noise;0.19;;;;;
Car381009-2026-Pass1-Z1-2MU00693_20260730_041439_000;0.7;3.5;23.0;Phogri;0.65;;;;;
Car381009-2026-Pass1-Z1-2MU00693_20260730_041443_000;0.0;2.0;36.0;Leppun;0.97;;;;;
Car381009-2026-Pass1-Z1-2MU00693_20260730_041443_000;0.1;1.6;23.0;Phogri;0.39;;;;;
Car381009-2026-Pass1-Z1-2MU00693_20260730_041446_000;0.0;1.3;38.0;Leppun;0.97;;;;;
Car381009-2026-Pass1-Z1-2MU00693_20260730_041446_000;0.0;1.6;25.0;noise;0.13;;;;;
Car381009-2026-Pass1-Z1-2MU00693_20260730_041446_000;0.2;1.2;23.0;Phogri;0.41;;;;;
Car381009-2026-Pass1-Z1-2MU00693_20260730_041448_000;0.0;1.7;37.0;Leppun;0.98;;;;;
Car381009-2026-Pass1-Z1-2MU00693_20260730_041448_000;0.1;1.3;23.0;noise;0.04;Phogri, Phanan;;;;
Car381009-2026-Pass1-Z1-2MU00693_20260730_041448_000;0.6;1.9;21.0;Tetvir;0.47;;;;;
Car381009-2026-Pass1-Z1-2MU00693_20260730_041451_000;0.0;1.6;39.0;Leppun;0.97;;;;;
Car381009-2026-Pass1-Z1-2MU00693_20260730_041451_000;0.3;2.0;25.0;Phogri;0.88;;;;;
Car381009-2026-Pass1-Z1-2MU00693_20260730_041454_000;0.0;0.8;39.0;Leppun;0.98;;;;;
Car381009-2026-Pass1-Z1-2MU00693_20260730_041454_000;0.1;2.1;24.0;Phogri;0.9;;;;;
Car381009-2026-Pass1-Z1-2MU00693_20260730_041456_000;0.0;1.3;39.0;Leppun;0.97;;;;;
Car381009-2026-Pass1-Z1-2MU00693_20260730_041456_000;0.2;1.8;23.0;Phogri;0.14;;;;;
Car381009-2026-Pass1-Z1-2MU00693_20260730_041458_000;0.0;3.8;38.0;Leppun;0.99;;;;;
Car381009-2026-Pass1-Z1-2MU00693_20260730_041458_000;0.0;3.8;22.0;noise;0.2;;;;;
Car381009-2026-Pass1-Z1-2MU00693_20260730_041458_000;1.1;3.8;25.0;Phogri;0.81;;;;;
Car381009-2026-Pass1-Z1-2MU00693_20260730_041505_000;0.0;2.0;37.0;Leppun;0.95;;;;;
Car381009-2026-Pass1-Z1-2MU00693_20260730_041505_000;0.7;0.8;10.0;noise;0.27;;;;;
Car381009-2026-Pass1-Z1-2MU00693_20260730_041505_000;0.4;2.0;25.0;Phogri;0.13;;;;;
Car381009-2026-Pass1-Z1-2MU00693_20260730_041510_000;0.0;0.1;35.0;Leppun;0.98;;;;;
Car381009-2026-Pass1-Z1-2MU00693_20260730_041510_000;0.1;1.7;21.0;Phogri;0.07;noise;;;;
Car381009-2026-Pass1-Z1-2MU00693_20260730_041510_000;0.0;1.8;23.0;Tetvir;0.63;;;;;
Car381009-2026-Pass1-Z1-2MU00693_20260730_041540_000;0.0;2.1;37.0;Leppun;0.97;;;;;
Car381009-2026-Pass1-Z1-2MU00693_20260730_041540_000;0.2;2.1;26.0;noise;0.13;Phogri, Tetvir;;;;
Car381009-2026-Pass1-Z1-2MU00693_20260730_041544_000;0.0;5.0;38.0;Leppun;0.47;;;;;
Car381009-2026-Pass1-Z1-2MU00693_20260730_041544_000;0.0;5.0;25.0;Phogri;0.87;;;;;
Car381009-2026-Pass1-Z1-2MU00693_20260730_041544_000;0.0;5.0;51.0;Pippip;0.99;;;;;
Car381009-2026-Pass1-Z1-2MU00693_20260730_041553_000;0.0;3.9;38.0;Leppun;0.68;;;;;
Car381009-2026-Pass1-Z1-2MU00693_20260730_041553_000;0.2;3.9;24.0;Phogri;0.85;;;;;
Car381009-2026-Pass1-Z1-2MU00693_20260730_041553_000;0.2;3.9;24.0;Tetvir;0.89;;;;;
Car381009-2026-Pass1-Z1-2MU00693_20260730_041557_000;0.0;3.3;41.0;Leppun;0.97;;;;;
Car381009-2026-Pass1-Z1-2MU00693_20260730_041557_000;0.0;3.4;26.0;Phogri;0.82;;;;;
Car381009-2026-Pass1-Z1-2MU00693_20260730_041601_000;0.0;1.2;38.0;Leppun;0.97;;;;;
Car381009-2026-Pass1-Z1-2MU00693_20260730_041601_000;1.0;1.8;25.0;Phogri;0.74;;;;;
Car381009-2026-Pass1-Z1-2MU00693_20260730_041601_000;0.2;0.4;26.0;Tetvir;0.56;;;;;
Car381009-2026-Pass1-Z1-2MU00693_20260730_041604_000;0.0;1.9;38.0;Leppun;0.98;;;;;
Car381009-2026-Pass1-Z1-2MU00693_20260730_041604_000;0.3;2.0;24.0;Phogri;0.84;;;;;
Car381009-2026-Pass1-Z1-2MU00693_20260730_041606_000;0.0;1.9;36.0;Leppun;0.95;;;;;
Car381009-2026-Pass1-Z1-2MU00693_20260730_041606_000;0.5;1.9;22.0;Phogri;0.73;;;;;
Car381009-2026-Pass1-Z1-2MU00693_20260730_041606_000;0.0;2.1;26.0;Tetvir;0.41;;;;;
Car381009-2026-Pass1-Z1-2MU00693_20260730_041608_000;0.0;1.8;27.0;noise;0.2;;;;;
Car381009-2026-Pass1-Z1-2MU00693_20260730_041611_000;0.0;1.6;39.0;Leppun;0.98;;;;;
Car381009-2026-Pass1-Z1-2MU00693_20260730_041611_000;0.3;2.0;27.0;noise;0.36;;;;;
Car381009-2026-Pass1-Z1-2MU00693_20260730_041611_000;0.9;2.1;24.0;Phogri;0.92;;;;;
Car381009-2026-Pass1-Z1-2MU00693_20260730_041613_000;0.0;1.8;38.0;Leppun;0.62;;;;;
Car381009-2026-Pass1-Z1-2MU00693_20260730_041613_000;0.0;1.8;23.0;Phogri;0.75;;;;;
Car381009-2026-Pass1-Z1-2MU00693_20260730_041617_000;0.0;1.6;39.0;Leppun;0.97;;;;;
Car381009-2026-Pass1-Z1-2MU00693_20260730_041617_000;0.4;1.6;26.0;noise;0.11;;;;;
Car381009-2026-Pass1-Z1-2MU00693_20260730_041617_000;0.0;2.0;21.0;Tetvir;0.55;;;;;
Car381009-2026-Pass1-Z1-2MU00693_20260730_041620_000;0.0;1.9;37.0;Leppun;0.88;;;;;
Car381009-2026-Pass1-Z1-2MU00693_20260730_041620_000;0.1;1.9;29.0;Phogri;0.66;;;;;
Car381009-2026-Pass1-Z1-2MU00693_20260730_041620_000;0.1;1.9;24.0;Tetvir;0.36;;;;;
Car381009-2026-Pass1-Z1-2MU00693_20260730_041625_000;0.8;0.9;34.0;noise;0.43;;;;;
Car381009-2026-Pass1-Z1-2MU00693_20260730_041625_000;0.0;2.0;26.0;Phogri;0.88;;;;;
Car381009-2026-Pass1-Z1-2MU00693_20260730_041657_000;1.3;3.4;38.0;Leppun;0.66;;;;;
Car381009-2026-Pass1-Z1-2MU00693_20260730_041657_000;0.9;5.0;23.0;Phogri;0.06;noise;;;;
Car381009-2026-Pass1-Z1-2MU00693_20260730_041657_000;0.0;5.0;46.0;Pippip;0.99;;;;;
Car381009-2026-Pass1-Z1-2MU00693_20260730_041657_000;0.3;4.8;27.0;Tetvir;0.94;;;;;
Car381009-2026-Pass1-Z1-2MU00693_20260730_041759_000;0.0;4.6;30.0;Eptser;0.6;Nyclei;;;;
Car381009-2026-Pass1-Z1-2MU00693_20260730_041759_000;0.0;4.1;13.0;Tadten;0.66;;;;;
Car381009-2026-Pass1-Z1-2MU00693_20260730_041759_000;0.4;5.0;28.0;Tetvir;0.29;;;;;
Car381009-2026-Pass1-Z1-2MU00693_20260730_041831_000;0.0;5.0;24.0;Phogri;0.18;noise;;;;
Car381009-2026-Pass1-Z1-2MU00693_20260730_041831_000;0.0;5.0;63.0;Pippip;0.99;;;;;
Car381009-2026-Pass1-Z1-2MU00693_20260730_041831_000;1.1;4.7;26.0;Tetvir;0.85;;;;;
Car381009-2026-Pass1-Z1-2MU00693_20260730_041903_000;0.0;1.8;36.0;Leppun;0.97;;;;;
Car381009-2026-Pass1-Z1-2MU00693_20260730_041903_000;0.3;1.9;25.0;Phogri;0.83;;;;;
Car381009-2026-Pass1-Z1-2MU00693_20260730_042134_000;0.1;2.9;46.0;Myomys;0.73;;;;;
Car381009-2026-Pass1-Z1-2MU00693_20260730_042134_000;0.1;2.6;24.0;Phogri;0.06;noise;;;;
Car381009-2026-Pass1-Z1-2MU00693_20260730_042417_000;0.8;4.9;27.0;noise;0.14;;;;;
Car381009-2026-Pass1-Z1-2MU00693_20260730_042417_000;0.0;5.0;55.0;Pippip;0.99;;;;;
Car381009-2026-Pass1-Z1-2MU00693_20260730_042417_000;0.6;4.9;24.0;Tetvir;0.54;;;;;
Car381009-2026-Pass1-Z1-2MU00693_20260730_042455_000;0.0;1.4;39.0;Leppun;0.98;;;;;
Car381009-2026-Pass1-Z1-2MU00693_20260730_042455_000;0.3;1.9;22.0;Phogri;0.8;;;;;
Car381009-2026-Pass1-Z1-2MU00693_20260730_042455_000;0.1;1.3;46.0;Pippip;0.98;;;;;
Car381009-2026-Pass1-Z1-2MU00693_20260730_042458_000;0.0;1.6;40.0;Leppun;0.98;;;;;
Car381009-2026-Pass1-Z1-2MU00693_20260730_042458_000;0.6;2.0;27.0;noise;0.27;;;;;
Car381009-2026-Pass1-Z1-2MU00693_20260730_042458_000;0.1;2.1;25.0;Phogri;0.82;;;;;
Car381009-2026-Pass1-Z1-2MU00693_20260730_042458_000;0.8;1.0;46.0;Pippip;0.8;;;;;
Car381009-2026-Pass1-Z1-2MU00693_20260730_042503_000;0.0;2.0;40.0;Leppun;0.97;;;;;
Car381009-2026-Pass1-Z1-2MU00693_20260730_042503_000;0.2;2.1;22.0;Phogri;0.54;;;;;
Car381009-2026-Pass1-Z1-2MU00693_20260730_042520_000;0.2;1.5;46.0;Myodau;0.4;Myomys;;;;
Car381009-2026-Pass1-Z1-2MU00693_20260730_042520_000;0.2;2.0;25.0;Phogri;0.79;;;;;
Car381009-2026-Pass1-Z1-2MU00693_20260730_042557_000;0.0;1.4;37.0;Leppun;0.98;;;;;
Car381009-2026-Pass1-Z1-2MU00693_20260730_042557_000;0.3;1.7;28.0;Phogri;0.94;;;;;
Car381009-2026-Pass1-Z1-2MU00693_20260730_042704_000;0.0;1.8;37.0;Leppun;0.14;;;;;
Car381009-2026-Pass1-Z1-2MU00693_20260730_042704_000;0.0;0.7;35.0;MyoGT;0.87;;;;;
Car381009-2026-Pass1-Z1-2MU00693_20260730_042753_000;0.3;4.6;21.0;noise;0.07;Phogri;;;;
Car381009-2026-Pass1-Z1-2MU00693_20260730_042753_000;0.0;4.6;39.0;Pipnat;0.82;;;;;
Car381009-2026-Pass1-Z1-2MU00693_20260730_042753_000;0.8;4.6;28.0;Tetvir;0.55;;;;;
Car381009-2026-Pass1-Z1-2MU00693_20260730_042822_000;0.0;2.0;28.0;Phogri;0.9;;;;;
Car381009-2026-Pass1-Z1-2MU00693_20260730_042830_000;0.0;1.9;41.0;Leppun;0.46;;;;;
Car381009-2026-Pass1-Z1-2MU00693_20260730_042830_000;0.0;2.0;25.0;Phogri;0.49;;;;;
Car381009-2026-Pass1-Z1-2MU00693_20260730_042858_000;0.0;1.9;40.0;Leppun;0.96;;;;;
Car381009-2026-Pass1-Z1-2MU00693_20260730_042858_000;0.3;1.9;27.0;Phogri;0.66;;;;;
Car381009-2026-Pass1-Z1-2MU00693_20260730_042858_000;0.0;1.1;46.0;Pippip;0.98;;;;;
Car381009-2026-Pass1-Z1-2MU00693_20260730_042858_000;0.2;1.9;22.0;Tetvir;0.65;;;;;
Car381009-2026-Pass1-Z1-2MU00693_20260730_042932_000;0.6;4.7;25.0;noise;0.16;;;;;
Car381009-2026-Pass1-Z1-2MU00693_20260730_042932_000;0.0;4.9;42.0;Pipkuh;0.27;;;;;
Car381009-2026-Pass1-Z1-2MU00693_20260730_042942_000;0.0;2.0;38.0;Leppun;0.35;;;;;
Car381009-2026-Pass1-Z1-2MU00693_20260730_042942_000;0.0;2.0;32.0;noise;0.11;;;;;
Car381009-2026-Pass1-Z1-2MU00693_20260730_042942_000;0.0;1.9;26.0;Phogri;0.07;;;;;
Car381009-2026-Pass1-Z1-2MU00693_20260730_042951_000;0.0;1.8;38.0;Leppun;0.96;;;;;
Car381009-2026-Pass1-Z1-2MU00693_20260730_042951_000;0.4;1.8;26.0;Phogri;0.7;;;;;
Car381009-2026-Pass1-Z1-2MU00693_20260730_042957_000;0.0;1.8;38.0;Leppun;0.98;;;;;
Car381009-2026-Pass1-Z1-2MU00693_20260730_042957_000;0.0;1.8;22.0;Tetvir;0.95;;;;;
Car381009-2026-Pass1-Z1-2MU00693_20260730_043009_000;0.0;1.9;36.0;Leppun;0.98;;;;;
Car381009-2026-Pass1-Z1-2MU00693_20260730_043009_000;0.1;0.2;13.0;noise;0.36;;;;;
Car381009-2026-Pass1-Z1-2MU00693_20260730_043009_000;0.0;1.9;29.0;Phogri;0.12;;;;;
Car381009-2026-Pass1-Z1-2MU00693_20260730_043018_000;0.0;1.2;34.0;Leppun;0.96;;;;;
Car381009-2026-Pass1-Z1-2MU00693_20260730_043018_000;0.2;2.0;26.0;Phogri;0.05;noise, Plaint;;;;
Car381009-2026-Pass1-Z1-2MU00693_20260730_043023_000;0.0;1.7;38.0;Leppun;0.99;;;;;
Car381009-2026-Pass1-Z1-2MU00693_20260730_043023_000;0.3;1.7;23.0;Phogri;0.13;;;;;
Car381009-2026-Pass1-Z1-2MU00693_20260730_043023_000;0.0;1.3;19.0;Tetvir;0.37;;;;;
Car381009-2026-Pass1-Z1-2MU00693_20260730_043030_000;0.0;1.7;34.0;Leppun;0.67;;;;;
Car381009-2026-Pass1-Z1-2MU00693_20260730_043030_000;0.3;1.9;24.0;noise;0.33;;;;;
Car381009-2026-Pass1-Z1-2MU00693_20260730_043042_000;0.0;1.7;37.0;Leppun;0.62;;;;;
Car381009-2026-Pass1-Z1-2MU00693_20260730_043042_000;0.0;0.5;24.0;Phogri;0.8;;;;;
Car381009-2026-Pass1-Z1-2MU00693_20260730_043042_000;0.0;1.6;25.0;Tetvir;0.37;;;;;
Car381009-2026-Pass1-Z1-2MU00693_20260730_043050_000;0.0;1.8;40.0;Leppun;0.67;;;;;
Car381009-2026-Pass1-Z1-2MU00693_20260730_043050_000;0.3;1.9;28.0;Phogri;0.81;;;;;
Car381009-2026-Pass1-Z1-2MU00693_20260730_043058_000;0.0;1.5;40.0;Leppun;0.97;;;;;
Car381009-2026-Pass1-Z1-2MU00693_20260730_043058_000;0.1;1.9;27.0;Phogri;0.06;Plaint, noise, Metbra;;;;
Car381009-2026-Pass1-Z1-2MU00693_20260730_043058_000;0.0;1.5;24.0;Tetvir;0.58;;;;;
Car381009-2026-Pass1-Z1-2MU00693_20260730_043104_000;0.0;0.6;37.0;Leppun;0.97;;;;;
Car381009-2026-Pass1-Z1-2MU00693_20260730_043104_000;0.1;1.9;24.0;Phogri;0.33;;;;;
Car381009-2026-Pass1-Z1-2MU00693_20260730_043104_000;1.4;1.5;12.0;Tetvir;0.6;;;;;
Car381009-2026-Pass1-Z1-2MU00693_20260730_043112_000;0.0;1.8;35.0;Leppun;0.95;;;;;
Car381009-2026-Pass1-Z1-2MU00693_20260730_043112_000;0.3;2.0;24.0;Phogri;0.83;;;;;
Car381009-2026-Pass1-Z1-2MU00693_20260730_043112_000;0.8;1.9;13.0;Tetvir;0.89;;;;;
Car381009-2026-Pass1-Z1-2MU00693_20260730_043123_000;0.0;2.0;39.0;Leppun;0.5;;;;;
Car381009-2026-Pass1-Z1-2MU00693_20260730_043123_000;0.1;2.0;25.0;Phogri;0.65;;;;;
Car381009-2026-Pass1-Z1-2MU00693_20260730_043137_000;0.0;4.4;37.0;Leppun;0.98;;;;;
Car381009-2026-Pass1-Z1-2MU00693_20260730_043137_000;0.2;4.0;44.0;Myonat;0.88;;;;;
Car381009-2026-Pass1-Z1-2MU00693_20260730_043137_000;0.8;4.8;25.0;Phogri;0.07;noise;;;;
Car381009-2026-Pass1-Z1-2MU00693_20260730_043137_000;0.3;5.0;46.0;Pipkuh;0.64;;;;;
Car381009-2026-Pass1-Z1-2MU00693_20260730_043137_000;0.4;4.3;23.0;Tetvir;0.79;;;;;
Car381009-2026-Pass1-Z1-2MU00693_20260730_043147_000;1.6;2.3;41.0;Myodau;0.73;;;;;
Car381009-2026-Pass1-Z1-2MU00693_20260730_043147_000;0.0;2.2;44.0;Pipkuh;0.24;;;;;
Car381009-2026-Pass1-Z1-2MU00693_20260730_043147_000;0.2;1.6;22.0;Tetvir;0.32;;;;;
Car381009-2026-Pass1-Z1-2MU00693_20260730_043214_000;0.0;0.9;40.0;Leppun;0.97;;;;;
Car381009-2026-Pass1-Z1-2MU00693_20260730_043214_000;0.3;2.1;24.0;Phogri;0.81;;;;;
Car381009-2026-Pass1-Z1-2MU00693_20260730_043240_000;0.0;2.0;37.0;Leppun;0.78;;;;;
Car381009-2026-Pass1-Z1-2MU00693_20260730_043240_000;0.0;2.0;26.0;Phogri;0.9;;;;;
Car381009-2026-Pass1-Z1-2MU00693_20260730_043240_000;0.1;0.9;47.0;Pippip;0.98;;;;;
Car381009-2026-Pass1-Z1-2MU00693_20260730_043258_000;0.0;2.0;33.0;Leppun;0.95;;;;;
Car381009-2026-Pass1-Z1-2MU00693_20260730_043258_000;0.0;2.1;25.0;Phogri;0.65;;;;;
Car381009-2026-Pass1-Z1-2MU00693_20260730_043258_000;0.4;1.1;26.0;Tetvir;0.74;;;;;
Car381009-2026-Pass1-Z1-2MU00693_20260730_043306_000;0.0;1.2;39.0;Leppun;0.97;;;;;
Car381009-2026-Pass1-Z1-2MU00693_20260730_043306_000;0.2;1.7;24.0;Phogri;0.75;;;;;
Car381009-2026-Pass1-Z1-2MU00693_20260730_043306_000;1.5;1.6;46.0;Pippip;0.93;;;;;
Car381009-2026-Pass1-Z1-2MU00693_20260730_043313_000;0.0;1.7;38.0;Leppun;0.97;;;;;
Car381009-2026-Pass1-Z1-2MU00693_20260730_043313_000;0.2;2.1;24.0;Phogri;0.17;noise;;;;
Car381009-2026-Pass1-Z1-2MU00693_20260730_043430_000;0.0;1.3;38.0;Leppun;0.98;;;;;
Car381009-2026-Pass1-Z1-2MU00693_20260730_043430_000;0.4;1.7;24.0;Phogri;0.66;;;;;
Car381009-2026-Pass1-Z1-2MU00693_20260730_043430_000;0.3;0.9;24.0;Tetvir;0.76;;;;;
Car381009-2026-Pass1-Z1-2MU00693_20260730_043508_000;0.0;1.8;38.0;Leppun;0.96;;;;;
Car381009-2026-Pass1-Z1-2MU00693_20260730_043508_000;0.0;2.1;25.0;Phogri;0.2;;;;;
Car381009-2026-Pass1-Z1-2MU00693_20260730_043517_000;0.0;2.0;34.0;Leppun;0.38;;;;;
Car381009-2026-Pass1-Z1-2MU00693_20260730_043517_000;0.7;1.4;26.0;noise;0.31;;;;;
Car381009-2026-Pass1-Z1-2MU00693_20260730_043517_000;0.3;1.7;28.0;Phogri;0.06;Plaint;;;;
Car381009-2026-Pass1-Z1-2MU00693_20260730_043530_000;0.3;4.9;37.0;noise;0.1;;;;;
Car381009-2026-Pass1-Z1-2MU00693_20260730_043530_000;0.0;5.0;54.0;Pippip;0.99;;;;;
Car381009-2026-Pass1-Z1-2MU00693_20260730_043530_000;0.3;4.8;24.0;Phogri;0.07;Plaint;;;;
Car381009-2026-Pass1-Z1-2MU00693_20260730_043540_000;0.0;5.0;57.0;Pippip;0.98;;;;;
Car381009-2026-Pass1-Z1-2MU00693_20260730_043540_000;0.0;5.0;25.0;Phogri;0.11;noise;;;;
Car381009-2026-Pass1-Z1-2MU00693_20260730_043540_000;1.0;3.4;22.0;Tetvir;0.49;;;;;
Car381009-2026-Pass1-Z1-2MU00693_20260730_043540_000;1.6;3.1;40.0;Yerray;0.98;;;;;
Car381009-2026-Pass1-Z1-2MU00693_20260730_043549_000;0.3;1.9;23.0;Phogri;0.69;;;;;
Car381009-2026-Pass1-Z1-2MU00693_20260730_043549_000;0.3;1.9;24.0;Tetvir;0.69;;;;;
Car381009-2026-Pass1-Z1-2MU00693_20260730_043552_000;0.0;1.2;36.0;Leppun;0.97;;;;;
Car381009-2026-Pass1-Z1-2MU00693_20260730_043552_000;0.4;1.8;23.0;noise;0.11;Phogri;;;;
Car381009-2026-Pass1-Z1-2MU00693_20260730_043552_000;0.2;1.2;15.0;Tetvir;0.65;;;;;
Car381009-2026-Pass1-Z1-2MU00693_20260730_043600_000;0.0;1.2;38.0;Leppun;0.99;;;;;
Car381009-2026-Pass1-Z1-2MU00693_20260730_043600_000;0.3;2.0;24.0;noise;0.11;Phogri;;;;
Car381009-2026-Pass1-Z1-2MU00693_20260730_043608_000;0.0;0.1;35.0;Leppun;0.98;;;;;
Car381009-2026-Pass1-Z1-2MU00693_20260730_043608_000;0.6;1.7;24.0;noise;0.19;;;;;
Car381009-2026-Pass1-Z1-2MU00693_20260730_043608_000;0.6;1.8;24.0;Phogri;0.51;;;;;
Car381009-2026-Pass1-Z1-2MU00693_20260730_043627_000;0.0;1.4;33.0;Leppun;0.96;;;;;
Car381009-2026-Pass1-Z1-2MU00693_20260730_043627_000;0.3;2.1;23.0;Phogri;0.81;;;;;
Car381009-2026-Pass1-Z1-2MU00693_20260730_043632_000;0.0;1.7;40.0;Leppun;0.97;;;;;
Car381009-2026-Pass1-Z1-2MU00693_20260730_043632_000;0.3;1.7;24.0;Phogri;0.76;;;;;
Car381009-2026-Pass1-Z1-2MU00693_20260730_043643_000;0.0;0.1;31.0;Leppun;0.12;;;;;
Car381009-2026-Pass1-Z1-2MU00693_20260730_043643_000;0.5;2.1;25.0;noise;0.26;;;;;
Car381009-2026-Pass1-Z1-2MU00693_20260730_043654_000;0.0;0.3;37.0;Leppun;0.98;;;;;
Car381009-2026-Pass1-Z1-2MU00693_20260730_043654_000;0.3;1.8;25.0;Phogri;0.77;;;;;
Car381009-2026-Pass1-Z1-2MU00693_20260730_043654_000;0.0;1.7;23.0;Tetvir;0.87;;;;;
Car381009-2026-Pass1-Z1-2MU00693_20260730_043806_000;0.3;4.9;25.0;noise;0.11;Phogri;;;;
Car381009-2026-Pass1-Z1-2MU00693_20260730_043806_000;0.0;4.1;46.0;Pippip;0.99;;;;;
Car381009-2026-Pass1-Z1-2MU00693_20260730_043806_000;0.0;5.0;22.0;Tetvir;0.68;;;;;
Car381009-2026-Pass1-Z1-2MU00693_20260730_043822_000;0.6;4.8;25.0;Phogri;0.98;;;;;
Car381009-2026-Pass1-Z1-2MU00693_20260730_043822_000;0.0;5.0;61.0;Pippip;0.99;;;;;
Car381009-2026-Pass1-Z1-2MU00693_20260730_043912_000;0.0;1.8;27.0;Phogri;0.57;;;;;
Car381009-2026-Pass1-Z1-2MU00693_20260730_043912_000;0.0;1.0;31.0;Testes;0.11;;;;;
Car381009-2026-Pass1-Z1-2MU00693_20260730_043922_000;0.0;1.9;36.0;Leppun;0.98;;;;;
Car381009-2026-Pass1-Z1-2MU00693_20260730_043922_000;0.6;2.0;32.0;Phogri;0.7;;;;;
Car381009-2026-Pass1-Z1-2MU00693_20260730_043922_000;0.8;1.9;10.0;Tetvir;0.88;;;;;
Car381009-2026-Pass1-Z1-2MU00693_20260730_043934_000;0.0;1.5;38.0;Leppun;0.95;;;;;
Car381009-2026-Pass1-Z1-2MU00693_20260730_043934_000;0.3;1.5;25.0;Phogri;0.76;;;;;
Car381009-2026-Pass1-Z1-2MU00693_20260730_043934_000;0.1;1.8;10.0;Tetvir;0.93;;;;;
Car381009-2026-Pass1-Z1-2MU00693_20260730_043941_000;0.0;1.2;38.0;Leppun;0.99;;;;;
Car381009-2026-Pass1-Z1-2MU00693_20260730_043941_000;1.4;1.5;20.0;noise;0.19;;;;;
Car381009-2026-Pass1-Z1-2MU00693_20260730_043941_000;0.3;1.5;22.0;Phogri;0.97;;;;;
Car381009-2026-Pass1-Z1-2MU00693_20260730_043954_000;0.4;2.0;24.0;Phogri;0.79;;;;;
Car381009-2026-Pass1-Z1-2MU00693_20260730_043954_000;0.0;1.8;48.0;Pippip;0.99;;;;;
Car381009-2026-Pass1-Z1-2MU00693_20260730_044121_000;0.0;1.7;27.0;Leppun;0.97;;;;;
Car381009-2026-Pass1-Z1-2MU00693_20260730_044121_000;0.7;1.4;26.0;Phogri;0.81;;;;;
Car381009-2026-Pass1-Z1-2MU00693_20260730_044121_000;0.4;1.2;11.0;Tetvir;0.89;;;;;
Car381009-2026-Pass1-Z1-2MU00693_20260730_044145_000;0.7;5.0;26.0;noise;0.13;Phogri;;;;
Car381009-2026-Pass1-Z1-2MU00693_20260730_044145_000;0.0;4.9;50.0;Pippip;0.99;;;;;
Car381009-2026-Pass1-Z1-2MU00693_20260730_044145_000;0.2;4.9;10.0;Tetvir;0.95;;;;;
Car381009-2026-Pass1-Z1-2MU00693_20260730_044202_000;0.0;0.8;40.0;Leppun;0.97;;;;;
Car381009-2026-Pass1-Z1-2MU00693_20260730_044202_000;0.1;1.7;21.0;Tetvir;0.35;;;;;
Car381009-2026-Pass1-Z1-2MU00693_20260730_044345_000;0.0;5.0;59.0;Pippip;0.99;;;;;
Car381009-2026-Pass1-Z1-2MU00693_20260730_044345_000;0.1;4.2;23.0;Phogri;0.04;noise, Plaint, Leppun;;;;
Car381009-2026-Pass1-Z1-2MU00693_20260730_044345_000;0.1;4.8;11.0;Tetvir;0.95;;;;;
Car381009-2026-Pass1-Z1-2MU00693_20260730_044409_000;0.0;5.0;59.0;Myomys;0.97;;;;;
Car381009-2026-Pass1-Z1-2MU00693_20260730_044409_000;0.4;4.7;23.0;noise;0.12;;;;;
Car381009-2026-Pass1-Z1-2MU00693_20260730_044409_000;0.3;4.9;20.0;Tetvir;0.93;;;;;
Car381009-2026-Pass1-Z1-2MU00693_20260730_044426_000;0.0;1.8;34.0;Leppun;0.95;;;;;
Car381009-2026-Pass1-Z1-2MU00693_20260730_044426_000;0.3;1.8;20.0;noise;0.1;Phogri, Tetvir;;;;
Car381009-2026-Pass1-Z1-2MU00693_20260730_044441_000;0.0;1.8;24.0;Phogri;0.04;noise, Isopyr, Cyrscu, Tetvir;;;;
Car381009-2026-Pass1-Z1-2MU00693_20260730_044441_000;0.0;2.0;21.0;Rhasp;0.24;;;;;
Car381009-2026-Pass1-Z1-2MU00693_20260730_044459_000;0.0;3.9;45.0;Leppun;0.3;;;;;
Car381009-2026-Pass1-Z1-2MU00693_20260730_044459_000;1.3;3.7;48.0;Myodau;0.52;Myomys;;;;
Car381009-2026-Pass1-Z1-2MU00693_20260730_044459_000;0.8;4.5;22.0;Phogri;0.73;;;;;
Car381009-2026-Pass1-Z1-2MU00693_20260730_044459_000;0.1;5.0;46.0;Pipkuh;0.17;;;;;
Car381009-2026-Pass1-Z1-2MU00693_20260730_044459_000;1.6;5.0;53.0;Pippip;0.96;;;;;
Car381009-2026-Pass1-Z1-2MU00693_20260730_044459_000;0.9;4.6;24.0;Tetvir;0.81;;;;;
Car381009-2026-Pass1-Z1-2MU00693_20260730_044516_000;0.0;5.0;51.0;Pippip;0.99;;;;;
Car381009-2026-Pass1-Z1-2MU00693_20260730_044516_000;0.1;4.8;24.0;Rhasp;0.1;Phogri, noise;;;;
Car381009-2026-Pass1-Z1-2MU00693_20260730_044516_000;0.1;4.8;11.0;Tetvir;0.87;;;;;
Car381009-2026-Pass1-Z1-2MU00693_20260730_044545_000;0.0;3.4;23.0;Phogri;0.69;;;;;
Car381009-2026-Pass1-Z1-2MU00693_20260730_044545_000;0.0;3.6;49.0;Pippip;0.99;;;;;
Car381009-2026-Pass1-Z1-2MU00693_20260730_044545_000;0.5;3.4;12.0;Tetvir;0.92;;;;;
Car381009-2026-Pass1-Z1-2MU00693_20260730_044635_000;0.3;4.7;23.0;Phogri;0.78;;;;;
Car381009-2026-Pass1-Z1-2MU00693_20260730_044635_000;0.0;4.9;39.0;Pipkuh;0.99;;;;;
Car381009-2026-Pass1-Z1-2MU00693_20260730_044635_000;0.5;5.0;51.0;Pippip;0.96;;;;;
Car381009-2026-Pass1-Z1-2MU00693_20260730_044635_000;0.0;5.0;11.0;Tetvir;0.94;;;;;
Car381009-2026-Pass1-Z1-2MU00693_20260730_044701_000;0.0;2.0;41.0;Leppun;0.98;;;;;
Car381009-2026-Pass1-Z1-2MU00693_20260730_044701_000;0.1;1.6;23.0;Phogri;0.15;;;;;
Car381009-2026-Pass1-Z1-2MU00693_20260730_044701_000;0.0;2.0;11.0;Tetvir;0.69;;;;;
Car381009-2026-Pass1-Z1-2MU00693_20260730_044721_000;0.0;2.1;41.0;Leppun;0.97;;;;;
Car381009-2026-Pass1-Z1-2MU00693_20260730_044721_000;0.2;2.1;24.0;Phogri;0.59;;;;;
Car381009-2026-Pass1-Z1-2MU00693_20260730_044728_000;0.0;1.6;33.0;Leppun;0.2;;;;;
Car381009-2026-Pass1-Z1-2MU00693_20260730_044728_000;0.1;1.6;22.0;noise;0.29;;;;;
Car381009-2026-Pass1-Z1-2MU00693_20260730_044736_000;0.0;1.4;31.0;Leppun;0.98;;;;;
Car381009-2026-Pass1-Z1-2MU00693_20260730_044736_000;0.2;1.9;24.0;Phogri;0.81;;;;;
Car381009-2026-Pass1-Z1-2MU00693_20260730_044736_000;0.5;1.7;10.0;Tetvir;0.83;;;;;
Car381009-2026-Pass1-Z1-2MU00693_20260730_044741_000;0.0;1.5;36.0;Leppun;0.98;;;;;
Car381009-2026-Pass1-Z1-2MU00693_20260730_044741_000;0.8;2.0;22.0;Phogri;0.69;;;;;
Car381009-2026-Pass1-Z1-2MU00693_20260730_044741_000;0.2;2.0;40.0;Pipkuh;0.97;;;;;
Car381009-2026-Pass1-Z1-2MU00693_20260730_044741_000;0.2;1.9;21.0;Tetvir;0.86;;;;;
Car381009-2026-Pass1-Z1-2MU00693_20260730_044743_000;3.5;3.7;44.0;Leppun;0.95;;;;;
Car381009-2026-Pass1-Z1-2MU00693_20260730_044743_000;0.3;4.1;22.0;noise;0.08;;;;;
Car381009-2026-Pass1-Z1-2MU00693_20260730_044743_000;0.0;4.9;40.0;Pipkuh;0.99;;;;;
Car381009-2026-Pass1-Z1-2MU00693_20260730_044743_000;0.3;5.0;24.0;Phogri;0.16;;;;;
Car381009-2026-Pass1-Z1-2MU00693_20260730_044743_000;0.0;4.9;10.0;Tetvir;0.87;;;;;
Car381009-2026-Pass1-Z1-2MU00693_20260730_044758_000;0.0;1.4;39.0;Leppun;0.98;;;;;
Car381009-2026-Pass1-Z1-2MU00693_20260730_044758_000;0.4;2.1;23.0;Phogri;0.75;;;;;
Car381009-2026-Pass1-Z1-2MU00693_20260730_044758_000;0.1;1.4;16.0;Tetvir;0.88;;;;;
Car381009-2026-Pass1-Z1-2MU00693_20260730_044803_000;0.0;1.1;37.0;Leppun;0.98;;;;;
Car381009-2026-Pass1-Z1-2MU00693_20260730_044803_000;0.3;1.1;24.0;noise;0.17;;;;;
Car381009-2026-Pass1-Z1-2MU00693_20260730_044803_000;0.3;1.7;21.0;Tetvir;0.59;;;;;
Car381009-2026-Pass1-Z1-2MU00693_20260730_044815_000;0.0;1.8;32.0;Leppun;0.98;;;;;
Car381009-2026-Pass1-Z1-2MU00693_20260730_044815_000;0.1;1.8;24.0;Phogri;0.68;;;;;
Car381009-2026-Pass1-Z1-2MU00693_20260730_044815_000;0.3;2.1;19.0;Tetvir;0.9;;;;;
Car381009-2026-Pass1-Z1-2MU00693_20260730_044818_000;0.0;1.7;41.0;Leppun;0.98;;;;;
Car381009-2026-Pass1-Z1-2MU00693_20260730_044818_000;0.7;1.7;23.0;Phogri;0.07;;;;;
Car381009-2026-Pass1-Z1-2MU00693_20260730_044823_000;0.0;1.7;37.0;Leppun;0.98;;;;;
Car381009-2026-Pass1-Z1-2MU00693_20260730_044823_000;0.0;2.0;24.0;Phogri;0.42;;;;;
Car381009-2026-Pass1-Z1-2MU00693_20260730_044823_000;0.8;1.9;49.0;Pippip;0.99;;;;;
Car381009-2026-Pass1-Z1-2MU00693_20260730_044823_000;0.5;1.4;10.0;Tetvir;0.81;;;;;
Car381009-2026-Pass1-Z1-2MU00693_20260730_044829_000;0.0;1.2;37.0;Leppun;0.98;;;;;
Car381009-2026-Pass1-Z1-2MU00693_20260730_044829_000;0.0;3.0;24.0;Phogri;0.74;;;;;
Car381009-2026-Pass1-Z1-2MU00693_20260730_044829_000;0.8;3.0;11.0;Tetvir;0.49;;;;;
Car381009-2026-Pass1-Z1-2MU00693_20260730_044834_000;0.0;1.7;38.0;Leppun;0.99;;;;;
Car381009-2026-Pass1-Z1-2MU00693_20260730_044834_000;0.0;1.7;14.0;noise;0.38;;;;;
Car381009-2026-Pass1-Z1-2MU00693_20260730_044834_000;0.6;1.7;23.0;Phogri;0.71;;;;;
Car381009-2026-Pass1-Z1-2MU00693_20260730_044842_000;0.4;2.7;25.0;noise;0.12;;;;;
Car381009-2026-Pass1-Z1-2MU00693_20260730_044842_000;0.0;3.0;46.0;Pippip;0.99;;;;;
Car381009-2026-Pass1-Z1-2MU00693_20260730_044842_000;0.0;3.0;10.0;Tetvir;0.67;;;;;
Car381009-2026-Pass1-Z1-2MU00693_20260730_044913_000;0.0;1.8;38.0;Leppun;0.99;;;;;
Car381009-2026-Pass1-Z1-2MU00693_20260730_044913_000;0.1;1.8;23.0;Phogri;0.85;;;;;
Car381009-2026-Pass1-Z1-2MU00693_20260730_044913_000;0.0;1.8;10.0;Tetvir;0.88;;;;;
Car381009-2026-Pass1-Z1-2MU00693_20260730_044916_000;2.4;2.5;41.0;Leppun;0.35;;;;;
Car381009-2026-Pass1-Z1-2MU00693_20260730_044916_000;0.0;4.6;22.0;noise;0.08;Phogri, Phanan;;;;
Car381009-2026-Pass1-Z1-2MU00693_20260730_044916_000;0.0;4.8;45.0;Pippip;0.99;;;;;
Car381009-2026-Pass1-Z1-2MU00693_20260730_044916_000;0.6;5.0;25.0;Phogri;0.07;;;;;
Car381009-2026-Pass1-Z1-2MU00693_20260730_044916_000;0.0;5.0;10.0;Tetvir;0.95;;;;;
Car381009-2026-Pass1-Z1-2MU00693_20260730_044926_000;0.0;1.3;34.0;Leppun;0.97;;;;;
Car381009-2026-Pass1-Z1-2MU00693_20260730_044926_000;0.3;2.1;23.0;Phogri;0.85;;;;;
Car381009-2026-Pass1-Z1-2MU00693_20260730_044926_000;0.0;2.1;11.0;Tetvir;0.91;;;;;
Car381009-2026-Pass1-Z1-2MU00693_20260730_044938_000;0.0;1.7;38.0;Leppun;0.99;;;;;
Car381009-2026-Pass1-Z1-2MU00693_20260730_044938_000;0.3;1.9;22.0;Phogri;0.81;;;;;
Car381009-2026-Pass1-Z1-2MU00693_20260730_044938_000;0.3;1.5;11.0;Tetvir;0.91;;;;;
Car381009-2026-Pass1-Z1-2MU00693_20260730_044946_000;3.2;5.0;34.0;noise;0.29;;;;;
Car381009-2026-Pass1-Z1-2MU00693_20260730_044946_000;0.0;5.0;23.0;Phogri;0.92;;;;;
Car381009-2026-Pass1-Z1-2MU00693_20260730_044946_000;0.7;4.9;42.0;Pipkuh;0.99;;;;;
Car381009-2026-Pass1-Z1-2MU00693_20260730_045038_000;0.0;0.1;32.0;Leppun;0.85;;;;;
Car381009-2026-Pass1-Z1-2MU00693_20260730_045038_000;0.0;1.9;24.0;Phogri;0.43;;;;;
Car381009-2026-Pass1-Z1-2MU00693_20260730_045047_000;0.0;1.5;31.0;Leppun;0.97;;;;;
Car381009-2026-Pass1-Z1-2MU00693_20260730_045047_000;0.2;1.5;23.0;Phanan;0.04;noise, Tetvir;;;;
Car381009-2026-Pass1-Z1-2MU00693_20260730_045047_000;0.3;1.9;26.0;Phogri;0.32;;;;;
Car381009-2026-Pass1-Z1-2MU00693_20260730_045127_000;0.2;4.8;25.0;noise;0.13;Phogri;;;;
Car381009-2026-Pass1-Z1-2MU00693_20260730_045127_000;0.0;5.0;45.0;Pipkuh;0.98;;;;;
Car381009-2026-Pass1-Z1-2MU00693_20260730_045206_000;0.0;1.9;25.0;Phogri;0.86;;;;;
Car381009-2026-Pass1-Z1-2MU00693_20260730_045411_000;0.0;1.0;36.0;Leppun;0.97;;;;;
Car381009-2026-Pass1-Z1-2MU00693_20260730_045411_000;0.0;1.9;23.0;Phogri;0.11;;;;;
Car381009-2026-Pass1-Z1-2MU00693_20260730_045416_000;0.0;1.7;43.0;Leppun;0.96;;;;;
Car381009-2026-Pass1-Z1-2MU00693_20260730_045416_000;0.2;4.1;22.0;Phogri;0.28;;;;;
Car381009-2026-Pass1-Z1-2MU00693_20260730_045416_000;0.5;4.0;51.0;Pippip;0.99;;;;;
Car381009-2026-Pass1-Z1-2MU00693_20260730_045433_000;0.0;2.0;38.0;Leppun;0.9;;;;;
Car381009-2026-Pass1-Z1-2MU00693_20260730_045433_000;0.6;2.1;23.0;noise;0.13;;;;;
Car381009-2026-Pass1-Z1-2MU00693_20260730_045433_000;0.2;1.5;24.0;Phogri;0.41;;;;;
Car381009-2026-Pass1-Z1-2MU00693_20260730_045441_000;0.0;1.8;36.0;Leppun;0.98;;;;;
Car381009-2026-Pass1-Z1-2MU00693_20260730_045441_000;0.7;1.8;17.0;noise;0.12;;;;;
Car381009-2026-Pass1-Z1-2MU00693_20260730_045441_000;0.3;1.8;24.0;Phogri;0.3;;;;;
Car381009-2026-Pass1-Z1-2MU00693_20260730_045458_000;0.0;0.1;34.0;Leppun;0.98;;;;;
Car381009-2026-Pass1-Z1-2MU00693_20260730_045458_000;0.3;1.8;24.0;Phogri;0.77;;;;;
Car381009-2026-Pass1-Z1-2MU00693_20260730_045505_000;0.0;1.5;35.0;Leppun;0.97;;;;;
Car381009-2026-Pass1-Z1-2MU00693_20260730_045505_000;0.4;1.8;24.0;Phogri;0.78;;;;;
Car381009-2026-Pass1-Z1-2MU00693_20260730_045520_000;0.1;3.8;28.0;noise;0.14;;;;;
Car381009-2026-Pass1-Z1-2MU00693_20260730_045520_000;0.4;3.4;24.0;Phogri;0.76;;;;;
Car381009-2026-Pass1-Z1-2MU00693_20260730_045520_000;0.0;3.8;51.0;Pippip;0.99;;;;;
Car381009-2026-Pass1-Z1-2MU00693_20260730_045525_000;0.1;3.5;23.0;Phogri;0.63;;;;;
Car381009-2026-Pass1-Z1-2MU00693_20260730_045525_000;0.0;3.4;52.0;Pippip;0.99;;;;;
Car381009-2026-Pass1-Z1-2MU00693_20260730_045557_000;0.0;2.0;48.0;Pippip;0.99;;;;;
Car381009-2026-Pass1-Z1-2MU00693_20260730_045557_000;0.4;1.9;24.0;Phogri;0.09;noise;;;;
Car381009-2026-Pass1-Z1-2MU00693_20260730_045600_000;0.8;4.9;26.0;noise;0.22;;;;;
Car381009-2026-Pass1-Z1-2MU00693_20260730_045600_000;0.3;5.0;25.0;Phogri;0.62;;;;;
Car381009-2026-Pass1-Z1-2MU00693_20260730_045600_000;0.0;4.3;47.0;Pippip;0.99;;;;;
Car381009-2026-Pass1-Z1-2MU00693_20260730_045626_000;0.1;3.9;24.0;Phogri;0.83;;;;;
Car381009-2026-Pass1-Z1-2MU00693_20260730_045633_000;0.0;1.8;28.0;Leppun;0.22;noise;;;;
Car381009-2026-Pass1-Z1-2MU00693_20260730_045633_000;0.5;1.8;23.0;Phogri;0.23;;;;;
Car381009-2026-Pass1-Z1-2MU00693_20260730_045905_000;0.0;1.6;41.0;Pipnat;0.71;;;;;
Car381009-2026-Pass1-Z1-2MU00693_20260730_045905_000;0.3;2.1;24.0;Phogri;0.18;;;;;
Car381009-2026-Pass1-Z1-2MU00693_20260730_045935_000;0.0;2.0;53.0;Pippip;0.99;;;;;
Car381009-2026-Pass1-Z1-2MU00693_20260730_045935_000;0.3;1.7;23.0;Phogri;0.21;;;;;
Car381009-2026-Pass1-Z1-2MU00693_20260730_045946_000;0.0;5.0;37.0;Eptser;0.86;;;;;
Car381009-2026-Pass1-Z1-2MU00693_20260730_045946_000;0.9;5.0;39.0;Leppun;0.13;;;;;
Car381009-2026-Pass1-Z1-2MU00693_20260730_045946_000;0.0;3.8;48.0;Pippip;0.98;;;;;
Car381009-2026-Pass1-Z1-2MU00693_20260730_045946_000;0.2;5.0;23.0;Phogri;0.15;;;;;
Car381009-2026-Pass1-Z1-2MU00693_20260730_045958_000;0.1;4.8;49.0;Eptser;0.81;;;;;
Car381009-2026-Pass1-Z1-2MU00693_20260730_045958_000;0.0;4.8;46.0;Pipkuh;0.16;;;;;
Car381009-2026-Pass1-Z1-2MU00693_20260730_045958_000;0.0;4.8;22.0;Plaint;0.12;noise;;;;
Car381009-2026-Pass1-Z1-2MU00693_20260730_050026_000;0.5;4.9;24.0;noise;0.1;;;;;
Car381009-2026-Pass1-Z1-2MU00693_20260730_050026_000;1.4;2.3;26.0;Phogri;0.69;;;;;
Car381009-2026-Pass1-Z1-2MU00693_20260730_050026_000;0.0;5.0;47.0;Pippip;0.99;;;;;
Car381009-2026-Pass1-Z1-2MU00693_20260730_050057_000;0.0;2.0;32.0;Phogri;0.51;;;;;
Car381009-2026-Pass1-Z1-2MU00693_20260730_050057_000;0.3;2.0;24.0;noise;0.04;Tetvir, Rhasp, Plaint, Metbra;;;;
Car381009-2026-Pass1-Z1-2MU00693_20260730_050107_000;1.0;2.3;11.0;Phogri;0.53;;;;;
Car381009-2026-Pass1-Z1-2MU00693_20260730_050107_000;0.0;5.0;50.0;Pippip;0.99;;;;;
Car381009-2026-Pass1-Z1-2MU00693_20260730_050107_000;0.1;4.8;24.0;Plaint;0.17;;;;;
Car381009-2026-Pass1-Z1-2MU00693_20260730_050435_000;0.0;3.8;39.0;Pipnat;0.75;;;;;
Car381009-2026-Pass1-Z1-2MU00693_20260730_050435_000;0.3;4.5;24.0;Phogri;0.11;noise;;;;
Car381009-2026-Pass1-Z1-2MU00693_20260730_050450_000;0.1;1.2;44.0;Myodau;0.54;;;;;
Car381009-2026-Pass1-Z1-2MU00693_20260730_050450_000;0.3;4.9;23.0;noise;0.2;Phogri;;;;
Car381009-2026-Pass1-Z1-2MU00693_20260730_050450_000;0.2;5.0;50.0;Pipkuh;0.41;;;;;
Car381009-2026-Pass1-Z1-2MU00693_20260730_050450_000;0.0;5.0;51.0;Pippip;0.98;;;;;
Car381009-2026-Pass1-Z1-2MU00693_20260730_050525_000;0.0;5.0;24.0;Phogri;0.76;;;;;
Car381009-2026-Pass1-Z1-2MU00693_20260730_050525_000;0.0;4.7;38.0;Pipkuh;0.96;;;;;
Car381009-2026-Pass1-Z1-2MU00693_20260730_050608_000;0.7;4.0;32.0;noise;0.16;;;;;
Car381009-2026-Pass1-Z1-2MU00693_20260730_050608_000;0.0;5.0;51.0;Pippip;0.99;;;;;
Car381009-2026-Pass1-Z1-2MU00693_20260730_050608_000;0.3;5.0;23.0;Phogri;0.31;;;;;
Car381009-2026-Pass1-Z1-2MU00693_20260730_050655_000;0.0;1.6;22.0;Phogri;0.06;noise;;;;
Car381009-2026-Pass1-Z1-2MU00693_20260730_050703_000;0.8;1.7;26.0;Leppun;0.1;noise;;;;
Car381009-2026-Pass1-Z1-2MU00693_20260730_050703_000;0.0;1.0;46.0;Pippip;0.99;;;;;
Car381009-2026-Pass1-Z1-2MU00693_20260730_050703_000;0.1;1.7;24.0;Phogri;0.05;Plaint, noise;;;;
Car381009-2026-Pass1-Z1-2MU00693_20260730_050717_000;1.0;1.1;32.0;Phogri;0.39;;;;;
Car381009-2026-Pass1-Z1-2MU00693_20260730_050717_000;0.0;1.9;23.0;Plaint;0.04;noise, Tetvir;;;;
Car381009-2026-Pass1-Z1-2MU00693_20260730_050805_000;0.9;1.0;39.0;noise;0.4;;;;;
Car381009-2026-Pass1-Z1-2MU00693_20260730_050805_000;0.0;2.0;24.0;Phogri;0.9;;;;;
Car381009-2026-Pass1-Z1-2MU00693_20260730_050852_000;0.0;3.1;46.0;Pippip;0.99;;;;;
Car381009-2026-Pass1-Z1-2MU00693_20260730_050852_000;0.0;3.3;23.0;noise;0.08;Phogri;;;;
Car381009-2026-Pass1-Z1-2MU00693_20260730_051058_000;0.6;4.7;20.0;Phanan;0.05;noise;;;;
Car381009-2026-Pass1-Z1-2MU00693_20260730_051058_000;0.0;4.8;23.0;Phogri;0.82;;;;;
Car381009-2026-Pass1-Z1-2MU00693_20260730_051058_000;0.0;5.0;46.0;Pippip;0.99;;;;;
Car381009-2026-Pass1-Z1-2MU00693_20260730_051143_000;0.0;0.5;36.0;Phogri;0.03;Confus, Tetvir, Rhasp;;;;
Car381009-2026-Pass1-Z1-2MU00693_20260730_051143_000;0.0;2.3;24.0;noise;0.12;Phogri;;;;
Car381009-2026-Pass1-Z1-2MU00693_20260730_051252_000;0.4;1.6;37.0;Leppun;0.23;;;;;
Car381009-2026-Pass1-Z1-2MU00693_20260730_051252_000;0.6;1.6;12.0;noise;0.1;;;;;
Car381009-2026-Pass1-Z1-2MU00693_20260730_051252_000;0.0;1.6;22.0;Phogri;0.21;;;;;
Car381009-2026-Pass1-Z1-2MU00693_20260730_051307_000;3.1;3.2;38.0;Leppun;0.11;noise;;;;
Car381009-2026-Pass1-Z1-2MU00693_20260730_051307_000;0.0;3.1;23.0;Phogri;0.63;;;;;
Car381009-2026-Pass1-Z1-2MU00693_20260730_051324_000;0.0;3.9;24.0;noise;0.04;Tetvir, Rhasp, Phanan, Cyrscu;;;;
Car381009-2026-Pass1-Z1-2MU00693_20260730_051324_000;0.0;3.9;26.0;Phogri;0.43;;;;;
Car381009-2026-Pass1-Z1-2MU00693_20260730_051330_000;0.8;1.1;33.0;noise;0.07;Leppun;;;;
Car381009-2026-Pass1-Z1-2MU00693_20260730_051330_000;0.0;1.9;24.0;Phogri;0.8;;;;;
Car381009-2026-Pass1-Z1-2MU00693_20260730_051345_000;0.0;1.8;21.0;noise;0.24;;;;;
Car381009-2026-Pass1-Z1-2MU00693_20260730_051345_000;0.2;1.8;23.0;Phogri;0.38;;;;;
Car381009-2026-Pass1-Z1-2MU00693_20260730_051401_000;0.0;1.3;33.0;noise;0.06;Leppun, Phogri;;;;
Car381009-2026-Pass1-Z1-2MU00693_20260730_051401_000;0.5;1.9;21.0;Phogri;0.05;noise;;;;
Car381009-2026-Pass1-Z1-2MU00693_20260730_051430_000;0.0;1.7;24.0;Phogri;0.78;;;;;
Car381009-2026-Pass1-Z1-2MU00693_20260730_051438_000;0.0;1.7;24.0;noise;0.1;;;;;
Car381009-2026-Pass1-Z1-2MU00693_20260730_051438_000;0.4;1.7;25.0;Phogri;0.74;;;;;
Car381009-2026-Pass1-Z1-2MU00693_20260730_051444_000;0.0;2.0;25.0;Phogri;0.47;;;;;
Car381009-2026-Pass1-Z1-2MU00693_20260730_051447_000;0.0;0.7;27.0;noise;0.05;Phogri, Leppun;;;;
Car381009-2026-Pass1-Z1-2MU00693_20260730_051447_000;0.7;1.7;21.0;Plaint;0.09;;;;;
Car381009-2026-Pass1-Z1-2MU00693_20260730_051456_000;0.0;1.7;28.0;noise;0.18;;;;;
Car381009-2026-Pass1-Z1-2MU00693_20260730_051456_000;0.6;1.6;25.0;Phogri;0.04;Tetvir, Plaint;;;;
Car381009-2026-Pass1-Z1-2MU00693_20260730_051639_000;0.0;4.9;33.0;Hypsav;0.97;;;;;
Car381009-2026-Pass1-Z1-2MU00693_20260730_051639_000;0.2;4.9;22.0;noise;0.19;;;;;
Car381009-2026-Pass1-Z1-2MU00693_20260730_051639_000;1.5;4.9;23.0;Plaint;0.08;;;;;
Car381009-2026-Pass1-Z1-2MU00693_20260730_051711_000;0.2;1.8;21.0;Phogri;0.89;;;;;
Car381009-2026-Pass1-Z1-2MU00693_20260730_051711_000;0.0;1.8;37.0;Pipkuh;0.96;;;;;
Car381009-2026-Pass1-Z1-2MU00693_20260730_051800_000;2.0;3.6;33.0;Leppun;0.16;;;;;
Car381009-2026-Pass1-Z1-2MU00693_20260730_051800_000;0.8;3.6;21.0;noise;0.17;;;;;
Car381009-2026-Pass1-Z1-2MU00693_20260730_051800_000;0.0;3.0;58.0;Pippip;0.99;;;;;
Car381009-2026-Pass1-Z1-2MU00693_20260730_051805_000;0.0;5.0;48.0;Pippip;0.99;;;;;
Car381009-2026-Pass1-Z1-2MU00693_20260730_051805_000;1.2;5.0;22.0;Phogri;0.27;;;;;
Car381009-2026-Pass1-Z1-2MU00693_20260730_051915_000;0.2;4.7;24.0;Phogri;0.66;;;;;
Car381009-2026-Pass1-Z1-2MU00693_20260730_051915_000;0.0;4.9;48.0;Pippip;0.99;;;;;
Car381009-2026-Pass1-Z1-2MU00693_20260730_051931_000;0.0;2.3;24.0;noise;0.31;;;;;
Car381009-2026-Pass1-Z1-2MU00693_20260730_052242_000;2.4;3.3;36.0;Leppun;0.88;;;;;
Car381009-2026-Pass1-Z1-2MU00693_20260730_052242_000;0.3;4.7;24.0;noise;0.16;;;;;
Car381009-2026-Pass1-Z1-2MU00693_20260730_052242_000;0.0;5.0;52.0;Pippip;0.99;;;;;
Car381009-2026-Pass1-Z1-2MU00693_20260730_052242_000;0.8;4.2;23.0;Rhasp;0.08;Phogri;;;;
Car381009-2026-Pass1-Z1-2MU00693_20260730_052352_000;0.0;5.0;41.0;Pipkuh;0.71;Hypsav;;;;
Car381009-2026-Pass1-Z1-2MU00693_20260730_052352_000;0.0;4.9;23.0;Phogri;0.06;noise, Plaint;;;;
Car381009-2026-Pass1-Z1-2MU00693_20260730_052442_000;0.0;5.0;23.0;Phogri;0.34;;;;;
Car381009-2026-Pass1-Z1-2MU00693_20260730_052442_000;0.0;4.7;38.0;Pipnat;0.84;;;;;
Car381009-2026-Pass1-Z1-2MU00693_20260730_052450_000;0.0;2.0;22.0;Phogri;0.55;;;;;
Car381009-2026-Pass1-Z1-2MU00693_20260730_052611_000;0.0;1.0;23.0;Nyclei;0.99;;;;;
Car381009-2026-Pass1-Z1-2MU00693_20260730_052611_000;0.2;1.9;23.0;Phogri;0.67;;;;;
Car381009-2026-Pass1-Z1-2MU00693_20260730_052613_000;0.0;2.0;22.0;Nyclei;0.99;;;;;
Car381009-2026-Pass1-Z1-2MU00693_20260730_052613_000;0.2;2.0;23.0;Phogri;0.59;;;;;
Car381009-2026-Pass1-Z1-2MU00693_20260730_052812_000;0.7;3.6;30.0;Leppun;0.26;;;;;
Car381009-2026-Pass1-Z1-2MU00693_20260730_052812_000;0.0;4.5;55.0;Myoema;0.19;;;;;
Car381009-2026-Pass1-Z1-2MU00693_20260730_052812_000;0.3;4.3;56.0;Myomys;0.97;;;;;
Car381009-2026-Pass1-Z1-2MU00693_20260730_052812_000;0.7;3.7;33.0;noise;0.09;;;;;
Car381009-2026-Pass1-Z1-2MU00693_20260730_052812_000;0.2;5.0;22.0;Phogri;0.1;;;;;
Car381009-2026-Pass1-Z1-2MU00693_20260730_052826_000;0.0;4.2;50.0;Myomys;0.86;Myodau;;;;
Car381009-2026-Pass1-Z1-2MU00693_20260730_052826_000;0.1;4.8;22.0;Phogri;0.06;noise, Plaint;;;;
Car381009-2026-Pass1-Z1-2MU00693_20260730_052832_000;0.7;4.4;38.0;Leppun;0.09;noise;;;;
Car381009-2026-Pass1-Z1-2MU00693_20260730_052832_000;0.0;4.3;48.0;Myomys;0.89;;;;;
Car381009-2026-Pass1-Z1-2MU00693_20260730_052832_000;0.1;4.4;22.0;Phogri;0.68;;;;;
Car381009-2026-Pass1-Z1-2MU00693_20260730_053006_000;0.1;5.0;24.0;noise;0.1;Phogri;;;;
Car381009-2026-Pass1-Z1-2MU00693_20260730_053006_000;0.1;4.5;21.0;Phogri;0.07;;;;;
Car381009-2026-Pass1-Z1-2MU00693_20260730_053006_000;0.0;5.0;39.0;Pipkuh;0.98;;;;;
Car381009-2026-Pass1-Z1-2MU00693_20260730_053018_000;0.0;1.9;22.0;noise;0.06;Phanan;;;;
Car381009-2026-Pass1-Z1-2MU00693_20260730_053018_000;0.0;1.9;33.0;Phogri;0.7;;;;;
Car381009-2026-Pass1-Z1-2MU00693_20260730_053237_000;0.8;1.7;19.0;noise;0.1;;;;;
Car381009-2026-Pass1-Z1-2MU00693_20260730_053237_000;0.0;1.5;40.0;Pipkuh;0.99;;;;;
Car381009-2026-Pass1-Z1-2MU00693_20260730_053237_000;0.7;1.8;23.0;Phogri;0.07;;;;;
Car381009-2026-Pass1-Z1-2MU00693_20260730_053311_000;1.3;1.5;24.0;Phogri;0.6;;;;;
Car381009-2026-Pass1-Z1-2MU00693_20260730_053331_000;1.5;4.5;32.0;Leppun;0.34;;;;;
Car381009-2026-Pass1-Z1-2MU00693_20260730_053331_000;0.0;4.6;22.0;Phogri;0.79;;;;;
Car381009-2026-Pass1-Z1-2MU00693_20260730_053331_000;0.0;5.0;51.0;Pipkuh;0.99;;;;;
Car381009-2026-Pass1-Z1-2MU00693_20260730_053345_000;0.4;3.3;20.0;Phanan;0.07;noise;;;;
Car381009-2026-Pass1-Z1-2MU00693_20260730_053345_000;0.4;3.3;23.0;Phogri;0.85;;;;;
Car381009-2026-Pass1-Z1-2MU00693_20260730_053345_000;0.0;3.4;43.0;Pippip;0.93;;;;;
Car381009-2026-Pass1-Z1-2MU00693_20260730_053351_000;0.0;1.4;22.0;Phogri;0.54;;;;;
Car381009-2026-Pass1-Z1-2MU00693_20260730_053646_000;0.7;3.6;22.0;Phogri;0.57;;;;;
Car381009-2026-Pass1-Z1-2MU00693_20260730_053646_000;0.0;3.9;50.0;Pippip;0.99;;;;;
Car381009-2026-Pass1-Z1-2MU00693_20260730_053721_000;1.2;4.1;21.0;Phogri;0.83;;;;;
Car381009-2026-Pass1-Z1-2MU00693_20260730_053721_000;0.0;3.1;48.0;Pippip;0.99;;;;;
Car381009-2026-Pass1-Z1-2MU00693_20260730_053737_000;0.0;3.3;32.0;noise;0.18;;;;;
Car381009-2026-Pass1-Z1-2MU00693_20260730_053737_000;1.0;3.5;22.0;Phogri;0.77;;;;;
Car381009-2026-Pass1-Z1-2MU00693_20260730_053737_000;0.0;2.0;34.0;Pleaus;0.29;Pleaur;;;;
Car381009-2026-Pass1-Z1-2MU00693_20260730_053742_000;4.7;4.8;36.0;Leppun;0.12;noise;;;;
Car381009-2026-Pass1-Z1-2MU00693_20260730_053742_000;0.2;4.0;22.0;Phogri;0.91;;;;;
Car381009-2026-Pass1-Z1-2MU00693_20260730_053742_000;0.0;4.5;48.0;Pippip;0.99;;;;;
Car381009-2026-Pass1-Z1-2MU00693_20260730_053815_000;1.7;4.6;39.0;Leppun;0.37;;;;;
Car381009-2026-Pass1-Z1-2MU00693_20260730_053815_000;0.0;4.5;21.0;Phogri;0.92;;;;;
Car381009-2026-Pass1-Z1-2MU00693_20260730_053815_000;0.0;5.0;60.0;Pippip;0.99;;;;;
Car381009-2026-Pass1-Z1-2MU00693_20260730_053925_000;0.7;2.7;23.0;noise;0.3;;;;;
Car381009-2026-Pass1-Z1-2MU00693_20260730_053925_000;0.6;2.7;21.0;Phogri;0.72;;;;;
Car381009-2026-Pass1-Z1-2MU00693_20260730_053925_000;0.0;3.8;50.0;Pippip;0.99;;;;;
Car381009-2026-Pass1-Z1-2MU00693_20260730_054248_000;1.3;1.8;38.0;Leppun;0.94;;;;;
Car381009-2026-Pass1-Z1-2MU00693_20260730_054248_000;1.5;5.0;23.0;Phogri;0.83;;;;;
Car381009-2026-Pass1-Z1-2MU00693_20260730_054248_000;0.0;5.0;52.0;Pippip;0.99;;;;;
Car381009-2026-Pass1-Z1-2MU00693_20260730_054328_000;0.0;0.1;25.0;noise;0.21;;;;;
Car381009-2026-Pass1-Z1-2MU00693_20260730_054703_000;0.0;5.0;50.0;Pippip;0.99;;;;;
Car381009-2026-Pass1-Z1-2MU00693_20260730_054703_000;0.1;2.7;20.0;Plaint;0.04;Phogri, noise, Tetvir;;;;
Car381009-2026-Pass1-Z1-2MU00693_20260730_054717_000;0.0;1.6;48.0;Pippip;0.99;;;;;
Car381009-2026-Pass1-Z1-2MU00693_20260730_060426_000;0.0;2.0;25.0;noise;0.22;;;;;
Car381009-2026-Pass1-Z1-2MU00693_20260730_060636_000;0.0;5.0;22.0;Nyclei;0.96;;;;;
Car381009-2026-Pass1-Z1-2MU00693_20260730_061041_000;0.0;0.1;26.0;Phogri;0.41;;;;;
Car381009-2026-Pass1-Z1-2MU00693_20260730_061236_000;0.0;1.8;18.0;Phogri;0.31;;;;;
Car381009-2026-Pass1-Z1-2MU00693_20260730_061919_000;0.0;0.2;26.0;Nyclei;0.68;;;;;
Car381009-2026-Pass1-Z1-2MU00693_20260730_061919_000;0.5;3.7;15.0;Tetvir;0.73;;;;;
Car381009-2026-Pass1-Z1-2MU00693_20260730_062634_000;0.5;3.3;28.0;noise;0.09;Rhasp;;;;
Car381009-2026-Pass1-Z1-2MU00693_20260730_062634_000;0.5;2.4;26.0;Tetvir;0.4;;;;;
Car381009-2026-Pass1-Z1-2MU00693_20260730_063230_000;0.0;0.6;35.0;Micagr;0.05;Hypsav, Pipkuh;;;;
Car381009-2026-Pass1-Z1-2MU00693_20260730_063230_000;0.0;0.6;28.0;noise;0.18;;;;;
Car381009-2026-Pass1-Z1-2MU00693_20260730_063230_000;0.0;0.6;43.0;Pippip;0.89;;;;;
Car381009-2026-Pass1-Z1-2MU00693_20260730_063234_000;0.0;1.1;37.0;Leppun;0.24;;;;;
Car381009-2026-Pass1-Z1-2MU00693_20260730_063234_000;0.2;1.6;12.0;noise;0.28;;;;;
Car381009-2026-Pass1-Z1-2MU00693_20260730_064412_000;0.2;1.3;26.0;Phogri;0.73;;;;;
Car381009-2026-Pass1-Z1-2MU00693_20260730_064412_000;0.1;1.5;20.0;Tetvir;0.63;;;;;
Car381009-2026-Pass1-Z1-2MU00693_20260730_064418_000;0.0;2.1;16.0;noise;0.35;;;;;
Car381009-2026-Pass1-Z1-2MU00693_20260730_064608_000;1.3;1.8;34.0;Micagr;0.04;Tetvir, Ratnor, Pipkuh, Hypsav;;;;
Car381009-2026-Pass1-Z1-2MU00693_20260730_064608_000;0.3;1.8;28.0;noise;0.29;;;;;
